appearance_id,kind,status,source_url,note,reviewed_at
captainamerica,leader,complete,https://thanosvibs.money/api/characters/captainamerica/skills,,2026-08-30T02:03:32.751Z
captainamerica,passive,complete,https://thanosvibs.money/api/characters/captainamerica/skills,,2026-08-30T02:03:32.751Z
captainamerica,uniform_effect,not_applicable,https://thanosvibs.money/api/characters/captainamerica/skills,Base appearances do not have a uniform passive.,2026-08-30T02:03:32.751Z
captainamerica1,leader,complete,https://thanosvibs.money/api/characters/captainamerica1/skills,,2026-08-30T02:03:32.751Z
captainamerica1,passive,complete,https://thanosvibs.money/api/characters/captainamerica1/skills,,2026-08-30T02:03:32.751Z
captainamerica1,uniform_effect,complete,https://thanosvibs.money/api/characters/captainamerica1/skills,,2026-08-30T02:03:32.751Z
captainamerica2,leader,complete,https://thanosvibs.money/api/characters/captainamerica2/skills,,2026-08-30T02:03:32.751Z
captainamerica2,passive,complete,https://thanosvibs.money/api/characters/captainamerica2/skills,,2026-08-30T02:03:32.751Z
captainamerica2,uniform_effect,complete,https://thanosvibs.money/api/characters/captainamerica2/skills,,2026-08-30T02:03:32.751Z
captainamerica3,leader,complete,https://thanosvibs.money/api/characters/captainamerica3/skills,,2026-08-30T02:03:32.751Z
captainamerica3,passive,complete,https://thanosvibs.money/api/characters/captainamerica3/skills,,2026-08-30T02:03:32.751Z
captainamerica3,uniform_effect,complete,https://thanosvibs.money/api/characters/captainamerica3/skills,,2026-08-30T02:03:32.751Z
captainamerica4,leader,complete,https://thanosvibs.money/api/characters/captainamerica4/skills,,2026-08-30T02:03:32.751Z
captainamerica4,passive,complete,https://thanosvibs.money/api/characters/captainamerica4/skills,,2026-08-30T02:03:32.751Z
captainamerica4,uniform_effect,complete,https://thanosvibs.money/api/characters/captainamerica4/skills,,2026-08-30T02:03:32.751Z
captainamerica5,leader,complete,https://thanosvibs.money/api/characters/captainamerica5/skills,,2026-08-30T02:03:32.751Z
captainamerica5,passive,complete,https://thanosvibs.money/api/characters/captainamerica5/skills,,2026-08-30T02:03:32.751Z
captainamerica5,uniform_effect,complete,https://thanosvibs.money/api/characters/captainamerica5/skills,,2026-08-30T02:03:32.751Z
captainamerica6,leader,complete,https://thanosvibs.money/api/characters/captainamerica6/skills,,2026-08-30T02:03:32.751Z
captainamerica6,passive,complete,https://thanosvibs.money/api/characters/captainamerica6/skills,,2026-08-30T02:03:32.751Z
captainamerica6,uniform_effect,complete,https://thanosvibs.money/api/characters/captainamerica6/skills,,2026-08-30T02:03:32.751Z
captainamerica9,leader,complete,https://thanosvibs.money/api/characters/captainamerica9/skills,,2026-08-30T02:03:32.751Z
captainamerica9,passive,complete,https://thanosvibs.money/api/characters/captainamerica9/skills,,2026-08-30T02:03:32.751Z
captainamerica9,uniform_effect,complete,https://thanosvibs.money/api/characters/captainamerica9/skills,,2026-08-30T02:03:32.751Z
captainamerica8,leader,complete,https://thanosvibs.money/api/characters/captainamerica8/skills,,2026-08-30T02:03:32.751Z
captainamerica8,passive,complete,https://thanosvibs.money/api/characters/captainamerica8/skills,,2026-08-30T02:03:32.751Z
captainamerica8,uniform_effect,complete,https://thanosvibs.money/api/characters/captainamerica8/skills,,2026-08-30T02:03:32.751Z
captainamerica10,leader,complete,https://thanosvibs.money/api/characters/captainamerica10/skills,,2026-08-30T02:03:32.751Z
captainamerica10,passive,complete,https://thanosvibs.money/api/characters/captainamerica10/skills,,2026-08-30T02:03:32.751Z
captainamerica10,uniform_effect,complete,https://thanosvibs.money/api/characters/captainamerica10/skills,,2026-08-30T02:03:32.751Z
captainamerica11,leader,complete,https://thanosvibs.money/api/characters/captainamerica11/skills,,2026-08-30T02:03:32.751Z
captainamerica11,passive,complete,https://thanosvibs.money/api/characters/captainamerica11/skills,,2026-08-30T02:03:32.751Z
captainamerica11,uniform_effect,complete,https://thanosvibs.money/api/characters/captainamerica11/skills,,2026-08-30T02:03:32.751Z
captainamerica12,leader,complete,https://thanosvibs.money/api/characters/captainamerica12/skills,,2026-08-30T02:03:32.751Z
captainamerica12,passive,complete,https://thanosvibs.money/api/characters/captainamerica12/skills,,2026-08-30T02:03:32.751Z
captainamerica12,uniform_effect,complete,https://thanosvibs.money/api/characters/captainamerica12/skills,,2026-08-30T02:03:32.751Z
captainamerica13,leader,complete,https://thanosvibs.money/api/characters/captainamerica13/skills,,2026-08-30T02:03:32.751Z
captainamerica13,passive,complete,https://thanosvibs.money/api/characters/captainamerica13/skills,,2026-08-30T02:03:32.751Z
captainamerica13,uniform_effect,complete,https://thanosvibs.money/api/characters/captainamerica13/skills,,2026-08-30T02:03:32.751Z
captainamerica14,leader,complete,https://thanosvibs.money/api/characters/captainamerica14/skills,,2026-08-30T02:03:32.751Z
captainamerica14,passive,complete,https://thanosvibs.money/api/characters/captainamerica14/skills,,2026-08-30T02:03:32.751Z
captainamerica14,uniform_effect,complete,https://thanosvibs.money/api/characters/captainamerica14/skills,,2026-08-30T02:03:32.751Z
captainamerica15,leader,complete,https://thanosvibs.money/api/characters/captainamerica15/skills,,2026-08-30T02:03:32.751Z
captainamerica15,passive,complete,https://thanosvibs.money/api/characters/captainamerica15/skills,,2026-08-30T02:03:32.751Z
captainamerica15,uniform_effect,complete,https://thanosvibs.money/api/characters/captainamerica15/skills,,2026-08-30T02:03:32.751Z
ikaris,leader,complete,https://thanosvibs.money/api/characters/ikaris/skills,,2026-08-30T02:03:32.751Z
ikaris,passive,complete,https://thanosvibs.money/api/characters/ikaris/skills,,2026-08-30T02:03:32.751Z
ikaris,uniform_effect,not_applicable,https://thanosvibs.money/api/characters/ikaris/skills,Base appearances do not have a uniform passive.,2026-08-30T02:03:32.751Z
ikaris1,leader,complete,https://thanosvibs.money/api/characters/ikaris1/skills,,2026-08-30T02:03:32.751Z
ikaris1,passive,complete,https://thanosvibs.money/api/characters/ikaris1/skills,,2026-08-30T02:03:32.751Z
ikaris1,uniform_effect,complete,https://thanosvibs.money/api/characters/ikaris1/skills,,2026-08-30T02:03:32.751Z
sersi,leader,complete,https://thanosvibs.money/api/characters/sersi/skills,,2026-08-30T02:03:32.751Z
sersi,passive,complete,https://thanosvibs.money/api/characters/sersi/skills,,2026-08-30T02:03:32.751Z
sersi,uniform_effect,not_applicable,https://thanosvibs.money/api/characters/sersi/skills,Base appearances do not have a uniform passive.,2026-08-30T02:03:32.751Z
sersi1,leader,complete,https://thanosvibs.money/api/characters/sersi1/skills,,2026-08-30T02:03:32.751Z
sersi1,passive,complete,https://thanosvibs.money/api/characters/sersi1/skills,,2026-08-30T02:03:32.751Z
sersi1,uniform_effect,complete,https://thanosvibs.money/api/characters/sersi1/skills,,2026-08-30T02:03:32.751Z
daredevil,leader,complete,https://thanosvibs.money/api/characters/daredevil/skills,,2026-08-30T02:03:32.751Z
daredevil,passive,complete,https://thanosvibs.money/api/characters/daredevil/skills,,2026-08-30T02:03:32.751Z
daredevil,uniform_effect,not_applicable,https://thanosvibs.money/api/characters/daredevil/skills,Base appearances do not have a uniform passive.,2026-08-30T02:03:32.751Z
daredevil1,leader,complete,https://thanosvibs.money/api/characters/daredevil1/skills,,2026-08-30T02:03:32.751Z
daredevil1,passive,complete,https://thanosvibs.money/api/characters/daredevil1/skills,,2026-08-30T02:03:32.751Z
daredevil1,uniform_effect,complete,https://thanosvibs.money/api/characters/daredevil1/skills,,2026-08-30T02:03:32.751Z
daredevil2,leader,complete,https://thanosvibs.money/api/characters/daredevil2/skills,,2026-08-30T02:03:32.751Z
daredevil2,passive,complete,https://thanosvibs.money/api/characters/daredevil2/skills,,2026-08-30T02:03:32.751Z
daredevil2,uniform_effect,complete,https://thanosvibs.money/api/characters/daredevil2/skills,,2026-08-30T02:03:32.751Z
daredevil3,leader,complete,https://thanosvibs.money/api/characters/daredevil3/skills,,2026-08-30T02:03:32.751Z
daredevil3,passive,complete,https://thanosvibs.money/api/characters/daredevil3/skills,,2026-08-30T02:03:32.751Z
daredevil3,uniform_effect,complete,https://thanosvibs.money/api/characters/daredevil3/skills,,2026-08-30T02:03:32.751Z
daredevil4,leader,complete,https://thanosvibs.money/api/characters/daredevil4/skills,,2026-08-30T02:03:32.751Z
daredevil4,passive,complete,https://thanosvibs.money/api/characters/daredevil4/skills,,2026-08-30T02:03:32.751Z
daredevil4,uniform_effect,complete,https://thanosvibs.money/api/characters/daredevil4/skills,,2026-08-30T02:03:32.751Z
ironfist,leader,complete,https://thanosvibs.money/api/characters/ironfist/skills,,2026-08-30T02:03:32.751Z
ironfist,passive,complete,https://thanosvibs.money/api/characters/ironfist/skills,,2026-08-30T02:03:32.751Z
ironfist,uniform_effect,not_applicable,https://thanosvibs.money/api/characters/ironfist/skills,Base appearances do not have a uniform passive.,2026-08-30T02:03:32.751Z
ironfist1,leader,complete,https://thanosvibs.money/api/characters/ironfist1/skills,,2026-08-30T02:03:32.751Z
ironfist1,passive,complete,https://thanosvibs.money/api/characters/ironfist1/skills,,2026-08-30T02:03:32.751Z
ironfist1,uniform_effect,complete,https://thanosvibs.money/api/characters/ironfist1/skills,,2026-08-30T02:03:32.751Z
ironfist2,leader,complete,https://thanosvibs.money/api/characters/ironfist2/skills,,2026-08-30T02:03:32.751Z
ironfist2,passive,complete,https://thanosvibs.money/api/characters/ironfist2/skills,,2026-08-30T02:03:32.751Z
ironfist2,uniform_effect,complete,https://thanosvibs.money/api/characters/ironfist2/skills,,2026-08-30T02:03:32.751Z
ironfist3,leader,complete,https://thanosvibs.money/api/characters/ironfist3/skills,,2026-08-30T02:03:32.751Z
ironfist3,passive,complete,https://thanosvibs.money/api/characters/ironfist3/skills,,2026-08-30T02:03:32.751Z
ironfist3,uniform_effect,complete,https://thanosvibs.money/api/characters/ironfist3/skills,,2026-08-30T02:03:32.751Z
ironfist4,leader,complete,https://thanosvibs.money/api/characters/ironfist4/skills,,2026-08-30T02:03:32.751Z
ironfist4,passive,complete,https://thanosvibs.money/api/characters/ironfist4/skills,,2026-08-30T02:03:32.751Z
ironfist4,uniform_effect,complete,https://thanosvibs.money/api/characters/ironfist4/skills,,2026-08-30T02:03:32.751Z
jessicajones,leader,complete,https://thanosvibs.money/api/characters/jessicajones/skills,,2026-08-30T02:03:32.751Z
jessicajones,passive,complete,https://thanosvibs.money/api/characters/jessicajones/skills,,2026-08-30T02:03:32.751Z
jessicajones,uniform_effect,not_applicable,https://thanosvibs.money/api/characters/jessicajones/skills,Base appearances do not have a uniform passive.,2026-08-30T02:03:32.751Z
jessicajones1,leader,complete,https://thanosvibs.money/api/characters/jessicajones1/skills,,2026-08-30T02:03:32.751Z
jessicajones1,passive,complete,https://thanosvibs.money/api/characters/jessicajones1/skills,,2026-08-30T02:03:32.751Z
jessicajones1,uniform_effect,complete,https://thanosvibs.money/api/characters/jessicajones1/skills,,2026-08-30T02:03:32.751Z
lukecage,leader,complete,https://thanosvibs.money/api/characters/lukecage/skills,,2026-08-30T02:03:32.751Z
lukecage,passive,complete,https://thanosvibs.money/api/characters/lukecage/skills,,2026-08-30T02:03:32.751Z
lukecage,uniform_effect,not_applicable,https://thanosvibs.money/api/characters/lukecage/skills,Base appearances do not have a uniform passive.,2026-08-30T02:03:32.751Z
lukecage1,leader,complete,https://thanosvibs.money/api/characters/lukecage1/skills,,2026-08-30T02:03:32.751Z
lukecage1,passive,complete,https://thanosvibs.money/api/characters/lukecage1/skills,,2026-08-30T02:03:32.751Z
lukecage1,uniform_effect,complete,https://thanosvibs.money/api/characters/lukecage1/skills,,2026-08-30T02:03:32.751Z
lukecage2,leader,complete,https://thanosvibs.money/api/characters/lukecage2/skills,,2026-08-30T02:03:32.751Z
lukecage2,passive,complete,https://thanosvibs.money/api/characters/lukecage2/skills,,2026-08-30T02:03:32.751Z
lukecage2,uniform_effect,complete,https://thanosvibs.money/api/characters/lukecage2/skills,,2026-08-30T02:03:32.751Z
lukecage3,leader,complete,https://thanosvibs.money/api/characters/lukecage3/skills,,2026-08-30T02:03:32.751Z
lukecage3,passive,complete,https://thanosvibs.money/api/characters/lukecage3/skills,,2026-08-30T02:03:32.751Z
lukecage3,uniform_effect,complete,https://thanosvibs.money/api/characters/lukecage3/skills,,2026-08-30T02:03:32.751Z
antman,leader,complete,https://thanosvibs.money/api/characters/antman/skills,,2026-08-30T02:03:32.751Z
antman,passive,complete,https://thanosvibs.money/api/characters/antman/skills,,2026-08-30T02:03:32.751Z
antman,uniform_effect,not_applicable,https://thanosvibs.money/api/characters/antman/skills,Base appearances do not have a uniform passive.,2026-08-30T02:03:32.751Z
antman1,leader,complete,https://thanosvibs.money/api/characters/antman1/skills,,2026-08-30T02:03:32.751Z
antman1,passive,complete,https://thanosvibs.money/api/characters/antman1/skills,,2026-08-30T02:03:32.751Z
antman1,uniform_effect,complete,https://thanosvibs.money/api/characters/antman1/skills,,2026-08-30T02:03:32.751Z
antman2,leader,complete,https://thanosvibs.money/api/characters/antman2/skills,,2026-08-30T02:03:32.751Z
antman2,passive,complete,https://thanosvibs.money/api/characters/antman2/skills,,2026-08-30T02:03:32.751Z
antman2,uniform_effect,complete,https://thanosvibs.money/api/characters/antman2/skills,,2026-08-30T02:03:32.751Z
antman3,leader,complete,https://thanosvibs.money/api/characters/antman3/skills,,2026-08-30T02:03:32.751Z
antman3,passive,complete,https://thanosvibs.money/api/characters/antman3/skills,,2026-08-30T02:03:32.751Z
antman3,uniform_effect,complete,https://thanosvibs.money/api/characters/antman3/skills,,2026-08-30T02:03:32.751Z
antman4,leader,complete,https://thanosvibs.money/api/characters/antman4/skills,,2026-08-30T02:03:32.751Z
antman4,passive,complete,https://thanosvibs.money/api/characters/antman4/skills,,2026-08-30T02:03:32.751Z
antman4,uniform_effect,complete,https://thanosvibs.money/api/characters/antman4/skills,,2026-08-30T02:03:32.751Z
antman5,leader,complete,https://thanosvibs.money/api/characters/antman5/skills,,2026-08-30T02:03:32.751Z
antman5,passive,complete,https://thanosvibs.money/api/characters/antman5/skills,,2026-08-30T02:03:32.751Z
antman5,uniform_effect,complete,https://thanosvibs.money/api/characters/antman5/skills,,2026-08-30T02:03:32.751Z
antman6,leader,complete,https://thanosvibs.money/api/characters/antman6/skills,,2026-08-30T02:03:32.751Z
antman6,passive,complete,https://thanosvibs.money/api/characters/antman6/skills,,2026-08-30T02:03:32.751Z
antman6,uniform_effect,complete,https://thanosvibs.money/api/characters/antman6/skills,,2026-08-30T02:03:32.751Z
apocalypse,leader,complete,https://thanosvibs.money/api/characters/apocalypse/skills,,2026-08-30T02:03:32.751Z
apocalypse,passive,complete,https://thanosvibs.money/api/characters/apocalypse/skills,,2026-08-30T02:03:32.751Z
apocalypse,uniform_effect,not_applicable,https://thanosvibs.money/api/characters/apocalypse/skills,Base appearances do not have a uniform passive.,2026-08-30T02:03:32.751Z
apocalypse1,leader,complete,https://thanosvibs.money/api/characters/apocalypse1/skills,,2026-08-30T02:03:32.751Z
apocalypse1,passive,complete,https://thanosvibs.money/api/characters/apocalypse1/skills,,2026-08-30T02:03:32.751Z
apocalypse1,uniform_effect,complete,https://thanosvibs.money/api/characters/apocalypse1/skills,,2026-08-30T02:03:32.751Z
apocalypse2,leader,complete,https://thanosvibs.money/api/characters/apocalypse2/skills,,2026-08-30T02:03:32.751Z
apocalypse2,passive,complete,https://thanosvibs.money/api/characters/apocalypse2/skills,,2026-08-30T02:03:32.751Z
apocalypse2,uniform_effect,complete,https://thanosvibs.money/api/characters/apocalypse2/skills,,2026-08-30T02:03:32.751Z
apocalypse3,leader,complete,https://thanosvibs.money/api/characters/apocalypse3/skills,,2026-08-30T02:03:32.751Z
apocalypse3,passive,complete,https://thanosvibs.money/api/characters/apocalypse3/skills,,2026-08-30T02:03:32.751Z
apocalypse3,uniform_effect,complete,https://thanosvibs.money/api/characters/apocalypse3/skills,,2026-08-30T02:03:32.751Z
blackbolt,leader,complete,https://thanosvibs.money/api/characters/blackbolt/skills,,2026-08-30T02:03:32.751Z
blackbolt,passive,complete,https://thanosvibs.money/api/characters/blackbolt/skills,,2026-08-30T02:03:32.751Z
blackbolt,uniform_effect,not_applicable,https://thanosvibs.money/api/characters/blackbolt/skills,Base appearances do not have a uniform passive.,2026-08-30T02:03:32.751Z
blackbolt1,leader,complete,https://thanosvibs.money/api/characters/blackbolt1/skills,,2026-08-30T02:03:32.751Z
blackbolt1,passive,complete,https://thanosvibs.money/api/characters/blackbolt1/skills,,2026-08-30T02:03:32.751Z
blackbolt1,uniform_effect,complete,https://thanosvibs.money/api/characters/blackbolt1/skills,,2026-08-30T02:03:32.751Z
blackbolt2,leader,complete,https://thanosvibs.money/api/characters/blackbolt2/skills,,2026-08-30T02:03:32.751Z
blackbolt2,passive,complete,https://thanosvibs.money/api/characters/blackbolt2/skills,,2026-08-30T02:03:32.751Z
blackbolt2,uniform_effect,complete,https://thanosvibs.money/api/characters/blackbolt2/skills,,2026-08-30T02:03:32.751Z
blackbolt3,leader,complete,https://thanosvibs.money/api/characters/blackbolt3/skills,,2026-08-30T02:03:32.751Z
blackbolt3,passive,complete,https://thanosvibs.money/api/characters/blackbolt3/skills,,2026-08-30T02:03:32.751Z
blackbolt3,uniform_effect,complete,https://thanosvibs.money/api/characters/blackbolt3/skills,,2026-08-30T02:03:32.751Z
blackbolt4,leader,complete,https://thanosvibs.money/api/characters/blackbolt4/skills,,2026-08-30T02:03:32.751Z
blackbolt4,passive,complete,https://thanosvibs.money/api/characters/blackbolt4/skills,,2026-08-30T02:03:32.751Z
blackbolt4,uniform_effect,complete,https://thanosvibs.money/api/characters/blackbolt4/skills,,2026-08-30T02:03:32.751Z
blackpanther,leader,complete,https://thanosvibs.money/api/characters/blackpanther/skills,,2026-08-30T02:03:32.751Z
blackpanther,passive,complete,https://thanosvibs.money/api/characters/blackpanther/skills,,2026-08-30T02:03:32.751Z
blackpanther,uniform_effect,not_applicable,https://thanosvibs.money/api/characters/blackpanther/skills,Base appearances do not have a uniform passive.,2026-08-30T02:03:32.751Z
blackpanther1,leader,complete,https://thanosvibs.money/api/characters/blackpanther1/skills,,2026-08-30T02:03:32.751Z
blackpanther1,passive,complete,https://thanosvibs.money/api/characters/blackpanther1/skills,,2026-08-30T02:03:32.751Z
blackpanther1,uniform_effect,complete,https://thanosvibs.money/api/characters/blackpanther1/skills,,2026-08-30T02:03:32.751Z
blackpanther2,leader,complete,https://thanosvibs.money/api/characters/blackpanther2/skills,,2026-08-30T02:03:32.751Z
blackpanther2,passive,complete,https://thanosvibs.money/api/characters/blackpanther2/skills,,2026-08-30T02:03:32.751Z
blackpanther2,uniform_effect,complete,https://thanosvibs.money/api/characters/blackpanther2/skills,,2026-08-30T02:03:32.751Z
blackpanther3,leader,complete,https://thanosvibs.money/api/characters/blackpanther3/skills,,2026-08-30T02:03:32.751Z
blackpanther3,passive,complete,https://thanosvibs.money/api/characters/blackpanther3/skills,,2026-08-30T02:03:32.751Z
blackpanther3,uniform_effect,complete,https://thanosvibs.money/api/characters/blackpanther3/skills,,2026-08-30T02:03:32.751Z
blackpanther4,leader,complete,https://thanosvibs.money/api/characters/blackpanther4/skills,,2026-08-30T02:03:32.751Z
blackpanther4,passive,complete,https://thanosvibs.money/api/characters/blackpanther4/skills,,2026-08-30T02:03:32.751Z
blackpanther4,uniform_effect,complete,https://thanosvibs.money/api/characters/blackpanther4/skills,,2026-08-30T02:03:32.751Z
blackwidow,leader,complete,https://thanosvibs.money/api/characters/blackwidow/skills,,2026-08-30T02:03:32.751Z
blackwidow,passive,complete,https://thanosvibs.money/api/characters/blackwidow/skills,,2026-08-30T02:03:32.751Z
blackwidow,uniform_effect,not_applicable,https://thanosvibs.money/api/characters/blackwidow/skills,Base appearances do not have a uniform passive.,2026-08-30T02:03:32.751Z
blackwidow1,leader,complete,https://thanosvibs.money/api/characters/blackwidow1/skills,,2026-08-30T02:03:32.751Z
blackwidow1,passive,complete,https://thanosvibs.money/api/characters/blackwidow1/skills,,2026-08-30T02:03:32.751Z
blackwidow1,uniform_effect,complete,https://thanosvibs.money/api/characters/blackwidow1/skills,,2026-08-30T02:03:32.751Z
blackwidow2,leader,complete,https://thanosvibs.money/api/characters/blackwidow2/skills,,2026-08-30T02:03:32.751Z
blackwidow2,passive,complete,https://thanosvibs.money/api/characters/blackwidow2/skills,,2026-08-30T02:03:32.751Z
blackwidow2,uniform_effect,complete,https://thanosvibs.money/api/characters/blackwidow2/skills,,2026-08-30T02:03:32.751Z
blackwidow3,leader,complete,https://thanosvibs.money/api/characters/blackwidow3/skills,,2026-08-30T02:03:32.751Z
blackwidow3,passive,complete,https://thanosvibs.money/api/characters/blackwidow3/skills,,2026-08-30T02:03:32.751Z
blackwidow3,uniform_effect,complete,https://thanosvibs.money/api/characters/blackwidow3/skills,,2026-08-30T02:03:32.751Z
blackwidow4,leader,complete,https://thanosvibs.money/api/characters/blackwidow4/skills,,2026-08-30T02:03:32.751Z
blackwidow4,passive,complete,https://thanosvibs.money/api/characters/blackwidow4/skills,,2026-08-30T02:03:32.751Z
blackwidow4,uniform_effect,complete,https://thanosvibs.money/api/characters/blackwidow4/skills,,2026-08-30T02:03:32.751Z
blackwidow5,leader,complete,https://thanosvibs.money/api/characters/blackwidow5/skills,,2026-08-30T02:03:32.751Z
blackwidow5,passive,complete,https://thanosvibs.money/api/characters/blackwidow5/skills,,2026-08-30T02:03:32.751Z
blackwidow5,uniform_effect,complete,https://thanosvibs.money/api/characters/blackwidow5/skills,,2026-08-30T02:03:32.751Z
blackwidow6,leader,complete,https://thanosvibs.money/api/characters/blackwidow6/skills,,2026-08-30T02:03:32.751Z
blackwidow6,passive,complete,https://thanosvibs.money/api/characters/blackwidow6/skills,,2026-08-30T02:03:32.751Z
blackwidow6,uniform_effect,complete,https://thanosvibs.money/api/characters/blackwidow6/skills,,2026-08-30T02:03:32.751Z
blackwidow7,leader,complete,https://thanosvibs.money/api/characters/blackwidow7/skills,,2026-08-30T02:03:32.751Z
blackwidow7,passive,complete,https://thanosvibs.money/api/characters/blackwidow7/skills,,2026-08-30T02:03:32.751Z
blackwidow7,uniform_effect,complete,https://thanosvibs.money/api/characters/blackwidow7/skills,,2026-08-30T02:03:32.751Z
blackwidow8,leader,complete,https://thanosvibs.money/api/characters/blackwidow8/skills,,2026-08-30T02:03:32.751Z
blackwidow8,passive,complete,https://thanosvibs.money/api/characters/blackwidow8/skills,,2026-08-30T02:03:32.751Z
blackwidow8,uniform_effect,complete,https://thanosvibs.money/api/characters/blackwidow8/skills,,2026-08-30T02:03:32.751Z
blackwidow9,leader,complete,https://thanosvibs.money/api/characters/blackwidow9/skills,,2026-08-30T02:03:32.751Z
blackwidow9,passive,complete,https://thanosvibs.money/api/characters/blackwidow9/skills,,2026-08-30T02:03:32.751Z
blackwidow9,uniform_effect,complete,https://thanosvibs.money/api/characters/blackwidow9/skills,,2026-08-30T02:03:32.751Z
blackwidow10,leader,complete,https://thanosvibs.money/api/characters/blackwidow10/skills,,2026-08-30T02:03:32.751Z
blackwidow10,passive,complete,https://thanosvibs.money/api/characters/blackwidow10/skills,,2026-08-30T02:03:32.751Z
blackwidow10,uniform_effect,complete,https://thanosvibs.money/api/characters/blackwidow10/skills,,2026-08-30T02:03:32.751Z
blackwidow11,leader,complete,https://thanosvibs.money/api/characters/blackwidow11/skills,,2026-08-30T02:03:32.751Z
blackwidow11,passive,complete,https://thanosvibs.money/api/characters/blackwidow11/skills,,2026-08-30T02:03:32.751Z
blackwidow11,uniform_effect,complete,https://thanosvibs.money/api/characters/blackwidow11/skills,,2026-08-30T02:03:32.751Z
cable,leader,complete,https://thanosvibs.money/api/characters/cable/skills,,2026-08-30T02:03:32.751Z
cable,passive,complete,https://thanosvibs.money/api/characters/cable/skills,,2026-08-30T02:03:32.751Z
cable,uniform_effect,not_applicable,https://thanosvibs.money/api/characters/cable/skills,Base appearances do not have a uniform passive.,2026-08-30T02:03:32.751Z
cable1,leader,complete,https://thanosvibs.money/api/characters/cable1/skills,,2026-08-30T02:03:32.751Z
cable1,passive,complete,https://thanosvibs.money/api/characters/cable1/skills,,2026-08-30T02:03:32.751Z
cable1,uniform_effect,complete,https://thanosvibs.money/api/characters/cable1/skills,,2026-08-30T02:03:32.751Z
cable2,leader,complete,https://thanosvibs.money/api/characters/cable2/skills,,2026-08-30T02:03:32.751Z
cable2,passive,complete,https://thanosvibs.money/api/characters/cable2/skills,,2026-08-30T02:03:32.751Z
cable2,uniform_effect,complete,https://thanosvibs.money/api/characters/cable2/skills,,2026-08-30T02:03:32.751Z
cable3,leader,complete,https://thanosvibs.money/api/characters/cable3/skills,,2026-08-30T02:03:32.751Z
cable3,passive,complete,https://thanosvibs.money/api/characters/cable3/skills,,2026-08-30T02:03:32.751Z
cable3,uniform_effect,complete,https://thanosvibs.money/api/characters/cable3/skills,,2026-08-30T02:03:32.751Z
cable4,leader,complete,https://thanosvibs.money/api/characters/cable4/skills,,2026-08-30T02:03:32.751Z
cable4,passive,complete,https://thanosvibs.money/api/characters/cable4/skills,,2026-08-30T02:03:32.751Z
cable4,uniform_effect,complete,https://thanosvibs.money/api/characters/cable4/skills,,2026-08-30T02:03:32.751Z
cable5,leader,complete,https://thanosvibs.money/api/characters/cable5/skills,,2026-08-30T02:03:32.751Z
cable5,passive,complete,https://thanosvibs.money/api/characters/cable5/skills,,2026-08-30T02:03:32.751Z
cable5,uniform_effect,complete,https://thanosvibs.money/api/characters/cable5/skills,,2026-08-30T02:03:32.751Z
sharonrogers,leader,complete,https://thanosvibs.money/api/characters/sharonrogers/skills,,2026-08-30T02:03:32.751Z
sharonrogers,passive,complete,https://thanosvibs.money/api/characters/sharonrogers/skills,,2026-08-30T02:03:32.751Z
sharonrogers,uniform_effect,not_applicable,https://thanosvibs.money/api/characters/sharonrogers/skills,Base appearances do not have a uniform passive.,2026-08-30T02:03:32.751Z
sharonrogers1,leader,complete,https://thanosvibs.money/api/characters/sharonrogers1/skills,,2026-08-30T02:03:32.751Z
sharonrogers1,passive,complete,https://thanosvibs.money/api/characters/sharonrogers1/skills,,2026-08-30T02:03:32.751Z
sharonrogers1,uniform_effect,complete,https://thanosvibs.money/api/characters/sharonrogers1/skills,,2026-08-30T02:03:32.751Z
sharonrogers2,leader,complete,https://thanosvibs.money/api/characters/sharonrogers2/skills,,2026-08-30T02:03:32.751Z
sharonrogers2,passive,complete,https://thanosvibs.money/api/characters/sharonrogers2/skills,,2026-08-30T02:03:32.751Z
sharonrogers2,uniform_effect,complete,https://thanosvibs.money/api/characters/sharonrogers2/skills,,2026-08-30T02:03:32.751Z
sharonrogers3,leader,complete,https://thanosvibs.money/api/characters/sharonrogers3/skills,,2026-08-30T02:03:32.751Z
sharonrogers3,passive,complete,https://thanosvibs.money/api/characters/sharonrogers3/skills,,2026-08-30T02:03:32.751Z
sharonrogers3,uniform_effect,complete,https://thanosvibs.money/api/characters/sharonrogers3/skills,,2026-08-30T02:03:32.751Z
sharonrogers4,leader,complete,https://thanosvibs.money/api/characters/sharonrogers4/skills,,2026-08-30T02:03:32.751Z
sharonrogers4,passive,complete,https://thanosvibs.money/api/characters/sharonrogers4/skills,,2026-08-30T02:03:32.751Z
sharonrogers4,uniform_effect,complete,https://thanosvibs.money/api/characters/sharonrogers4/skills,,2026-08-30T02:03:32.751Z
sharonrogers5,leader,complete,https://thanosvibs.money/api/characters/sharonrogers5/skills,,2026-08-30T02:03:32.751Z
sharonrogers5,passive,complete,https://thanosvibs.money/api/characters/sharonrogers5/skills,,2026-08-30T02:03:32.751Z
sharonrogers5,uniform_effect,complete,https://thanosvibs.money/api/characters/sharonrogers5/skills,,2026-08-30T02:03:32.751Z
sharonrogers6,leader,complete,https://thanosvibs.money/api/characters/sharonrogers6/skills,,2026-08-30T02:03:32.751Z
sharonrogers6,passive,complete,https://thanosvibs.money/api/characters/sharonrogers6/skills,,2026-08-30T02:03:32.751Z
sharonrogers6,uniform_effect,complete,https://thanosvibs.money/api/characters/sharonrogers6/skills,,2026-08-30T02:03:32.751Z
captainmarvel,leader,complete,https://thanosvibs.money/api/characters/captainmarvel/skills,,2026-08-30T02:03:32.751Z
captainmarvel,passive,complete,https://thanosvibs.money/api/characters/captainmarvel/skills,,2026-08-30T02:03:32.751Z
captainmarvel,uniform_effect,not_applicable,https://thanosvibs.money/api/characters/captainmarvel/skills,Base appearances do not have a uniform passive.,2026-08-30T02:03:32.751Z
captainmarvel1,leader,complete,https://thanosvibs.money/api/characters/captainmarvel1/skills,,2026-08-30T02:03:32.751Z
captainmarvel1,passive,complete,https://thanosvibs.money/api/characters/captainmarvel1/skills,,2026-08-30T02:03:32.751Z
captainmarvel1,uniform_effect,complete,https://thanosvibs.money/api/characters/captainmarvel1/skills,,2026-08-30T02:03:32.751Z
captainmarvel2,leader,complete,https://thanosvibs.money/api/characters/captainmarvel2/skills,,2026-08-30T02:03:32.751Z
captainmarvel2,passive,complete,https://thanosvibs.money/api/characters/captainmarvel2/skills,,2026-08-30T02:03:32.751Z
captainmarvel2,uniform_effect,complete,https://thanosvibs.money/api/characters/captainmarvel2/skills,,2026-08-30T02:03:32.751Z
captainmarvel3,leader,complete,https://thanosvibs.money/api/characters/captainmarvel3/skills,,2026-08-30T02:03:32.751Z
captainmarvel3,passive,complete,https://thanosvibs.money/api/characters/captainmarvel3/skills,,2026-08-30T02:03:32.751Z
captainmarvel3,uniform_effect,complete,https://thanosvibs.money/api/characters/captainmarvel3/skills,,2026-08-30T02:03:32.751Z
captainmarvel4,leader,complete,https://thanosvibs.money/api/characters/captainmarvel4/skills,,2026-08-30T02:03:32.751Z
captainmarvel4,passive,complete,https://thanosvibs.money/api/characters/captainmarvel4/skills,,2026-08-30T02:03:32.751Z
captainmarvel4,uniform_effect,complete,https://thanosvibs.money/api/characters/captainmarvel4/skills,,2026-08-30T02:03:32.751Z
captainmarvel5,leader,complete,https://thanosvibs.money/api/characters/captainmarvel5/skills,,2026-08-30T02:03:32.751Z
captainmarvel5,passive,complete,https://thanosvibs.money/api/characters/captainmarvel5/skills,,2026-08-30T02:03:32.751Z
captainmarvel5,uniform_effect,complete,https://thanosvibs.money/api/characters/captainmarvel5/skills,,2026-08-30T02:03:32.751Z
captainmarvel6,leader,complete,https://thanosvibs.money/api/characters/captainmarvel6/skills,,2026-08-30T02:03:32.751Z
captainmarvel6,passive,complete,https://thanosvibs.money/api/characters/captainmarvel6/skills,,2026-08-30T02:03:32.751Z
captainmarvel6,uniform_effect,complete,https://thanosvibs.money/api/characters/captainmarvel6/skills,,2026-08-30T02:03:32.751Z
captainmarvel7,leader,complete,https://thanosvibs.money/api/characters/captainmarvel7/skills,,2026-08-30T02:03:32.751Z
captainmarvel7,passive,complete,https://thanosvibs.money/api/characters/captainmarvel7/skills,,2026-08-30T02:03:32.751Z
captainmarvel7,uniform_effect,complete,https://thanosvibs.money/api/characters/captainmarvel7/skills,,2026-08-30T02:03:32.751Z
carnage,leader,complete,https://thanosvibs.money/api/characters/carnage/skills,,2026-08-30T02:03:32.751Z
carnage,passive,complete,https://thanosvibs.money/api/characters/carnage/skills,,2026-08-30T02:03:32.751Z
carnage,uniform_effect,not_applicable,https://thanosvibs.money/api/characters/carnage/skills,Base appearances do not have a uniform passive.,2026-08-30T02:03:32.751Z
carnage1,leader,complete,https://thanosvibs.money/api/characters/carnage1/skills,,2026-08-30T02:03:32.751Z
carnage1,passive,complete,https://thanosvibs.money/api/characters/carnage1/skills,,2026-08-30T02:03:32.751Z
carnage1,uniform_effect,complete,https://thanosvibs.money/api/characters/carnage1/skills,,2026-08-30T02:03:32.751Z
carnage2,leader,complete,https://thanosvibs.money/api/characters/carnage2/skills,,2026-08-30T02:03:32.751Z
carnage2,passive,complete,https://thanosvibs.money/api/characters/carnage2/skills,,2026-08-30T02:03:32.751Z
carnage2,uniform_effect,complete,https://thanosvibs.money/api/characters/carnage2/skills,,2026-08-30T02:03:32.751Z
carnage3,leader,complete,https://thanosvibs.money/api/characters/carnage3/skills,,2026-08-30T02:03:32.751Z
carnage3,passive,complete,https://thanosvibs.money/api/characters/carnage3/skills,,2026-08-30T02:03:32.751Z
carnage3,uniform_effect,complete,https://thanosvibs.money/api/characters/carnage3/skills,,2026-08-30T02:03:32.751Z
crescent,leader,complete,https://thanosvibs.money/api/characters/crescent/skills,,2026-08-30T02:03:32.751Z
crescent,passive,complete,https://thanosvibs.money/api/characters/crescent/skills,,2026-08-30T02:03:32.751Z
crescent,uniform_effect,not_applicable,https://thanosvibs.money/api/characters/crescent/skills,Base appearances do not have a uniform passive.,2026-08-30T02:03:32.751Z
crescent1,leader,complete,https://thanosvibs.money/api/characters/crescent1/skills,,2026-08-30T02:03:32.751Z
crescent1,passive,complete,https://thanosvibs.money/api/characters/crescent1/skills,,2026-08-30T02:03:32.751Z
crescent1,uniform_effect,complete,https://thanosvibs.money/api/characters/crescent1/skills,,2026-08-30T02:03:32.751Z
crescent2,leader,complete,https://thanosvibs.money/api/characters/crescent2/skills,,2026-08-30T02:03:32.751Z
crescent2,passive,complete,https://thanosvibs.money/api/characters/crescent2/skills,,2026-08-30T02:03:32.751Z
crescent2,uniform_effect,complete,https://thanosvibs.money/api/characters/crescent2/skills,,2026-08-30T02:03:32.751Z
crescent3,leader,complete,https://thanosvibs.money/api/characters/crescent3/skills,,2026-08-30T02:03:32.751Z
crescent3,passive,complete,https://thanosvibs.money/api/characters/crescent3/skills,,2026-08-30T02:03:32.751Z
crescent3,uniform_effect,complete,https://thanosvibs.money/api/characters/crescent3/skills,,2026-08-30T02:03:32.751Z
cyclops,leader,complete,https://thanosvibs.money/api/characters/cyclops/skills,,2026-08-30T02:03:32.751Z
cyclops,passive,complete,https://thanosvibs.money/api/characters/cyclops/skills,,2026-08-30T02:03:32.751Z
cyclops,uniform_effect,not_applicable,https://thanosvibs.money/api/characters/cyclops/skills,Base appearances do not have a uniform passive.,2026-08-30T02:03:32.751Z
cyclops1,leader,complete,https://thanosvibs.money/api/characters/cyclops1/skills,,2026-08-30T02:03:32.751Z
cyclops1,passive,complete,https://thanosvibs.money/api/characters/cyclops1/skills,,2026-08-30T02:03:32.751Z
cyclops1,uniform_effect,complete,https://thanosvibs.money/api/characters/cyclops1/skills,,2026-08-30T02:03:32.751Z
cyclops2,leader,complete,https://thanosvibs.money/api/characters/cyclops2/skills,,2026-08-30T02:03:32.751Z
cyclops2,passive,complete,https://thanosvibs.money/api/characters/cyclops2/skills,,2026-08-30T02:03:32.751Z
cyclops2,uniform_effect,complete,https://thanosvibs.money/api/characters/cyclops2/skills,,2026-08-30T02:03:32.751Z
cyclops3,leader,complete,https://thanosvibs.money/api/characters/cyclops3/skills,,2026-08-30T02:03:32.751Z
cyclops3,passive,complete,https://thanosvibs.money/api/characters/cyclops3/skills,,2026-08-30T02:03:32.751Z
cyclops3,uniform_effect,complete,https://thanosvibs.money/api/characters/cyclops3/skills,,2026-08-30T02:03:32.751Z
cyclops4,leader,complete,https://thanosvibs.money/api/characters/cyclops4/skills,,2026-08-30T02:03:32.751Z
cyclops4,passive,complete,https://thanosvibs.money/api/characters/cyclops4/skills,,2026-08-30T02:03:32.751Z
cyclops4,uniform_effect,complete,https://thanosvibs.money/api/characters/cyclops4/skills,,2026-08-30T02:03:32.751Z
cyclops5,leader,complete,https://thanosvibs.money/api/characters/cyclops5/skills,,2026-08-30T02:03:32.751Z
cyclops5,passive,complete,https://thanosvibs.money/api/characters/cyclops5/skills,,2026-08-30T02:03:32.751Z
cyclops5,uniform_effect,complete,https://thanosvibs.money/api/characters/cyclops5/skills,,2026-08-30T02:03:32.751Z
deadpool,leader,complete,https://thanosvibs.money/api/characters/deadpool/skills,,2026-08-30T02:03:32.751Z
deadpool,passive,complete,https://thanosvibs.money/api/characters/deadpool/skills,,2026-08-30T02:03:32.751Z
deadpool,uniform_effect,not_applicable,https://thanosvibs.money/api/characters/deadpool/skills,Base appearances do not have a uniform passive.,2026-08-30T02:03:32.751Z
deadpool1,leader,complete,https://thanosvibs.money/api/characters/deadpool1/skills,,2026-08-30T02:03:32.751Z
deadpool1,passive,complete,https://thanosvibs.money/api/characters/deadpool1/skills,,2026-08-30T02:03:32.751Z
deadpool1,uniform_effect,complete,https://thanosvibs.money/api/characters/deadpool1/skills,,2026-08-30T02:03:32.751Z
deadpool2,leader,complete,https://thanosvibs.money/api/characters/deadpool2/skills,,2026-08-30T02:03:32.751Z
deadpool2,passive,complete,https://thanosvibs.money/api/characters/deadpool2/skills,,2026-08-30T02:03:32.751Z
deadpool2,uniform_effect,complete,https://thanosvibs.money/api/characters/deadpool2/skills,,2026-08-30T02:03:32.751Z
deadpool3,leader,complete,https://thanosvibs.money/api/characters/deadpool3/skills,,2026-08-30T02:03:32.751Z
deadpool3,passive,complete,https://thanosvibs.money/api/characters/deadpool3/skills,,2026-08-30T02:03:32.751Z
deadpool3,uniform_effect,complete,https://thanosvibs.money/api/characters/deadpool3/skills,,2026-08-30T02:03:32.751Z
deadpool4,leader,complete,https://thanosvibs.money/api/characters/deadpool4/skills,,2026-08-30T02:03:32.751Z
deadpool4,passive,complete,https://thanosvibs.money/api/characters/deadpool4/skills,,2026-08-30T02:03:32.751Z
deadpool4,uniform_effect,complete,https://thanosvibs.money/api/characters/deadpool4/skills,,2026-08-30T02:03:32.751Z
deadpool5,leader,complete,https://thanosvibs.money/api/characters/deadpool5/skills,,2026-08-30T02:03:32.751Z
deadpool5,passive,complete,https://thanosvibs.money/api/characters/deadpool5/skills,,2026-08-30T02:03:32.751Z
deadpool5,uniform_effect,complete,https://thanosvibs.money/api/characters/deadpool5/skills,,2026-08-30T02:03:32.751Z
deadpool6,leader,complete,https://thanosvibs.money/api/characters/deadpool6/skills,,2026-08-30T02:03:32.751Z
deadpool6,passive,complete,https://thanosvibs.money/api/characters/deadpool6/skills,,2026-08-30T02:03:32.751Z
deadpool6,uniform_effect,complete,https://thanosvibs.money/api/characters/deadpool6/skills,,2026-08-30T02:03:32.751Z
deadpool8,leader,complete,https://thanosvibs.money/api/characters/deadpool8/skills,,2026-08-30T02:03:32.751Z
deadpool8,passive,complete,https://thanosvibs.money/api/characters/deadpool8/skills,,2026-08-30T02:03:32.751Z
deadpool8,uniform_effect,complete,https://thanosvibs.money/api/characters/deadpool8/skills,,2026-08-30T02:03:32.751Z
deadpool7,leader,complete,https://thanosvibs.money/api/characters/deadpool7/skills,,2026-08-30T02:03:32.751Z
deadpool7,passive,complete,https://thanosvibs.money/api/characters/deadpool7/skills,,2026-08-30T02:03:32.751Z
deadpool7,uniform_effect,complete,https://thanosvibs.money/api/characters/deadpool7/skills,,2026-08-30T02:03:32.751Z
doctorstrange,leader,complete,https://thanosvibs.money/api/characters/doctorstrange/skills,,2026-08-30T02:03:32.751Z
doctorstrange,passive,complete,https://thanosvibs.money/api/characters/doctorstrange/skills,,2026-08-30T02:03:32.751Z
doctorstrange,uniform_effect,not_applicable,https://thanosvibs.money/api/characters/doctorstrange/skills,Base appearances do not have a uniform passive.,2026-08-30T02:03:32.751Z
doctorstrange1,leader,complete,https://thanosvibs.money/api/characters/doctorstrange1/skills,,2026-08-30T02:03:32.751Z
doctorstrange1,passive,complete,https://thanosvibs.money/api/characters/doctorstrange1/skills,,2026-08-30T02:03:32.751Z
doctorstrange1,uniform_effect,complete,https://thanosvibs.money/api/characters/doctorstrange1/skills,,2026-08-30T02:03:32.751Z
doctorstrange2,leader,complete,https://thanosvibs.money/api/characters/doctorstrange2/skills,,2026-08-30T02:03:32.751Z
doctorstrange2,passive,complete,https://thanosvibs.money/api/characters/doctorstrange2/skills,,2026-08-30T02:03:32.751Z
doctorstrange2,uniform_effect,complete,https://thanosvibs.money/api/characters/doctorstrange2/skills,,2026-08-30T02:03:32.751Z
doctorstrange3,leader,complete,https://thanosvibs.money/api/characters/doctorstrange3/skills,,2026-08-30T02:03:32.751Z
doctorstrange3,passive,complete,https://thanosvibs.money/api/characters/doctorstrange3/skills,,2026-08-30T02:03:32.751Z
doctorstrange3,uniform_effect,complete,https://thanosvibs.money/api/characters/doctorstrange3/skills,,2026-08-30T02:03:32.751Z
doctorstrange4,leader,complete,https://thanosvibs.money/api/characters/doctorstrange4/skills,,2026-08-30T02:03:32.751Z
doctorstrange4,passive,complete,https://thanosvibs.money/api/characters/doctorstrange4/skills,,2026-08-30T02:03:32.751Z
doctorstrange4,uniform_effect,complete,https://thanosvibs.money/api/characters/doctorstrange4/skills,,2026-08-30T02:03:32.751Z
doctorstrange5,leader,complete,https://thanosvibs.money/api/characters/doctorstrange5/skills,,2026-08-30T02:03:32.751Z
doctorstrange5,passive,complete,https://thanosvibs.money/api/characters/doctorstrange5/skills,,2026-08-30T02:03:32.751Z
doctorstrange5,uniform_effect,complete,https://thanosvibs.money/api/characters/doctorstrange5/skills,,2026-08-30T02:03:32.751Z
doctorstrange6,leader,complete,https://thanosvibs.money/api/characters/doctorstrange6/skills,,2026-08-30T02:03:32.751Z
doctorstrange6,passive,complete,https://thanosvibs.money/api/characters/doctorstrange6/skills,,2026-08-30T02:03:32.751Z
doctorstrange6,uniform_effect,complete,https://thanosvibs.money/api/characters/doctorstrange6/skills,,2026-08-30T02:03:32.751Z
dormammu,leader,complete,https://thanosvibs.money/api/characters/dormammu/skills,,2026-08-30T02:03:32.751Z
dormammu,passive,complete,https://thanosvibs.money/api/characters/dormammu/skills,,2026-08-30T02:03:32.751Z
dormammu,uniform_effect,not_applicable,https://thanosvibs.money/api/characters/dormammu/skills,Base appearances do not have a uniform passive.,2026-08-30T02:03:32.751Z
dormammu1,leader,complete,https://thanosvibs.money/api/characters/dormammu1/skills,,2026-08-30T02:03:32.751Z
dormammu1,passive,complete,https://thanosvibs.money/api/characters/dormammu1/skills,,2026-08-30T02:03:32.751Z
dormammu1,uniform_effect,complete,https://thanosvibs.money/api/characters/dormammu1/skills,,2026-08-30T02:03:32.751Z
ghostrider,leader,complete,https://thanosvibs.money/api/characters/ghostrider/skills,,2026-08-30T02:03:32.751Z
ghostrider,passive,complete,https://thanosvibs.money/api/characters/ghostrider/skills,,2026-08-30T02:03:32.751Z
ghostrider,uniform_effect,not_applicable,https://thanosvibs.money/api/characters/ghostrider/skills,Base appearances do not have a uniform passive.,2026-08-30T02:03:32.751Z
ghostrider1,leader,complete,https://thanosvibs.money/api/characters/ghostrider1/skills,,2026-08-30T02:03:32.751Z
ghostrider1,passive,complete,https://thanosvibs.money/api/characters/ghostrider1/skills,,2026-08-30T02:03:32.751Z
ghostrider1,uniform_effect,complete,https://thanosvibs.money/api/characters/ghostrider1/skills,,2026-08-30T02:03:32.751Z
ghostrider2,leader,complete,https://thanosvibs.money/api/characters/ghostrider2/skills,,2026-08-30T02:03:32.751Z
ghostrider2,passive,complete,https://thanosvibs.money/api/characters/ghostrider2/skills,,2026-08-30T02:03:32.751Z
ghostrider2,uniform_effect,complete,https://thanosvibs.money/api/characters/ghostrider2/skills,,2026-08-30T02:03:32.751Z
ghostrider3,leader,complete,https://thanosvibs.money/api/characters/ghostrider3/skills,,2026-08-30T02:03:32.751Z
ghostrider3,passive,complete,https://thanosvibs.money/api/characters/ghostrider3/skills,,2026-08-30T02:03:32.751Z
ghostrider3,uniform_effect,complete,https://thanosvibs.money/api/characters/ghostrider3/skills,,2026-08-30T02:03:32.751Z
ghostrider4,leader,complete,https://thanosvibs.money/api/characters/ghostrider4/skills,,2026-08-30T02:03:32.751Z
ghostrider4,passive,complete,https://thanosvibs.money/api/characters/ghostrider4/skills,,2026-08-30T02:03:32.751Z
ghostrider4,uniform_effect,complete,https://thanosvibs.money/api/characters/ghostrider4/skills,,2026-08-30T02:03:32.751Z
ghostrider5,leader,complete,https://thanosvibs.money/api/characters/ghostrider5/skills,,2026-08-30T02:03:32.751Z
ghostrider5,passive,complete,https://thanosvibs.money/api/characters/ghostrider5/skills,,2026-08-30T02:03:32.751Z
ghostrider5,uniform_effect,complete,https://thanosvibs.money/api/characters/ghostrider5/skills,,2026-08-30T02:03:32.751Z
hulk,leader,complete,https://thanosvibs.money/api/characters/hulk/skills,,2026-08-30T02:03:32.751Z
hulk,passive,complete,https://thanosvibs.money/api/characters/hulk/skills,,2026-08-30T02:03:32.751Z
hulk,uniform_effect,not_applicable,https://thanosvibs.money/api/characters/hulk/skills,Base appearances do not have a uniform passive.,2026-08-30T02:03:32.751Z
hulk1,leader,complete,https://thanosvibs.money/api/characters/hulk1/skills,,2026-08-30T02:03:32.751Z
hulk1,passive,complete,https://thanosvibs.money/api/characters/hulk1/skills,,2026-08-30T02:03:32.751Z
hulk1,uniform_effect,complete,https://thanosvibs.money/api/characters/hulk1/skills,,2026-08-30T02:03:32.751Z
hulk2,leader,complete,https://thanosvibs.money/api/characters/hulk2/skills,,2026-08-30T02:03:32.751Z
hulk2,passive,complete,https://thanosvibs.money/api/characters/hulk2/skills,,2026-08-30T02:03:32.751Z
hulk2,uniform_effect,complete,https://thanosvibs.money/api/characters/hulk2/skills,,2026-08-30T02:03:32.751Z
hulk3,leader,complete,https://thanosvibs.money/api/characters/hulk3/skills,,2026-08-30T02:03:32.751Z
hulk3,passive,complete,https://thanosvibs.money/api/characters/hulk3/skills,,2026-08-30T02:03:32.751Z
hulk3,uniform_effect,complete,https://thanosvibs.money/api/characters/hulk3/skills,,2026-08-30T02:03:32.751Z
hulk4,leader,complete,https://thanosvibs.money/api/characters/hulk4/skills,,2026-08-30T02:03:32.751Z
hulk4,passive,complete,https://thanosvibs.money/api/characters/hulk4/skills,,2026-08-30T02:03:32.751Z
hulk4,uniform_effect,complete,https://thanosvibs.money/api/characters/hulk4/skills,,2026-08-30T02:03:32.751Z
hulk5,leader,complete,https://thanosvibs.money/api/characters/hulk5/skills,,2026-08-30T02:03:32.751Z
hulk5,passive,complete,https://thanosvibs.money/api/characters/hulk5/skills,,2026-08-30T02:03:32.751Z
hulk5,uniform_effect,complete,https://thanosvibs.money/api/characters/hulk5/skills,,2026-08-30T02:03:32.751Z
hulk6,leader,complete,https://thanosvibs.money/api/characters/hulk6/skills,,2026-08-30T02:03:32.751Z
hulk6,passive,complete,https://thanosvibs.money/api/characters/hulk6/skills,,2026-08-30T02:03:32.751Z
hulk6,uniform_effect,complete,https://thanosvibs.money/api/characters/hulk6/skills,,2026-08-30T02:03:32.751Z
hulk7,leader,complete,https://thanosvibs.money/api/characters/hulk7/skills,,2026-08-30T02:03:32.751Z
hulk7,passive,complete,https://thanosvibs.money/api/characters/hulk7/skills,,2026-08-30T02:03:32.751Z
hulk7,uniform_effect,complete,https://thanosvibs.money/api/characters/hulk7/skills,,2026-08-30T02:03:32.751Z
hulk8,leader,complete,https://thanosvibs.money/api/characters/hulk8/skills,,2026-08-30T02:03:32.751Z
hulk8,passive,complete,https://thanosvibs.money/api/characters/hulk8/skills,,2026-08-30T02:03:32.751Z
hulk8,uniform_effect,complete,https://thanosvibs.money/api/characters/hulk8/skills,,2026-08-30T02:03:32.751Z
hulk9,leader,complete,https://thanosvibs.money/api/characters/hulk9/skills,,2026-08-30T02:03:32.751Z
hulk9,passive,complete,https://thanosvibs.money/api/characters/hulk9/skills,,2026-08-30T02:03:32.751Z
hulk9,uniform_effect,complete,https://thanosvibs.money/api/characters/hulk9/skills,,2026-08-30T02:03:32.751Z
ironman,leader,complete,https://thanosvibs.money/api/characters/ironman/skills,,2026-08-30T02:03:32.751Z
ironman,passive,complete,https://thanosvibs.money/api/characters/ironman/skills,,2026-08-30T02:03:32.751Z
ironman,uniform_effect,not_applicable,https://thanosvibs.money/api/characters/ironman/skills,Base appearances do not have a uniform passive.,2026-08-30T02:03:32.751Z
ironman1,leader,complete,https://thanosvibs.money/api/characters/ironman1/skills,,2026-08-30T02:03:32.751Z
ironman1,passive,complete,https://thanosvibs.money/api/characters/ironman1/skills,,2026-08-30T02:03:32.751Z
ironman1,uniform_effect,complete,https://thanosvibs.money/api/characters/ironman1/skills,,2026-08-30T02:03:32.751Z
ironman2,leader,complete,https://thanosvibs.money/api/characters/ironman2/skills,,2026-08-30T02:03:32.751Z
ironman2,passive,complete,https://thanosvibs.money/api/characters/ironman2/skills,,2026-08-30T02:03:32.751Z
ironman2,uniform_effect,complete,https://thanosvibs.money/api/characters/ironman2/skills,,2026-08-30T02:03:32.751Z
ironman3,leader,complete,https://thanosvibs.money/api/characters/ironman3/skills,,2026-08-30T02:03:32.751Z
ironman3,passive,complete,https://thanosvibs.money/api/characters/ironman3/skills,,2026-08-30T02:03:32.751Z
ironman3,uniform_effect,complete,https://thanosvibs.money/api/characters/ironman3/skills,,2026-08-30T02:03:32.751Z
ironman4,leader,complete,https://thanosvibs.money/api/characters/ironman4/skills,,2026-08-30T02:03:32.751Z
ironman4,passive,complete,https://thanosvibs.money/api/characters/ironman4/skills,,2026-08-30T02:03:32.751Z
ironman4,uniform_effect,complete,https://thanosvibs.money/api/characters/ironman4/skills,,2026-08-30T02:03:32.751Z
ironman5,leader,complete,https://thanosvibs.money/api/characters/ironman5/skills,,2026-08-30T02:03:32.751Z
ironman5,passive,complete,https://thanosvibs.money/api/characters/ironman5/skills,,2026-08-30T02:03:32.751Z
ironman5,uniform_effect,complete,https://thanosvibs.money/api/characters/ironman5/skills,,2026-08-30T02:03:32.751Z
ironman6,leader,complete,https://thanosvibs.money/api/characters/ironman6/skills,,2026-08-30T02:03:32.751Z
ironman6,passive,complete,https://thanosvibs.money/api/characters/ironman6/skills,,2026-08-30T02:03:32.751Z
ironman6,uniform_effect,complete,https://thanosvibs.money/api/characters/ironman6/skills,,2026-08-30T02:03:32.751Z
ironman7,leader,complete,https://thanosvibs.money/api/characters/ironman7/skills,,2026-08-30T02:03:32.751Z
ironman7,passive,complete,https://thanosvibs.money/api/characters/ironman7/skills,,2026-08-30T02:03:32.751Z
ironman7,uniform_effect,complete,https://thanosvibs.money/api/characters/ironman7/skills,,2026-08-30T02:03:32.751Z
ironman8,leader,complete,https://thanosvibs.money/api/characters/ironman8/skills,,2026-08-30T02:03:32.751Z
ironman8,passive,complete,https://thanosvibs.money/api/characters/ironman8/skills,,2026-08-30T02:03:32.751Z
ironman8,uniform_effect,complete,https://thanosvibs.money/api/characters/ironman8/skills,,2026-08-30T02:03:32.751Z
ironman9,leader,complete,https://thanosvibs.money/api/characters/ironman9/skills,,2026-08-30T02:03:32.751Z
ironman9,passive,complete,https://thanosvibs.money/api/characters/ironman9/skills,,2026-08-30T02:03:32.751Z
ironman9,uniform_effect,complete,https://thanosvibs.money/api/characters/ironman9/skills,,2026-08-30T02:03:32.751Z
ironman10,leader,complete,https://thanosvibs.money/api/characters/ironman10/skills,,2026-08-30T02:03:32.751Z
ironman10,passive,complete,https://thanosvibs.money/api/characters/ironman10/skills,,2026-08-30T02:03:32.751Z
ironman10,uniform_effect,complete,https://thanosvibs.money/api/characters/ironman10/skills,,2026-08-30T02:03:32.751Z
jeangrey,leader,complete,https://thanosvibs.money/api/characters/jeangrey/skills,,2026-08-30T02:03:32.751Z
jeangrey,passive,complete,https://thanosvibs.money/api/characters/jeangrey/skills,,2026-08-30T02:03:32.751Z
jeangrey,uniform_effect,not_applicable,https://thanosvibs.money/api/characters/jeangrey/skills,Base appearances do not have a uniform passive.,2026-08-30T02:03:32.751Z
jeangrey1,leader,complete,https://thanosvibs.money/api/characters/jeangrey1/skills,,2026-08-30T02:03:32.751Z
jeangrey1,passive,complete,https://thanosvibs.money/api/characters/jeangrey1/skills,,2026-08-30T02:03:32.751Z
jeangrey1,uniform_effect,complete,https://thanosvibs.money/api/characters/jeangrey1/skills,,2026-08-30T02:03:32.751Z
jeangrey2,leader,complete,https://thanosvibs.money/api/characters/jeangrey2/skills,,2026-08-30T02:03:32.751Z
jeangrey2,passive,complete,https://thanosvibs.money/api/characters/jeangrey2/skills,,2026-08-30T02:03:32.751Z
jeangrey2,uniform_effect,complete,https://thanosvibs.money/api/characters/jeangrey2/skills,,2026-08-30T02:03:32.751Z
jeangrey3,leader,complete,https://thanosvibs.money/api/characters/jeangrey3/skills,,2026-08-30T02:03:32.751Z
jeangrey3,passive,complete,https://thanosvibs.money/api/characters/jeangrey3/skills,,2026-08-30T02:03:32.751Z
jeangrey3,uniform_effect,complete,https://thanosvibs.money/api/characters/jeangrey3/skills,,2026-08-30T02:03:32.751Z
jeangrey4,leader,complete,https://thanosvibs.money/api/characters/jeangrey4/skills,,2026-08-30T02:03:32.751Z
jeangrey4,passive,complete,https://thanosvibs.money/api/characters/jeangrey4/skills,,2026-08-30T02:03:32.751Z
jeangrey4,uniform_effect,complete,https://thanosvibs.money/api/characters/jeangrey4/skills,,2026-08-30T02:03:32.751Z
knull,leader,complete,https://thanosvibs.money/api/characters/knull/skills,,2026-08-30T02:03:32.751Z
knull,passive,complete,https://thanosvibs.money/api/characters/knull/skills,,2026-08-30T02:03:32.751Z
knull,uniform_effect,not_applicable,https://thanosvibs.money/api/characters/knull/skills,Base appearances do not have a uniform passive.,2026-08-30T02:03:32.751Z
knull1,leader,complete,https://thanosvibs.money/api/characters/knull1/skills,,2026-08-30T02:03:32.751Z
knull1,passive,complete,https://thanosvibs.money/api/characters/knull1/skills,,2026-08-30T02:03:32.751Z
knull1,uniform_effect,complete,https://thanosvibs.money/api/characters/knull1/skills,,2026-08-30T02:03:32.751Z
loki,leader,complete,https://thanosvibs.money/api/characters/loki/skills,,2026-08-30T02:03:32.751Z
loki,passive,complete,https://thanosvibs.money/api/characters/loki/skills,,2026-08-30T02:03:32.751Z
loki,uniform_effect,not_applicable,https://thanosvibs.money/api/characters/loki/skills,Base appearances do not have a uniform passive.,2026-08-30T02:03:32.751Z
loki1,leader,complete,https://thanosvibs.money/api/characters/loki1/skills,,2026-08-30T02:03:32.751Z
loki1,passive,complete,https://thanosvibs.money/api/characters/loki1/skills,,2026-08-30T02:03:32.751Z
loki1,uniform_effect,complete,https://thanosvibs.money/api/characters/loki1/skills,,2026-08-30T02:03:32.751Z
loki2,leader,complete,https://thanosvibs.money/api/characters/loki2/skills,,2026-08-30T02:03:32.751Z
loki2,passive,complete,https://thanosvibs.money/api/characters/loki2/skills,,2026-08-30T02:03:32.751Z
loki2,uniform_effect,complete,https://thanosvibs.money/api/characters/loki2/skills,,2026-08-30T02:03:32.751Z
loki3,leader,complete,https://thanosvibs.money/api/characters/loki3/skills,,2026-08-30T02:03:32.751Z
loki3,passive,complete,https://thanosvibs.money/api/characters/loki3/skills,,2026-08-30T02:03:32.751Z
loki3,uniform_effect,complete,https://thanosvibs.money/api/characters/loki3/skills,,2026-08-30T02:03:32.751Z
loki4,leader,complete,https://thanosvibs.money/api/characters/loki4/skills,,2026-08-30T02:03:32.751Z
loki4,passive,complete,https://thanosvibs.money/api/characters/loki4/skills,,2026-08-30T02:03:32.751Z
loki4,uniform_effect,complete,https://thanosvibs.money/api/characters/loki4/skills,,2026-08-30T02:03:32.751Z
loki5,leader,complete,https://thanosvibs.money/api/characters/loki5/skills,,2026-08-30T02:03:32.751Z
loki5,passive,complete,https://thanosvibs.money/api/characters/loki5/skills,,2026-08-30T02:03:32.751Z
loki5,uniform_effect,complete,https://thanosvibs.money/api/characters/loki5/skills,,2026-08-30T02:03:32.751Z
loki6,leader,complete,https://thanosvibs.money/api/characters/loki6/skills,,2026-08-30T02:03:32.751Z
loki6,passive,complete,https://thanosvibs.money/api/characters/loki6/skills,,2026-08-30T02:03:32.751Z
loki6,uniform_effect,complete,https://thanosvibs.money/api/characters/loki6/skills,,2026-08-30T02:03:32.751Z
loki7,leader,complete,https://thanosvibs.money/api/characters/loki7/skills,,2026-08-30T02:03:32.751Z
loki7,passive,complete,https://thanosvibs.money/api/characters/loki7/skills,,2026-08-30T02:03:32.751Z
loki7,uniform_effect,complete,https://thanosvibs.money/api/characters/loki7/skills,,2026-08-30T02:03:32.751Z
loki8,leader,complete,https://thanosvibs.money/api/characters/loki8/skills,,2026-08-30T02:03:32.751Z
loki8,passive,complete,https://thanosvibs.money/api/characters/loki8/skills,,2026-08-30T02:03:32.751Z
loki8,uniform_effect,complete,https://thanosvibs.money/api/characters/loki8/skills,,2026-08-30T02:03:32.751Z
lunasnow,leader,complete,https://thanosvibs.money/api/characters/lunasnow/skills,,2026-08-30T02:03:32.751Z
lunasnow,passive,complete,https://thanosvibs.money/api/characters/lunasnow/skills,,2026-08-30T02:03:32.751Z
lunasnow,uniform_effect,not_applicable,https://thanosvibs.money/api/characters/lunasnow/skills,Base appearances do not have a uniform passive.,2026-08-30T02:03:32.751Z
lunasnow1,leader,complete,https://thanosvibs.money/api/characters/lunasnow1/skills,,2026-08-30T02:03:32.751Z
lunasnow1,passive,complete,https://thanosvibs.money/api/characters/lunasnow1/skills,,2026-08-30T02:03:32.751Z
lunasnow1,uniform_effect,complete,https://thanosvibs.money/api/characters/lunasnow1/skills,,2026-08-30T02:03:32.751Z
lunasnow2,leader,complete,https://thanosvibs.money/api/characters/lunasnow2/skills,,2026-08-30T02:03:32.751Z
lunasnow2,passive,complete,https://thanosvibs.money/api/characters/lunasnow2/skills,,2026-08-30T02:03:32.751Z
lunasnow2,uniform_effect,complete,https://thanosvibs.money/api/characters/lunasnow2/skills,,2026-08-30T02:03:32.751Z
lunasnow3,leader,complete,https://thanosvibs.money/api/characters/lunasnow3/skills,,2026-08-30T02:03:32.751Z
lunasnow3,passive,complete,https://thanosvibs.money/api/characters/lunasnow3/skills,,2026-08-30T02:03:32.751Z
lunasnow3,uniform_effect,complete,https://thanosvibs.money/api/characters/lunasnow3/skills,,2026-08-30T02:03:32.751Z
lunasnow4,leader,complete,https://thanosvibs.money/api/characters/lunasnow4/skills,,2026-08-30T02:03:32.751Z
lunasnow4,passive,complete,https://thanosvibs.money/api/characters/lunasnow4/skills,,2026-08-30T02:03:32.751Z
lunasnow4,uniform_effect,complete,https://thanosvibs.money/api/characters/lunasnow4/skills,,2026-08-30T02:03:32.751Z
lunasnow5,leader,complete,https://thanosvibs.money/api/characters/lunasnow5/skills,,2026-08-30T02:03:32.751Z
lunasnow5,passive,complete,https://thanosvibs.money/api/characters/lunasnow5/skills,,2026-08-30T02:03:32.751Z
lunasnow5,uniform_effect,complete,https://thanosvibs.money/api/characters/lunasnow5/skills,,2026-08-30T02:03:32.751Z
magneto,leader,complete,https://thanosvibs.money/api/characters/magneto/skills,,2026-08-30T02:03:32.751Z
magneto,passive,complete,https://thanosvibs.money/api/characters/magneto/skills,,2026-08-30T02:03:32.751Z
magneto,uniform_effect,not_applicable,https://thanosvibs.money/api/characters/magneto/skills,Base appearances do not have a uniform passive.,2026-08-30T02:03:32.751Z
magneto1,leader,complete,https://thanosvibs.money/api/characters/magneto1/skills,,2026-08-30T02:03:32.751Z
magneto1,passive,complete,https://thanosvibs.money/api/characters/magneto1/skills,,2026-08-30T02:03:32.751Z
magneto1,uniform_effect,complete,https://thanosvibs.money/api/characters/magneto1/skills,,2026-08-30T02:03:32.751Z
magneto2,leader,complete,https://thanosvibs.money/api/characters/magneto2/skills,,2026-08-30T02:03:32.751Z
magneto2,passive,complete,https://thanosvibs.money/api/characters/magneto2/skills,,2026-08-30T02:03:32.751Z
magneto2,uniform_effect,complete,https://thanosvibs.money/api/characters/magneto2/skills,,2026-08-30T02:03:32.751Z
magneto3,leader,complete,https://thanosvibs.money/api/characters/magneto3/skills,,2026-08-30T02:03:32.751Z
magneto3,passive,complete,https://thanosvibs.money/api/characters/magneto3/skills,,2026-08-30T02:03:32.751Z
magneto3,uniform_effect,complete,https://thanosvibs.money/api/characters/magneto3/skills,,2026-08-30T02:03:32.751Z
magneto4,leader,complete,https://thanosvibs.money/api/characters/magneto4/skills,,2026-08-30T02:03:32.751Z
magneto4,passive,complete,https://thanosvibs.money/api/characters/magneto4/skills,,2026-08-30T02:03:32.751Z
magneto4,uniform_effect,complete,https://thanosvibs.money/api/characters/magneto4/skills,,2026-08-30T02:03:32.751Z
misterfantastic,leader,complete,https://thanosvibs.money/api/characters/misterfantastic/skills,,2026-08-30T02:03:32.751Z
misterfantastic,passive,complete,https://thanosvibs.money/api/characters/misterfantastic/skills,,2026-08-30T02:03:32.751Z
misterfantastic,uniform_effect,not_applicable,https://thanosvibs.money/api/characters/misterfantastic/skills,Base appearances do not have a uniform passive.,2026-08-30T02:03:32.751Z
misterfantastic1,leader,complete,https://thanosvibs.money/api/characters/misterfantastic1/skills,,2026-08-30T02:03:32.751Z
misterfantastic1,passive,complete,https://thanosvibs.money/api/characters/misterfantastic1/skills,,2026-08-30T02:03:32.751Z
misterfantastic1,uniform_effect,complete,https://thanosvibs.money/api/characters/misterfantastic1/skills,,2026-08-30T02:03:32.751Z
misterfantastic2,leader,complete,https://thanosvibs.money/api/characters/misterfantastic2/skills,,2026-08-30T02:03:32.751Z
misterfantastic2,passive,complete,https://thanosvibs.money/api/characters/misterfantastic2/skills,,2026-08-30T02:03:32.751Z
misterfantastic2,uniform_effect,complete,https://thanosvibs.money/api/characters/misterfantastic2/skills,,2026-08-30T02:03:32.751Z
misterfantastic3,leader,complete,https://thanosvibs.money/api/characters/misterfantastic3/skills,,2026-08-30T02:03:32.751Z
misterfantastic3,passive,complete,https://thanosvibs.money/api/characters/misterfantastic3/skills,,2026-08-30T02:03:32.751Z
misterfantastic3,uniform_effect,complete,https://thanosvibs.money/api/characters/misterfantastic3/skills,,2026-08-30T02:03:32.751Z
misterfantastic4,leader,complete,https://thanosvibs.money/api/characters/misterfantastic4/skills,,2026-08-30T02:03:32.751Z
misterfantastic4,passive,complete,https://thanosvibs.money/api/characters/misterfantastic4/skills,,2026-08-30T02:03:32.751Z
misterfantastic4,uniform_effect,complete,https://thanosvibs.money/api/characters/misterfantastic4/skills,,2026-08-30T02:03:32.751Z
moleculeman,leader,complete,https://thanosvibs.money/api/characters/moleculeman/skills,,2026-08-30T02:03:32.751Z
moleculeman,passive,complete,https://thanosvibs.money/api/characters/moleculeman/skills,,2026-08-30T02:03:32.751Z
moleculeman,uniform_effect,not_applicable,https://thanosvibs.money/api/characters/moleculeman/skills,Base appearances do not have a uniform passive.,2026-08-30T02:03:32.751Z
namor,leader,complete,https://thanosvibs.money/api/characters/namor/skills,,2026-08-30T02:03:32.751Z
namor,passive,complete,https://thanosvibs.money/api/characters/namor/skills,,2026-08-30T02:03:32.751Z
namor,uniform_effect,not_applicable,https://thanosvibs.money/api/characters/namor/skills,Base appearances do not have a uniform passive.,2026-08-30T02:03:32.751Z
namor1,leader,complete,https://thanosvibs.money/api/characters/namor1/skills,,2026-08-30T02:03:32.751Z
namor1,passive,complete,https://thanosvibs.money/api/characters/namor1/skills,,2026-08-30T02:03:32.751Z
namor1,uniform_effect,complete,https://thanosvibs.money/api/characters/namor1/skills,,2026-08-30T02:03:32.751Z
namor2,leader,complete,https://thanosvibs.money/api/characters/namor2/skills,,2026-08-30T02:03:32.751Z
namor2,passive,complete,https://thanosvibs.money/api/characters/namor2/skills,,2026-08-30T02:03:32.751Z
namor2,uniform_effect,complete,https://thanosvibs.money/api/characters/namor2/skills,,2026-08-30T02:03:32.751Z
odin,leader,complete,https://thanosvibs.money/api/characters/odin/skills,,2026-08-30T02:03:32.751Z
odin,passive,complete,https://thanosvibs.money/api/characters/odin/skills,,2026-08-30T02:03:32.751Z
odin,uniform_effect,not_applicable,https://thanosvibs.money/api/characters/odin/skills,Base appearances do not have a uniform passive.,2026-08-30T02:03:32.751Z
odin1,leader,complete,https://thanosvibs.money/api/characters/odin1/skills,,2026-08-30T02:03:32.751Z
odin1,passive,complete,https://thanosvibs.money/api/characters/odin1/skills,,2026-08-30T02:03:32.751Z
odin1,uniform_effect,complete,https://thanosvibs.money/api/characters/odin1/skills,,2026-08-30T02:03:32.751Z
odin2,leader,complete,https://thanosvibs.money/api/characters/odin2/skills,,2026-08-30T02:03:32.751Z
odin2,passive,complete,https://thanosvibs.money/api/characters/odin2/skills,,2026-08-30T02:03:32.751Z
odin2,uniform_effect,complete,https://thanosvibs.money/api/characters/odin2/skills,,2026-08-30T02:03:32.751Z
odin3,leader,complete,https://thanosvibs.money/api/characters/odin3/skills,,2026-08-30T02:03:32.751Z
odin3,passive,complete,https://thanosvibs.money/api/characters/odin3/skills,,2026-08-30T02:03:32.751Z
odin3,uniform_effect,complete,https://thanosvibs.money/api/characters/odin3/skills,,2026-08-30T02:03:32.751Z
professorx,leader,complete,https://thanosvibs.money/api/characters/professorx/skills,,2026-08-30T02:03:32.751Z
professorx,passive,complete,https://thanosvibs.money/api/characters/professorx/skills,,2026-08-30T02:03:32.751Z
professorx,uniform_effect,not_applicable,https://thanosvibs.money/api/characters/professorx/skills,Base appearances do not have a uniform passive.,2026-08-30T02:03:32.751Z
professorx1,leader,complete,https://thanosvibs.money/api/characters/professorx1/skills,,2026-08-30T02:03:32.751Z
professorx1,passive,complete,https://thanosvibs.money/api/characters/professorx1/skills,,2026-08-30T02:03:32.751Z
professorx1,uniform_effect,complete,https://thanosvibs.money/api/characters/professorx1/skills,,2026-08-30T02:03:32.751Z
professorx2,leader,complete,https://thanosvibs.money/api/characters/professorx2/skills,,2026-08-30T02:03:32.751Z
professorx2,passive,complete,https://thanosvibs.money/api/characters/professorx2/skills,,2026-08-30T02:03:32.751Z
professorx2,uniform_effect,complete,https://thanosvibs.money/api/characters/professorx2/skills,,2026-08-30T02:03:32.751Z
quicksilver,leader,complete,https://thanosvibs.money/api/characters/quicksilver/skills,,2026-08-30T02:03:32.751Z
quicksilver,passive,complete,https://thanosvibs.money/api/characters/quicksilver/skills,,2026-08-30T02:03:32.751Z
quicksilver,uniform_effect,not_applicable,https://thanosvibs.money/api/characters/quicksilver/skills,Base appearances do not have a uniform passive.,2026-08-30T02:03:32.751Z
quicksilver1,leader,complete,https://thanosvibs.money/api/characters/quicksilver1/skills,,2026-08-30T02:03:32.751Z
quicksilver1,passive,complete,https://thanosvibs.money/api/characters/quicksilver1/skills,,2026-08-30T02:03:32.751Z
quicksilver1,uniform_effect,complete,https://thanosvibs.money/api/characters/quicksilver1/skills,,2026-08-30T02:03:32.751Z
quicksilver2,leader,complete,https://thanosvibs.money/api/characters/quicksilver2/skills,,2026-08-30T02:03:32.751Z
quicksilver2,passive,complete,https://thanosvibs.money/api/characters/quicksilver2/skills,,2026-08-30T02:03:32.751Z
quicksilver2,uniform_effect,complete,https://thanosvibs.money/api/characters/quicksilver2/skills,,2026-08-30T02:03:32.751Z
quicksilver3,leader,complete,https://thanosvibs.money/api/characters/quicksilver3/skills,,2026-08-30T02:03:32.751Z
quicksilver3,passive,complete,https://thanosvibs.money/api/characters/quicksilver3/skills,,2026-08-30T02:03:32.751Z
quicksilver3,uniform_effect,complete,https://thanosvibs.money/api/characters/quicksilver3/skills,,2026-08-30T02:03:32.751Z
quicksilver4,leader,complete,https://thanosvibs.money/api/characters/quicksilver4/skills,,2026-08-30T02:03:32.751Z
quicksilver4,passive,complete,https://thanosvibs.money/api/characters/quicksilver4/skills,,2026-08-30T02:03:32.751Z
quicksilver4,uniform_effect,complete,https://thanosvibs.money/api/characters/quicksilver4/skills,,2026-08-30T02:03:32.751Z
rogue,leader,complete,https://thanosvibs.money/api/characters/rogue/skills,,2026-08-30T02:03:32.751Z
rogue,passive,complete,https://thanosvibs.money/api/characters/rogue/skills,,2026-08-30T02:03:32.751Z
rogue,uniform_effect,not_applicable,https://thanosvibs.money/api/characters/rogue/skills,Base appearances do not have a uniform passive.,2026-08-30T02:03:32.751Z
rogue1,leader,complete,https://thanosvibs.money/api/characters/rogue1/skills,,2026-08-30T02:03:32.751Z
rogue1,passive,complete,https://thanosvibs.money/api/characters/rogue1/skills,,2026-08-30T02:03:32.751Z
rogue1,uniform_effect,complete,https://thanosvibs.money/api/characters/rogue1/skills,,2026-08-30T02:03:32.751Z
rogue2,leader,complete,https://thanosvibs.money/api/characters/rogue2/skills,,2026-08-30T02:03:32.751Z
rogue2,passive,complete,https://thanosvibs.money/api/characters/rogue2/skills,,2026-08-30T02:03:32.751Z
rogue2,uniform_effect,complete,https://thanosvibs.money/api/characters/rogue2/skills,,2026-08-30T02:03:32.751Z
rogue3,leader,complete,https://thanosvibs.money/api/characters/rogue3/skills,,2026-08-30T02:03:32.751Z
rogue3,passive,complete,https://thanosvibs.money/api/characters/rogue3/skills,,2026-08-30T02:03:32.751Z
rogue3,uniform_effect,complete,https://thanosvibs.money/api/characters/rogue3/skills,,2026-08-30T02:03:32.751Z
rogue4,leader,complete,https://thanosvibs.money/api/characters/rogue4/skills,,2026-08-30T02:03:32.751Z
rogue4,passive,complete,https://thanosvibs.money/api/characters/rogue4/skills,,2026-08-30T02:03:32.751Z
rogue4,uniform_effect,complete,https://thanosvibs.money/api/characters/rogue4/skills,,2026-08-30T02:03:32.751Z
scarletwitch,leader,complete,https://thanosvibs.money/api/characters/scarletwitch/skills,,2026-08-30T02:03:32.751Z
scarletwitch,passive,complete,https://thanosvibs.money/api/characters/scarletwitch/skills,,2026-08-30T02:03:32.751Z
scarletwitch,uniform_effect,not_applicable,https://thanosvibs.money/api/characters/scarletwitch/skills,Base appearances do not have a uniform passive.,2026-08-30T02:03:32.751Z
scarletwitch1,leader,complete,https://thanosvibs.money/api/characters/scarletwitch1/skills,,2026-08-30T02:03:32.751Z
scarletwitch1,passive,complete,https://thanosvibs.money/api/characters/scarletwitch1/skills,,2026-08-30T02:03:32.751Z
scarletwitch1,uniform_effect,complete,https://thanosvibs.money/api/characters/scarletwitch1/skills,,2026-08-30T02:03:32.751Z
scarletwitch2,leader,complete,https://thanosvibs.money/api/characters/scarletwitch2/skills,,2026-08-30T02:03:32.751Z
scarletwitch2,passive,complete,https://thanosvibs.money/api/characters/scarletwitch2/skills,,2026-08-30T02:03:32.751Z
scarletwitch2,uniform_effect,complete,https://thanosvibs.money/api/characters/scarletwitch2/skills,,2026-08-30T02:03:32.751Z
scarletwitch3,leader,complete,https://thanosvibs.money/api/characters/scarletwitch3/skills,,2026-08-30T02:03:32.751Z
scarletwitch3,passive,complete,https://thanosvibs.money/api/characters/scarletwitch3/skills,,2026-08-30T02:03:32.751Z
scarletwitch3,uniform_effect,complete,https://thanosvibs.money/api/characters/scarletwitch3/skills,,2026-08-30T02:03:32.751Z
scarletwitch4,leader,complete,https://thanosvibs.money/api/characters/scarletwitch4/skills,,2026-08-30T02:03:32.751Z
scarletwitch4,passive,complete,https://thanosvibs.money/api/characters/scarletwitch4/skills,,2026-08-30T02:03:32.751Z
scarletwitch4,uniform_effect,complete,https://thanosvibs.money/api/characters/scarletwitch4/skills,,2026-08-30T02:03:32.751Z
scarletwitch5,leader,complete,https://thanosvibs.money/api/characters/scarletwitch5/skills,,2026-08-30T02:03:32.751Z
scarletwitch5,passive,complete,https://thanosvibs.money/api/characters/scarletwitch5/skills,,2026-08-30T02:03:32.751Z
scarletwitch5,uniform_effect,complete,https://thanosvibs.money/api/characters/scarletwitch5/skills,,2026-08-30T02:03:32.751Z
scarletwitch6,leader,complete,https://thanosvibs.money/api/characters/scarletwitch6/skills,,2026-08-30T02:03:32.751Z
scarletwitch6,passive,complete,https://thanosvibs.money/api/characters/scarletwitch6/skills,,2026-08-30T02:03:32.751Z
scarletwitch6,uniform_effect,complete,https://thanosvibs.money/api/characters/scarletwitch6/skills,,2026-08-30T02:03:32.751Z
scarletwitch7,leader,complete,https://thanosvibs.money/api/characters/scarletwitch7/skills,,2026-08-30T02:03:32.751Z
scarletwitch7,passive,complete,https://thanosvibs.money/api/characters/scarletwitch7/skills,,2026-08-30T02:03:32.751Z
scarletwitch7,uniform_effect,complete,https://thanosvibs.money/api/characters/scarletwitch7/skills,,2026-08-30T02:03:32.751Z
sentry,leader,complete,https://thanosvibs.money/api/characters/sentry/skills,,2026-08-30T02:03:32.751Z
sentry,passive,complete,https://thanosvibs.money/api/characters/sentry/skills,,2026-08-30T02:03:32.751Z
sentry,uniform_effect,not_applicable,https://thanosvibs.money/api/characters/sentry/skills,Base appearances do not have a uniform passive.,2026-08-30T02:03:32.751Z
sentry1,leader,complete,https://thanosvibs.money/api/characters/sentry1/skills,,2026-08-30T02:03:32.751Z
sentry1,passive,complete,https://thanosvibs.money/api/characters/sentry1/skills,,2026-08-30T02:03:32.751Z
sentry1,uniform_effect,complete,https://thanosvibs.money/api/characters/sentry1/skills,,2026-08-30T02:03:32.751Z
sentry2,leader,complete,https://thanosvibs.money/api/characters/sentry2/skills,,2026-08-30T02:03:32.751Z
sentry2,passive,complete,https://thanosvibs.money/api/characters/sentry2/skills,,2026-08-30T02:03:32.751Z
sentry2,uniform_effect,complete,https://thanosvibs.money/api/characters/sentry2/skills,,2026-08-30T02:03:32.751Z
silversurfer,leader,complete,https://thanosvibs.money/api/characters/silversurfer/skills,,2026-08-30T02:03:32.751Z
silversurfer,passive,complete,https://thanosvibs.money/api/characters/silversurfer/skills,,2026-08-30T02:03:32.751Z
silversurfer,uniform_effect,not_applicable,https://thanosvibs.money/api/characters/silversurfer/skills,Base appearances do not have a uniform passive.,2026-08-30T02:03:32.751Z
silversurfer1,leader,complete,https://thanosvibs.money/api/characters/silversurfer1/skills,,2026-08-30T02:03:32.751Z
silversurfer1,passive,complete,https://thanosvibs.money/api/characters/silversurfer1/skills,,2026-08-30T02:03:32.751Z
silversurfer1,uniform_effect,complete,https://thanosvibs.money/api/characters/silversurfer1/skills,,2026-08-30T02:03:32.751Z
silversurfer2,leader,complete,https://thanosvibs.money/api/characters/silversurfer2/skills,,2026-08-30T02:03:32.751Z
silversurfer2,passive,complete,https://thanosvibs.money/api/characters/silversurfer2/skills,,2026-08-30T02:03:32.751Z
silversurfer2,uniform_effect,complete,https://thanosvibs.money/api/characters/silversurfer2/skills,,2026-08-30T02:03:32.751Z
spiderman,leader,complete,https://thanosvibs.money/api/characters/spiderman/skills,,2026-08-30T02:03:32.751Z
spiderman,passive,complete,https://thanosvibs.money/api/characters/spiderman/skills,,2026-08-30T02:03:32.751Z
spiderman,uniform_effect,not_applicable,https://thanosvibs.money/api/characters/spiderman/skills,Base appearances do not have a uniform passive.,2026-08-30T02:03:32.751Z
spiderman1,leader,complete,https://thanosvibs.money/api/characters/spiderman1/skills,,2026-08-30T02:03:32.751Z
spiderman1,passive,complete,https://thanosvibs.money/api/characters/spiderman1/skills,,2026-08-30T02:03:32.751Z
spiderman1,uniform_effect,complete,https://thanosvibs.money/api/characters/spiderman1/skills,,2026-08-30T02:03:32.751Z
spiderman2,leader,complete,https://thanosvibs.money/api/characters/spiderman2/skills,,2026-08-30T02:03:32.751Z
spiderman2,passive,complete,https://thanosvibs.money/api/characters/spiderman2/skills,,2026-08-30T02:03:32.751Z
spiderman2,uniform_effect,complete,https://thanosvibs.money/api/characters/spiderman2/skills,,2026-08-30T02:03:32.751Z
spiderman3,leader,complete,https://thanosvibs.money/api/characters/spiderman3/skills,,2026-08-30T02:03:32.751Z
spiderman3,passive,complete,https://thanosvibs.money/api/characters/spiderman3/skills,,2026-08-30T02:03:32.751Z
spiderman3,uniform_effect,complete,https://thanosvibs.money/api/characters/spiderman3/skills,,2026-08-30T02:03:32.751Z
spiderman4,leader,complete,https://thanosvibs.money/api/characters/spiderman4/skills,,2026-08-30T02:03:32.751Z
spiderman4,passive,complete,https://thanosvibs.money/api/characters/spiderman4/skills,,2026-08-30T02:03:32.751Z
spiderman4,uniform_effect,complete,https://thanosvibs.money/api/characters/spiderman4/skills,,2026-08-30T02:03:32.751Z
spiderman5,leader,complete,https://thanosvibs.money/api/characters/spiderman5/skills,,2026-08-30T02:03:32.751Z
spiderman5,passive,complete,https://thanosvibs.money/api/characters/spiderman5/skills,,2026-08-30T02:03:32.751Z
spiderman5,uniform_effect,complete,https://thanosvibs.money/api/characters/spiderman5/skills,,2026-08-30T02:03:32.751Z
spiderman6,leader,complete,https://thanosvibs.money/api/characters/spiderman6/skills,,2026-08-30T02:03:32.751Z
spiderman6,passive,complete,https://thanosvibs.money/api/characters/spiderman6/skills,,2026-08-30T02:03:32.751Z
spiderman6,uniform_effect,complete,https://thanosvibs.money/api/characters/spiderman6/skills,,2026-08-30T02:03:32.751Z
spiderman7,leader,complete,https://thanosvibs.money/api/characters/spiderman7/skills,,2026-08-30T02:03:32.751Z
spiderman7,passive,complete,https://thanosvibs.money/api/characters/spiderman7/skills,,2026-08-30T02:03:32.751Z
spiderman7,uniform_effect,complete,https://thanosvibs.money/api/characters/spiderman7/skills,,2026-08-30T02:03:32.751Z
spiderman8,leader,complete,https://thanosvibs.money/api/characters/spiderman8/skills,,2026-08-30T02:03:32.751Z
spiderman8,passive,complete,https://thanosvibs.money/api/characters/spiderman8/skills,,2026-08-30T02:03:32.751Z
spiderman8,uniform_effect,complete,https://thanosvibs.money/api/characters/spiderman8/skills,,2026-08-30T02:03:32.751Z
spiderman9,leader,complete,https://thanosvibs.money/api/characters/spiderman9/skills,,2026-08-30T02:03:32.751Z
spiderman9,passive,complete,https://thanosvibs.money/api/characters/spiderman9/skills,,2026-08-30T02:03:32.751Z
spiderman9,uniform_effect,complete,https://thanosvibs.money/api/characters/spiderman9/skills,,2026-08-30T02:03:32.751Z
spiderman10,leader,complete,https://thanosvibs.money/api/characters/spiderman10/skills,,2026-08-30T02:03:32.751Z
spiderman10,passive,complete,https://thanosvibs.money/api/characters/spiderman10/skills,,2026-08-30T02:03:32.751Z
spiderman10,uniform_effect,complete,https://thanosvibs.money/api/characters/spiderman10/skills,,2026-08-30T02:03:32.751Z
spiderman11,leader,complete,https://thanosvibs.money/api/characters/spiderman11/skills,,2026-08-30T02:03:32.751Z
spiderman11,passive,complete,https://thanosvibs.money/api/characters/spiderman11/skills,,2026-08-30T02:03:32.751Z
spiderman11,uniform_effect,complete,https://thanosvibs.money/api/characters/spiderman11/skills,,2026-08-30T02:03:32.751Z
spiderman12,leader,complete,https://thanosvibs.money/api/characters/spiderman12/skills,,2026-08-30T02:03:32.751Z
spiderman12,passive,complete,https://thanosvibs.money/api/characters/spiderman12/skills,,2026-08-30T02:03:32.751Z
spiderman12,uniform_effect,complete,https://thanosvibs.money/api/characters/spiderman12/skills,,2026-08-30T02:03:32.751Z
starlord,leader,complete,https://thanosvibs.money/api/characters/starlord/skills,,2026-08-30T02:03:32.751Z
starlord,passive,complete,https://thanosvibs.money/api/characters/starlord/skills,,2026-08-30T02:03:32.751Z
starlord,uniform_effect,not_applicable,https://thanosvibs.money/api/characters/starlord/skills,Base appearances do not have a uniform passive.,2026-08-30T02:03:32.751Z
starlord1,leader,complete,https://thanosvibs.money/api/characters/starlord1/skills,,2026-08-30T02:03:32.751Z
starlord1,passive,complete,https://thanosvibs.money/api/characters/starlord1/skills,,2026-08-30T02:03:32.751Z
starlord1,uniform_effect,complete,https://thanosvibs.money/api/characters/starlord1/skills,,2026-08-30T02:03:32.751Z
starlord2,leader,complete,https://thanosvibs.money/api/characters/starlord2/skills,,2026-08-30T02:03:32.751Z
starlord2,passive,complete,https://thanosvibs.money/api/characters/starlord2/skills,,2026-08-30T02:03:32.751Z
starlord2,uniform_effect,complete,https://thanosvibs.money/api/characters/starlord2/skills,,2026-08-30T02:03:32.751Z
starlord3,leader,complete,https://thanosvibs.money/api/characters/starlord3/skills,,2026-08-30T02:03:32.751Z
starlord3,passive,complete,https://thanosvibs.money/api/characters/starlord3/skills,,2026-08-30T02:03:32.751Z
starlord3,uniform_effect,complete,https://thanosvibs.money/api/characters/starlord3/skills,,2026-08-30T02:03:32.751Z
starlord4,leader,complete,https://thanosvibs.money/api/characters/starlord4/skills,,2026-08-30T02:03:32.751Z
starlord4,passive,complete,https://thanosvibs.money/api/characters/starlord4/skills,,2026-08-30T02:03:32.751Z
starlord4,uniform_effect,complete,https://thanosvibs.money/api/characters/starlord4/skills,,2026-08-30T02:03:32.751Z
starlord5,leader,complete,https://thanosvibs.money/api/characters/starlord5/skills,,2026-08-30T02:03:32.751Z
starlord5,passive,complete,https://thanosvibs.money/api/characters/starlord5/skills,,2026-08-30T02:03:32.751Z
starlord5,uniform_effect,complete,https://thanosvibs.money/api/characters/starlord5/skills,,2026-08-30T02:03:32.751Z
starlord6,leader,complete,https://thanosvibs.money/api/characters/starlord6/skills,,2026-08-30T02:03:32.751Z
starlord6,passive,complete,https://thanosvibs.money/api/characters/starlord6/skills,,2026-08-30T02:03:32.751Z
starlord6,uniform_effect,complete,https://thanosvibs.money/api/characters/starlord6/skills,,2026-08-30T02:03:32.751Z
storm,leader,complete,https://thanosvibs.money/api/characters/storm/skills,,2026-08-30T02:03:32.751Z
storm,passive,complete,https://thanosvibs.money/api/characters/storm/skills,,2026-08-30T02:03:32.751Z
storm,uniform_effect,not_applicable,https://thanosvibs.money/api/characters/storm/skills,Base appearances do not have a uniform passive.,2026-08-30T02:03:32.751Z
storm1,leader,complete,https://thanosvibs.money/api/characters/storm1/skills,,2026-08-30T02:03:32.751Z
storm1,passive,complete,https://thanosvibs.money/api/characters/storm1/skills,,2026-08-30T02:03:32.751Z
storm1,uniform_effect,complete,https://thanosvibs.money/api/characters/storm1/skills,,2026-08-30T02:03:32.751Z
storm3,leader,complete,https://thanosvibs.money/api/characters/storm3/skills,,2026-08-30T02:03:32.751Z
storm3,passive,complete,https://thanosvibs.money/api/characters/storm3/skills,,2026-08-30T02:03:32.751Z
storm3,uniform_effect,complete,https://thanosvibs.money/api/characters/storm3/skills,,2026-08-30T02:03:32.751Z
storm4,leader,complete,https://thanosvibs.money/api/characters/storm4/skills,,2026-08-30T02:03:32.751Z
storm4,passive,complete,https://thanosvibs.money/api/characters/storm4/skills,,2026-08-30T02:03:32.751Z
storm4,uniform_effect,complete,https://thanosvibs.money/api/characters/storm4/skills,,2026-08-30T02:03:32.751Z
storm5,leader,complete,https://thanosvibs.money/api/characters/storm5/skills,,2026-08-30T02:03:32.751Z
storm5,passive,complete,https://thanosvibs.money/api/characters/storm5/skills,,2026-08-30T02:03:32.751Z
storm5,uniform_effect,complete,https://thanosvibs.money/api/characters/storm5/skills,,2026-08-30T02:03:32.751Z
thanos,leader,complete,https://thanosvibs.money/api/characters/thanos/skills,,2026-08-30T02:03:32.751Z
thanos,passive,complete,https://thanosvibs.money/api/characters/thanos/skills,,2026-08-30T02:03:32.751Z
thanos,uniform_effect,not_applicable,https://thanosvibs.money/api/characters/thanos/skills,Base appearances do not have a uniform passive.,2026-08-30T02:03:32.751Z
thanos1,leader,complete,https://thanosvibs.money/api/characters/thanos1/skills,,2026-08-30T02:03:32.751Z
thanos1,passive,complete,https://thanosvibs.money/api/characters/thanos1/skills,,2026-08-30T02:03:32.751Z
thanos1,uniform_effect,complete,https://thanosvibs.money/api/characters/thanos1/skills,,2026-08-30T02:03:32.751Z
thanos2,leader,complete,https://thanosvibs.money/api/characters/thanos2/skills,,2026-08-30T02:03:32.751Z
thanos2,passive,complete,https://thanosvibs.money/api/characters/thanos2/skills,,2026-08-30T02:03:32.751Z
thanos2,uniform_effect,complete,https://thanosvibs.money/api/characters/thanos2/skills,,2026-08-30T02:03:32.751Z
thanos3,leader,complete,https://thanosvibs.money/api/characters/thanos3/skills,,2026-08-30T02:03:32.751Z
thanos3,passive,complete,https://thanosvibs.money/api/characters/thanos3/skills,,2026-08-30T02:03:32.751Z
thanos3,uniform_effect,complete,https://thanosvibs.money/api/characters/thanos3/skills,,2026-08-30T02:03:32.751Z
thanos4,leader,complete,https://thanosvibs.money/api/characters/thanos4/skills,,2026-08-30T02:03:32.751Z
thanos4,passive,complete,https://thanosvibs.money/api/characters/thanos4/skills,,2026-08-30T02:03:32.751Z
thanos4,uniform_effect,complete,https://thanosvibs.money/api/characters/thanos4/skills,,2026-08-30T02:03:32.751Z
thanos5,leader,complete,https://thanosvibs.money/api/characters/thanos5/skills,,2026-08-30T02:03:32.751Z
thanos5,passive,complete,https://thanosvibs.money/api/characters/thanos5/skills,,2026-08-30T02:03:32.751Z
thanos5,uniform_effect,complete,https://thanosvibs.money/api/characters/thanos5/skills,,2026-08-30T02:03:32.751Z
thanos6,leader,complete,https://thanosvibs.money/api/characters/thanos6/skills,,2026-08-30T02:03:32.751Z
thanos6,passive,complete,https://thanosvibs.money/api/characters/thanos6/skills,,2026-08-30T02:03:32.751Z
thanos6,uniform_effect,complete,https://thanosvibs.money/api/characters/thanos6/skills,,2026-08-30T02:03:32.751Z
thor,leader,complete,https://thanosvibs.money/api/characters/thor/skills,,2026-08-30T02:03:32.751Z
thor,passive,complete,https://thanosvibs.money/api/characters/thor/skills,,2026-08-30T02:03:32.751Z
thor,uniform_effect,not_applicable,https://thanosvibs.money/api/characters/thor/skills,Base appearances do not have a uniform passive.,2026-08-30T02:03:32.751Z
thor7,leader,complete,https://thanosvibs.money/api/characters/thor7/skills,,2026-08-30T02:03:32.751Z
thor7,passive,complete,https://thanosvibs.money/api/characters/thor7/skills,,2026-08-30T02:03:32.751Z
thor7,uniform_effect,complete,https://thanosvibs.money/api/characters/thor7/skills,,2026-08-30T02:03:32.751Z
thor2,leader,complete,https://thanosvibs.money/api/characters/thor2/skills,,2026-08-30T02:03:32.751Z
thor2,passive,complete,https://thanosvibs.money/api/characters/thor2/skills,,2026-08-30T02:03:32.751Z
thor2,uniform_effect,complete,https://thanosvibs.money/api/characters/thor2/skills,,2026-08-30T02:03:32.751Z
thor3,leader,complete,https://thanosvibs.money/api/characters/thor3/skills,,2026-08-30T02:03:32.751Z
thor3,passive,complete,https://thanosvibs.money/api/characters/thor3/skills,,2026-08-30T02:03:32.751Z
thor3,uniform_effect,complete,https://thanosvibs.money/api/characters/thor3/skills,,2026-08-30T02:03:32.751Z
thor4,leader,complete,https://thanosvibs.money/api/characters/thor4/skills,,2026-08-30T02:03:32.751Z
thor4,passive,complete,https://thanosvibs.money/api/characters/thor4/skills,,2026-08-30T02:03:32.751Z
thor4,uniform_effect,complete,https://thanosvibs.money/api/characters/thor4/skills,,2026-08-30T02:03:32.751Z
thor5,leader,complete,https://thanosvibs.money/api/characters/thor5/skills,,2026-08-30T02:03:32.751Z
thor5,passive,complete,https://thanosvibs.money/api/characters/thor5/skills,,2026-08-30T02:03:32.751Z
thor5,uniform_effect,complete,https://thanosvibs.money/api/characters/thor5/skills,,2026-08-30T02:03:32.751Z
thor6,leader,complete,https://thanosvibs.money/api/characters/thor6/skills,,2026-08-30T02:03:32.751Z
thor6,passive,complete,https://thanosvibs.money/api/characters/thor6/skills,,2026-08-30T02:03:32.751Z
thor6,uniform_effect,complete,https://thanosvibs.money/api/characters/thor6/skills,,2026-08-30T02:03:32.751Z
thor8,leader,complete,https://thanosvibs.money/api/characters/thor8/skills,,2026-08-30T02:03:32.751Z
thor8,passive,complete,https://thanosvibs.money/api/characters/thor8/skills,,2026-08-30T02:03:32.751Z
thor8,uniform_effect,complete,https://thanosvibs.money/api/characters/thor8/skills,,2026-08-30T02:03:32.751Z
thor9,leader,complete,https://thanosvibs.money/api/characters/thor9/skills,,2026-08-30T02:03:32.751Z
thor9,passive,complete,https://thanosvibs.money/api/characters/thor9/skills,,2026-08-30T02:03:32.751Z
thor9,uniform_effect,complete,https://thanosvibs.money/api/characters/thor9/skills,,2026-08-30T02:03:32.751Z
thor10,leader,complete,https://thanosvibs.money/api/characters/thor10/skills,,2026-08-30T02:03:32.751Z
thor10,passive,complete,https://thanosvibs.money/api/characters/thor10/skills,,2026-08-30T02:03:32.751Z
thor10,uniform_effect,complete,https://thanosvibs.money/api/characters/thor10/skills,,2026-08-30T02:03:32.751Z
venom,leader,complete,https://thanosvibs.money/api/characters/venom/skills,,2026-08-30T02:03:32.751Z
venom,passive,complete,https://thanosvibs.money/api/characters/venom/skills,,2026-08-30T02:03:32.751Z
venom,uniform_effect,not_applicable,https://thanosvibs.money/api/characters/venom/skills,Base appearances do not have a uniform passive.,2026-08-30T02:03:32.751Z
venom1,leader,complete,https://thanosvibs.money/api/characters/venom1/skills,,2026-08-30T02:03:32.751Z
venom1,passive,complete,https://thanosvibs.money/api/characters/venom1/skills,,2026-08-30T02:03:32.751Z
venom1,uniform_effect,complete,https://thanosvibs.money/api/characters/venom1/skills,,2026-08-30T02:03:32.751Z
venom2,leader,complete,https://thanosvibs.money/api/characters/venom2/skills,,2026-08-30T02:03:32.751Z
venom2,passive,complete,https://thanosvibs.money/api/characters/venom2/skills,,2026-08-30T02:03:32.751Z
venom2,uniform_effect,complete,https://thanosvibs.money/api/characters/venom2/skills,,2026-08-30T02:03:32.751Z
venom3,leader,complete,https://thanosvibs.money/api/characters/venom3/skills,,2026-08-30T02:03:32.751Z
venom3,passive,complete,https://thanosvibs.money/api/characters/venom3/skills,,2026-08-30T02:03:32.751Z
venom3,uniform_effect,complete,https://thanosvibs.money/api/characters/venom3/skills,,2026-08-30T02:03:32.751Z
venom4,leader,complete,https://thanosvibs.money/api/characters/venom4/skills,,2026-08-30T02:03:32.751Z
venom4,passive,complete,https://thanosvibs.money/api/characters/venom4/skills,,2026-08-30T02:03:32.751Z
venom4,uniform_effect,complete,https://thanosvibs.money/api/characters/venom4/skills,,2026-08-30T02:03:32.751Z
venom5,leader,complete,https://thanosvibs.money/api/characters/venom5/skills,,2026-08-30T02:03:32.751Z
venom5,passive,complete,https://thanosvibs.money/api/characters/venom5/skills,,2026-08-30T02:03:32.751Z
venom5,uniform_effect,complete,https://thanosvibs.money/api/characters/venom5/skills,,2026-08-30T02:03:32.751Z
venom6,leader,complete,https://thanosvibs.money/api/characters/venom6/skills,,2026-08-30T02:03:32.751Z
venom6,passive,complete,https://thanosvibs.money/api/characters/venom6/skills,,2026-08-30T02:03:32.751Z
venom6,uniform_effect,complete,https://thanosvibs.money/api/characters/venom6/skills,,2026-08-30T02:03:32.751Z
wintersoldier,leader,complete,https://thanosvibs.money/api/characters/wintersoldier/skills,,2026-08-30T02:03:32.751Z
wintersoldier,passive,complete,https://thanosvibs.money/api/characters/wintersoldier/skills,,2026-08-30T02:03:32.751Z
wintersoldier,uniform_effect,not_applicable,https://thanosvibs.money/api/characters/wintersoldier/skills,Base appearances do not have a uniform passive.,2026-08-30T02:03:32.751Z
wintersoldier1,leader,complete,https://thanosvibs.money/api/characters/wintersoldier1/skills,,2026-08-30T02:03:32.751Z
wintersoldier1,passive,complete,https://thanosvibs.money/api/characters/wintersoldier1/skills,,2026-08-30T02:03:32.751Z
wintersoldier1,uniform_effect,complete,https://thanosvibs.money/api/characters/wintersoldier1/skills,,2026-08-30T02:03:32.751Z
wintersoldier2,leader,complete,https://thanosvibs.money/api/characters/wintersoldier2/skills,,2026-08-30T02:03:32.751Z
wintersoldier2,passive,complete,https://thanosvibs.money/api/characters/wintersoldier2/skills,,2026-08-30T02:03:32.751Z
wintersoldier2,uniform_effect,complete,https://thanosvibs.money/api/characters/wintersoldier2/skills,,2026-08-30T02:03:32.751Z
wintersoldier3,leader,complete,https://thanosvibs.money/api/characters/wintersoldier3/skills,,2026-08-30T02:03:32.751Z
wintersoldier3,passive,complete,https://thanosvibs.money/api/characters/wintersoldier3/skills,,2026-08-30T02:03:32.751Z
wintersoldier3,uniform_effect,complete,https://thanosvibs.money/api/characters/wintersoldier3/skills,,2026-08-30T02:03:32.751Z
wintersoldier4,leader,complete,https://thanosvibs.money/api/characters/wintersoldier4/skills,,2026-08-30T02:03:32.751Z
wintersoldier4,passive,complete,https://thanosvibs.money/api/characters/wintersoldier4/skills,,2026-08-30T02:03:32.751Z
wintersoldier4,uniform_effect,complete,https://thanosvibs.money/api/characters/wintersoldier4/skills,,2026-08-30T02:03:32.751Z
wintersoldier5,leader,complete,https://thanosvibs.money/api/characters/wintersoldier5/skills,,2026-08-30T02:03:32.751Z
wintersoldier5,passive,complete,https://thanosvibs.money/api/characters/wintersoldier5/skills,,2026-08-30T02:03:32.751Z
wintersoldier5,uniform_effect,complete,https://thanosvibs.money/api/characters/wintersoldier5/skills,,2026-08-30T02:03:32.751Z
wintersoldier6,leader,complete,https://thanosvibs.money/api/characters/wintersoldier6/skills,,2026-08-30T02:03:32.751Z
wintersoldier6,passive,complete,https://thanosvibs.money/api/characters/wintersoldier6/skills,,2026-08-30T02:03:32.751Z
wintersoldier6,uniform_effect,complete,https://thanosvibs.money/api/characters/wintersoldier6/skills,,2026-08-30T02:03:32.751Z
wolverine,leader,complete,https://thanosvibs.money/api/characters/wolverine/skills,,2026-08-30T02:03:32.751Z
wolverine,passive,complete,https://thanosvibs.money/api/characters/wolverine/skills,,2026-08-30T02:03:32.751Z
wolverine,uniform_effect,not_applicable,https://thanosvibs.money/api/characters/wolverine/skills,Base appearances do not have a uniform passive.,2026-08-30T02:03:32.751Z
wolverine1,leader,complete,https://thanosvibs.money/api/characters/wolverine1/skills,,2026-08-30T02:03:32.751Z
wolverine1,passive,complete,https://thanosvibs.money/api/characters/wolverine1/skills,,2026-08-30T02:03:32.751Z
wolverine1,uniform_effect,complete,https://thanosvibs.money/api/characters/wolverine1/skills,,2026-08-30T02:03:32.751Z
wolverine2,leader,complete,https://thanosvibs.money/api/characters/wolverine2/skills,,2026-08-30T02:03:32.751Z
wolverine2,passive,complete,https://thanosvibs.money/api/characters/wolverine2/skills,,2026-08-30T02:03:32.751Z
wolverine2,uniform_effect,complete,https://thanosvibs.money/api/characters/wolverine2/skills,,2026-08-30T02:03:32.751Z
wolverine3,leader,complete,https://thanosvibs.money/api/characters/wolverine3/skills,,2026-08-30T02:03:32.751Z
wolverine3,passive,complete,https://thanosvibs.money/api/characters/wolverine3/skills,,2026-08-30T02:03:32.751Z
wolverine3,uniform_effect,complete,https://thanosvibs.money/api/characters/wolverine3/skills,,2026-08-30T02:03:32.751Z
wolverine4,leader,complete,https://thanosvibs.money/api/characters/wolverine4/skills,,2026-08-30T02:03:32.751Z
wolverine4,passive,complete,https://thanosvibs.money/api/characters/wolverine4/skills,,2026-08-30T02:03:32.751Z
wolverine4,uniform_effect,complete,https://thanosvibs.money/api/characters/wolverine4/skills,,2026-08-30T02:03:32.751Z
wolverine5,leader,complete,https://thanosvibs.money/api/characters/wolverine5/skills,,2026-08-30T02:03:32.751Z
wolverine5,passive,complete,https://thanosvibs.money/api/characters/wolverine5/skills,,2026-08-30T02:03:32.751Z
wolverine5,uniform_effect,complete,https://thanosvibs.money/api/characters/wolverine5/skills,,2026-08-30T02:03:32.751Z
wolverine6,leader,complete,https://thanosvibs.money/api/characters/wolverine6/skills,,2026-08-30T02:03:32.751Z
wolverine6,passive,complete,https://thanosvibs.money/api/characters/wolverine6/skills,,2026-08-30T02:03:32.751Z
wolverine6,uniform_effect,complete,https://thanosvibs.money/api/characters/wolverine6/skills,,2026-08-30T02:03:32.751Z
wolverine7,leader,complete,https://thanosvibs.money/api/characters/wolverine7/skills,,2026-08-30T02:03:32.751Z
wolverine7,passive,complete,https://thanosvibs.money/api/characters/wolverine7/skills,,2026-08-30T02:03:32.751Z
wolverine7,uniform_effect,complete,https://thanosvibs.money/api/characters/wolverine7/skills,,2026-08-30T02:03:32.751Z
ares,leader,complete,https://thanosvibs.money/api/characters/ares/skills,,2026-08-30T02:03:32.751Z
ares,passive,complete,https://thanosvibs.money/api/characters/ares/skills,,2026-08-30T02:03:32.751Z
ares,uniform_effect,not_applicable,https://thanosvibs.money/api/characters/ares/skills,Base appearances do not have a uniform passive.,2026-08-30T02:03:32.751Z
ares1,leader,complete,https://thanosvibs.money/api/characters/ares1/skills,,2026-08-30T02:03:32.751Z
ares1,passive,complete,https://thanosvibs.money/api/characters/ares1/skills,,2026-08-30T02:03:32.751Z
ares1,uniform_effect,complete,https://thanosvibs.money/api/characters/ares1/skills,,2026-08-30T02:03:32.751Z
betaraybill,leader,complete,https://thanosvibs.money/api/characters/betaraybill/skills,,2026-08-30T02:03:32.751Z
betaraybill,passive,complete,https://thanosvibs.money/api/characters/betaraybill/skills,,2026-08-30T02:03:32.751Z
betaraybill,uniform_effect,not_applicable,https://thanosvibs.money/api/characters/betaraybill/skills,Base appearances do not have a uniform passive.,2026-08-30T02:03:32.751Z
betaraybill1,leader,complete,https://thanosvibs.money/api/characters/betaraybill1/skills,,2026-08-30T02:03:32.751Z
betaraybill1,passive,complete,https://thanosvibs.money/api/characters/betaraybill1/skills,,2026-08-30T02:03:32.751Z
betaraybill1,uniform_effect,complete,https://thanosvibs.money/api/characters/betaraybill1/skills,,2026-08-30T02:03:32.751Z
bluedragon,leader,complete,https://thanosvibs.money/api/characters/bluedragon/skills,,2026-08-30T02:03:32.751Z
bluedragon,passive,complete,https://thanosvibs.money/api/characters/bluedragon/skills,,2026-08-30T02:03:32.751Z
bluedragon,uniform_effect,not_applicable,https://thanosvibs.money/api/characters/bluedragon/skills,Base appearances do not have a uniform passive.,2026-08-30T02:03:32.751Z
bluedragon1,leader,complete,https://thanosvibs.money/api/characters/bluedragon1/skills,,2026-08-30T02:03:32.751Z
bluedragon1,passive,complete,https://thanosvibs.money/api/characters/bluedragon1/skills,,2026-08-30T02:03:32.751Z
bluedragon1,uniform_effect,complete,https://thanosvibs.money/api/characters/bluedragon1/skills,,2026-08-30T02:03:32.751Z
bullseye,leader,complete,https://thanosvibs.money/api/characters/bullseye/skills,,2026-08-30T02:03:32.751Z
bullseye,passive,complete,https://thanosvibs.money/api/characters/bullseye/skills,,2026-08-30T02:03:32.751Z
bullseye,uniform_effect,not_applicable,https://thanosvibs.money/api/characters/bullseye/skills,Base appearances do not have a uniform passive.,2026-08-30T02:03:32.751Z
bullseye1,leader,complete,https://thanosvibs.money/api/characters/bullseye1/skills,,2026-08-30T02:03:32.751Z
bullseye1,passive,complete,https://thanosvibs.money/api/characters/bullseye1/skills,,2026-08-30T02:03:32.751Z
bullseye1,uniform_effect,complete,https://thanosvibs.money/api/characters/bullseye1/skills,,2026-08-30T02:03:32.751Z
bullseye2,leader,complete,https://thanosvibs.money/api/characters/bullseye2/skills,,2026-08-30T02:03:32.751Z
bullseye2,passive,complete,https://thanosvibs.money/api/characters/bullseye2/skills,,2026-08-30T02:03:32.751Z
bullseye2,uniform_effect,complete,https://thanosvibs.money/api/characters/bullseye2/skills,,2026-08-30T02:03:32.751Z
bullseye3,leader,complete,https://thanosvibs.money/api/characters/bullseye3/skills,,2026-08-30T02:03:32.751Z
bullseye3,passive,complete,https://thanosvibs.money/api/characters/bullseye3/skills,,2026-08-30T02:03:32.751Z
bullseye3,uniform_effect,complete,https://thanosvibs.money/api/characters/bullseye3/skills,,2026-08-30T02:03:32.751Z
doctoroctopus,leader,complete,https://thanosvibs.money/api/characters/doctoroctopus/skills,,2026-08-30T02:03:32.751Z
doctoroctopus,passive,complete,https://thanosvibs.money/api/characters/doctoroctopus/skills,,2026-08-30T02:03:32.751Z
doctoroctopus,uniform_effect,not_applicable,https://thanosvibs.money/api/characters/doctoroctopus/skills,Base appearances do not have a uniform passive.,2026-08-30T02:03:32.751Z
doctoroctopus1,leader,complete,https://thanosvibs.money/api/characters/doctoroctopus1/skills,,2026-08-30T02:03:32.751Z
doctoroctopus1,passive,complete,https://thanosvibs.money/api/characters/doctoroctopus1/skills,,2026-08-30T02:03:32.751Z
doctoroctopus1,uniform_effect,complete,https://thanosvibs.money/api/characters/doctoroctopus1/skills,,2026-08-30T02:03:32.751Z
doctoroctopus2,leader,complete,https://thanosvibs.money/api/characters/doctoroctopus2/skills,,2026-08-30T02:03:32.751Z
doctoroctopus2,passive,complete,https://thanosvibs.money/api/characters/doctoroctopus2/skills,,2026-08-30T02:03:32.751Z
doctoroctopus2,uniform_effect,complete,https://thanosvibs.money/api/characters/doctoroctopus2/skills,,2026-08-30T02:03:32.751Z
doctoroctopus3,leader,complete,https://thanosvibs.money/api/characters/doctoroctopus3/skills,,2026-08-30T02:03:32.751Z
doctoroctopus3,passive,complete,https://thanosvibs.money/api/characters/doctoroctopus3/skills,,2026-08-30T02:03:32.751Z
doctoroctopus3,uniform_effect,complete,https://thanosvibs.money/api/characters/doctoroctopus3/skills,,2026-08-30T02:03:32.751Z
doctoroctopus4,leader,complete,https://thanosvibs.money/api/characters/doctoroctopus4/skills,,2026-08-30T02:03:32.751Z
doctoroctopus4,passive,complete,https://thanosvibs.money/api/characters/doctoroctopus4/skills,,2026-08-30T02:03:32.751Z
doctoroctopus4,uniform_effect,complete,https://thanosvibs.money/api/characters/doctoroctopus4/skills,,2026-08-30T02:03:32.751Z
elsabloodstone,leader,complete,https://thanosvibs.money/api/characters/elsabloodstone/skills,,2026-08-30T02:03:32.751Z
elsabloodstone,passive,complete,https://thanosvibs.money/api/characters/elsabloodstone/skills,,2026-08-30T02:03:32.751Z
elsabloodstone,uniform_effect,not_applicable,https://thanosvibs.money/api/characters/elsabloodstone/skills,Base appearances do not have a uniform passive.,2026-08-30T02:03:32.751Z
elsabloodstone1,leader,complete,https://thanosvibs.money/api/characters/elsabloodstone1/skills,,2026-08-30T02:03:32.751Z
elsabloodstone1,passive,complete,https://thanosvibs.money/api/characters/elsabloodstone1/skills,,2026-08-30T02:03:32.751Z
elsabloodstone1,uniform_effect,complete,https://thanosvibs.money/api/characters/elsabloodstone1/skills,,2026-08-30T02:03:32.751Z
elsabloodstone2,leader,complete,https://thanosvibs.money/api/characters/elsabloodstone2/skills,,2026-08-30T02:03:32.751Z
elsabloodstone2,passive,complete,https://thanosvibs.money/api/characters/elsabloodstone2/skills,,2026-08-30T02:03:32.751Z
elsabloodstone2,uniform_effect,complete,https://thanosvibs.money/api/characters/elsabloodstone2/skills,,2026-08-30T02:03:32.751Z
gambit,leader,complete,https://thanosvibs.money/api/characters/gambit/skills,,2026-08-30T02:03:32.751Z
gambit,passive,complete,https://thanosvibs.money/api/characters/gambit/skills,,2026-08-30T02:03:32.751Z
gambit,uniform_effect,not_applicable,https://thanosvibs.money/api/characters/gambit/skills,Base appearances do not have a uniform passive.,2026-08-30T02:03:32.751Z
gambit1,leader,complete,https://thanosvibs.money/api/characters/gambit1/skills,,2026-08-30T02:03:32.751Z
gambit1,passive,complete,https://thanosvibs.money/api/characters/gambit1/skills,,2026-08-30T02:03:32.751Z
gambit1,uniform_effect,complete,https://thanosvibs.money/api/characters/gambit1/skills,,2026-08-30T02:03:32.751Z
gambit2,leader,complete,https://thanosvibs.money/api/characters/gambit2/skills,,2026-08-30T02:03:32.751Z
gambit2,passive,complete,https://thanosvibs.money/api/characters/gambit2/skills,,2026-08-30T02:03:32.751Z
gambit2,uniform_effect,complete,https://thanosvibs.money/api/characters/gambit2/skills,,2026-08-30T02:03:32.751Z
heimdall,leader,complete,https://thanosvibs.money/api/characters/heimdall/skills,,2026-08-30T02:03:32.751Z
heimdall,passive,complete,https://thanosvibs.money/api/characters/heimdall/skills,,2026-08-30T02:03:32.751Z
heimdall,uniform_effect,not_applicable,https://thanosvibs.money/api/characters/heimdall/skills,Base appearances do not have a uniform passive.,2026-08-30T02:03:32.751Z
heimdall1,leader,complete,https://thanosvibs.money/api/characters/heimdall1/skills,,2026-08-30T02:03:32.751Z
heimdall1,passive,complete,https://thanosvibs.money/api/characters/heimdall1/skills,,2026-08-30T02:03:32.751Z
heimdall1,uniform_effect,complete,https://thanosvibs.money/api/characters/heimdall1/skills,,2026-08-30T02:03:32.751Z
amadeuscho,leader,complete,https://thanosvibs.money/api/characters/amadeuscho/skills,,2026-08-30T02:03:32.751Z
amadeuscho,passive,complete,https://thanosvibs.money/api/characters/amadeuscho/skills,,2026-08-30T02:03:32.751Z
amadeuscho,uniform_effect,not_applicable,https://thanosvibs.money/api/characters/amadeuscho/skills,Base appearances do not have a uniform passive.,2026-08-30T02:03:32.751Z
amadeuscho1,leader,complete,https://thanosvibs.money/api/characters/amadeuscho1/skills,,2026-08-30T02:03:32.751Z
amadeuscho1,passive,complete,https://thanosvibs.money/api/characters/amadeuscho1/skills,,2026-08-30T02:03:32.751Z
amadeuscho1,uniform_effect,complete,https://thanosvibs.money/api/characters/amadeuscho1/skills,,2026-08-30T02:03:32.751Z
amadeuscho2,leader,complete,https://thanosvibs.money/api/characters/amadeuscho2/skills,,2026-08-30T02:03:32.751Z
amadeuscho2,passive,complete,https://thanosvibs.money/api/characters/amadeuscho2/skills,,2026-08-30T02:03:32.751Z
amadeuscho2,uniform_effect,complete,https://thanosvibs.money/api/characters/amadeuscho2/skills,,2026-08-30T02:03:32.751Z
amadeuscho3,leader,complete,https://thanosvibs.money/api/characters/amadeuscho3/skills,,2026-08-30T02:03:32.751Z
amadeuscho3,passive,complete,https://thanosvibs.money/api/characters/amadeuscho3/skills,,2026-08-30T02:03:32.751Z
amadeuscho3,uniform_effect,complete,https://thanosvibs.money/api/characters/amadeuscho3/skills,,2026-08-30T02:03:32.751Z
medusa,leader,complete,https://thanosvibs.money/api/characters/medusa/skills,,2026-08-30T02:03:32.751Z
medusa,passive,complete,https://thanosvibs.money/api/characters/medusa/skills,,2026-08-30T02:03:32.751Z
medusa,uniform_effect,not_applicable,https://thanosvibs.money/api/characters/medusa/skills,Base appearances do not have a uniform passive.,2026-08-30T02:03:32.751Z
medusa1,leader,complete,https://thanosvibs.money/api/characters/medusa1/skills,,2026-08-30T02:03:32.751Z
medusa1,passive,complete,https://thanosvibs.money/api/characters/medusa1/skills,,2026-08-30T02:03:32.751Z
medusa1,uniform_effect,complete,https://thanosvibs.money/api/characters/medusa1/skills,,2026-08-30T02:03:32.751Z
medusa2,leader,complete,https://thanosvibs.money/api/characters/medusa2/skills,,2026-08-30T02:03:32.751Z
medusa2,passive,complete,https://thanosvibs.money/api/characters/medusa2/skills,,2026-08-30T02:03:32.751Z
medusa2,uniform_effect,complete,https://thanosvibs.money/api/characters/medusa2/skills,,2026-08-30T02:03:32.751Z
medusa3,leader,complete,https://thanosvibs.money/api/characters/medusa3/skills,,2026-08-30T02:03:32.751Z
medusa3,passive,complete,https://thanosvibs.money/api/characters/medusa3/skills,,2026-08-30T02:03:32.751Z
medusa3,uniform_effect,complete,https://thanosvibs.money/api/characters/medusa3/skills,,2026-08-30T02:03:32.751Z
moonknight,leader,complete,https://thanosvibs.money/api/characters/moonknight/skills,,2026-08-30T02:03:32.751Z
moonknight,passive,complete,https://thanosvibs.money/api/characters/moonknight/skills,,2026-08-30T02:03:32.751Z
moonknight,uniform_effect,not_applicable,https://thanosvibs.money/api/characters/moonknight/skills,Base appearances do not have a uniform passive.,2026-08-30T02:03:32.751Z
moonknight1,leader,complete,https://thanosvibs.money/api/characters/moonknight1/skills,,2026-08-30T02:03:32.751Z
moonknight1,passive,complete,https://thanosvibs.money/api/characters/moonknight1/skills,,2026-08-30T02:03:32.751Z
moonknight1,uniform_effect,complete,https://thanosvibs.money/api/characters/moonknight1/skills,,2026-08-30T02:03:32.751Z
moonknight2,leader,complete,https://thanosvibs.money/api/characters/moonknight2/skills,,2026-08-30T02:03:32.751Z
moonknight2,passive,complete,https://thanosvibs.money/api/characters/moonknight2/skills,,2026-08-30T02:03:32.751Z
moonknight2,uniform_effect,complete,https://thanosvibs.money/api/characters/moonknight2/skills,,2026-08-30T02:03:32.751Z
moonknight3,leader,complete,https://thanosvibs.money/api/characters/moonknight3/skills,,2026-08-30T02:03:32.751Z
moonknight3,passive,complete,https://thanosvibs.money/api/characters/moonknight3/skills,,2026-08-30T02:03:32.751Z
moonknight3,uniform_effect,complete,https://thanosvibs.money/api/characters/moonknight3/skills,,2026-08-30T02:03:32.751Z
moonknight4,leader,complete,https://thanosvibs.money/api/characters/moonknight4/skills,,2026-08-30T02:03:32.751Z
moonknight4,passive,complete,https://thanosvibs.money/api/characters/moonknight4/skills,,2026-08-30T02:03:32.751Z
moonknight4,uniform_effect,complete,https://thanosvibs.money/api/characters/moonknight4/skills,,2026-08-30T02:03:32.751Z
moonstone,leader,complete,https://thanosvibs.money/api/characters/moonstone/skills,,2026-08-30T02:03:32.751Z
moonstone,passive,complete,https://thanosvibs.money/api/characters/moonstone/skills,,2026-08-30T02:03:32.751Z
moonstone,uniform_effect,not_applicable,https://thanosvibs.money/api/characters/moonstone/skills,Base appearances do not have a uniform passive.,2026-08-30T02:03:32.751Z
morbius,leader,complete,https://thanosvibs.money/api/characters/morbius/skills,,2026-08-30T02:03:32.751Z
morbius,passive,complete,https://thanosvibs.money/api/characters/morbius/skills,,2026-08-30T02:03:32.751Z
morbius,uniform_effect,not_applicable,https://thanosvibs.money/api/characters/morbius/skills,Base appearances do not have a uniform passive.,2026-08-30T02:03:32.751Z
mystique,leader,complete,https://thanosvibs.money/api/characters/mystique/skills,,2026-08-30T02:03:32.751Z
mystique,passive,complete,https://thanosvibs.money/api/characters/mystique/skills,,2026-08-30T02:03:32.751Z
mystique,uniform_effect,not_applicable,https://thanosvibs.money/api/characters/mystique/skills,Base appearances do not have a uniform passive.,2026-08-30T02:03:32.751Z
mystique1,leader,complete,https://thanosvibs.money/api/characters/mystique1/skills,,2026-08-30T02:03:32.751Z
mystique1,passive,complete,https://thanosvibs.money/api/characters/mystique1/skills,,2026-08-30T02:03:32.751Z
mystique1,uniform_effect,complete,https://thanosvibs.money/api/characters/mystique1/skills,,2026-08-30T02:03:32.751Z
nightcrawler,leader,complete,https://thanosvibs.money/api/characters/nightcrawler/skills,,2026-08-30T02:03:32.751Z
nightcrawler,passive,complete,https://thanosvibs.money/api/characters/nightcrawler/skills,,2026-08-30T02:03:32.751Z
nightcrawler,uniform_effect,not_applicable,https://thanosvibs.money/api/characters/nightcrawler/skills,Base appearances do not have a uniform passive.,2026-08-30T02:03:32.751Z
nightcrawler1,leader,complete,https://thanosvibs.money/api/characters/nightcrawler1/skills,,2026-08-30T02:03:32.751Z
nightcrawler1,passive,complete,https://thanosvibs.money/api/characters/nightcrawler1/skills,,2026-08-30T02:03:32.751Z
nightcrawler1,uniform_effect,complete,https://thanosvibs.money/api/characters/nightcrawler1/skills,,2026-08-30T02:03:32.751Z
nightcrawler2,leader,complete,https://thanosvibs.money/api/characters/nightcrawler2/skills,,2026-08-30T02:03:32.751Z
nightcrawler2,passive,complete,https://thanosvibs.money/api/characters/nightcrawler2/skills,,2026-08-30T02:03:32.751Z
nightcrawler2,uniform_effect,complete,https://thanosvibs.money/api/characters/nightcrawler2/skills,,2026-08-30T02:03:32.751Z
redguardian,leader,complete,https://thanosvibs.money/api/characters/redguardian/skills,,2026-08-30T02:03:32.751Z
redguardian,passive,complete,https://thanosvibs.money/api/characters/redguardian/skills,,2026-08-30T02:03:32.751Z
redguardian,uniform_effect,not_applicable,https://thanosvibs.money/api/characters/redguardian/skills,Base appearances do not have a uniform passive.,2026-08-30T02:03:32.751Z
redguardian1,leader,complete,https://thanosvibs.money/api/characters/redguardian1/skills,,2026-08-30T02:03:32.751Z
redguardian1,passive,complete,https://thanosvibs.money/api/characters/redguardian1/skills,,2026-08-30T02:03:32.751Z
redguardian1,uniform_effect,complete,https://thanosvibs.money/api/characters/redguardian1/skills,,2026-08-30T02:03:32.751Z
redguardian2,leader,complete,https://thanosvibs.money/api/characters/redguardian2/skills,,2026-08-30T02:03:32.751Z
redguardian2,passive,complete,https://thanosvibs.money/api/characters/redguardian2/skills,,2026-08-30T02:03:32.751Z
redguardian2,uniform_effect,complete,https://thanosvibs.money/api/characters/redguardian2/skills,,2026-08-30T02:03:32.751Z
redskull,leader,complete,https://thanosvibs.money/api/characters/redskull/skills,,2026-08-30T02:03:32.751Z
redskull,passive,complete,https://thanosvibs.money/api/characters/redskull/skills,,2026-08-30T02:03:32.751Z
redskull,uniform_effect,not_applicable,https://thanosvibs.money/api/characters/redskull/skills,Base appearances do not have a uniform passive.,2026-08-30T02:03:32.751Z
redskull1,leader,complete,https://thanosvibs.money/api/characters/redskull1/skills,,2026-08-30T02:03:32.751Z
redskull1,passive,complete,https://thanosvibs.money/api/characters/redskull1/skills,,2026-08-30T02:03:32.751Z
redskull1,uniform_effect,complete,https://thanosvibs.money/api/characters/redskull1/skills,,2026-08-30T02:03:32.751Z
redskull2,leader,complete,https://thanosvibs.money/api/characters/redskull2/skills,,2026-08-30T02:03:32.751Z
redskull2,passive,complete,https://thanosvibs.money/api/characters/redskull2/skills,,2026-08-30T02:03:32.751Z
redskull2,uniform_effect,complete,https://thanosvibs.money/api/characters/redskull2/skills,,2026-08-30T02:03:32.751Z
shadowshell,leader,complete,https://thanosvibs.money/api/characters/shadowshell/skills,,2026-08-30T02:03:32.751Z
shadowshell,passive,complete,https://thanosvibs.money/api/characters/shadowshell/skills,,2026-08-30T02:03:32.751Z
shadowshell,uniform_effect,not_applicable,https://thanosvibs.money/api/characters/shadowshell/skills,Base appearances do not have a uniform passive.,2026-08-30T02:03:32.751Z
shadowshell1,leader,complete,https://thanosvibs.money/api/characters/shadowshell1/skills,,2026-08-30T02:03:32.751Z
shadowshell1,passive,complete,https://thanosvibs.money/api/characters/shadowshell1/skills,,2026-08-30T02:03:32.751Z
shadowshell1,uniform_effect,complete,https://thanosvibs.money/api/characters/shadowshell1/skills,,2026-08-30T02:03:32.751Z
sif,leader,complete,https://thanosvibs.money/api/characters/sif/skills,,2026-08-30T02:03:32.751Z
sif,passive,complete,https://thanosvibs.money/api/characters/sif/skills,,2026-08-30T02:03:32.751Z
sif,uniform_effect,not_applicable,https://thanosvibs.money/api/characters/sif/skills,Base appearances do not have a uniform passive.,2026-08-30T02:03:32.751Z
sif1,leader,complete,https://thanosvibs.money/api/characters/sif1/skills,,2026-08-30T02:03:32.751Z
sif1,passive,complete,https://thanosvibs.money/api/characters/sif1/skills,,2026-08-30T02:03:32.751Z
sif1,uniform_effect,complete,https://thanosvibs.money/api/characters/sif1/skills,,2026-08-30T02:03:32.751Z
sif2,leader,complete,https://thanosvibs.money/api/characters/sif2/skills,,2026-08-30T02:03:32.751Z
sif2,passive,complete,https://thanosvibs.money/api/characters/sif2/skills,,2026-08-30T02:03:32.751Z
sif2,uniform_effect,complete,https://thanosvibs.money/api/characters/sif2/skills,,2026-08-30T02:03:32.751Z
silk,leader,complete,https://thanosvibs.money/api/characters/silk/skills,,2026-08-30T02:03:32.751Z
silk,passive,complete,https://thanosvibs.money/api/characters/silk/skills,,2026-08-30T02:03:32.751Z
silk,uniform_effect,not_applicable,https://thanosvibs.money/api/characters/silk/skills,Base appearances do not have a uniform passive.,2026-08-30T02:03:32.751Z
silk1,leader,complete,https://thanosvibs.money/api/characters/silk1/skills,,2026-08-30T02:03:32.751Z
silk1,passive,complete,https://thanosvibs.money/api/characters/silk1/skills,,2026-08-30T02:03:32.751Z
silk1,uniform_effect,complete,https://thanosvibs.money/api/characters/silk1/skills,,2026-08-30T02:03:32.751Z
silk2,leader,complete,https://thanosvibs.money/api/characters/silk2/skills,,2026-08-30T02:03:32.751Z
silk2,passive,complete,https://thanosvibs.money/api/characters/silk2/skills,,2026-08-30T02:03:32.751Z
silk2,uniform_effect,complete,https://thanosvibs.money/api/characters/silk2/skills,,2026-08-30T02:03:32.751Z
spidergwen,leader,complete,https://thanosvibs.money/api/characters/spidergwen/skills,,2026-08-30T02:03:32.751Z
spidergwen,passive,complete,https://thanosvibs.money/api/characters/spidergwen/skills,,2026-08-30T02:03:32.751Z
spidergwen,uniform_effect,not_applicable,https://thanosvibs.money/api/characters/spidergwen/skills,Base appearances do not have a uniform passive.,2026-08-30T02:03:32.751Z
spidergwen1,leader,complete,https://thanosvibs.money/api/characters/spidergwen1/skills,,2026-08-30T02:03:32.751Z
spidergwen1,passive,complete,https://thanosvibs.money/api/characters/spidergwen1/skills,,2026-08-30T02:03:32.751Z
spidergwen1,uniform_effect,complete,https://thanosvibs.money/api/characters/spidergwen1/skills,,2026-08-30T02:03:32.751Z
spidergwen2,leader,complete,https://thanosvibs.money/api/characters/spidergwen2/skills,,2026-08-30T02:03:32.751Z
spidergwen2,passive,complete,https://thanosvibs.money/api/characters/spidergwen2/skills,,2026-08-30T02:03:32.751Z
spidergwen2,uniform_effect,complete,https://thanosvibs.money/api/characters/spidergwen2/skills,,2026-08-30T02:03:32.751Z
spidergwen3,leader,complete,https://thanosvibs.money/api/characters/spidergwen3/skills,,2026-08-30T02:03:32.751Z
spidergwen3,passive,complete,https://thanosvibs.money/api/characters/spidergwen3/skills,,2026-08-30T02:03:32.751Z
spidergwen3,uniform_effect,complete,https://thanosvibs.money/api/characters/spidergwen3/skills,,2026-08-30T02:03:32.751Z
spiderwoman,leader,complete,https://thanosvibs.money/api/characters/spiderwoman/skills,,2026-08-30T02:03:32.751Z
spiderwoman,passive,complete,https://thanosvibs.money/api/characters/spiderwoman/skills,,2026-08-30T02:03:32.751Z
spiderwoman,uniform_effect,not_applicable,https://thanosvibs.money/api/characters/spiderwoman/skills,Base appearances do not have a uniform passive.,2026-08-30T02:03:32.751Z
spiderwoman1,leader,complete,https://thanosvibs.money/api/characters/spiderwoman1/skills,,2026-08-30T02:03:32.751Z
spiderwoman1,passive,complete,https://thanosvibs.money/api/characters/spiderwoman1/skills,,2026-08-30T02:03:32.751Z
spiderwoman1,uniform_effect,complete,https://thanosvibs.money/api/characters/spiderwoman1/skills,,2026-08-30T02:03:32.751Z
sunbird,leader,complete,https://thanosvibs.money/api/characters/sunbird/skills,,2026-08-30T02:03:32.751Z
sunbird,passive,complete,https://thanosvibs.money/api/characters/sunbird/skills,,2026-08-30T02:03:32.751Z
sunbird,uniform_effect,not_applicable,https://thanosvibs.money/api/characters/sunbird/skills,Base appearances do not have a uniform passive.,2026-08-30T02:03:32.751Z
sunbird1,leader,complete,https://thanosvibs.money/api/characters/sunbird1/skills,,2026-08-30T02:03:32.751Z
sunbird1,passive,complete,https://thanosvibs.money/api/characters/sunbird1/skills,,2026-08-30T02:03:32.751Z
sunbird1,uniform_effect,complete,https://thanosvibs.money/api/characters/sunbird1/skills,,2026-08-30T02:03:32.751Z
valkyrie,leader,complete,https://thanosvibs.money/api/characters/valkyrie/skills,,2026-08-30T02:03:32.751Z
valkyrie,passive,complete,https://thanosvibs.money/api/characters/valkyrie/skills,,2026-08-30T02:03:32.751Z
valkyrie,uniform_effect,not_applicable,https://thanosvibs.money/api/characters/valkyrie/skills,Base appearances do not have a uniform passive.,2026-08-30T02:03:32.751Z
valkyrie1,leader,complete,https://thanosvibs.money/api/characters/valkyrie1/skills,,2026-08-30T02:03:32.751Z
valkyrie1,passive,complete,https://thanosvibs.money/api/characters/valkyrie1/skills,,2026-08-30T02:03:32.751Z
valkyrie1,uniform_effect,complete,https://thanosvibs.money/api/characters/valkyrie1/skills,,2026-08-30T02:03:32.751Z
valkyrie2,leader,complete,https://thanosvibs.money/api/characters/valkyrie2/skills,,2026-08-30T02:03:32.751Z
valkyrie2,passive,complete,https://thanosvibs.money/api/characters/valkyrie2/skills,,2026-08-30T02:03:32.751Z
valkyrie2,uniform_effect,complete,https://thanosvibs.money/api/characters/valkyrie2/skills,,2026-08-30T02:03:32.751Z
valkyrie3,leader,complete,https://thanosvibs.money/api/characters/valkyrie3/skills,,2026-08-30T02:03:32.751Z
valkyrie3,passive,complete,https://thanosvibs.money/api/characters/valkyrie3/skills,,2026-08-30T02:03:32.751Z
valkyrie3,uniform_effect,complete,https://thanosvibs.money/api/characters/valkyrie3/skills,,2026-08-30T02:03:32.751Z
wartiger,leader,complete,https://thanosvibs.money/api/characters/wartiger/skills,,2026-08-30T02:03:32.751Z
wartiger,passive,complete,https://thanosvibs.money/api/characters/wartiger/skills,,2026-08-30T02:03:32.751Z
wartiger,uniform_effect,not_applicable,https://thanosvibs.money/api/characters/wartiger/skills,Base appearances do not have a uniform passive.,2026-08-30T02:03:32.751Z
wartiger1,leader,complete,https://thanosvibs.money/api/characters/wartiger1/skills,,2026-08-30T02:03:32.751Z
wartiger1,passive,complete,https://thanosvibs.money/api/characters/wartiger1/skills,,2026-08-30T02:03:32.751Z
wartiger1,uniform_effect,complete,https://thanosvibs.money/api/characters/wartiger1/skills,,2026-08-30T02:03:32.751Z
x-23,leader,complete,https://thanosvibs.money/api/characters/x-23/skills,,2026-08-30T02:03:32.751Z
x-23,passive,complete,https://thanosvibs.money/api/characters/x-23/skills,,2026-08-30T02:03:32.751Z
x-23,uniform_effect,not_applicable,https://thanosvibs.money/api/characters/x-23/skills,Base appearances do not have a uniform passive.,2026-08-30T02:03:32.751Z
x-231,leader,complete,https://thanosvibs.money/api/characters/x-231/skills,,2026-08-30T02:03:32.751Z
x-231,passive,complete,https://thanosvibs.money/api/characters/x-231/skills,,2026-08-30T02:03:32.751Z
x-231,uniform_effect,complete,https://thanosvibs.money/api/characters/x-231/skills,,2026-08-30T02:03:32.751Z
x-232,leader,complete,https://thanosvibs.money/api/characters/x-232/skills,,2026-08-30T02:03:32.751Z
x-232,passive,complete,https://thanosvibs.money/api/characters/x-232/skills,,2026-08-30T02:03:32.751Z
x-232,uniform_effect,complete,https://thanosvibs.money/api/characters/x-232/skills,,2026-08-30T02:03:32.751Z
x-233,leader,complete,https://thanosvibs.money/api/characters/x-233/skills,,2026-08-30T02:03:32.751Z
x-233,passive,complete,https://thanosvibs.money/api/characters/x-233/skills,,2026-08-30T02:03:32.751Z
x-233,uniform_effect,complete,https://thanosvibs.money/api/characters/x-233/skills,,2026-08-30T02:03:32.751Z
abomination,leader,complete,https://thanosvibs.money/api/characters/abomination/skills,,2026-08-30T02:03:32.751Z
abomination,passive,complete,https://thanosvibs.money/api/characters/abomination/skills,,2026-08-30T02:03:32.751Z
abomination,uniform_effect,not_applicable,https://thanosvibs.money/api/characters/abomination/skills,Base appearances do not have a uniform passive.,2026-08-30T02:03:32.751Z
abomination1,leader,complete,https://thanosvibs.money/api/characters/abomination1/skills,,2026-08-30T02:03:32.751Z
abomination1,passive,complete,https://thanosvibs.money/api/characters/abomination1/skills,,2026-08-30T02:03:32.751Z
abomination1,uniform_effect,complete,https://thanosvibs.money/api/characters/abomination1/skills,,2026-08-30T02:03:32.751Z
absorbingman,leader,complete,https://thanosvibs.money/api/characters/absorbingman/skills,,2026-08-30T02:03:32.751Z
absorbingman,passive,complete,https://thanosvibs.money/api/characters/absorbingman/skills,,2026-08-30T02:03:32.751Z
absorbingman,uniform_effect,not_applicable,https://thanosvibs.money/api/characters/absorbingman/skills,Base appearances do not have a uniform passive.,2026-08-30T02:03:32.751Z
absorbingman1,leader,complete,https://thanosvibs.money/api/characters/absorbingman1/skills,,2026-08-30T02:03:32.751Z
absorbingman1,passive,complete,https://thanosvibs.money/api/characters/absorbingman1/skills,,2026-08-30T02:03:32.751Z
absorbingman1,uniform_effect,complete,https://thanosvibs.money/api/characters/absorbingman1/skills,,2026-08-30T02:03:32.751Z
adamwarlock,leader,complete,https://thanosvibs.money/api/characters/adamwarlock/skills,,2026-08-30T02:03:32.751Z
adamwarlock,passive,complete,https://thanosvibs.money/api/characters/adamwarlock/skills,,2026-08-30T02:03:32.751Z
adamwarlock,uniform_effect,not_applicable,https://thanosvibs.money/api/characters/adamwarlock/skills,Base appearances do not have a uniform passive.,2026-08-30T02:03:32.751Z
adamwarlock1,leader,complete,https://thanosvibs.money/api/characters/adamwarlock1/skills,,2026-08-30T02:03:32.751Z
adamwarlock1,passive,complete,https://thanosvibs.money/api/characters/adamwarlock1/skills,,2026-08-30T02:03:32.751Z
adamwarlock1,uniform_effect,complete,https://thanosvibs.money/api/characters/adamwarlock1/skills,,2026-08-30T02:03:32.751Z
adamwarlock2,leader,complete,https://thanosvibs.money/api/characters/adamwarlock2/skills,,2026-08-30T02:03:32.751Z
adamwarlock2,passive,complete,https://thanosvibs.money/api/characters/adamwarlock2/skills,,2026-08-30T02:03:32.751Z
adamwarlock2,uniform_effect,complete,https://thanosvibs.money/api/characters/adamwarlock2/skills,,2026-08-30T02:03:32.751Z
aero,leader,complete,https://thanosvibs.money/api/characters/aero/skills,,2026-08-30T02:03:32.751Z
aero,passive,complete,https://thanosvibs.money/api/characters/aero/skills,,2026-08-30T02:03:32.751Z
aero,uniform_effect,not_applicable,https://thanosvibs.money/api/characters/aero/skills,Base appearances do not have a uniform passive.,2026-08-30T02:03:32.751Z
aero1,leader,complete,https://thanosvibs.money/api/characters/aero1/skills,,2026-08-30T02:03:32.751Z
aero1,passive,complete,https://thanosvibs.money/api/characters/aero1/skills,,2026-08-30T02:03:32.751Z
aero1,uniform_effect,complete,https://thanosvibs.money/api/characters/aero1/skills,,2026-08-30T02:03:32.751Z
sharoncarter,leader,complete,https://thanosvibs.money/api/characters/sharoncarter/skills,,2026-08-30T02:03:32.751Z
sharoncarter,passive,complete,https://thanosvibs.money/api/characters/sharoncarter/skills,,2026-08-30T02:03:32.751Z
sharoncarter,uniform_effect,not_applicable,https://thanosvibs.money/api/characters/sharoncarter/skills,Base appearances do not have a uniform passive.,2026-08-30T02:03:32.751Z
sharoncarter1,leader,complete,https://thanosvibs.money/api/characters/sharoncarter1/skills,,2026-08-30T02:03:32.751Z
sharoncarter1,passive,complete,https://thanosvibs.money/api/characters/sharoncarter1/skills,,2026-08-30T02:03:32.751Z
sharoncarter1,uniform_effect,complete,https://thanosvibs.money/api/characters/sharoncarter1/skills,,2026-08-30T02:03:32.751Z
agentvenom,leader,complete,https://thanosvibs.money/api/characters/agentvenom/skills,,2026-08-30T02:03:32.751Z
agentvenom,passive,complete,https://thanosvibs.money/api/characters/agentvenom/skills,,2026-08-30T02:03:32.751Z
agentvenom,uniform_effect,not_applicable,https://thanosvibs.money/api/characters/agentvenom/skills,Base appearances do not have a uniform passive.,2026-08-30T02:03:32.751Z
agentvenom1,leader,complete,https://thanosvibs.money/api/characters/agentvenom1/skills,,2026-08-30T02:03:32.751Z
agentvenom1,passive,complete,https://thanosvibs.money/api/characters/agentvenom1/skills,,2026-08-30T02:03:32.751Z
agentvenom1,uniform_effect,complete,https://thanosvibs.money/api/characters/agentvenom1/skills,,2026-08-30T02:03:32.751Z
agentvenom2,leader,complete,https://thanosvibs.money/api/characters/agentvenom2/skills,,2026-08-30T02:03:32.751Z
agentvenom2,passive,complete,https://thanosvibs.money/api/characters/agentvenom2/skills,,2026-08-30T02:03:32.751Z
agentvenom2,uniform_effect,complete,https://thanosvibs.money/api/characters/agentvenom2/skills,,2026-08-30T02:03:32.751Z
agentvenom3,leader,complete,https://thanosvibs.money/api/characters/agentvenom3/skills,,2026-08-30T02:03:32.751Z
agentvenom3,passive,complete,https://thanosvibs.money/api/characters/agentvenom3/skills,,2026-08-30T02:03:32.751Z
agentvenom3,uniform_effect,complete,https://thanosvibs.money/api/characters/agentvenom3/skills,,2026-08-30T02:03:32.751Z
americachavez,leader,complete,https://thanosvibs.money/api/characters/americachavez/skills,,2026-08-30T02:03:32.751Z
americachavez,passive,complete,https://thanosvibs.money/api/characters/americachavez/skills,,2026-08-30T02:03:32.751Z
americachavez,uniform_effect,not_applicable,https://thanosvibs.money/api/characters/americachavez/skills,Base appearances do not have a uniform passive.,2026-08-30T02:03:32.751Z
americachavez1,leader,complete,https://thanosvibs.money/api/characters/americachavez1/skills,,2026-08-30T02:03:32.751Z
americachavez1,passive,complete,https://thanosvibs.money/api/characters/americachavez1/skills,,2026-08-30T02:03:32.751Z
americachavez1,uniform_effect,complete,https://thanosvibs.money/api/characters/americachavez1/skills,,2026-08-30T02:03:32.751Z
americachavez2,leader,complete,https://thanosvibs.money/api/characters/americachavez2/skills,,2026-08-30T02:03:32.751Z
americachavez2,passive,complete,https://thanosvibs.money/api/characters/americachavez2/skills,,2026-08-30T02:03:32.751Z
americachavez2,uniform_effect,complete,https://thanosvibs.money/api/characters/americachavez2/skills,,2026-08-30T02:03:32.751Z
americachavez3,leader,complete,https://thanosvibs.money/api/characters/americachavez3/skills,,2026-08-30T02:03:32.751Z
americachavez3,passive,complete,https://thanosvibs.money/api/characters/americachavez3/skills,,2026-08-30T02:03:32.751Z
americachavez3,uniform_effect,complete,https://thanosvibs.money/api/characters/americachavez3/skills,,2026-08-30T02:03:32.751Z
ancientone,leader,complete,https://thanosvibs.money/api/characters/ancientone/skills,,2026-08-30T02:03:32.751Z
ancientone,passive,complete,https://thanosvibs.money/api/characters/ancientone/skills,,2026-08-30T02:03:32.751Z
ancientone,uniform_effect,not_applicable,https://thanosvibs.money/api/characters/ancientone/skills,Base appearances do not have a uniform passive.,2026-08-30T02:03:32.751Z
ancientone1,leader,complete,https://thanosvibs.money/api/characters/ancientone1/skills,,2026-08-30T02:03:32.751Z
ancientone1,passive,complete,https://thanosvibs.money/api/characters/ancientone1/skills,,2026-08-30T02:03:32.751Z
ancientone1,uniform_effect,complete,https://thanosvibs.money/api/characters/ancientone1/skills,,2026-08-30T02:03:32.751Z
ancientone2,leader,complete,https://thanosvibs.money/api/characters/ancientone2/skills,,2026-08-30T02:03:32.751Z
ancientone2,passive,complete,https://thanosvibs.money/api/characters/ancientone2/skills,,2026-08-30T02:03:32.751Z
ancientone2,uniform_effect,complete,https://thanosvibs.money/api/characters/ancientone2/skills,,2026-08-30T02:03:32.751Z
ancientone3,leader,complete,https://thanosvibs.money/api/characters/ancientone3/skills,,2026-08-30T02:03:32.751Z
ancientone3,passive,complete,https://thanosvibs.money/api/characters/ancientone3/skills,,2026-08-30T02:03:32.751Z
ancientone3,uniform_effect,complete,https://thanosvibs.money/api/characters/ancientone3/skills,,2026-08-30T02:03:32.751Z
angel,leader,complete,https://thanosvibs.money/api/characters/angel/skills,,2026-08-30T02:03:32.751Z
angel,passive,complete,https://thanosvibs.money/api/characters/angel/skills,,2026-08-30T02:03:32.751Z
angel,uniform_effect,not_applicable,https://thanosvibs.money/api/characters/angel/skills,Base appearances do not have a uniform passive.,2026-08-30T02:03:32.751Z
angel1,leader,complete,https://thanosvibs.money/api/characters/angel1/skills,,2026-08-30T02:03:32.751Z
angel1,passive,complete,https://thanosvibs.money/api/characters/angel1/skills,,2026-08-30T02:03:32.751Z
angel1,uniform_effect,complete,https://thanosvibs.money/api/characters/angel1/skills,,2026-08-30T02:03:32.751Z
angel2,leader,complete,https://thanosvibs.money/api/characters/angel2/skills,,2026-08-30T02:03:32.751Z
angel2,passive,complete,https://thanosvibs.money/api/characters/angel2/skills,,2026-08-30T02:03:32.751Z
angel2,uniform_effect,complete,https://thanosvibs.money/api/characters/angel2/skills,,2026-08-30T02:03:32.751Z
angel3,leader,complete,https://thanosvibs.money/api/characters/angel3/skills,,2026-08-30T02:03:32.751Z
angel3,passive,complete,https://thanosvibs.money/api/characters/angel3/skills,,2026-08-30T02:03:32.751Z
angel3,uniform_effect,complete,https://thanosvibs.money/api/characters/angel3/skills,,2026-08-30T02:03:32.751Z
angela,leader,complete,https://thanosvibs.money/api/characters/angela/skills,,2026-08-30T02:03:32.751Z
angela,passive,complete,https://thanosvibs.money/api/characters/angela/skills,,2026-08-30T02:03:32.751Z
angela,uniform_effect,not_applicable,https://thanosvibs.money/api/characters/angela/skills,Base appearances do not have a uniform passive.,2026-08-30T02:03:32.751Z
angela1,leader,complete,https://thanosvibs.money/api/characters/angela1/skills,,2026-08-30T02:03:32.751Z
angela1,passive,complete,https://thanosvibs.money/api/characters/angela1/skills,,2026-08-30T02:03:32.751Z
angela1,uniform_effect,complete,https://thanosvibs.money/api/characters/angela1/skills,,2026-08-30T02:03:32.751Z
angela2,leader,complete,https://thanosvibs.money/api/characters/angela2/skills,,2026-08-30T02:03:32.751Z
angela2,passive,complete,https://thanosvibs.money/api/characters/angela2/skills,,2026-08-30T02:03:32.751Z
angela2,uniform_effect,complete,https://thanosvibs.money/api/characters/angela2/skills,,2026-08-30T02:03:32.751Z
angela3,leader,complete,https://thanosvibs.money/api/characters/angela3/skills,,2026-08-30T02:03:32.751Z
angela3,passive,complete,https://thanosvibs.money/api/characters/angela3/skills,,2026-08-30T02:03:32.751Z
angela3,uniform_effect,complete,https://thanosvibs.money/api/characters/angela3/skills,,2026-08-30T02:03:32.751Z
antiman,leader,complete,https://thanosvibs.money/api/characters/antiman/skills,,2026-08-30T02:03:32.751Z
antiman,passive,complete,https://thanosvibs.money/api/characters/antiman/skills,,2026-08-30T02:03:32.751Z
antiman,uniform_effect,not_applicable,https://thanosvibs.money/api/characters/antiman/skills,Base appearances do not have a uniform passive.,2026-08-30T02:03:32.751Z
antiman1,leader,complete,https://thanosvibs.money/api/characters/antiman1/skills,,2026-08-30T02:03:32.751Z
antiman1,passive,complete,https://thanosvibs.money/api/characters/antiman1/skills,,2026-08-30T02:03:32.751Z
antiman1,uniform_effect,complete,https://thanosvibs.money/api/characters/antiman1/skills,,2026-08-30T02:03:32.751Z
arachknight,leader,complete,https://thanosvibs.money/api/characters/arachknight/skills,,2026-08-30T02:03:32.751Z
arachknight,passive,complete,https://thanosvibs.money/api/characters/arachknight/skills,,2026-08-30T02:03:32.751Z
arachknight,uniform_effect,not_applicable,https://thanosvibs.money/api/characters/arachknight/skills,Base appearances do not have a uniform passive.,2026-08-30T02:03:32.751Z
arachknight1,leader,complete,https://thanosvibs.money/api/characters/arachknight1/skills,,2026-08-30T02:03:32.751Z
arachknight1,passive,complete,https://thanosvibs.money/api/characters/arachknight1/skills,,2026-08-30T02:03:32.751Z
arachknight1,uniform_effect,complete,https://thanosvibs.money/api/characters/arachknight1/skills,,2026-08-30T02:03:32.751Z
baronmordo,leader,complete,https://thanosvibs.money/api/characters/baronmordo/skills,,2026-08-30T02:03:32.751Z
baronmordo,passive,complete,https://thanosvibs.money/api/characters/baronmordo/skills,,2026-08-30T02:03:32.751Z
baronmordo,uniform_effect,not_applicable,https://thanosvibs.money/api/characters/baronmordo/skills,Base appearances do not have a uniform passive.,2026-08-30T02:03:32.751Z
baronmordo1,leader,complete,https://thanosvibs.money/api/characters/baronmordo1/skills,,2026-08-30T02:03:32.751Z
baronmordo1,passive,complete,https://thanosvibs.money/api/characters/baronmordo1/skills,,2026-08-30T02:03:32.751Z
baronmordo1,uniform_effect,complete,https://thanosvibs.money/api/characters/baronmordo1/skills,,2026-08-30T02:03:32.751Z
baronmordo2,leader,complete,https://thanosvibs.money/api/characters/baronmordo2/skills,,2026-08-30T02:03:32.751Z
baronmordo2,passive,complete,https://thanosvibs.money/api/characters/baronmordo2/skills,,2026-08-30T02:03:32.751Z
baronmordo2,uniform_effect,complete,https://thanosvibs.money/api/characters/baronmordo2/skills,,2026-08-30T02:03:32.751Z
baronzemo,leader,complete,https://thanosvibs.money/api/characters/baronzemo/skills,,2026-08-30T02:03:32.751Z
baronzemo,passive,complete,https://thanosvibs.money/api/characters/baronzemo/skills,,2026-08-30T02:03:32.751Z
baronzemo,uniform_effect,not_applicable,https://thanosvibs.money/api/characters/baronzemo/skills,Base appearances do not have a uniform passive.,2026-08-30T02:03:32.751Z
baronzemo1,leader,complete,https://thanosvibs.money/api/characters/baronzemo1/skills,,2026-08-30T02:03:32.751Z
baronzemo1,passive,complete,https://thanosvibs.money/api/characters/baronzemo1/skills,,2026-08-30T02:03:32.751Z
baronzemo1,uniform_effect,complete,https://thanosvibs.money/api/characters/baronzemo1/skills,,2026-08-30T02:03:32.751Z
beast,leader,complete,https://thanosvibs.money/api/characters/beast/skills,,2026-08-30T02:03:32.751Z
beast,passive,complete,https://thanosvibs.money/api/characters/beast/skills,,2026-08-30T02:03:32.751Z
beast,uniform_effect,not_applicable,https://thanosvibs.money/api/characters/beast/skills,Base appearances do not have a uniform passive.,2026-08-30T02:03:32.751Z
beast1,leader,complete,https://thanosvibs.money/api/characters/beast1/skills,,2026-08-30T02:03:32.751Z
beast1,passive,complete,https://thanosvibs.money/api/characters/beast1/skills,,2026-08-30T02:03:32.751Z
beast1,uniform_effect,complete,https://thanosvibs.money/api/characters/beast1/skills,,2026-08-30T02:03:32.751Z
beast2,leader,complete,https://thanosvibs.money/api/characters/beast2/skills,,2026-08-30T02:03:32.751Z
beast2,passive,complete,https://thanosvibs.money/api/characters/beast2/skills,,2026-08-30T02:03:32.751Z
beast2,uniform_effect,complete,https://thanosvibs.money/api/characters/beast2/skills,,2026-08-30T02:03:32.751Z
beast3,leader,complete,https://thanosvibs.money/api/characters/beast3/skills,,2026-08-30T02:03:32.751Z
beast3,passive,complete,https://thanosvibs.money/api/characters/beast3/skills,,2026-08-30T02:03:32.751Z
beast3,uniform_effect,complete,https://thanosvibs.money/api/characters/beast3/skills,,2026-08-30T02:03:32.751Z
beast4,leader,complete,https://thanosvibs.money/api/characters/beast4/skills,,2026-08-30T02:03:32.751Z
beast4,passive,complete,https://thanosvibs.money/api/characters/beast4/skills,,2026-08-30T02:03:32.751Z
beast4,uniform_effect,complete,https://thanosvibs.money/api/characters/beast4/skills,,2026-08-30T02:03:32.751Z
bishop,leader,complete,https://thanosvibs.money/api/characters/bishop/skills,,2026-08-30T02:03:32.751Z
bishop,passive,complete,https://thanosvibs.money/api/characters/bishop/skills,,2026-08-30T02:03:32.751Z
bishop,uniform_effect,not_applicable,https://thanosvibs.money/api/characters/bishop/skills,Base appearances do not have a uniform passive.,2026-08-30T02:03:32.751Z
bishop1,leader,complete,https://thanosvibs.money/api/characters/bishop1/skills,,2026-08-30T02:03:32.751Z
bishop1,passive,complete,https://thanosvibs.money/api/characters/bishop1/skills,,2026-08-30T02:03:32.751Z
bishop1,uniform_effect,complete,https://thanosvibs.money/api/characters/bishop1/skills,,2026-08-30T02:03:32.751Z
blackcat,leader,complete,https://thanosvibs.money/api/characters/blackcat/skills,,2026-08-30T02:03:32.751Z
blackcat,passive,complete,https://thanosvibs.money/api/characters/blackcat/skills,,2026-08-30T02:03:32.751Z
blackcat,uniform_effect,not_applicable,https://thanosvibs.money/api/characters/blackcat/skills,Base appearances do not have a uniform passive.,2026-08-30T02:03:32.751Z
blackcat1,leader,complete,https://thanosvibs.money/api/characters/blackcat1/skills,,2026-08-30T02:03:32.751Z
blackcat1,passive,complete,https://thanosvibs.money/api/characters/blackcat1/skills,,2026-08-30T02:03:32.751Z
blackcat1,uniform_effect,complete,https://thanosvibs.money/api/characters/blackcat1/skills,,2026-08-30T02:03:32.751Z
blackcat2,leader,complete,https://thanosvibs.money/api/characters/blackcat2/skills,,2026-08-30T02:03:32.751Z
blackcat2,passive,complete,https://thanosvibs.money/api/characters/blackcat2/skills,,2026-08-30T02:03:32.751Z
blackcat2,uniform_effect,complete,https://thanosvibs.money/api/characters/blackcat2/skills,,2026-08-30T02:03:32.751Z
blackcat3,leader,complete,https://thanosvibs.money/api/characters/blackcat3/skills,,2026-08-30T02:03:32.751Z
blackcat3,passive,complete,https://thanosvibs.money/api/characters/blackcat3/skills,,2026-08-30T02:03:32.751Z
blackcat3,uniform_effect,complete,https://thanosvibs.money/api/characters/blackcat3/skills,,2026-08-30T02:03:32.751Z
blackcat4,leader,complete,https://thanosvibs.money/api/characters/blackcat4/skills,,2026-08-30T02:03:32.751Z
blackcat4,passive,complete,https://thanosvibs.money/api/characters/blackcat4/skills,,2026-08-30T02:03:32.751Z
blackcat4,uniform_effect,complete,https://thanosvibs.money/api/characters/blackcat4/skills,,2026-08-30T02:03:32.751Z
blackdwarf,leader,complete,https://thanosvibs.money/api/characters/blackdwarf/skills,,2026-08-30T02:03:32.751Z
blackdwarf,passive,complete,https://thanosvibs.money/api/characters/blackdwarf/skills,,2026-08-30T02:03:32.751Z
blackdwarf,uniform_effect,not_applicable,https://thanosvibs.money/api/characters/blackdwarf/skills,Base appearances do not have a uniform passive.,2026-08-30T02:03:32.751Z
blackdwarf1,leader,complete,https://thanosvibs.money/api/characters/blackdwarf1/skills,,2026-08-30T02:03:32.751Z
blackdwarf1,passive,complete,https://thanosvibs.money/api/characters/blackdwarf1/skills,,2026-08-30T02:03:32.751Z
blackdwarf1,uniform_effect,complete,https://thanosvibs.money/api/characters/blackdwarf1/skills,,2026-08-30T02:03:32.751Z
blackdwarf2,leader,complete,https://thanosvibs.money/api/characters/blackdwarf2/skills,,2026-08-30T02:03:32.751Z
blackdwarf2,passive,complete,https://thanosvibs.money/api/characters/blackdwarf2/skills,,2026-08-30T02:03:32.751Z
blackdwarf2,uniform_effect,complete,https://thanosvibs.money/api/characters/blackdwarf2/skills,,2026-08-30T02:03:32.751Z
blade,leader,complete,https://thanosvibs.money/api/characters/blade/skills,,2026-08-30T02:03:32.751Z
blade,passive,complete,https://thanosvibs.money/api/characters/blade/skills,,2026-08-30T02:03:32.751Z
blade,uniform_effect,not_applicable,https://thanosvibs.money/api/characters/blade/skills,Base appearances do not have a uniform passive.,2026-08-30T02:03:32.751Z
blade1,leader,complete,https://thanosvibs.money/api/characters/blade1/skills,,2026-08-30T02:03:32.751Z
blade1,passive,complete,https://thanosvibs.money/api/characters/blade1/skills,,2026-08-30T02:03:32.751Z
blade1,uniform_effect,complete,https://thanosvibs.money/api/characters/blade1/skills,,2026-08-30T02:03:32.751Z
blade2,leader,complete,https://thanosvibs.money/api/characters/blade2/skills,,2026-08-30T02:03:32.751Z
blade2,passive,complete,https://thanosvibs.money/api/characters/blade2/skills,,2026-08-30T02:03:32.751Z
blade2,uniform_effect,complete,https://thanosvibs.money/api/characters/blade2/skills,,2026-08-30T02:03:32.751Z
blade3,leader,complete,https://thanosvibs.money/api/characters/blade3/skills,,2026-08-30T02:03:32.751Z
blade3,passive,complete,https://thanosvibs.money/api/characters/blade3/skills,,2026-08-30T02:03:32.751Z
blade3,uniform_effect,complete,https://thanosvibs.money/api/characters/blade3/skills,,2026-08-30T02:03:32.751Z
bluemarvel,leader,complete,https://thanosvibs.money/api/characters/bluemarvel/skills,,2026-08-30T02:03:32.751Z
bluemarvel,passive,complete,https://thanosvibs.money/api/characters/bluemarvel/skills,,2026-08-30T02:03:32.751Z
bluemarvel,uniform_effect,not_applicable,https://thanosvibs.money/api/characters/bluemarvel/skills,Base appearances do not have a uniform passive.,2026-08-30T02:03:32.751Z
bluemarvel1,leader,complete,https://thanosvibs.money/api/characters/bluemarvel1/skills,,2026-08-30T02:03:32.751Z
bluemarvel1,passive,complete,https://thanosvibs.money/api/characters/bluemarvel1/skills,,2026-08-30T02:03:32.751Z
bluemarvel1,uniform_effect,complete,https://thanosvibs.money/api/characters/bluemarvel1/skills,,2026-08-30T02:03:32.751Z
clea,leader,complete,https://thanosvibs.money/api/characters/clea/skills,,2026-08-30T02:03:32.751Z
clea,passive,complete,https://thanosvibs.money/api/characters/clea/skills,,2026-08-30T02:03:32.751Z
clea,uniform_effect,not_applicable,https://thanosvibs.money/api/characters/clea/skills,Base appearances do not have a uniform passive.,2026-08-30T02:03:32.751Z
colossus,leader,complete,https://thanosvibs.money/api/characters/colossus/skills,,2026-08-30T02:03:32.751Z
colossus,passive,complete,https://thanosvibs.money/api/characters/colossus/skills,,2026-08-30T02:03:32.751Z
colossus,uniform_effect,not_applicable,https://thanosvibs.money/api/characters/colossus/skills,Base appearances do not have a uniform passive.,2026-08-30T02:03:32.751Z
colossus1,leader,complete,https://thanosvibs.money/api/characters/colossus1/skills,,2026-08-30T02:03:32.751Z
colossus1,passive,complete,https://thanosvibs.money/api/characters/colossus1/skills,,2026-08-30T02:03:32.751Z
colossus1,uniform_effect,complete,https://thanosvibs.money/api/characters/colossus1/skills,,2026-08-30T02:03:32.751Z
colossus2,leader,complete,https://thanosvibs.money/api/characters/colossus2/skills,,2026-08-30T02:03:32.751Z
colossus2,passive,complete,https://thanosvibs.money/api/characters/colossus2/skills,,2026-08-30T02:03:32.751Z
colossus2,uniform_effect,complete,https://thanosvibs.money/api/characters/colossus2/skills,,2026-08-30T02:03:32.751Z
colossus3,leader,complete,https://thanosvibs.money/api/characters/colossus3/skills,,2026-08-30T02:03:32.751Z
colossus3,passive,complete,https://thanosvibs.money/api/characters/colossus3/skills,,2026-08-30T02:03:32.751Z
colossus3,uniform_effect,complete,https://thanosvibs.money/api/characters/colossus3/skills,,2026-08-30T02:03:32.751Z
corvusglaive,leader,complete,https://thanosvibs.money/api/characters/corvusglaive/skills,,2026-08-30T02:03:32.751Z
corvusglaive,passive,complete,https://thanosvibs.money/api/characters/corvusglaive/skills,,2026-08-30T02:03:32.751Z
corvusglaive,uniform_effect,not_applicable,https://thanosvibs.money/api/characters/corvusglaive/skills,Base appearances do not have a uniform passive.,2026-08-30T02:03:32.751Z
corvusglaive1,leader,complete,https://thanosvibs.money/api/characters/corvusglaive1/skills,,2026-08-30T02:03:32.751Z
corvusglaive1,passive,complete,https://thanosvibs.money/api/characters/corvusglaive1/skills,,2026-08-30T02:03:32.751Z
corvusglaive1,uniform_effect,complete,https://thanosvibs.money/api/characters/corvusglaive1/skills,,2026-08-30T02:03:32.751Z
corvusglaive2,leader,complete,https://thanosvibs.money/api/characters/corvusglaive2/skills,,2026-08-30T02:03:32.751Z
corvusglaive2,passive,complete,https://thanosvibs.money/api/characters/corvusglaive2/skills,,2026-08-30T02:03:32.751Z
corvusglaive2,uniform_effect,complete,https://thanosvibs.money/api/characters/corvusglaive2/skills,,2026-08-30T02:03:32.751Z
crossbones,leader,complete,https://thanosvibs.money/api/characters/crossbones/skills,,2026-08-30T02:03:32.751Z
crossbones,passive,complete,https://thanosvibs.money/api/characters/crossbones/skills,,2026-08-30T02:03:32.751Z
crossbones,uniform_effect,not_applicable,https://thanosvibs.money/api/characters/crossbones/skills,Base appearances do not have a uniform passive.,2026-08-30T02:03:32.751Z
crossbones1,leader,complete,https://thanosvibs.money/api/characters/crossbones1/skills,,2026-08-30T02:03:32.751Z
crossbones1,passive,complete,https://thanosvibs.money/api/characters/crossbones1/skills,,2026-08-30T02:03:32.751Z
crossbones1,uniform_effect,complete,https://thanosvibs.money/api/characters/crossbones1/skills,,2026-08-30T02:03:32.751Z
crossbones2,leader,complete,https://thanosvibs.money/api/characters/crossbones2/skills,,2026-08-30T02:03:32.751Z
crossbones2,passive,complete,https://thanosvibs.money/api/characters/crossbones2/skills,,2026-08-30T02:03:32.751Z
crossbones2,uniform_effect,complete,https://thanosvibs.money/api/characters/crossbones2/skills,,2026-08-30T02:03:32.751Z
crystal,leader,complete,https://thanosvibs.money/api/characters/crystal/skills,,2026-08-30T02:03:32.751Z
crystal,passive,complete,https://thanosvibs.money/api/characters/crystal/skills,,2026-08-30T02:03:32.751Z
crystal,uniform_effect,not_applicable,https://thanosvibs.money/api/characters/crystal/skills,Base appearances do not have a uniform passive.,2026-08-30T02:03:32.751Z
crystal1,leader,complete,https://thanosvibs.money/api/characters/crystal1/skills,,2026-08-30T02:03:32.751Z
crystal1,passive,complete,https://thanosvibs.money/api/characters/crystal1/skills,,2026-08-30T02:03:32.751Z
crystal1,uniform_effect,complete,https://thanosvibs.money/api/characters/crystal1/skills,,2026-08-30T02:03:32.751Z
crystal2,leader,complete,https://thanosvibs.money/api/characters/crystal2/skills,,2026-08-30T02:03:32.751Z
crystal2,passive,complete,https://thanosvibs.money/api/characters/crystal2/skills,,2026-08-30T02:03:32.751Z
crystal2,uniform_effect,complete,https://thanosvibs.money/api/characters/crystal2/skills,,2026-08-30T02:03:32.751Z
crystal3,leader,complete,https://thanosvibs.money/api/characters/crystal3/skills,,2026-08-30T02:03:32.751Z
crystal3,passive,complete,https://thanosvibs.money/api/characters/crystal3/skills,,2026-08-30T02:03:32.751Z
crystal3,uniform_effect,complete,https://thanosvibs.money/api/characters/crystal3/skills,,2026-08-30T02:03:32.751Z
daisyjohnson,leader,complete,https://thanosvibs.money/api/characters/daisyjohnson/skills,,2026-08-30T02:03:32.751Z
daisyjohnson,passive,complete,https://thanosvibs.money/api/characters/daisyjohnson/skills,,2026-08-30T02:03:32.751Z
daisyjohnson,uniform_effect,not_applicable,https://thanosvibs.money/api/characters/daisyjohnson/skills,Base appearances do not have a uniform passive.,2026-08-30T02:03:32.751Z
daisyjohnson1,leader,complete,https://thanosvibs.money/api/characters/daisyjohnson1/skills,,2026-08-30T02:03:32.751Z
daisyjohnson1,passive,complete,https://thanosvibs.money/api/characters/daisyjohnson1/skills,,2026-08-30T02:03:32.751Z
daisyjohnson1,uniform_effect,complete,https://thanosvibs.money/api/characters/daisyjohnson1/skills,,2026-08-30T02:03:32.751Z
daisyjohnson2,leader,complete,https://thanosvibs.money/api/characters/daisyjohnson2/skills,,2026-08-30T02:03:32.751Z
daisyjohnson2,passive,complete,https://thanosvibs.money/api/characters/daisyjohnson2/skills,,2026-08-30T02:03:32.751Z
daisyjohnson2,uniform_effect,complete,https://thanosvibs.money/api/characters/daisyjohnson2/skills,,2026-08-30T02:03:32.751Z
daken,leader,complete,https://thanosvibs.money/api/characters/daken/skills,,2026-08-30T02:03:32.751Z
daken,passive,complete,https://thanosvibs.money/api/characters/daken/skills,,2026-08-30T02:03:32.751Z
daken,uniform_effect,not_applicable,https://thanosvibs.money/api/characters/daken/skills,Base appearances do not have a uniform passive.,2026-08-30T02:03:32.751Z
daken1,leader,complete,https://thanosvibs.money/api/characters/daken1/skills,,2026-08-30T02:03:32.751Z
daken1,passive,complete,https://thanosvibs.money/api/characters/daken1/skills,,2026-08-30T02:03:32.751Z
daken1,uniform_effect,complete,https://thanosvibs.money/api/characters/daken1/skills,,2026-08-30T02:03:32.751Z
darkhawk,leader,complete,https://thanosvibs.money/api/characters/darkhawk/skills,,2026-08-30T02:03:32.751Z
darkhawk,passive,complete,https://thanosvibs.money/api/characters/darkhawk/skills,,2026-08-30T02:03:32.751Z
darkhawk,uniform_effect,not_applicable,https://thanosvibs.money/api/characters/darkhawk/skills,Base appearances do not have a uniform passive.,2026-08-30T02:03:32.751Z
dazzler,leader,complete,https://thanosvibs.money/api/characters/dazzler/skills,,2026-08-30T02:03:32.751Z
dazzler,passive,complete,https://thanosvibs.money/api/characters/dazzler/skills,,2026-08-30T02:03:32.751Z
dazzler,uniform_effect,not_applicable,https://thanosvibs.money/api/characters/dazzler/skills,Base appearances do not have a uniform passive.,2026-08-30T02:03:32.751Z
dazzler1,leader,complete,https://thanosvibs.money/api/characters/dazzler1/skills,,2026-08-30T02:03:32.751Z
dazzler1,passive,complete,https://thanosvibs.money/api/characters/dazzler1/skills,,2026-08-30T02:03:32.751Z
dazzler1,uniform_effect,complete,https://thanosvibs.money/api/characters/dazzler1/skills,,2026-08-30T02:03:32.751Z
deathlok,leader,complete,https://thanosvibs.money/api/characters/deathlok/skills,,2026-08-30T02:03:32.751Z
deathlok,passive,complete,https://thanosvibs.money/api/characters/deathlok/skills,,2026-08-30T02:03:32.751Z
deathlok,uniform_effect,not_applicable,https://thanosvibs.money/api/characters/deathlok/skills,Base appearances do not have a uniform passive.,2026-08-30T02:03:32.751Z
deathlok1,leader,complete,https://thanosvibs.money/api/characters/deathlok1/skills,,2026-08-30T02:03:32.751Z
deathlok1,passive,complete,https://thanosvibs.money/api/characters/deathlok1/skills,,2026-08-30T02:03:32.751Z
deathlok1,uniform_effect,complete,https://thanosvibs.money/api/characters/deathlok1/skills,,2026-08-30T02:03:32.751Z
destroyer,leader,complete,https://thanosvibs.money/api/characters/destroyer/skills,,2026-08-30T02:03:32.751Z
destroyer,passive,complete,https://thanosvibs.money/api/characters/destroyer/skills,,2026-08-30T02:03:32.751Z
destroyer,uniform_effect,not_applicable,https://thanosvibs.money/api/characters/destroyer/skills,Base appearances do not have a uniform passive.,2026-08-30T02:03:32.751Z
destroyer1,leader,complete,https://thanosvibs.money/api/characters/destroyer1/skills,,2026-08-30T02:03:32.751Z
destroyer1,passive,complete,https://thanosvibs.money/api/characters/destroyer1/skills,,2026-08-30T02:03:32.751Z
destroyer1,uniform_effect,complete,https://thanosvibs.money/api/characters/destroyer1/skills,,2026-08-30T02:03:32.751Z
destroyer2,leader,complete,https://thanosvibs.money/api/characters/destroyer2/skills,,2026-08-30T02:03:32.751Z
destroyer2,passive,complete,https://thanosvibs.money/api/characters/destroyer2/skills,,2026-08-30T02:03:32.751Z
destroyer2,uniform_effect,complete,https://thanosvibs.money/api/characters/destroyer2/skills,,2026-08-30T02:03:32.751Z
doctordoom,leader,complete,https://thanosvibs.money/api/characters/doctordoom/skills,,2026-08-30T02:03:32.751Z
doctordoom,passive,complete,https://thanosvibs.money/api/characters/doctordoom/skills,,2026-08-30T02:03:32.751Z
doctordoom,uniform_effect,not_applicable,https://thanosvibs.money/api/characters/doctordoom/skills,Base appearances do not have a uniform passive.,2026-08-30T02:03:32.751Z
doctordoom1,leader,complete,https://thanosvibs.money/api/characters/doctordoom1/skills,,2026-08-30T02:03:32.751Z
doctordoom1,passive,complete,https://thanosvibs.money/api/characters/doctordoom1/skills,,2026-08-30T02:03:32.751Z
doctordoom1,uniform_effect,complete,https://thanosvibs.money/api/characters/doctordoom1/skills,,2026-08-30T02:03:32.751Z
doctordoom2,leader,complete,https://thanosvibs.money/api/characters/doctordoom2/skills,,2026-08-30T02:03:32.751Z
doctordoom2,passive,complete,https://thanosvibs.money/api/characters/doctordoom2/skills,,2026-08-30T02:03:32.751Z
doctordoom2,uniform_effect,complete,https://thanosvibs.money/api/characters/doctordoom2/skills,,2026-08-30T02:03:32.751Z
doctorvoodoo,leader,complete,https://thanosvibs.money/api/characters/doctorvoodoo/skills,,2026-08-30T02:03:32.751Z
doctorvoodoo,passive,complete,https://thanosvibs.money/api/characters/doctorvoodoo/skills,,2026-08-30T02:03:32.751Z
doctorvoodoo,uniform_effect,not_applicable,https://thanosvibs.money/api/characters/doctorvoodoo/skills,Base appearances do not have a uniform passive.,2026-08-30T02:03:32.751Z
doctorvoodoo1,leader,complete,https://thanosvibs.money/api/characters/doctorvoodoo1/skills,,2026-08-30T02:03:32.751Z
doctorvoodoo1,passive,complete,https://thanosvibs.money/api/characters/doctorvoodoo1/skills,,2026-08-30T02:03:32.751Z
doctorvoodoo1,uniform_effect,complete,https://thanosvibs.money/api/characters/doctorvoodoo1/skills,,2026-08-30T02:03:32.751Z
doctorvoodoo2,leader,complete,https://thanosvibs.money/api/characters/doctorvoodoo2/skills,,2026-08-30T02:03:32.751Z
doctorvoodoo2,passive,complete,https://thanosvibs.money/api/characters/doctorvoodoo2/skills,,2026-08-30T02:03:32.751Z
doctorvoodoo2,uniform_effect,complete,https://thanosvibs.money/api/characters/doctorvoodoo2/skills,,2026-08-30T02:03:32.751Z
domino,leader,complete,https://thanosvibs.money/api/characters/domino/skills,,2026-08-30T02:03:32.751Z
domino,passive,complete,https://thanosvibs.money/api/characters/domino/skills,,2026-08-30T02:03:32.751Z
domino,uniform_effect,not_applicable,https://thanosvibs.money/api/characters/domino/skills,Base appearances do not have a uniform passive.,2026-08-30T02:03:32.751Z
domino1,leader,complete,https://thanosvibs.money/api/characters/domino1/skills,,2026-08-30T02:03:32.751Z
domino1,passive,complete,https://thanosvibs.money/api/characters/domino1/skills,,2026-08-30T02:03:32.751Z
domino1,uniform_effect,complete,https://thanosvibs.money/api/characters/domino1/skills,,2026-08-30T02:03:32.751Z
domino2,leader,complete,https://thanosvibs.money/api/characters/domino2/skills,,2026-08-30T02:03:32.751Z
domino2,passive,complete,https://thanosvibs.money/api/characters/domino2/skills,,2026-08-30T02:03:32.751Z
domino2,uniform_effect,complete,https://thanosvibs.money/api/characters/domino2/skills,,2026-08-30T02:03:32.751Z
drax,leader,complete,https://thanosvibs.money/api/characters/drax/skills,,2026-08-30T02:03:32.751Z
drax,passive,complete,https://thanosvibs.money/api/characters/drax/skills,,2026-08-30T02:03:32.751Z
drax,uniform_effect,not_applicable,https://thanosvibs.money/api/characters/drax/skills,Base appearances do not have a uniform passive.,2026-08-30T02:03:32.751Z
drax1,leader,complete,https://thanosvibs.money/api/characters/drax1/skills,,2026-08-30T02:03:32.751Z
drax1,passive,complete,https://thanosvibs.money/api/characters/drax1/skills,,2026-08-30T02:03:32.751Z
drax1,uniform_effect,complete,https://thanosvibs.money/api/characters/drax1/skills,,2026-08-30T02:03:32.751Z
drax2,leader,complete,https://thanosvibs.money/api/characters/drax2/skills,,2026-08-30T02:03:32.751Z
drax2,passive,complete,https://thanosvibs.money/api/characters/drax2/skills,,2026-08-30T02:03:32.751Z
drax2,uniform_effect,complete,https://thanosvibs.money/api/characters/drax2/skills,,2026-08-30T02:03:32.751Z
ebonymaw,leader,complete,https://thanosvibs.money/api/characters/ebonymaw/skills,,2026-08-30T02:03:32.751Z
ebonymaw,passive,complete,https://thanosvibs.money/api/characters/ebonymaw/skills,,2026-08-30T02:03:32.751Z
ebonymaw,uniform_effect,not_applicable,https://thanosvibs.money/api/characters/ebonymaw/skills,Base appearances do not have a uniform passive.,2026-08-30T02:03:32.751Z
ebonymaw1,leader,complete,https://thanosvibs.money/api/characters/ebonymaw1/skills,,2026-08-30T02:03:32.751Z
ebonymaw1,passive,complete,https://thanosvibs.money/api/characters/ebonymaw1/skills,,2026-08-30T02:03:32.751Z
ebonymaw1,uniform_effect,complete,https://thanosvibs.money/api/characters/ebonymaw1/skills,,2026-08-30T02:03:32.751Z
ebonymaw2,leader,complete,https://thanosvibs.money/api/characters/ebonymaw2/skills,,2026-08-30T02:03:32.751Z
ebonymaw2,passive,complete,https://thanosvibs.money/api/characters/ebonymaw2/skills,,2026-08-30T02:03:32.751Z
ebonymaw2,uniform_effect,complete,https://thanosvibs.money/api/characters/ebonymaw2/skills,,2026-08-30T02:03:32.751Z
ebonymaw3,leader,complete,https://thanosvibs.money/api/characters/ebonymaw3/skills,,2026-08-30T02:03:32.751Z
ebonymaw3,passive,complete,https://thanosvibs.money/api/characters/ebonymaw3/skills,,2026-08-30T02:03:32.751Z
ebonymaw3,uniform_effect,complete,https://thanosvibs.money/api/characters/ebonymaw3/skills,,2026-08-30T02:03:32.751Z
electro,leader,complete,https://thanosvibs.money/api/characters/electro/skills,,2026-08-30T02:03:32.751Z
electro,passive,complete,https://thanosvibs.money/api/characters/electro/skills,,2026-08-30T02:03:32.751Z
electro,uniform_effect,not_applicable,https://thanosvibs.money/api/characters/electro/skills,Base appearances do not have a uniform passive.,2026-08-30T02:03:32.751Z
electro1,leader,complete,https://thanosvibs.money/api/characters/electro1/skills,,2026-08-30T02:03:32.751Z
electro1,passive,complete,https://thanosvibs.money/api/characters/electro1/skills,,2026-08-30T02:03:32.751Z
electro1,uniform_effect,complete,https://thanosvibs.money/api/characters/electro1/skills,,2026-08-30T02:03:32.751Z
elektra,leader,complete,https://thanosvibs.money/api/characters/elektra/skills,,2026-08-30T02:03:32.751Z
elektra,passive,complete,https://thanosvibs.money/api/characters/elektra/skills,,2026-08-30T02:03:32.751Z
elektra,uniform_effect,not_applicable,https://thanosvibs.money/api/characters/elektra/skills,Base appearances do not have a uniform passive.,2026-08-30T02:03:32.751Z
elektra1,leader,complete,https://thanosvibs.money/api/characters/elektra1/skills,,2026-08-30T02:03:32.751Z
elektra1,passive,complete,https://thanosvibs.money/api/characters/elektra1/skills,,2026-08-30T02:03:32.751Z
elektra1,uniform_effect,complete,https://thanosvibs.money/api/characters/elektra1/skills,,2026-08-30T02:03:32.751Z
elektra2,leader,complete,https://thanosvibs.money/api/characters/elektra2/skills,,2026-08-30T02:03:32.751Z
elektra2,passive,complete,https://thanosvibs.money/api/characters/elektra2/skills,,2026-08-30T02:03:32.751Z
elektra2,uniform_effect,complete,https://thanosvibs.money/api/characters/elektra2/skills,,2026-08-30T02:03:32.751Z
elektra3,leader,complete,https://thanosvibs.money/api/characters/elektra3/skills,,2026-08-30T02:03:32.751Z
elektra3,passive,complete,https://thanosvibs.money/api/characters/elektra3/skills,,2026-08-30T02:03:32.751Z
elektra3,uniform_effect,complete,https://thanosvibs.money/api/characters/elektra3/skills,,2026-08-30T02:03:32.751Z
emmafrost,leader,complete,https://thanosvibs.money/api/characters/emmafrost/skills,,2026-08-30T02:03:32.751Z
emmafrost,passive,complete,https://thanosvibs.money/api/characters/emmafrost/skills,,2026-08-30T02:03:32.751Z
emmafrost,uniform_effect,not_applicable,https://thanosvibs.money/api/characters/emmafrost/skills,Base appearances do not have a uniform passive.,2026-08-30T02:03:32.751Z
emmafrost1,leader,complete,https://thanosvibs.money/api/characters/emmafrost1/skills,,2026-08-30T02:03:32.751Z
emmafrost1,passive,complete,https://thanosvibs.money/api/characters/emmafrost1/skills,,2026-08-30T02:03:32.751Z
emmafrost1,uniform_effect,complete,https://thanosvibs.money/api/characters/emmafrost1/skills,,2026-08-30T02:03:32.751Z
emmafrost2,leader,complete,https://thanosvibs.money/api/characters/emmafrost2/skills,,2026-08-30T02:03:32.751Z
emmafrost2,passive,complete,https://thanosvibs.money/api/characters/emmafrost2/skills,,2026-08-30T02:03:32.751Z
emmafrost2,uniform_effect,complete,https://thanosvibs.money/api/characters/emmafrost2/skills,,2026-08-30T02:03:32.751Z
emmafrost3,leader,complete,https://thanosvibs.money/api/characters/emmafrost3/skills,,2026-08-30T02:03:32.751Z
emmafrost3,passive,complete,https://thanosvibs.money/api/characters/emmafrost3/skills,,2026-08-30T02:03:32.751Z
emmafrost3,uniform_effect,complete,https://thanosvibs.money/api/characters/emmafrost3/skills,,2026-08-30T02:03:32.751Z
emmafrost4,leader,complete,https://thanosvibs.money/api/characters/emmafrost4/skills,,2026-08-30T02:03:32.751Z
emmafrost4,passive,complete,https://thanosvibs.money/api/characters/emmafrost4/skills,,2026-08-30T02:03:32.751Z
emmafrost4,uniform_effect,complete,https://thanosvibs.money/api/characters/emmafrost4/skills,,2026-08-30T02:03:32.751Z
enchantress,leader,complete,https://thanosvibs.money/api/characters/enchantress/skills,,2026-08-30T02:03:32.751Z
enchantress,passive,complete,https://thanosvibs.money/api/characters/enchantress/skills,,2026-08-30T02:03:32.751Z
enchantress,uniform_effect,not_applicable,https://thanosvibs.money/api/characters/enchantress/skills,Base appearances do not have a uniform passive.,2026-08-30T02:03:32.751Z
enchantress1,leader,complete,https://thanosvibs.money/api/characters/enchantress1/skills,,2026-08-30T02:03:32.751Z
enchantress1,passive,complete,https://thanosvibs.money/api/characters/enchantress1/skills,,2026-08-30T02:03:32.751Z
enchantress1,uniform_effect,complete,https://thanosvibs.money/api/characters/enchantress1/skills,,2026-08-30T02:03:32.751Z
enchantress2,leader,complete,https://thanosvibs.money/api/characters/enchantress2/skills,,2026-08-30T02:03:32.751Z
enchantress2,passive,complete,https://thanosvibs.money/api/characters/enchantress2/skills,,2026-08-30T02:03:32.751Z
enchantress2,uniform_effect,complete,https://thanosvibs.money/api/characters/enchantress2/skills,,2026-08-30T02:03:32.751Z
falcon,leader,complete,https://thanosvibs.money/api/characters/falcon/skills,,2026-08-30T02:03:32.751Z
falcon,passive,complete,https://thanosvibs.money/api/characters/falcon/skills,,2026-08-30T02:03:32.751Z
falcon,uniform_effect,not_applicable,https://thanosvibs.money/api/characters/falcon/skills,Base appearances do not have a uniform passive.,2026-08-30T02:03:32.751Z
falcon1,leader,complete,https://thanosvibs.money/api/characters/falcon1/skills,,2026-08-30T02:03:32.751Z
falcon1,passive,complete,https://thanosvibs.money/api/characters/falcon1/skills,,2026-08-30T02:03:32.751Z
falcon1,uniform_effect,complete,https://thanosvibs.money/api/characters/falcon1/skills,,2026-08-30T02:03:32.751Z
falcon2,leader,complete,https://thanosvibs.money/api/characters/falcon2/skills,,2026-08-30T02:03:32.751Z
falcon2,passive,complete,https://thanosvibs.money/api/characters/falcon2/skills,,2026-08-30T02:03:32.751Z
falcon2,uniform_effect,complete,https://thanosvibs.money/api/characters/falcon2/skills,,2026-08-30T02:03:32.751Z
falcon3,leader,complete,https://thanosvibs.money/api/characters/falcon3/skills,,2026-08-30T02:03:32.751Z
falcon3,passive,complete,https://thanosvibs.money/api/characters/falcon3/skills,,2026-08-30T02:03:32.751Z
falcon3,uniform_effect,complete,https://thanosvibs.money/api/characters/falcon3/skills,,2026-08-30T02:03:32.751Z
falcon4,leader,complete,https://thanosvibs.money/api/characters/falcon4/skills,,2026-08-30T02:03:32.751Z
falcon4,passive,complete,https://thanosvibs.money/api/characters/falcon4/skills,,2026-08-30T02:03:32.751Z
falcon4,uniform_effect,complete,https://thanosvibs.money/api/characters/falcon4/skills,,2026-08-30T02:03:32.751Z
falcon5,leader,complete,https://thanosvibs.money/api/characters/falcon5/skills,,2026-08-30T02:03:32.751Z
falcon5,passive,complete,https://thanosvibs.money/api/characters/falcon5/skills,,2026-08-30T02:03:32.751Z
falcon5,uniform_effect,complete,https://thanosvibs.money/api/characters/falcon5/skills,,2026-08-30T02:03:32.751Z
falcon6,leader,complete,https://thanosvibs.money/api/characters/falcon6/skills,,2026-08-30T02:03:32.751Z
falcon6,passive,complete,https://thanosvibs.money/api/characters/falcon6/skills,,2026-08-30T02:03:32.751Z
falcon6,uniform_effect,complete,https://thanosvibs.money/api/characters/falcon6/skills,,2026-08-30T02:03:32.751Z
fandral,leader,complete,https://thanosvibs.money/api/characters/fandral/skills,,2026-08-30T02:03:32.751Z
fandral,passive,complete,https://thanosvibs.money/api/characters/fandral/skills,,2026-08-30T02:03:32.751Z
fandral,uniform_effect,not_applicable,https://thanosvibs.money/api/characters/fandral/skills,Base appearances do not have a uniform passive.,2026-08-30T02:03:32.751Z
fantomex,leader,complete,https://thanosvibs.money/api/characters/fantomex/skills,,2026-08-30T02:03:32.751Z
fantomex,passive,complete,https://thanosvibs.money/api/characters/fantomex/skills,,2026-08-30T02:03:32.751Z
fantomex,uniform_effect,not_applicable,https://thanosvibs.money/api/characters/fantomex/skills,Base appearances do not have a uniform passive.,2026-08-30T02:03:32.751Z
gamora,leader,complete,https://thanosvibs.money/api/characters/gamora/skills,,2026-08-30T02:03:32.751Z
gamora,passive,complete,https://thanosvibs.money/api/characters/gamora/skills,,2026-08-30T02:03:32.751Z
gamora,uniform_effect,not_applicable,https://thanosvibs.money/api/characters/gamora/skills,Base appearances do not have a uniform passive.,2026-08-30T02:03:32.751Z
gamora1,leader,complete,https://thanosvibs.money/api/characters/gamora1/skills,,2026-08-30T02:03:32.751Z
gamora1,passive,complete,https://thanosvibs.money/api/characters/gamora1/skills,,2026-08-30T02:03:32.751Z
gamora1,uniform_effect,complete,https://thanosvibs.money/api/characters/gamora1/skills,,2026-08-30T02:03:32.751Z
gamora2,leader,complete,https://thanosvibs.money/api/characters/gamora2/skills,,2026-08-30T02:03:32.751Z
gamora2,passive,complete,https://thanosvibs.money/api/characters/gamora2/skills,,2026-08-30T02:03:32.751Z
gamora2,uniform_effect,complete,https://thanosvibs.money/api/characters/gamora2/skills,,2026-08-30T02:03:32.751Z
gamora3,leader,complete,https://thanosvibs.money/api/characters/gamora3/skills,,2026-08-30T02:03:32.751Z
gamora3,passive,complete,https://thanosvibs.money/api/characters/gamora3/skills,,2026-08-30T02:03:32.751Z
gamora3,uniform_effect,complete,https://thanosvibs.money/api/characters/gamora3/skills,,2026-08-30T02:03:32.751Z
gamora4,leader,complete,https://thanosvibs.money/api/characters/gamora4/skills,,2026-08-30T02:03:32.751Z
gamora4,passive,complete,https://thanosvibs.money/api/characters/gamora4/skills,,2026-08-30T02:03:32.751Z
gamora4,uniform_effect,complete,https://thanosvibs.money/api/characters/gamora4/skills,,2026-08-30T02:03:32.751Z
gamora5,leader,complete,https://thanosvibs.money/api/characters/gamora5/skills,,2026-08-30T02:03:32.751Z
gamora5,passive,complete,https://thanosvibs.money/api/characters/gamora5/skills,,2026-08-30T02:03:32.751Z
gamora5,uniform_effect,complete,https://thanosvibs.money/api/characters/gamora5/skills,,2026-08-30T02:03:32.751Z
ghost,leader,complete,https://thanosvibs.money/api/characters/ghost/skills,,2026-08-30T02:03:32.751Z
ghost,passive,complete,https://thanosvibs.money/api/characters/ghost/skills,,2026-08-30T02:03:32.751Z
ghost,uniform_effect,not_applicable,https://thanosvibs.money/api/characters/ghost/skills,Base appearances do not have a uniform passive.,2026-08-30T02:03:32.751Z
ghost1,leader,complete,https://thanosvibs.money/api/characters/ghost1/skills,,2026-08-30T02:03:32.751Z
ghost1,passive,complete,https://thanosvibs.money/api/characters/ghost1/skills,,2026-08-30T02:03:32.751Z
ghost1,uniform_effect,complete,https://thanosvibs.money/api/characters/ghost1/skills,,2026-08-30T02:03:32.751Z
ghost2,leader,complete,https://thanosvibs.money/api/characters/ghost2/skills,,2026-08-30T02:03:32.751Z
ghost2,passive,complete,https://thanosvibs.money/api/characters/ghost2/skills,,2026-08-30T02:03:32.751Z
ghost2,uniform_effect,complete,https://thanosvibs.money/api/characters/ghost2/skills,,2026-08-30T02:03:32.751Z
ghostpanther,leader,complete,https://thanosvibs.money/api/characters/ghostpanther/skills,,2026-08-30T02:03:32.751Z
ghostpanther,passive,complete,https://thanosvibs.money/api/characters/ghostpanther/skills,,2026-08-30T02:03:32.751Z
ghostpanther,uniform_effect,not_applicable,https://thanosvibs.money/api/characters/ghostpanther/skills,Base appearances do not have a uniform passive.,2026-08-30T02:03:32.751Z
robbiereyes,leader,complete,https://thanosvibs.money/api/characters/robbiereyes/skills,,2026-08-30T02:03:32.751Z
robbiereyes,passive,complete,https://thanosvibs.money/api/characters/robbiereyes/skills,,2026-08-30T02:03:32.751Z
robbiereyes,uniform_effect,not_applicable,https://thanosvibs.money/api/characters/robbiereyes/skills,Base appearances do not have a uniform passive.,2026-08-30T02:03:32.751Z
robbiereyes1,leader,complete,https://thanosvibs.money/api/characters/robbiereyes1/skills,,2026-08-30T02:03:32.751Z
robbiereyes1,passive,complete,https://thanosvibs.money/api/characters/robbiereyes1/skills,,2026-08-30T02:03:32.751Z
robbiereyes1,uniform_effect,complete,https://thanosvibs.money/api/characters/robbiereyes1/skills,,2026-08-30T02:03:32.751Z
giantman,leader,complete,https://thanosvibs.money/api/characters/giantman/skills,,2026-08-30T02:03:32.751Z
giantman,passive,complete,https://thanosvibs.money/api/characters/giantman/skills,,2026-08-30T02:03:32.751Z
giantman,uniform_effect,not_applicable,https://thanosvibs.money/api/characters/giantman/skills,Base appearances do not have a uniform passive.,2026-08-30T02:03:32.751Z
giantman1,leader,complete,https://thanosvibs.money/api/characters/giantman1/skills,,2026-08-30T02:03:32.751Z
giantman1,passive,complete,https://thanosvibs.money/api/characters/giantman1/skills,,2026-08-30T02:03:32.751Z
giantman1,uniform_effect,complete,https://thanosvibs.money/api/characters/giantman1/skills,,2026-08-30T02:03:32.751Z
giantman2,leader,complete,https://thanosvibs.money/api/characters/giantman2/skills,,2026-08-30T02:03:32.751Z
giantman2,passive,complete,https://thanosvibs.money/api/characters/giantman2/skills,,2026-08-30T02:03:32.751Z
giantman2,uniform_effect,complete,https://thanosvibs.money/api/characters/giantman2/skills,,2026-08-30T02:03:32.751Z
gladiator,leader,complete,https://thanosvibs.money/api/characters/gladiator/skills,,2026-08-30T02:03:32.751Z
gladiator,passive,complete,https://thanosvibs.money/api/characters/gladiator/skills,,2026-08-30T02:03:32.751Z
gladiator,uniform_effect,not_applicable,https://thanosvibs.money/api/characters/gladiator/skills,Base appearances do not have a uniform passive.,2026-08-30T02:03:32.751Z
gladiator1,leader,complete,https://thanosvibs.money/api/characters/gladiator1/skills,,2026-08-30T02:03:32.751Z
gladiator1,passive,complete,https://thanosvibs.money/api/characters/gladiator1/skills,,2026-08-30T02:03:32.751Z
gladiator1,uniform_effect,complete,https://thanosvibs.money/api/characters/gladiator1/skills,,2026-08-30T02:03:32.751Z
goliath,leader,complete,https://thanosvibs.money/api/characters/goliath/skills,,2026-08-30T02:03:32.751Z
goliath,passive,complete,https://thanosvibs.money/api/characters/goliath/skills,,2026-08-30T02:03:32.751Z
goliath,uniform_effect,not_applicable,https://thanosvibs.money/api/characters/goliath/skills,Base appearances do not have a uniform passive.,2026-08-30T02:03:32.751Z
gorgon,leader,complete,https://thanosvibs.money/api/characters/gorgon/skills,,2026-08-30T02:03:32.751Z
gorgon,passive,complete,https://thanosvibs.money/api/characters/gorgon/skills,,2026-08-30T02:03:32.751Z
gorgon,uniform_effect,not_applicable,https://thanosvibs.money/api/characters/gorgon/skills,Base appearances do not have a uniform passive.,2026-08-30T02:03:32.751Z
gorillaman,leader,complete,https://thanosvibs.money/api/characters/gorillaman/skills,,2026-08-30T02:03:32.751Z
gorillaman,passive,complete,https://thanosvibs.money/api/characters/gorillaman/skills,,2026-08-30T02:03:32.751Z
gorillaman,uniform_effect,not_applicable,https://thanosvibs.money/api/characters/gorillaman/skills,Base appearances do not have a uniform passive.,2026-08-30T02:03:32.751Z
greengoblin,leader,complete,https://thanosvibs.money/api/characters/greengoblin/skills,,2026-08-30T02:03:32.751Z
greengoblin,passive,complete,https://thanosvibs.money/api/characters/greengoblin/skills,,2026-08-30T02:03:32.751Z
greengoblin,uniform_effect,not_applicable,https://thanosvibs.money/api/characters/greengoblin/skills,Base appearances do not have a uniform passive.,2026-08-30T02:03:32.751Z
greengoblin1,leader,complete,https://thanosvibs.money/api/characters/greengoblin1/skills,,2026-08-30T02:03:32.751Z
greengoblin1,passive,complete,https://thanosvibs.money/api/characters/greengoblin1/skills,,2026-08-30T02:03:32.751Z
greengoblin1,uniform_effect,complete,https://thanosvibs.money/api/characters/greengoblin1/skills,,2026-08-30T02:03:32.751Z
greengoblin2,leader,complete,https://thanosvibs.money/api/characters/greengoblin2/skills,,2026-08-30T02:03:32.751Z
greengoblin2,passive,complete,https://thanosvibs.money/api/characters/greengoblin2/skills,,2026-08-30T02:03:32.751Z
greengoblin2,uniform_effect,complete,https://thanosvibs.money/api/characters/greengoblin2/skills,,2026-08-30T02:03:32.751Z
greengoblin3,leader,complete,https://thanosvibs.money/api/characters/greengoblin3/skills,,2026-08-30T02:03:32.751Z
greengoblin3,passive,complete,https://thanosvibs.money/api/characters/greengoblin3/skills,,2026-08-30T02:03:32.751Z
greengoblin3,uniform_effect,complete,https://thanosvibs.money/api/characters/greengoblin3/skills,,2026-08-30T02:03:32.751Z
greengoblin4,leader,complete,https://thanosvibs.money/api/characters/greengoblin4/skills,,2026-08-30T02:03:32.751Z
greengoblin4,passive,complete,https://thanosvibs.money/api/characters/greengoblin4/skills,,2026-08-30T02:03:32.751Z
greengoblin4,uniform_effect,complete,https://thanosvibs.money/api/characters/greengoblin4/skills,,2026-08-30T02:03:32.751Z
greengoblin5,leader,complete,https://thanosvibs.money/api/characters/greengoblin5/skills,,2026-08-30T02:03:32.751Z
greengoblin5,passive,complete,https://thanosvibs.money/api/characters/greengoblin5/skills,,2026-08-30T02:03:32.751Z
greengoblin5,uniform_effect,complete,https://thanosvibs.money/api/characters/greengoblin5/skills,,2026-08-30T02:03:32.751Z
groot,leader,complete,https://thanosvibs.money/api/characters/groot/skills,,2026-08-30T02:03:32.751Z
groot,passive,complete,https://thanosvibs.money/api/characters/groot/skills,,2026-08-30T02:03:32.751Z
groot,uniform_effect,not_applicable,https://thanosvibs.money/api/characters/groot/skills,Base appearances do not have a uniform passive.,2026-08-30T02:03:32.751Z
groot1,leader,complete,https://thanosvibs.money/api/characters/groot1/skills,,2026-08-30T02:03:32.751Z
groot1,passive,complete,https://thanosvibs.money/api/characters/groot1/skills,,2026-08-30T02:03:32.751Z
groot1,uniform_effect,complete,https://thanosvibs.money/api/characters/groot1/skills,,2026-08-30T02:03:32.751Z
groot2,leader,complete,https://thanosvibs.money/api/characters/groot2/skills,,2026-08-30T02:03:32.751Z
groot2,passive,complete,https://thanosvibs.money/api/characters/groot2/skills,,2026-08-30T02:03:32.751Z
groot2,uniform_effect,complete,https://thanosvibs.money/api/characters/groot2/skills,,2026-08-30T02:03:32.751Z
groot3,leader,complete,https://thanosvibs.money/api/characters/groot3/skills,,2026-08-30T02:03:32.751Z
groot3,passive,complete,https://thanosvibs.money/api/characters/groot3/skills,,2026-08-30T02:03:32.751Z
groot3,uniform_effect,complete,https://thanosvibs.money/api/characters/groot3/skills,,2026-08-30T02:03:32.751Z
groot4,leader,complete,https://thanosvibs.money/api/characters/groot4/skills,,2026-08-30T02:03:32.751Z
groot4,passive,complete,https://thanosvibs.money/api/characters/groot4/skills,,2026-08-30T02:03:32.751Z
groot4,uniform_effect,complete,https://thanosvibs.money/api/characters/groot4/skills,,2026-08-30T02:03:32.751Z
groot5,leader,complete,https://thanosvibs.money/api/characters/groot5/skills,,2026-08-30T02:03:32.751Z
groot5,passive,complete,https://thanosvibs.money/api/characters/groot5/skills,,2026-08-30T02:03:32.751Z
groot5,uniform_effect,complete,https://thanosvibs.money/api/characters/groot5/skills,,2026-08-30T02:03:32.751Z
groot6,leader,complete,https://thanosvibs.money/api/characters/groot6/skills,,2026-08-30T02:03:32.751Z
groot6,passive,complete,https://thanosvibs.money/api/characters/groot6/skills,,2026-08-30T02:03:32.751Z
groot6,uniform_effect,complete,https://thanosvibs.money/api/characters/groot6/skills,,2026-08-30T02:03:32.751Z
gwenpool,leader,complete,https://thanosvibs.money/api/characters/gwenpool/skills,,2026-08-30T02:03:32.751Z
gwenpool,passive,complete,https://thanosvibs.money/api/characters/gwenpool/skills,,2026-08-30T02:03:32.751Z
gwenpool,uniform_effect,not_applicable,https://thanosvibs.money/api/characters/gwenpool/skills,Base appearances do not have a uniform passive.,2026-08-30T02:03:32.751Z
gwenpool1,leader,complete,https://thanosvibs.money/api/characters/gwenpool1/skills,,2026-08-30T02:03:32.751Z
gwenpool1,passive,complete,https://thanosvibs.money/api/characters/gwenpool1/skills,,2026-08-30T02:03:32.751Z
gwenpool1,uniform_effect,complete,https://thanosvibs.money/api/characters/gwenpool1/skills,,2026-08-30T02:03:32.751Z
gwenpool2,leader,complete,https://thanosvibs.money/api/characters/gwenpool2/skills,,2026-08-30T02:03:32.751Z
gwenpool2,passive,complete,https://thanosvibs.money/api/characters/gwenpool2/skills,,2026-08-30T02:03:32.751Z
gwenpool2,uniform_effect,complete,https://thanosvibs.money/api/characters/gwenpool2/skills,,2026-08-30T02:03:32.751Z
gwenpool3,leader,complete,https://thanosvibs.money/api/characters/gwenpool3/skills,,2026-08-30T02:03:32.751Z
gwenpool3,passive,complete,https://thanosvibs.money/api/characters/gwenpool3/skills,,2026-08-30T02:03:32.751Z
gwenpool3,uniform_effect,complete,https://thanosvibs.money/api/characters/gwenpool3/skills,,2026-08-30T02:03:32.751Z
gwenpool4,leader,complete,https://thanosvibs.money/api/characters/gwenpool4/skills,,2026-08-30T02:03:32.751Z
gwenpool4,passive,complete,https://thanosvibs.money/api/characters/gwenpool4/skills,,2026-08-30T02:03:32.751Z
gwenpool4,uniform_effect,complete,https://thanosvibs.money/api/characters/gwenpool4/skills,,2026-08-30T02:03:32.751Z
hawkeye,leader,complete,https://thanosvibs.money/api/characters/hawkeye/skills,,2026-08-30T02:03:32.751Z
hawkeye,passive,complete,https://thanosvibs.money/api/characters/hawkeye/skills,,2026-08-30T02:03:32.751Z
hawkeye,uniform_effect,not_applicable,https://thanosvibs.money/api/characters/hawkeye/skills,Base appearances do not have a uniform passive.,2026-08-30T02:03:32.751Z
hawkeye1,leader,complete,https://thanosvibs.money/api/characters/hawkeye1/skills,,2026-08-30T02:03:32.751Z
hawkeye1,passive,complete,https://thanosvibs.money/api/characters/hawkeye1/skills,,2026-08-30T02:03:32.751Z
hawkeye1,uniform_effect,complete,https://thanosvibs.money/api/characters/hawkeye1/skills,,2026-08-30T02:03:32.751Z
hawkeye2,leader,complete,https://thanosvibs.money/api/characters/hawkeye2/skills,,2026-08-30T02:03:32.751Z
hawkeye2,passive,complete,https://thanosvibs.money/api/characters/hawkeye2/skills,,2026-08-30T02:03:32.751Z
hawkeye2,uniform_effect,complete,https://thanosvibs.money/api/characters/hawkeye2/skills,,2026-08-30T02:03:32.751Z
hawkeye3,leader,complete,https://thanosvibs.money/api/characters/hawkeye3/skills,,2026-08-30T02:03:32.751Z
hawkeye3,passive,complete,https://thanosvibs.money/api/characters/hawkeye3/skills,,2026-08-30T02:03:32.751Z
hawkeye3,uniform_effect,complete,https://thanosvibs.money/api/characters/hawkeye3/skills,,2026-08-30T02:03:32.751Z
hawkeye4,leader,complete,https://thanosvibs.money/api/characters/hawkeye4/skills,,2026-08-30T02:03:32.751Z
hawkeye4,passive,complete,https://thanosvibs.money/api/characters/hawkeye4/skills,,2026-08-30T02:03:32.751Z
hawkeye4,uniform_effect,complete,https://thanosvibs.money/api/characters/hawkeye4/skills,,2026-08-30T02:03:32.751Z
hawkeye5,leader,complete,https://thanosvibs.money/api/characters/hawkeye5/skills,,2026-08-30T02:03:32.751Z
hawkeye5,passive,complete,https://thanosvibs.money/api/characters/hawkeye5/skills,,2026-08-30T02:03:32.751Z
hawkeye5,uniform_effect,complete,https://thanosvibs.money/api/characters/hawkeye5/skills,,2026-08-30T02:03:32.751Z
hawkeye6,leader,complete,https://thanosvibs.money/api/characters/hawkeye6/skills,,2026-08-30T02:03:32.751Z
hawkeye6,passive,complete,https://thanosvibs.money/api/characters/hawkeye6/skills,,2026-08-30T02:03:32.751Z
hawkeye6,uniform_effect,complete,https://thanosvibs.money/api/characters/hawkeye6/skills,,2026-08-30T02:03:32.751Z
katebishop,leader,complete,https://thanosvibs.money/api/characters/katebishop/skills,,2026-08-30T02:03:32.751Z
katebishop,passive,complete,https://thanosvibs.money/api/characters/katebishop/skills,,2026-08-30T02:03:32.751Z
katebishop,uniform_effect,not_applicable,https://thanosvibs.money/api/characters/katebishop/skills,Base appearances do not have a uniform passive.,2026-08-30T02:03:32.751Z
katebishop1,leader,complete,https://thanosvibs.money/api/characters/katebishop1/skills,,2026-08-30T02:03:32.751Z
katebishop1,passive,complete,https://thanosvibs.money/api/characters/katebishop1/skills,,2026-08-30T02:03:32.751Z
katebishop1,uniform_effect,complete,https://thanosvibs.money/api/characters/katebishop1/skills,,2026-08-30T02:03:32.751Z
katebishop2,leader,complete,https://thanosvibs.money/api/characters/katebishop2/skills,,2026-08-30T02:03:32.751Z
katebishop2,passive,complete,https://thanosvibs.money/api/characters/katebishop2/skills,,2026-08-30T02:03:32.751Z
katebishop2,uniform_effect,complete,https://thanosvibs.money/api/characters/katebishop2/skills,,2026-08-30T02:03:32.751Z
hela,leader,complete,https://thanosvibs.money/api/characters/hela/skills,,2026-08-30T02:03:32.751Z
hela,passive,complete,https://thanosvibs.money/api/characters/hela/skills,,2026-08-30T02:03:32.751Z
hela,uniform_effect,not_applicable,https://thanosvibs.money/api/characters/hela/skills,Base appearances do not have a uniform passive.,2026-08-30T02:03:32.751Z
hela1,leader,complete,https://thanosvibs.money/api/characters/hela1/skills,,2026-08-30T02:03:32.751Z
hela1,passive,complete,https://thanosvibs.money/api/characters/hela1/skills,,2026-08-30T02:03:32.751Z
hela1,uniform_effect,complete,https://thanosvibs.money/api/characters/hela1/skills,,2026-08-30T02:03:32.751Z
hela2,leader,complete,https://thanosvibs.money/api/characters/hela2/skills,,2026-08-30T02:03:32.751Z
hela2,passive,complete,https://thanosvibs.money/api/characters/hela2/skills,,2026-08-30T02:03:32.751Z
hela2,uniform_effect,complete,https://thanosvibs.money/api/characters/hela2/skills,,2026-08-30T02:03:32.751Z
hela3,leader,complete,https://thanosvibs.money/api/characters/hela3/skills,,2026-08-30T02:03:32.751Z
hela3,passive,complete,https://thanosvibs.money/api/characters/hela3/skills,,2026-08-30T02:03:32.751Z
hela3,uniform_effect,complete,https://thanosvibs.money/api/characters/hela3/skills,,2026-08-30T02:03:32.751Z
hellcat,leader,complete,https://thanosvibs.money/api/characters/hellcat/skills,,2026-08-30T02:03:32.751Z
hellcat,passive,complete,https://thanosvibs.money/api/characters/hellcat/skills,,2026-08-30T02:03:32.751Z
hellcat,uniform_effect,not_applicable,https://thanosvibs.money/api/characters/hellcat/skills,Base appearances do not have a uniform passive.,2026-08-30T02:03:32.751Z
hellstorm,leader,complete,https://thanosvibs.money/api/characters/hellstorm/skills,,2026-08-30T02:03:32.751Z
hellstorm,passive,complete,https://thanosvibs.money/api/characters/hellstorm/skills,,2026-08-30T02:03:32.751Z
hellstorm,uniform_effect,not_applicable,https://thanosvibs.money/api/characters/hellstorm/skills,Base appearances do not have a uniform passive.,2026-08-30T02:03:32.751Z
hellstorm1,leader,complete,https://thanosvibs.money/api/characters/hellstorm1/skills,,2026-08-30T02:03:32.751Z
hellstorm1,passive,complete,https://thanosvibs.money/api/characters/hellstorm1/skills,,2026-08-30T02:03:32.751Z
hellstorm1,uniform_effect,complete,https://thanosvibs.money/api/characters/hellstorm1/skills,,2026-08-30T02:03:32.751Z
hogun,leader,complete,https://thanosvibs.money/api/characters/hogun/skills,,2026-08-30T02:03:32.751Z
hogun,passive,complete,https://thanosvibs.money/api/characters/hogun/skills,,2026-08-30T02:03:32.751Z
hogun,uniform_effect,not_applicable,https://thanosvibs.money/api/characters/hogun/skills,Base appearances do not have a uniform passive.,2026-08-30T02:03:32.751Z
hulkbuster,leader,complete,https://thanosvibs.money/api/characters/hulkbuster/skills,,2026-08-30T02:03:32.751Z
hulkbuster,passive,complete,https://thanosvibs.money/api/characters/hulkbuster/skills,,2026-08-30T02:03:32.751Z
hulkbuster,uniform_effect,not_applicable,https://thanosvibs.money/api/characters/hulkbuster/skills,Base appearances do not have a uniform passive.,2026-08-30T02:03:32.751Z
hulkbuster1,leader,complete,https://thanosvibs.money/api/characters/hulkbuster1/skills,,2026-08-30T02:03:32.751Z
hulkbuster1,passive,complete,https://thanosvibs.money/api/characters/hulkbuster1/skills,,2026-08-30T02:03:32.751Z
hulkbuster1,uniform_effect,complete,https://thanosvibs.money/api/characters/hulkbuster1/skills,,2026-08-30T02:03:32.751Z
hulkbuster2,leader,complete,https://thanosvibs.money/api/characters/hulkbuster2/skills,,2026-08-30T02:03:32.751Z
hulkbuster2,passive,complete,https://thanosvibs.money/api/characters/hulkbuster2/skills,,2026-08-30T02:03:32.751Z
hulkbuster2,uniform_effect,complete,https://thanosvibs.money/api/characters/hulkbuster2/skills,,2026-08-30T02:03:32.751Z
hulkbuster3,leader,complete,https://thanosvibs.money/api/characters/hulkbuster3/skills,,2026-08-30T02:03:32.751Z
hulkbuster3,passive,complete,https://thanosvibs.money/api/characters/hulkbuster3/skills,,2026-08-30T02:03:32.751Z
hulkbuster3,uniform_effect,complete,https://thanosvibs.money/api/characters/hulkbuster3/skills,,2026-08-30T02:03:32.751Z
hulkbuster4,leader,complete,https://thanosvibs.money/api/characters/hulkbuster4/skills,,2026-08-30T02:03:32.751Z
hulkbuster4,passive,complete,https://thanosvibs.money/api/characters/hulkbuster4/skills,,2026-08-30T02:03:32.751Z
hulkbuster4,uniform_effect,complete,https://thanosvibs.money/api/characters/hulkbuster4/skills,,2026-08-30T02:03:32.751Z
hulkling,leader,complete,https://thanosvibs.money/api/characters/hulkling/skills,,2026-08-30T02:03:32.751Z
hulkling,passive,complete,https://thanosvibs.money/api/characters/hulkling/skills,,2026-08-30T02:03:32.751Z
hulkling,uniform_effect,not_applicable,https://thanosvibs.money/api/characters/hulkling/skills,Base appearances do not have a uniform passive.,2026-08-30T02:03:32.751Z
humantorch,leader,complete,https://thanosvibs.money/api/characters/humantorch/skills,,2026-08-30T02:03:32.751Z
humantorch,passive,complete,https://thanosvibs.money/api/characters/humantorch/skills,,2026-08-30T02:03:32.751Z
humantorch,uniform_effect,not_applicable,https://thanosvibs.money/api/characters/humantorch/skills,Base appearances do not have a uniform passive.,2026-08-30T02:03:32.751Z
humantorch1,leader,complete,https://thanosvibs.money/api/characters/humantorch1/skills,,2026-08-30T02:03:32.751Z
humantorch1,passive,complete,https://thanosvibs.money/api/characters/humantorch1/skills,,2026-08-30T02:03:32.751Z
humantorch1,uniform_effect,complete,https://thanosvibs.money/api/characters/humantorch1/skills,,2026-08-30T02:03:32.751Z
humantorch2,leader,complete,https://thanosvibs.money/api/characters/humantorch2/skills,,2026-08-30T02:03:32.751Z
humantorch2,passive,complete,https://thanosvibs.money/api/characters/humantorch2/skills,,2026-08-30T02:03:32.751Z
humantorch2,uniform_effect,complete,https://thanosvibs.money/api/characters/humantorch2/skills,,2026-08-30T02:03:32.751Z
humantorch3,leader,complete,https://thanosvibs.money/api/characters/humantorch3/skills,,2026-08-30T02:03:32.751Z
humantorch3,passive,complete,https://thanosvibs.money/api/characters/humantorch3/skills,,2026-08-30T02:03:32.751Z
humantorch3,uniform_effect,complete,https://thanosvibs.money/api/characters/humantorch3/skills,,2026-08-30T02:03:32.751Z
humantorch4,leader,complete,https://thanosvibs.money/api/characters/humantorch4/skills,,2026-08-30T02:03:32.751Z
humantorch4,passive,complete,https://thanosvibs.money/api/characters/humantorch4/skills,,2026-08-30T02:03:32.751Z
humantorch4,uniform_effect,complete,https://thanosvibs.money/api/characters/humantorch4/skills,,2026-08-30T02:03:32.751Z
hydroman,leader,complete,https://thanosvibs.money/api/characters/hydroman/skills,,2026-08-30T02:03:32.751Z
hydroman,passive,complete,https://thanosvibs.money/api/characters/hydroman/skills,,2026-08-30T02:03:32.751Z
hydroman,uniform_effect,not_applicable,https://thanosvibs.money/api/characters/hydroman/skills,Base appearances do not have a uniform passive.,2026-08-30T02:03:32.751Z
hyperion,leader,complete,https://thanosvibs.money/api/characters/hyperion/skills,,2026-08-30T02:03:32.751Z
hyperion,passive,complete,https://thanosvibs.money/api/characters/hyperion/skills,,2026-08-30T02:03:32.751Z
hyperion,uniform_effect,not_applicable,https://thanosvibs.money/api/characters/hyperion/skills,Base appearances do not have a uniform passive.,2026-08-30T02:03:32.751Z
hyperion1,leader,complete,https://thanosvibs.money/api/characters/hyperion1/skills,,2026-08-30T02:03:32.751Z
hyperion1,passive,complete,https://thanosvibs.money/api/characters/hyperion1/skills,,2026-08-30T02:03:32.751Z
hyperion1,uniform_effect,complete,https://thanosvibs.money/api/characters/hyperion1/skills,,2026-08-30T02:03:32.751Z
hyperion2,leader,complete,https://thanosvibs.money/api/characters/hyperion2/skills,,2026-08-30T02:03:32.751Z
hyperion2,passive,complete,https://thanosvibs.money/api/characters/hyperion2/skills,,2026-08-30T02:03:32.751Z
hyperion2,uniform_effect,complete,https://thanosvibs.money/api/characters/hyperion2/skills,,2026-08-30T02:03:32.751Z
iceman,leader,complete,https://thanosvibs.money/api/characters/iceman/skills,,2026-08-30T02:03:32.751Z
iceman,passive,complete,https://thanosvibs.money/api/characters/iceman/skills,,2026-08-30T02:03:32.751Z
iceman,uniform_effect,not_applicable,https://thanosvibs.money/api/characters/iceman/skills,Base appearances do not have a uniform passive.,2026-08-30T02:03:32.751Z
iceman1,leader,complete,https://thanosvibs.money/api/characters/iceman1/skills,,2026-08-30T02:03:32.751Z
iceman1,passive,complete,https://thanosvibs.money/api/characters/iceman1/skills,,2026-08-30T02:03:32.751Z
iceman1,uniform_effect,complete,https://thanosvibs.money/api/characters/iceman1/skills,,2026-08-30T02:03:32.751Z
iceman2,leader,complete,https://thanosvibs.money/api/characters/iceman2/skills,,2026-08-30T02:03:32.751Z
iceman2,passive,complete,https://thanosvibs.money/api/characters/iceman2/skills,,2026-08-30T02:03:32.751Z
iceman2,uniform_effect,complete,https://thanosvibs.money/api/characters/iceman2/skills,,2026-08-30T02:03:32.751Z
inferno,leader,complete,https://thanosvibs.money/api/characters/inferno/skills,,2026-08-30T02:03:32.751Z
inferno,passive,complete,https://thanosvibs.money/api/characters/inferno/skills,,2026-08-30T02:03:32.751Z
inferno,uniform_effect,not_applicable,https://thanosvibs.money/api/characters/inferno/skills,Base appearances do not have a uniform passive.,2026-08-30T02:03:32.751Z
inferno1,leader,complete,https://thanosvibs.money/api/characters/inferno1/skills,,2026-08-30T02:03:32.751Z
inferno1,passive,complete,https://thanosvibs.money/api/characters/inferno1/skills,,2026-08-30T02:03:32.751Z
inferno1,uniform_effect,complete,https://thanosvibs.money/api/characters/inferno1/skills,,2026-08-30T02:03:32.751Z
invisiblewoman,leader,complete,https://thanosvibs.money/api/characters/invisiblewoman/skills,,2026-08-30T02:03:32.751Z
invisiblewoman,passive,complete,https://thanosvibs.money/api/characters/invisiblewoman/skills,,2026-08-30T02:03:32.751Z
invisiblewoman,uniform_effect,not_applicable,https://thanosvibs.money/api/characters/invisiblewoman/skills,Base appearances do not have a uniform passive.,2026-08-30T02:03:32.751Z
invisiblewoman1,leader,complete,https://thanosvibs.money/api/characters/invisiblewoman1/skills,,2026-08-30T02:03:32.751Z
invisiblewoman1,passive,complete,https://thanosvibs.money/api/characters/invisiblewoman1/skills,,2026-08-30T02:03:32.751Z
invisiblewoman1,uniform_effect,complete,https://thanosvibs.money/api/characters/invisiblewoman1/skills,,2026-08-30T02:03:32.751Z
invisiblewoman2,leader,complete,https://thanosvibs.money/api/characters/invisiblewoman2/skills,,2026-08-30T02:03:32.751Z
invisiblewoman2,passive,complete,https://thanosvibs.money/api/characters/invisiblewoman2/skills,,2026-08-30T02:03:32.751Z
invisiblewoman2,uniform_effect,complete,https://thanosvibs.money/api/characters/invisiblewoman2/skills,,2026-08-30T02:03:32.751Z
invisiblewoman3,leader,complete,https://thanosvibs.money/api/characters/invisiblewoman3/skills,,2026-08-30T02:03:32.751Z
invisiblewoman3,passive,complete,https://thanosvibs.money/api/characters/invisiblewoman3/skills,,2026-08-30T02:03:32.751Z
invisiblewoman3,uniform_effect,complete,https://thanosvibs.money/api/characters/invisiblewoman3/skills,,2026-08-30T02:03:32.751Z
invisiblewoman4,leader,complete,https://thanosvibs.money/api/characters/invisiblewoman4/skills,,2026-08-30T02:03:32.751Z
invisiblewoman4,passive,complete,https://thanosvibs.money/api/characters/invisiblewoman4/skills,,2026-08-30T02:03:32.751Z
invisiblewoman4,uniform_effect,complete,https://thanosvibs.money/api/characters/invisiblewoman4/skills,,2026-08-30T02:03:32.751Z
ironhammer,leader,complete,https://thanosvibs.money/api/characters/ironhammer/skills,,2026-08-30T02:03:32.751Z
ironhammer,passive,complete,https://thanosvibs.money/api/characters/ironhammer/skills,,2026-08-30T02:03:32.751Z
ironhammer,uniform_effect,not_applicable,https://thanosvibs.money/api/characters/ironhammer/skills,Base appearances do not have a uniform passive.,2026-08-30T02:03:32.751Z
ironheart,leader,complete,https://thanosvibs.money/api/characters/ironheart/skills,,2026-08-30T02:03:32.751Z
ironheart,passive,complete,https://thanosvibs.money/api/characters/ironheart/skills,,2026-08-30T02:03:32.751Z
ironheart,uniform_effect,not_applicable,https://thanosvibs.money/api/characters/ironheart/skills,Base appearances do not have a uniform passive.,2026-08-30T02:03:32.751Z
ironheart1,leader,complete,https://thanosvibs.money/api/characters/ironheart1/skills,,2026-08-30T02:03:32.751Z
ironheart1,passive,complete,https://thanosvibs.money/api/characters/ironheart1/skills,,2026-08-30T02:03:32.751Z
ironheart1,uniform_effect,complete,https://thanosvibs.money/api/characters/ironheart1/skills,,2026-08-30T02:03:32.751Z
ironheart2,leader,complete,https://thanosvibs.money/api/characters/ironheart2/skills,,2026-08-30T02:03:32.751Z
ironheart2,passive,complete,https://thanosvibs.money/api/characters/ironheart2/skills,,2026-08-30T02:03:32.751Z
ironheart2,uniform_effect,complete,https://thanosvibs.money/api/characters/ironheart2/skills,,2026-08-30T02:03:32.751Z
jubilee,leader,complete,https://thanosvibs.money/api/characters/jubilee/skills,,2026-08-30T02:03:32.751Z
jubilee,passive,complete,https://thanosvibs.money/api/characters/jubilee/skills,,2026-08-30T02:03:32.751Z
jubilee,uniform_effect,not_applicable,https://thanosvibs.money/api/characters/jubilee/skills,Base appearances do not have a uniform passive.,2026-08-30T02:03:32.751Z
jubilee1,leader,complete,https://thanosvibs.money/api/characters/jubilee1/skills,,2026-08-30T02:03:32.751Z
jubilee1,passive,complete,https://thanosvibs.money/api/characters/jubilee1/skills,,2026-08-30T02:03:32.751Z
jubilee1,uniform_effect,complete,https://thanosvibs.money/api/characters/jubilee1/skills,,2026-08-30T02:03:32.751Z
juggernaut,leader,complete,https://thanosvibs.money/api/characters/juggernaut/skills,,2026-08-30T02:03:32.751Z
juggernaut,passive,complete,https://thanosvibs.money/api/characters/juggernaut/skills,,2026-08-30T02:03:32.751Z
juggernaut,uniform_effect,not_applicable,https://thanosvibs.money/api/characters/juggernaut/skills,Base appearances do not have a uniform passive.,2026-08-30T02:03:32.751Z
juggernaut1,leader,complete,https://thanosvibs.money/api/characters/juggernaut1/skills,,2026-08-30T02:03:32.751Z
juggernaut1,passive,complete,https://thanosvibs.money/api/characters/juggernaut1/skills,,2026-08-30T02:03:32.751Z
juggernaut1,uniform_effect,complete,https://thanosvibs.money/api/characters/juggernaut1/skills,,2026-08-30T02:03:32.751Z
juggernaut2,leader,complete,https://thanosvibs.money/api/characters/juggernaut2/skills,,2026-08-30T02:03:32.751Z
juggernaut2,passive,complete,https://thanosvibs.money/api/characters/juggernaut2/skills,,2026-08-30T02:03:32.751Z
juggernaut2,uniform_effect,complete,https://thanosvibs.money/api/characters/juggernaut2/skills,,2026-08-30T02:03:32.751Z
kaecilius,leader,complete,https://thanosvibs.money/api/characters/kaecilius/skills,,2026-08-30T02:03:32.751Z
kaecilius,passive,complete,https://thanosvibs.money/api/characters/kaecilius/skills,,2026-08-30T02:03:32.751Z
kaecilius,uniform_effect,not_applicable,https://thanosvibs.money/api/characters/kaecilius/skills,Base appearances do not have a uniform passive.,2026-08-30T02:03:32.751Z
karnak,leader,complete,https://thanosvibs.money/api/characters/karnak/skills,,2026-08-30T02:03:32.751Z
karnak,passive,complete,https://thanosvibs.money/api/characters/karnak/skills,,2026-08-30T02:03:32.751Z
karnak,uniform_effect,not_applicable,https://thanosvibs.money/api/characters/karnak/skills,Base appearances do not have a uniform passive.,2026-08-30T02:03:32.751Z
karnak1,leader,complete,https://thanosvibs.money/api/characters/karnak1/skills,,2026-08-30T02:03:32.751Z
karnak1,passive,complete,https://thanosvibs.money/api/characters/karnak1/skills,,2026-08-30T02:03:32.751Z
karnak1,uniform_effect,complete,https://thanosvibs.money/api/characters/karnak1/skills,,2026-08-30T02:03:32.751Z
kidkaiju,leader,complete,https://thanosvibs.money/api/characters/kidkaiju/skills,,2026-08-30T02:03:32.751Z
kidkaiju,passive,complete,https://thanosvibs.money/api/characters/kidkaiju/skills,,2026-08-30T02:03:32.751Z
kidkaiju,uniform_effect,not_applicable,https://thanosvibs.money/api/characters/kidkaiju/skills,Base appearances do not have a uniform passive.,2026-08-30T02:03:32.751Z
kidkaiju1,leader,complete,https://thanosvibs.money/api/characters/kidkaiju1/skills,,2026-08-30T02:03:32.751Z
kidkaiju1,passive,complete,https://thanosvibs.money/api/characters/kidkaiju1/skills,,2026-08-30T02:03:32.751Z
kidkaiju1,uniform_effect,complete,https://thanosvibs.money/api/characters/kidkaiju1/skills,,2026-08-30T02:03:32.751Z
kidomega,leader,complete,https://thanosvibs.money/api/characters/kidomega/skills,,2026-08-30T02:03:32.751Z
kidomega,passive,complete,https://thanosvibs.money/api/characters/kidomega/skills,,2026-08-30T02:03:32.751Z
kidomega,uniform_effect,not_applicable,https://thanosvibs.money/api/characters/kidomega/skills,Base appearances do not have a uniform passive.,2026-08-30T02:03:32.751Z
kidomega1,leader,complete,https://thanosvibs.money/api/characters/kidomega1/skills,,2026-08-30T02:03:32.751Z
kidomega1,passive,complete,https://thanosvibs.money/api/characters/kidomega1/skills,,2026-08-30T02:03:32.751Z
kidomega1,uniform_effect,complete,https://thanosvibs.money/api/characters/kidomega1/skills,,2026-08-30T02:03:32.751Z
killmonger,leader,complete,https://thanosvibs.money/api/characters/killmonger/skills,,2026-08-30T02:03:32.751Z
killmonger,passive,complete,https://thanosvibs.money/api/characters/killmonger/skills,,2026-08-30T02:03:32.751Z
killmonger,uniform_effect,not_applicable,https://thanosvibs.money/api/characters/killmonger/skills,Base appearances do not have a uniform passive.,2026-08-30T02:03:32.751Z
killmonger1,leader,complete,https://thanosvibs.money/api/characters/killmonger1/skills,,2026-08-30T02:03:32.751Z
killmonger1,passive,complete,https://thanosvibs.money/api/characters/killmonger1/skills,,2026-08-30T02:03:32.751Z
killmonger1,uniform_effect,complete,https://thanosvibs.money/api/characters/killmonger1/skills,,2026-08-30T02:03:32.751Z
kingpin,leader,complete,https://thanosvibs.money/api/characters/kingpin/skills,,2026-08-30T02:03:32.751Z
kingpin,passive,complete,https://thanosvibs.money/api/characters/kingpin/skills,,2026-08-30T02:03:32.751Z
kingpin,uniform_effect,not_applicable,https://thanosvibs.money/api/characters/kingpin/skills,Base appearances do not have a uniform passive.,2026-08-30T02:03:32.751Z
kingpin1,leader,complete,https://thanosvibs.money/api/characters/kingpin1/skills,,2026-08-30T02:03:32.751Z
kingpin1,passive,complete,https://thanosvibs.money/api/characters/kingpin1/skills,,2026-08-30T02:03:32.751Z
kingpin1,uniform_effect,complete,https://thanosvibs.money/api/characters/kingpin1/skills,,2026-08-30T02:03:32.751Z
kingpin2,leader,complete,https://thanosvibs.money/api/characters/kingpin2/skills,,2026-08-30T02:03:32.751Z
kingpin2,passive,complete,https://thanosvibs.money/api/characters/kingpin2/skills,,2026-08-30T02:03:32.751Z
kingpin2,uniform_effect,complete,https://thanosvibs.money/api/characters/kingpin2/skills,,2026-08-30T02:03:32.751Z
kingpin3,leader,complete,https://thanosvibs.money/api/characters/kingpin3/skills,,2026-08-30T02:03:32.751Z
kingpin3,passive,complete,https://thanosvibs.money/api/characters/kingpin3/skills,,2026-08-30T02:03:32.751Z
kingpin3,uniform_effect,complete,https://thanosvibs.money/api/characters/kingpin3/skills,,2026-08-30T02:03:32.751Z
kittypryde,leader,complete,https://thanosvibs.money/api/characters/kittypryde/skills,,2026-08-30T02:03:32.751Z
kittypryde,passive,complete,https://thanosvibs.money/api/characters/kittypryde/skills,,2026-08-30T02:03:32.751Z
kittypryde,uniform_effect,not_applicable,https://thanosvibs.money/api/characters/kittypryde/skills,Base appearances do not have a uniform passive.,2026-08-30T02:03:32.751Z
kittypryde1,leader,complete,https://thanosvibs.money/api/characters/kittypryde1/skills,,2026-08-30T02:03:32.751Z
kittypryde1,passive,complete,https://thanosvibs.money/api/characters/kittypryde1/skills,,2026-08-30T02:03:32.751Z
kittypryde1,uniform_effect,complete,https://thanosvibs.money/api/characters/kittypryde1/skills,,2026-08-30T02:03:32.751Z
korath,leader,complete,https://thanosvibs.money/api/characters/korath/skills,,2026-08-30T02:03:32.751Z
korath,passive,complete,https://thanosvibs.money/api/characters/korath/skills,,2026-08-30T02:03:32.751Z
korath,uniform_effect,not_applicable,https://thanosvibs.money/api/characters/korath/skills,Base appearances do not have a uniform passive.,2026-08-30T02:03:32.751Z
kraventhehunter,leader,complete,https://thanosvibs.money/api/characters/kraventhehunter/skills,,2026-08-30T02:03:32.751Z
kraventhehunter,passive,complete,https://thanosvibs.money/api/characters/kraventhehunter/skills,,2026-08-30T02:03:32.751Z
kraventhehunter,uniform_effect,not_applicable,https://thanosvibs.money/api/characters/kraventhehunter/skills,Base appearances do not have a uniform passive.,2026-08-30T02:03:32.751Z
kraventhehunter1,leader,complete,https://thanosvibs.money/api/characters/kraventhehunter1/skills,,2026-08-30T02:03:32.751Z
kraventhehunter1,passive,complete,https://thanosvibs.money/api/characters/kraventhehunter1/skills,,2026-08-30T02:03:32.751Z
kraventhehunter1,uniform_effect,complete,https://thanosvibs.money/api/characters/kraventhehunter1/skills,,2026-08-30T02:03:32.751Z
lash,leader,complete,https://thanosvibs.money/api/characters/lash/skills,,2026-08-30T02:03:32.751Z
lash,passive,complete,https://thanosvibs.money/api/characters/lash/skills,,2026-08-30T02:03:32.751Z
lash,uniform_effect,not_applicable,https://thanosvibs.money/api/characters/lash/skills,Base appearances do not have a uniform passive.,2026-08-30T02:03:32.751Z
lash1,leader,complete,https://thanosvibs.money/api/characters/lash1/skills,,2026-08-30T02:03:32.751Z
lash1,passive,complete,https://thanosvibs.money/api/characters/lash1/skills,,2026-08-30T02:03:32.751Z
lash1,uniform_effect,complete,https://thanosvibs.money/api/characters/lash1/skills,,2026-08-30T02:03:32.751Z
lincolncampbell,leader,complete,https://thanosvibs.money/api/characters/lincolncampbell/skills,,2026-08-30T02:03:32.751Z
lincolncampbell,passive,complete,https://thanosvibs.money/api/characters/lincolncampbell/skills,,2026-08-30T02:03:32.751Z
lincolncampbell,uniform_effect,not_applicable,https://thanosvibs.money/api/characters/lincolncampbell/skills,Base appearances do not have a uniform passive.,2026-08-30T02:03:32.751Z
lizard,leader,complete,https://thanosvibs.money/api/characters/lizard/skills,,2026-08-30T02:03:32.751Z
lizard,passive,complete,https://thanosvibs.money/api/characters/lizard/skills,,2026-08-30T02:03:32.751Z
lizard,uniform_effect,not_applicable,https://thanosvibs.money/api/characters/lizard/skills,Base appearances do not have a uniform passive.,2026-08-30T02:03:32.751Z
modok,leader,complete,https://thanosvibs.money/api/characters/modok/skills,,2026-08-30T02:03:32.751Z
modok,passive,complete,https://thanosvibs.money/api/characters/modok/skills,,2026-08-30T02:03:32.751Z
modok,uniform_effect,not_applicable,https://thanosvibs.money/api/characters/modok/skills,Base appearances do not have a uniform passive.,2026-08-30T02:03:32.751Z
modok1,leader,complete,https://thanosvibs.money/api/characters/modok1/skills,,2026-08-30T02:03:32.751Z
modok1,passive,complete,https://thanosvibs.money/api/characters/modok1/skills,,2026-08-30T02:03:32.751Z
modok1,uniform_effect,complete,https://thanosvibs.money/api/characters/modok1/skills,,2026-08-30T02:03:32.751Z
modok2,leader,complete,https://thanosvibs.money/api/characters/modok2/skills,,2026-08-30T02:03:32.751Z
modok2,passive,complete,https://thanosvibs.money/api/characters/modok2/skills,,2026-08-30T02:03:32.751Z
modok2,uniform_effect,complete,https://thanosvibs.money/api/characters/modok2/skills,,2026-08-30T02:03:32.751Z
modok3,leader,complete,https://thanosvibs.money/api/characters/modok3/skills,,2026-08-30T02:03:32.751Z
modok3,passive,complete,https://thanosvibs.money/api/characters/modok3/skills,,2026-08-30T02:03:32.751Z
modok3,uniform_effect,complete,https://thanosvibs.money/api/characters/modok3/skills,,2026-08-30T02:03:32.751Z
magik,leader,complete,https://thanosvibs.money/api/characters/magik/skills,,2026-08-30T02:03:32.751Z
magik,passive,complete,https://thanosvibs.money/api/characters/magik/skills,,2026-08-30T02:03:32.751Z
magik,uniform_effect,not_applicable,https://thanosvibs.money/api/characters/magik/skills,Base appearances do not have a uniform passive.,2026-08-30T02:03:32.751Z
magik1,leader,complete,https://thanosvibs.money/api/characters/magik1/skills,,2026-08-30T02:03:32.751Z
magik1,passive,complete,https://thanosvibs.money/api/characters/magik1/skills,,2026-08-30T02:03:32.751Z
magik1,uniform_effect,complete,https://thanosvibs.money/api/characters/magik1/skills,,2026-08-30T02:03:32.751Z
magik2,leader,complete,https://thanosvibs.money/api/characters/magik2/skills,,2026-08-30T02:03:32.751Z
magik2,passive,complete,https://thanosvibs.money/api/characters/magik2/skills,,2026-08-30T02:03:32.751Z
magik2,uniform_effect,complete,https://thanosvibs.money/api/characters/magik2/skills,,2026-08-30T02:03:32.751Z
magik3,leader,complete,https://thanosvibs.money/api/characters/magik3/skills,,2026-08-30T02:03:32.751Z
magik3,passive,complete,https://thanosvibs.money/api/characters/magik3/skills,,2026-08-30T02:03:32.751Z
magik3,uniform_effect,complete,https://thanosvibs.money/api/characters/magik3/skills,,2026-08-30T02:03:32.751Z
malekith,leader,complete,https://thanosvibs.money/api/characters/malekith/skills,,2026-08-30T02:03:32.751Z
malekith,passive,complete,https://thanosvibs.money/api/characters/malekith/skills,,2026-08-30T02:03:32.751Z
malekith,uniform_effect,not_applicable,https://thanosvibs.money/api/characters/malekith/skills,Base appearances do not have a uniform passive.,2026-08-30T02:03:32.751Z
malekith1,leader,complete,https://thanosvibs.money/api/characters/malekith1/skills,,2026-08-30T02:03:32.751Z
malekith1,passive,complete,https://thanosvibs.money/api/characters/malekith1/skills,,2026-08-30T02:03:32.751Z
malekith1,uniform_effect,complete,https://thanosvibs.money/api/characters/malekith1/skills,,2026-08-30T02:03:32.751Z
malekith2,leader,complete,https://thanosvibs.money/api/characters/malekith2/skills,,2026-08-30T02:03:32.751Z
malekith2,passive,complete,https://thanosvibs.money/api/characters/malekith2/skills,,2026-08-30T02:03:32.751Z
malekith2,uniform_effect,complete,https://thanosvibs.money/api/characters/malekith2/skills,,2026-08-30T02:03:32.751Z
mantis,leader,complete,https://thanosvibs.money/api/characters/mantis/skills,,2026-08-30T02:03:32.751Z
mantis,passive,complete,https://thanosvibs.money/api/characters/mantis/skills,,2026-08-30T02:03:32.751Z
mantis,uniform_effect,not_applicable,https://thanosvibs.money/api/characters/mantis/skills,Base appearances do not have a uniform passive.,2026-08-30T02:03:32.751Z
mantis1,leader,complete,https://thanosvibs.money/api/characters/mantis1/skills,,2026-08-30T02:03:32.751Z
mantis1,passive,complete,https://thanosvibs.money/api/characters/mantis1/skills,,2026-08-30T02:03:32.751Z
mantis1,uniform_effect,complete,https://thanosvibs.money/api/characters/mantis1/skills,,2026-08-30T02:03:32.751Z
maximus,leader,complete,https://thanosvibs.money/api/characters/maximus/skills,,2026-08-30T02:03:32.751Z
maximus,passive,complete,https://thanosvibs.money/api/characters/maximus/skills,,2026-08-30T02:03:32.751Z
maximus,uniform_effect,not_applicable,https://thanosvibs.money/api/characters/maximus/skills,Base appearances do not have a uniform passive.,2026-08-30T02:03:32.751Z
minn-erva,leader,complete,https://thanosvibs.money/api/characters/minn-erva/skills,,2026-08-30T02:03:32.751Z
minn-erva,passive,complete,https://thanosvibs.money/api/characters/minn-erva/skills,,2026-08-30T02:03:32.751Z
minn-erva,uniform_effect,not_applicable,https://thanosvibs.money/api/characters/minn-erva/skills,Base appearances do not have a uniform passive.,2026-08-30T02:03:32.751Z
minn-erva1,leader,complete,https://thanosvibs.money/api/characters/minn-erva1/skills,,2026-08-30T02:03:32.751Z
minn-erva1,passive,complete,https://thanosvibs.money/api/characters/minn-erva1/skills,,2026-08-30T02:03:32.751Z
minn-erva1,uniform_effect,complete,https://thanosvibs.money/api/characters/minn-erva1/skills,,2026-08-30T02:03:32.751Z
mistersinister,leader,complete,https://thanosvibs.money/api/characters/mistersinister/skills,,2026-08-30T02:03:32.751Z
mistersinister,passive,complete,https://thanosvibs.money/api/characters/mistersinister/skills,,2026-08-30T02:03:32.751Z
mistersinister,uniform_effect,not_applicable,https://thanosvibs.money/api/characters/mistersinister/skills,Base appearances do not have a uniform passive.,2026-08-30T02:03:32.751Z
mistersinister1,leader,complete,https://thanosvibs.money/api/characters/mistersinister1/skills,,2026-08-30T02:03:32.751Z
mistersinister1,passive,complete,https://thanosvibs.money/api/characters/mistersinister1/skills,,2026-08-30T02:03:32.751Z
mistersinister1,uniform_effect,complete,https://thanosvibs.money/api/characters/mistersinister1/skills,,2026-08-30T02:03:32.751Z
mistyknight,leader,complete,https://thanosvibs.money/api/characters/mistyknight/skills,,2026-08-30T02:03:32.751Z
mistyknight,passive,complete,https://thanosvibs.money/api/characters/mistyknight/skills,,2026-08-30T02:03:32.751Z
mistyknight,uniform_effect,not_applicable,https://thanosvibs.money/api/characters/mistyknight/skills,Base appearances do not have a uniform passive.,2026-08-30T02:03:32.751Z
mockingbird,leader,complete,https://thanosvibs.money/api/characters/mockingbird/skills,,2026-08-30T02:03:32.751Z
mockingbird,passive,complete,https://thanosvibs.money/api/characters/mockingbird/skills,,2026-08-30T02:03:32.751Z
mockingbird,uniform_effect,not_applicable,https://thanosvibs.money/api/characters/mockingbird/skills,Base appearances do not have a uniform passive.,2026-08-30T02:03:32.751Z
mockingbird1,leader,complete,https://thanosvibs.money/api/characters/mockingbird1/skills,,2026-08-30T02:03:32.751Z
mockingbird1,passive,complete,https://thanosvibs.money/api/characters/mockingbird1/skills,,2026-08-30T02:03:32.751Z
mockingbird1,uniform_effect,complete,https://thanosvibs.money/api/characters/mockingbird1/skills,,2026-08-30T02:03:32.751Z
mockingbird2,leader,complete,https://thanosvibs.money/api/characters/mockingbird2/skills,,2026-08-30T02:03:32.751Z
mockingbird2,passive,complete,https://thanosvibs.money/api/characters/mockingbird2/skills,,2026-08-30T02:03:32.751Z
mockingbird2,uniform_effect,complete,https://thanosvibs.money/api/characters/mockingbird2/skills,,2026-08-30T02:03:32.751Z
moltenman,leader,complete,https://thanosvibs.money/api/characters/moltenman/skills,,2026-08-30T02:03:32.751Z
moltenman,passive,complete,https://thanosvibs.money/api/characters/moltenman/skills,,2026-08-30T02:03:32.751Z
moltenman,uniform_effect,not_applicable,https://thanosvibs.money/api/characters/moltenman/skills,Base appearances do not have a uniform passive.,2026-08-30T02:03:32.751Z
moongirl,leader,complete,https://thanosvibs.money/api/characters/moongirl/skills,,2026-08-30T02:03:32.751Z
moongirl,passive,complete,https://thanosvibs.money/api/characters/moongirl/skills,,2026-08-30T02:03:32.751Z
moongirl,uniform_effect,not_applicable,https://thanosvibs.money/api/characters/moongirl/skills,Base appearances do not have a uniform passive.,2026-08-30T02:03:32.751Z
moongirl1,leader,complete,https://thanosvibs.money/api/characters/moongirl1/skills,,2026-08-30T02:03:32.751Z
moongirl1,passive,complete,https://thanosvibs.money/api/characters/moongirl1/skills,,2026-08-30T02:03:32.751Z
moongirl1,uniform_effect,complete,https://thanosvibs.money/api/characters/moongirl1/skills,,2026-08-30T02:03:32.751Z
morganlefay,leader,complete,https://thanosvibs.money/api/characters/morganlefay/skills,,2026-08-30T02:03:32.751Z
morganlefay,passive,complete,https://thanosvibs.money/api/characters/morganlefay/skills,,2026-08-30T02:03:32.751Z
morganlefay,uniform_effect,not_applicable,https://thanosvibs.money/api/characters/morganlefay/skills,Base appearances do not have a uniform passive.,2026-08-30T02:03:32.751Z
morganlefay1,leader,complete,https://thanosvibs.money/api/characters/morganlefay1/skills,,2026-08-30T02:03:32.751Z
morganlefay1,passive,complete,https://thanosvibs.money/api/characters/morganlefay1/skills,,2026-08-30T02:03:32.751Z
morganlefay1,uniform_effect,complete,https://thanosvibs.money/api/characters/morganlefay1/skills,,2026-08-30T02:03:32.751Z
kamalakhan,leader,complete,https://thanosvibs.money/api/characters/kamalakhan/skills,,2026-08-30T02:03:32.751Z
kamalakhan,passive,complete,https://thanosvibs.money/api/characters/kamalakhan/skills,,2026-08-30T02:03:32.751Z
kamalakhan,uniform_effect,not_applicable,https://thanosvibs.money/api/characters/kamalakhan/skills,Base appearances do not have a uniform passive.,2026-08-30T02:03:32.751Z
kamalakhan1,leader,complete,https://thanosvibs.money/api/characters/kamalakhan1/skills,,2026-08-30T02:03:32.751Z
kamalakhan1,passive,complete,https://thanosvibs.money/api/characters/kamalakhan1/skills,,2026-08-30T02:03:32.751Z
kamalakhan1,uniform_effect,complete,https://thanosvibs.money/api/characters/kamalakhan1/skills,,2026-08-30T02:03:32.751Z
kamalakhan2,leader,complete,https://thanosvibs.money/api/characters/kamalakhan2/skills,,2026-08-30T02:03:32.751Z
kamalakhan2,passive,complete,https://thanosvibs.money/api/characters/kamalakhan2/skills,,2026-08-30T02:03:32.751Z
kamalakhan2,uniform_effect,complete,https://thanosvibs.money/api/characters/kamalakhan2/skills,,2026-08-30T02:03:32.751Z
kamalakhan3,leader,complete,https://thanosvibs.money/api/characters/kamalakhan3/skills,,2026-08-30T02:03:32.751Z
kamalakhan3,passive,complete,https://thanosvibs.money/api/characters/kamalakhan3/skills,,2026-08-30T02:03:32.751Z
kamalakhan3,uniform_effect,complete,https://thanosvibs.money/api/characters/kamalakhan3/skills,,2026-08-30T02:03:32.751Z
kamalakhan4,leader,complete,https://thanosvibs.money/api/characters/kamalakhan4/skills,,2026-08-30T02:03:32.751Z
kamalakhan4,passive,complete,https://thanosvibs.money/api/characters/kamalakhan4/skills,,2026-08-30T02:03:32.751Z
kamalakhan4,uniform_effect,complete,https://thanosvibs.money/api/characters/kamalakhan4/skills,,2026-08-30T02:03:32.751Z
kamalakhan5,leader,complete,https://thanosvibs.money/api/characters/kamalakhan5/skills,,2026-08-30T02:03:32.751Z
kamalakhan5,passive,complete,https://thanosvibs.money/api/characters/kamalakhan5/skills,,2026-08-30T02:03:32.751Z
kamalakhan5,uniform_effect,complete,https://thanosvibs.money/api/characters/kamalakhan5/skills,,2026-08-30T02:03:32.751Z
mysterio,leader,complete,https://thanosvibs.money/api/characters/mysterio/skills,,2026-08-30T02:03:32.751Z
mysterio,passive,complete,https://thanosvibs.money/api/characters/mysterio/skills,,2026-08-30T02:03:32.751Z
mysterio,uniform_effect,not_applicable,https://thanosvibs.money/api/characters/mysterio/skills,Base appearances do not have a uniform passive.,2026-08-30T02:03:32.751Z
mysterio1,leader,complete,https://thanosvibs.money/api/characters/mysterio1/skills,,2026-08-30T02:03:32.751Z
mysterio1,passive,complete,https://thanosvibs.money/api/characters/mysterio1/skills,,2026-08-30T02:03:32.751Z
mysterio1,uniform_effect,complete,https://thanosvibs.money/api/characters/mysterio1/skills,,2026-08-30T02:03:32.751Z
mysterio2,leader,complete,https://thanosvibs.money/api/characters/mysterio2/skills,,2026-08-30T02:03:32.751Z
mysterio2,passive,complete,https://thanosvibs.money/api/characters/mysterio2/skills,,2026-08-30T02:03:32.751Z
mysterio2,uniform_effect,complete,https://thanosvibs.money/api/characters/mysterio2/skills,,2026-08-30T02:03:32.751Z
nebula,leader,complete,https://thanosvibs.money/api/characters/nebula/skills,,2026-08-30T02:03:32.751Z
nebula,passive,complete,https://thanosvibs.money/api/characters/nebula/skills,,2026-08-30T02:03:32.751Z
nebula,uniform_effect,not_applicable,https://thanosvibs.money/api/characters/nebula/skills,Base appearances do not have a uniform passive.,2026-08-30T02:03:32.751Z
nebula1,leader,complete,https://thanosvibs.money/api/characters/nebula1/skills,,2026-08-30T02:03:32.751Z
nebula1,passive,complete,https://thanosvibs.money/api/characters/nebula1/skills,,2026-08-30T02:03:32.751Z
nebula1,uniform_effect,complete,https://thanosvibs.money/api/characters/nebula1/skills,,2026-08-30T02:03:32.751Z
nebula4,leader,complete,https://thanosvibs.money/api/characters/nebula4/skills,,2026-08-30T02:03:32.751Z
nebula4,passive,complete,https://thanosvibs.money/api/characters/nebula4/skills,,2026-08-30T02:03:32.751Z
nebula4,uniform_effect,complete,https://thanosvibs.money/api/characters/nebula4/skills,,2026-08-30T02:03:32.751Z
nebula5,leader,complete,https://thanosvibs.money/api/characters/nebula5/skills,,2026-08-30T02:03:32.751Z
nebula5,passive,complete,https://thanosvibs.money/api/characters/nebula5/skills,,2026-08-30T02:03:32.751Z
nebula5,uniform_effect,complete,https://thanosvibs.money/api/characters/nebula5/skills,,2026-08-30T02:03:32.751Z
nebula6,leader,complete,https://thanosvibs.money/api/characters/nebula6/skills,,2026-08-30T02:03:32.751Z
nebula6,passive,complete,https://thanosvibs.money/api/characters/nebula6/skills,,2026-08-30T02:03:32.751Z
nebula6,uniform_effect,complete,https://thanosvibs.money/api/characters/nebula6/skills,,2026-08-30T02:03:32.751Z
negasonicteenagewarhead,leader,complete,https://thanosvibs.money/api/characters/negasonicteenagewarhead/skills,,2026-08-30T02:03:32.751Z
negasonicteenagewarhead,passive,complete,https://thanosvibs.money/api/characters/negasonicteenagewarhead/skills,,2026-08-30T02:03:32.751Z
negasonicteenagewarhead,uniform_effect,not_applicable,https://thanosvibs.money/api/characters/negasonicteenagewarhead/skills,Base appearances do not have a uniform passive.,2026-08-30T02:03:32.751Z
nickfury1,leader,complete,https://thanosvibs.money/api/characters/nickfury1/skills,,2026-08-30T02:03:32.751Z
nickfury1,passive,complete,https://thanosvibs.money/api/characters/nickfury1/skills,,2026-08-30T02:03:32.751Z
nickfury1,uniform_effect,not_applicable,https://thanosvibs.money/api/characters/nickfury1/skills,Base appearances do not have a uniform passive.,2026-08-30T02:03:32.751Z
nickfury2,leader,complete,https://thanosvibs.money/api/characters/nickfury2/skills,,2026-08-30T02:03:32.751Z
nickfury2,passive,complete,https://thanosvibs.money/api/characters/nickfury2/skills,,2026-08-30T02:03:32.751Z
nickfury2,uniform_effect,complete,https://thanosvibs.money/api/characters/nickfury2/skills,,2026-08-30T02:03:32.751Z
nickfury3,leader,complete,https://thanosvibs.money/api/characters/nickfury3/skills,,2026-08-30T02:03:32.751Z
nickfury3,passive,complete,https://thanosvibs.money/api/characters/nickfury3/skills,,2026-08-30T02:03:32.751Z
nickfury3,uniform_effect,complete,https://thanosvibs.money/api/characters/nickfury3/skills,,2026-08-30T02:03:32.751Z
nickfury4,leader,complete,https://thanosvibs.money/api/characters/nickfury4/skills,,2026-08-30T02:03:32.751Z
nickfury4,passive,complete,https://thanosvibs.money/api/characters/nickfury4/skills,,2026-08-30T02:03:32.751Z
nickfury4,uniform_effect,complete,https://thanosvibs.money/api/characters/nickfury4/skills,,2026-08-30T02:03:32.751Z
nova,leader,complete,https://thanosvibs.money/api/characters/nova/skills,,2026-08-30T02:03:32.751Z
nova,passive,complete,https://thanosvibs.money/api/characters/nova/skills,,2026-08-30T02:03:32.751Z
nova,uniform_effect,not_applicable,https://thanosvibs.money/api/characters/nova/skills,Base appearances do not have a uniform passive.,2026-08-30T02:03:32.751Z
nova1,leader,complete,https://thanosvibs.money/api/characters/nova1/skills,,2026-08-30T02:03:32.751Z
nova1,passive,complete,https://thanosvibs.money/api/characters/nova1/skills,,2026-08-30T02:03:32.751Z
nova1,uniform_effect,complete,https://thanosvibs.money/api/characters/nova1/skills,,2026-08-30T02:03:32.751Z
samalexander,leader,complete,https://thanosvibs.money/api/characters/samalexander/skills,,2026-08-30T02:03:32.751Z
samalexander,passive,complete,https://thanosvibs.money/api/characters/samalexander/skills,,2026-08-30T02:03:32.751Z
samalexander,uniform_effect,not_applicable,https://thanosvibs.money/api/characters/samalexander/skills,Base appearances do not have a uniform passive.,2026-08-30T02:03:32.751Z
philcoulson,leader,complete,https://thanosvibs.money/api/characters/philcoulson/skills,,2026-08-30T02:03:32.751Z
philcoulson,passive,complete,https://thanosvibs.money/api/characters/philcoulson/skills,,2026-08-30T02:03:32.751Z
philcoulson,uniform_effect,not_applicable,https://thanosvibs.money/api/characters/philcoulson/skills,Base appearances do not have a uniform passive.,2026-08-30T02:03:32.751Z
philcoulson1,leader,complete,https://thanosvibs.money/api/characters/philcoulson1/skills,,2026-08-30T02:03:32.751Z
philcoulson1,passive,complete,https://thanosvibs.money/api/characters/philcoulson1/skills,,2026-08-30T02:03:32.751Z
philcoulson1,uniform_effect,complete,https://thanosvibs.money/api/characters/philcoulson1/skills,,2026-08-30T02:03:32.751Z
philcoulson2,leader,complete,https://thanosvibs.money/api/characters/philcoulson2/skills,,2026-08-30T02:03:32.751Z
philcoulson2,passive,complete,https://thanosvibs.money/api/characters/philcoulson2/skills,,2026-08-30T02:03:32.751Z
philcoulson2,uniform_effect,complete,https://thanosvibs.money/api/characters/philcoulson2/skills,,2026-08-30T02:03:32.751Z
phylavell,leader,complete,https://thanosvibs.money/api/characters/phylavell/skills,,2026-08-30T02:03:32.751Z
phylavell,passive,complete,https://thanosvibs.money/api/characters/phylavell/skills,,2026-08-30T02:03:32.751Z
phylavell,uniform_effect,not_applicable,https://thanosvibs.money/api/characters/phylavell/skills,Base appearances do not have a uniform passive.,2026-08-30T02:03:32.751Z
phylavell1,leader,complete,https://thanosvibs.money/api/characters/phylavell1/skills,,2026-08-30T02:03:32.751Z
phylavell1,passive,complete,https://thanosvibs.money/api/characters/phylavell1/skills,,2026-08-30T02:03:32.751Z
phylavell1,uniform_effect,complete,https://thanosvibs.money/api/characters/phylavell1/skills,,2026-08-30T02:03:32.751Z
proximamidnight,leader,complete,https://thanosvibs.money/api/characters/proximamidnight/skills,,2026-08-30T02:03:32.751Z
proximamidnight,passive,complete,https://thanosvibs.money/api/characters/proximamidnight/skills,,2026-08-30T02:03:32.751Z
proximamidnight,uniform_effect,not_applicable,https://thanosvibs.money/api/characters/proximamidnight/skills,Base appearances do not have a uniform passive.,2026-08-30T02:03:32.751Z
proximamidnight1,leader,complete,https://thanosvibs.money/api/characters/proximamidnight1/skills,,2026-08-30T02:03:32.751Z
proximamidnight1,passive,complete,https://thanosvibs.money/api/characters/proximamidnight1/skills,,2026-08-30T02:03:32.751Z
proximamidnight1,uniform_effect,complete,https://thanosvibs.money/api/characters/proximamidnight1/skills,,2026-08-30T02:03:32.751Z
proximamidnight2,leader,complete,https://thanosvibs.money/api/characters/proximamidnight2/skills,,2026-08-30T02:03:32.751Z
proximamidnight2,passive,complete,https://thanosvibs.money/api/characters/proximamidnight2/skills,,2026-08-30T02:03:32.751Z
proximamidnight2,uniform_effect,complete,https://thanosvibs.money/api/characters/proximamidnight2/skills,,2026-08-30T02:03:32.751Z
psylocke,leader,complete,https://thanosvibs.money/api/characters/psylocke/skills,,2026-08-30T02:03:32.751Z
psylocke,passive,complete,https://thanosvibs.money/api/characters/psylocke/skills,,2026-08-30T02:03:32.751Z
psylocke,uniform_effect,not_applicable,https://thanosvibs.money/api/characters/psylocke/skills,Base appearances do not have a uniform passive.,2026-08-30T02:03:32.751Z
psylocke2,leader,complete,https://thanosvibs.money/api/characters/psylocke2/skills,,2026-08-30T02:03:32.751Z
psylocke2,passive,complete,https://thanosvibs.money/api/characters/psylocke2/skills,,2026-08-30T02:03:32.751Z
psylocke2,uniform_effect,complete,https://thanosvibs.money/api/characters/psylocke2/skills,,2026-08-30T02:03:32.751Z
psylocke3,leader,complete,https://thanosvibs.money/api/characters/psylocke3/skills,,2026-08-30T02:03:32.751Z
psylocke3,passive,complete,https://thanosvibs.money/api/characters/psylocke3/skills,,2026-08-30T02:03:32.751Z
psylocke3,uniform_effect,complete,https://thanosvibs.money/api/characters/psylocke3/skills,,2026-08-30T02:03:32.751Z
psylocke4,leader,complete,https://thanosvibs.money/api/characters/psylocke4/skills,,2026-08-30T02:03:32.751Z
psylocke4,passive,complete,https://thanosvibs.money/api/characters/psylocke4/skills,,2026-08-30T02:03:32.751Z
psylocke4,uniform_effect,complete,https://thanosvibs.money/api/characters/psylocke4/skills,,2026-08-30T02:03:32.751Z
punisher,leader,complete,https://thanosvibs.money/api/characters/punisher/skills,,2026-08-30T02:03:32.751Z
punisher,passive,complete,https://thanosvibs.money/api/characters/punisher/skills,,2026-08-30T02:03:32.751Z
punisher,uniform_effect,not_applicable,https://thanosvibs.money/api/characters/punisher/skills,Base appearances do not have a uniform passive.,2026-08-30T02:03:32.751Z
punisher1,leader,complete,https://thanosvibs.money/api/characters/punisher1/skills,,2026-08-30T02:03:32.751Z
punisher1,passive,complete,https://thanosvibs.money/api/characters/punisher1/skills,,2026-08-30T02:03:32.751Z
punisher1,uniform_effect,complete,https://thanosvibs.money/api/characters/punisher1/skills,,2026-08-30T02:03:32.751Z
punisher2,leader,complete,https://thanosvibs.money/api/characters/punisher2/skills,,2026-08-30T02:03:32.751Z
punisher2,passive,complete,https://thanosvibs.money/api/characters/punisher2/skills,,2026-08-30T02:03:32.751Z
punisher2,uniform_effect,complete,https://thanosvibs.money/api/characters/punisher2/skills,,2026-08-30T02:03:32.751Z
punisher3,leader,complete,https://thanosvibs.money/api/characters/punisher3/skills,,2026-08-30T02:03:32.751Z
punisher3,passive,complete,https://thanosvibs.money/api/characters/punisher3/skills,,2026-08-30T02:03:32.751Z
punisher3,uniform_effect,complete,https://thanosvibs.money/api/characters/punisher3/skills,,2026-08-30T02:03:32.751Z
punisher4,leader,complete,https://thanosvibs.money/api/characters/punisher4/skills,,2026-08-30T02:03:32.751Z
punisher4,passive,complete,https://thanosvibs.money/api/characters/punisher4/skills,,2026-08-30T02:03:32.751Z
punisher4,uniform_effect,complete,https://thanosvibs.money/api/characters/punisher4/skills,,2026-08-30T02:03:32.751Z
punisher5,leader,complete,https://thanosvibs.money/api/characters/punisher5/skills,,2026-08-30T02:03:32.751Z
punisher5,passive,complete,https://thanosvibs.money/api/characters/punisher5/skills,,2026-08-30T02:03:32.751Z
punisher5,uniform_effect,complete,https://thanosvibs.money/api/characters/punisher5/skills,,2026-08-30T02:03:32.751Z
punisher6,leader,complete,https://thanosvibs.money/api/characters/punisher6/skills,,2026-08-30T02:03:32.751Z
punisher6,passive,complete,https://thanosvibs.money/api/characters/punisher6/skills,,2026-08-30T02:03:32.751Z
punisher6,uniform_effect,complete,https://thanosvibs.money/api/characters/punisher6/skills,,2026-08-30T02:03:32.751Z
punisher7,leader,complete,https://thanosvibs.money/api/characters/punisher7/skills,,2026-08-30T02:03:32.751Z
punisher7,passive,complete,https://thanosvibs.money/api/characters/punisher7/skills,,2026-08-30T02:03:32.751Z
punisher7,uniform_effect,complete,https://thanosvibs.money/api/characters/punisher7/skills,,2026-08-30T02:03:32.751Z
quasar,leader,complete,https://thanosvibs.money/api/characters/quasar/skills,,2026-08-30T02:03:32.751Z
quasar,passive,complete,https://thanosvibs.money/api/characters/quasar/skills,,2026-08-30T02:03:32.751Z
quasar,uniform_effect,not_applicable,https://thanosvibs.money/api/characters/quasar/skills,Base appearances do not have a uniform passive.,2026-08-30T02:03:32.751Z
quasar1,leader,complete,https://thanosvibs.money/api/characters/quasar1/skills,,2026-08-30T02:03:32.751Z
quasar1,passive,complete,https://thanosvibs.money/api/characters/quasar1/skills,,2026-08-30T02:03:32.751Z
quasar1,uniform_effect,complete,https://thanosvibs.money/api/characters/quasar1/skills,,2026-08-30T02:03:32.751Z
rachelsummers,leader,complete,https://thanosvibs.money/api/characters/rachelsummers/skills,,2026-08-30T02:03:32.751Z
rachelsummers,passive,complete,https://thanosvibs.money/api/characters/rachelsummers/skills,,2026-08-30T02:03:32.751Z
rachelsummers,uniform_effect,not_applicable,https://thanosvibs.money/api/characters/rachelsummers/skills,Base appearances do not have a uniform passive.,2026-08-30T02:03:32.751Z
rachelsummers1,leader,complete,https://thanosvibs.money/api/characters/rachelsummers1/skills,,2026-08-30T02:03:32.751Z
rachelsummers1,passive,complete,https://thanosvibs.money/api/characters/rachelsummers1/skills,,2026-08-30T02:03:32.751Z
rachelsummers1,uniform_effect,complete,https://thanosvibs.money/api/characters/rachelsummers1/skills,,2026-08-30T02:03:32.751Z
redhulk,leader,complete,https://thanosvibs.money/api/characters/redhulk/skills,,2026-08-30T02:03:32.751Z
redhulk,passive,complete,https://thanosvibs.money/api/characters/redhulk/skills,,2026-08-30T02:03:32.751Z
redhulk,uniform_effect,not_applicable,https://thanosvibs.money/api/characters/redhulk/skills,Base appearances do not have a uniform passive.,2026-08-30T02:03:32.751Z
redhulk1,leader,complete,https://thanosvibs.money/api/characters/redhulk1/skills,,2026-08-30T02:03:32.751Z
redhulk1,passive,complete,https://thanosvibs.money/api/characters/redhulk1/skills,,2026-08-30T02:03:32.751Z
redhulk1,uniform_effect,complete,https://thanosvibs.money/api/characters/redhulk1/skills,,2026-08-30T02:03:32.751Z
redhulk2,leader,complete,https://thanosvibs.money/api/characters/redhulk2/skills,,2026-08-30T02:03:32.751Z
redhulk2,passive,complete,https://thanosvibs.money/api/characters/redhulk2/skills,,2026-08-30T02:03:32.751Z
redhulk2,uniform_effect,complete,https://thanosvibs.money/api/characters/redhulk2/skills,,2026-08-30T02:03:32.751Z
redhulk3,leader,complete,https://thanosvibs.money/api/characters/redhulk3/skills,,2026-08-30T02:03:32.751Z
redhulk3,passive,complete,https://thanosvibs.money/api/characters/redhulk3/skills,,2026-08-30T02:03:32.751Z
redhulk3,uniform_effect,complete,https://thanosvibs.money/api/characters/redhulk3/skills,,2026-08-30T02:03:32.751Z
redshehulk,leader,complete,https://thanosvibs.money/api/characters/redshehulk/skills,,2026-08-30T02:03:32.751Z
redshehulk,passive,complete,https://thanosvibs.money/api/characters/redshehulk/skills,,2026-08-30T02:03:32.751Z
redshehulk,uniform_effect,not_applicable,https://thanosvibs.money/api/characters/redshehulk/skills,Base appearances do not have a uniform passive.,2026-08-30T02:03:32.751Z
rescue,leader,complete,https://thanosvibs.money/api/characters/rescue/skills,,2026-08-30T02:03:32.751Z
rescue,passive,complete,https://thanosvibs.money/api/characters/rescue/skills,,2026-08-30T02:03:32.751Z
rescue,uniform_effect,not_applicable,https://thanosvibs.money/api/characters/rescue/skills,Base appearances do not have a uniform passive.,2026-08-30T02:03:32.751Z
rescue1,leader,complete,https://thanosvibs.money/api/characters/rescue1/skills,,2026-08-30T02:03:32.751Z
rescue1,passive,complete,https://thanosvibs.money/api/characters/rescue1/skills,,2026-08-30T02:03:32.751Z
rescue1,uniform_effect,complete,https://thanosvibs.money/api/characters/rescue1/skills,,2026-08-30T02:03:32.751Z
rescue2,leader,complete,https://thanosvibs.money/api/characters/rescue2/skills,,2026-08-30T02:03:32.751Z
rescue2,passive,complete,https://thanosvibs.money/api/characters/rescue2/skills,,2026-08-30T02:03:32.751Z
rescue2,uniform_effect,complete,https://thanosvibs.money/api/characters/rescue2/skills,,2026-08-30T02:03:32.751Z
rhino,leader,complete,https://thanosvibs.money/api/characters/rhino/skills,,2026-08-30T02:03:32.751Z
rhino,passive,complete,https://thanosvibs.money/api/characters/rhino/skills,,2026-08-30T02:03:32.751Z
rhino,uniform_effect,not_applicable,https://thanosvibs.money/api/characters/rhino/skills,Base appearances do not have a uniform passive.,2026-08-30T02:03:32.751Z
rhino1,leader,complete,https://thanosvibs.money/api/characters/rhino1/skills,,2026-08-30T02:03:32.751Z
rhino1,passive,complete,https://thanosvibs.money/api/characters/rhino1/skills,,2026-08-30T02:03:32.751Z
rhino1,uniform_effect,complete,https://thanosvibs.money/api/characters/rhino1/skills,,2026-08-30T02:03:32.751Z
rocketraccoon,leader,complete,https://thanosvibs.money/api/characters/rocketraccoon/skills,,2026-08-30T02:03:32.751Z
rocketraccoon,passive,complete,https://thanosvibs.money/api/characters/rocketraccoon/skills,,2026-08-30T02:03:32.751Z
rocketraccoon,uniform_effect,not_applicable,https://thanosvibs.money/api/characters/rocketraccoon/skills,Base appearances do not have a uniform passive.,2026-08-30T02:03:32.751Z
rocketraccoon1,leader,complete,https://thanosvibs.money/api/characters/rocketraccoon1/skills,,2026-08-30T02:03:32.751Z
rocketraccoon1,passive,complete,https://thanosvibs.money/api/characters/rocketraccoon1/skills,,2026-08-30T02:03:32.751Z
rocketraccoon1,uniform_effect,complete,https://thanosvibs.money/api/characters/rocketraccoon1/skills,,2026-08-30T02:03:32.751Z
rocketraccoon2,leader,complete,https://thanosvibs.money/api/characters/rocketraccoon2/skills,,2026-08-30T02:03:32.751Z
rocketraccoon2,passive,complete,https://thanosvibs.money/api/characters/rocketraccoon2/skills,,2026-08-30T02:03:32.751Z
rocketraccoon2,uniform_effect,complete,https://thanosvibs.money/api/characters/rocketraccoon2/skills,,2026-08-30T02:03:32.751Z
rocketraccoon3,leader,complete,https://thanosvibs.money/api/characters/rocketraccoon3/skills,,2026-08-30T02:03:32.751Z
rocketraccoon3,passive,complete,https://thanosvibs.money/api/characters/rocketraccoon3/skills,,2026-08-30T02:03:32.751Z
rocketraccoon3,uniform_effect,complete,https://thanosvibs.money/api/characters/rocketraccoon3/skills,,2026-08-30T02:03:32.751Z
rocketraccoon4,leader,complete,https://thanosvibs.money/api/characters/rocketraccoon4/skills,,2026-08-30T02:03:32.751Z
rocketraccoon4,passive,complete,https://thanosvibs.money/api/characters/rocketraccoon4/skills,,2026-08-30T02:03:32.751Z
rocketraccoon4,uniform_effect,complete,https://thanosvibs.money/api/characters/rocketraccoon4/skills,,2026-08-30T02:03:32.751Z
rocketraccoon5,leader,complete,https://thanosvibs.money/api/characters/rocketraccoon5/skills,,2026-08-30T02:03:32.751Z
rocketraccoon5,passive,complete,https://thanosvibs.money/api/characters/rocketraccoon5/skills,,2026-08-30T02:03:32.751Z
rocketraccoon5,uniform_effect,complete,https://thanosvibs.money/api/characters/rocketraccoon5/skills,,2026-08-30T02:03:32.751Z
rocketraccoon6,leader,complete,https://thanosvibs.money/api/characters/rocketraccoon6/skills,,2026-08-30T02:03:32.751Z
rocketraccoon6,passive,complete,https://thanosvibs.money/api/characters/rocketraccoon6/skills,,2026-08-30T02:03:32.751Z
rocketraccoon6,uniform_effect,complete,https://thanosvibs.money/api/characters/rocketraccoon6/skills,,2026-08-30T02:03:32.751Z
ronan,leader,complete,https://thanosvibs.money/api/characters/ronan/skills,,2026-08-30T02:03:32.751Z
ronan,passive,complete,https://thanosvibs.money/api/characters/ronan/skills,,2026-08-30T02:03:32.751Z
ronan,uniform_effect,not_applicable,https://thanosvibs.money/api/characters/ronan/skills,Base appearances do not have a uniform passive.,2026-08-30T02:03:32.751Z
ronan1,leader,complete,https://thanosvibs.money/api/characters/ronan1/skills,,2026-08-30T02:03:32.751Z
ronan1,passive,complete,https://thanosvibs.money/api/characters/ronan1/skills,,2026-08-30T02:03:32.751Z
ronan1,uniform_effect,complete,https://thanosvibs.money/api/characters/ronan1/skills,,2026-08-30T02:03:32.751Z
ronan2,leader,complete,https://thanosvibs.money/api/characters/ronan2/skills,,2026-08-30T02:03:32.751Z
ronan2,passive,complete,https://thanosvibs.money/api/characters/ronan2/skills,,2026-08-30T02:03:32.751Z
ronan2,uniform_effect,complete,https://thanosvibs.money/api/characters/ronan2/skills,,2026-08-30T02:03:32.751Z
ronan3,leader,complete,https://thanosvibs.money/api/characters/ronan3/skills,,2026-08-30T02:03:32.751Z
ronan3,passive,complete,https://thanosvibs.money/api/characters/ronan3/skills,,2026-08-30T02:03:32.751Z
ronan3,uniform_effect,complete,https://thanosvibs.money/api/characters/ronan3/skills,,2026-08-30T02:03:32.751Z
sabretooth,leader,complete,https://thanosvibs.money/api/characters/sabretooth/skills,,2026-08-30T02:03:32.751Z
sabretooth,passive,complete,https://thanosvibs.money/api/characters/sabretooth/skills,,2026-08-30T02:03:32.751Z
sabretooth,uniform_effect,not_applicable,https://thanosvibs.money/api/characters/sabretooth/skills,Base appearances do not have a uniform passive.,2026-08-30T02:03:32.751Z
sabretooth1,leader,complete,https://thanosvibs.money/api/characters/sabretooth1/skills,,2026-08-30T02:03:32.751Z
sabretooth1,passive,complete,https://thanosvibs.money/api/characters/sabretooth1/skills,,2026-08-30T02:03:32.751Z
sabretooth1,uniform_effect,complete,https://thanosvibs.money/api/characters/sabretooth1/skills,,2026-08-30T02:03:32.751Z
sabretooth2,leader,complete,https://thanosvibs.money/api/characters/sabretooth2/skills,,2026-08-30T02:03:32.751Z
sabretooth2,passive,complete,https://thanosvibs.money/api/characters/sabretooth2/skills,,2026-08-30T02:03:32.751Z
sabretooth2,uniform_effect,complete,https://thanosvibs.money/api/characters/sabretooth2/skills,,2026-08-30T02:03:32.751Z
sandman,leader,complete,https://thanosvibs.money/api/characters/sandman/skills,,2026-08-30T02:03:32.751Z
sandman,passive,complete,https://thanosvibs.money/api/characters/sandman/skills,,2026-08-30T02:03:32.751Z
sandman,uniform_effect,not_applicable,https://thanosvibs.money/api/characters/sandman/skills,Base appearances do not have a uniform passive.,2026-08-30T02:03:32.751Z
sandman1,leader,complete,https://thanosvibs.money/api/characters/sandman1/skills,,2026-08-30T02:03:32.751Z
sandman1,passive,complete,https://thanosvibs.money/api/characters/sandman1/skills,,2026-08-30T02:03:32.751Z
sandman1,uniform_effect,complete,https://thanosvibs.money/api/characters/sandman1/skills,,2026-08-30T02:03:32.751Z
satana,leader,complete,https://thanosvibs.money/api/characters/satana/skills,,2026-08-30T02:03:32.751Z
satana,passive,complete,https://thanosvibs.money/api/characters/satana/skills,,2026-08-30T02:03:32.751Z
satana,uniform_effect,not_applicable,https://thanosvibs.money/api/characters/satana/skills,Base appearances do not have a uniform passive.,2026-08-30T02:03:32.751Z
satana1,leader,complete,https://thanosvibs.money/api/characters/satana1/skills,,2026-08-30T02:03:32.751Z
satana1,passive,complete,https://thanosvibs.money/api/characters/satana1/skills,,2026-08-30T02:03:32.751Z
satana1,uniform_effect,complete,https://thanosvibs.money/api/characters/satana1/skills,,2026-08-30T02:03:32.751Z
satana2,leader,complete,https://thanosvibs.money/api/characters/satana2/skills,,2026-08-30T02:03:32.751Z
satana2,passive,complete,https://thanosvibs.money/api/characters/satana2/skills,,2026-08-30T02:03:32.751Z
satana2,uniform_effect,complete,https://thanosvibs.money/api/characters/satana2/skills,,2026-08-30T02:03:32.751Z
scarletspider,leader,complete,https://thanosvibs.money/api/characters/scarletspider/skills,,2026-08-30T02:03:32.751Z
scarletspider,passive,complete,https://thanosvibs.money/api/characters/scarletspider/skills,,2026-08-30T02:03:32.751Z
scarletspider,uniform_effect,not_applicable,https://thanosvibs.money/api/characters/scarletspider/skills,Base appearances do not have a uniform passive.,2026-08-30T02:03:32.751Z
scarletspider1,leader,complete,https://thanosvibs.money/api/characters/scarletspider1/skills,,2026-08-30T02:03:32.751Z
scarletspider1,passive,complete,https://thanosvibs.money/api/characters/scarletspider1/skills,,2026-08-30T02:03:32.751Z
scarletspider1,uniform_effect,complete,https://thanosvibs.money/api/characters/scarletspider1/skills,,2026-08-30T02:03:32.751Z
scarletspider2,leader,complete,https://thanosvibs.money/api/characters/scarletspider2/skills,,2026-08-30T02:03:32.751Z
scarletspider2,passive,complete,https://thanosvibs.money/api/characters/scarletspider2/skills,,2026-08-30T02:03:32.751Z
scarletspider2,uniform_effect,complete,https://thanosvibs.money/api/characters/scarletspider2/skills,,2026-08-30T02:03:32.751Z
scorpion,leader,complete,https://thanosvibs.money/api/characters/scorpion/skills,,2026-08-30T02:03:32.751Z
scorpion,passive,complete,https://thanosvibs.money/api/characters/scorpion/skills,,2026-08-30T02:03:32.751Z
scorpion,uniform_effect,not_applicable,https://thanosvibs.money/api/characters/scorpion/skills,Base appearances do not have a uniform passive.,2026-08-30T02:03:32.751Z
scorpion1,leader,complete,https://thanosvibs.money/api/characters/scorpion1/skills,,2026-08-30T02:03:32.751Z
scorpion1,passive,complete,https://thanosvibs.money/api/characters/scorpion1/skills,,2026-08-30T02:03:32.751Z
scorpion1,uniform_effect,complete,https://thanosvibs.money/api/characters/scorpion1/skills,,2026-08-30T02:03:32.751Z
scream,leader,complete,https://thanosvibs.money/api/characters/scream/skills,,2026-08-30T02:03:32.751Z
scream,passive,complete,https://thanosvibs.money/api/characters/scream/skills,,2026-08-30T02:03:32.751Z
scream,uniform_effect,not_applicable,https://thanosvibs.money/api/characters/scream/skills,Base appearances do not have a uniform passive.,2026-08-30T02:03:32.751Z
scream1,leader,complete,https://thanosvibs.money/api/characters/scream1/skills,,2026-08-30T02:03:32.751Z
scream1,passive,complete,https://thanosvibs.money/api/characters/scream1/skills,,2026-08-30T02:03:32.751Z
scream1,uniform_effect,complete,https://thanosvibs.money/api/characters/scream1/skills,,2026-08-30T02:03:32.751Z
sentinel,leader,complete,https://thanosvibs.money/api/characters/sentinel/skills,,2026-08-30T02:03:32.751Z
sentinel,passive,complete,https://thanosvibs.money/api/characters/sentinel/skills,,2026-08-30T02:03:32.751Z
sentinel,uniform_effect,not_applicable,https://thanosvibs.money/api/characters/sentinel/skills,Base appearances do not have a uniform passive.,2026-08-30T02:03:32.751Z
sentinel1,leader,complete,https://thanosvibs.money/api/characters/sentinel1/skills,,2026-08-30T02:03:32.751Z
sentinel1,passive,complete,https://thanosvibs.money/api/characters/sentinel1/skills,,2026-08-30T02:03:32.751Z
sentinel1,uniform_effect,complete,https://thanosvibs.money/api/characters/sentinel1/skills,,2026-08-30T02:03:32.751Z
sentinel2,leader,complete,https://thanosvibs.money/api/characters/sentinel2/skills,,2026-08-30T02:03:32.751Z
sentinel2,passive,complete,https://thanosvibs.money/api/characters/sentinel2/skills,,2026-08-30T02:03:32.751Z
sentinel2,uniform_effect,complete,https://thanosvibs.money/api/characters/sentinel2/skills,,2026-08-30T02:03:32.751Z
shangchi,leader,complete,https://thanosvibs.money/api/characters/shangchi/skills,,2026-08-30T02:03:32.751Z
shangchi,passive,complete,https://thanosvibs.money/api/characters/shangchi/skills,,2026-08-30T02:03:32.751Z
shangchi,uniform_effect,not_applicable,https://thanosvibs.money/api/characters/shangchi/skills,Base appearances do not have a uniform passive.,2026-08-30T02:03:32.751Z
shangchi1,leader,complete,https://thanosvibs.money/api/characters/shangchi1/skills,,2026-08-30T02:03:32.751Z
shangchi1,passive,complete,https://thanosvibs.money/api/characters/shangchi1/skills,,2026-08-30T02:03:32.751Z
shangchi1,uniform_effect,complete,https://thanosvibs.money/api/characters/shangchi1/skills,,2026-08-30T02:03:32.751Z
shangchi2,leader,complete,https://thanosvibs.money/api/characters/shangchi2/skills,,2026-08-30T02:03:32.751Z
shangchi2,passive,complete,https://thanosvibs.money/api/characters/shangchi2/skills,,2026-08-30T02:03:32.751Z
shangchi2,uniform_effect,complete,https://thanosvibs.money/api/characters/shangchi2/skills,,2026-08-30T02:03:32.751Z
shehulk,leader,complete,https://thanosvibs.money/api/characters/shehulk/skills,,2026-08-30T02:03:32.751Z
shehulk,passive,complete,https://thanosvibs.money/api/characters/shehulk/skills,,2026-08-30T02:03:32.751Z
shehulk,uniform_effect,not_applicable,https://thanosvibs.money/api/characters/shehulk/skills,Base appearances do not have a uniform passive.,2026-08-30T02:03:32.751Z
shehulk1,leader,complete,https://thanosvibs.money/api/characters/shehulk1/skills,,2026-08-30T02:03:32.751Z
shehulk1,passive,complete,https://thanosvibs.money/api/characters/shehulk1/skills,,2026-08-30T02:03:32.751Z
shehulk1,uniform_effect,complete,https://thanosvibs.money/api/characters/shehulk1/skills,,2026-08-30T02:03:32.751Z
shehulk2,leader,complete,https://thanosvibs.money/api/characters/shehulk2/skills,,2026-08-30T02:03:32.751Z
shehulk2,passive,complete,https://thanosvibs.money/api/characters/shehulk2/skills,,2026-08-30T02:03:32.751Z
shehulk2,uniform_effect,complete,https://thanosvibs.money/api/characters/shehulk2/skills,,2026-08-30T02:03:32.751Z
shehulk3,leader,complete,https://thanosvibs.money/api/characters/shehulk3/skills,,2026-08-30T02:03:32.751Z
shehulk3,passive,complete,https://thanosvibs.money/api/characters/shehulk3/skills,,2026-08-30T02:03:32.751Z
shehulk3,uniform_effect,complete,https://thanosvibs.money/api/characters/shehulk3/skills,,2026-08-30T02:03:32.751Z
shehulk4,leader,complete,https://thanosvibs.money/api/characters/shehulk4/skills,,2026-08-30T02:03:32.751Z
shehulk4,passive,complete,https://thanosvibs.money/api/characters/shehulk4/skills,,2026-08-30T02:03:32.751Z
shehulk4,uniform_effect,complete,https://thanosvibs.money/api/characters/shehulk4/skills,,2026-08-30T02:03:32.751Z
shuri,leader,complete,https://thanosvibs.money/api/characters/shuri/skills,,2026-08-30T02:03:32.751Z
shuri,passive,complete,https://thanosvibs.money/api/characters/shuri/skills,,2026-08-30T02:03:32.751Z
shuri,uniform_effect,not_applicable,https://thanosvibs.money/api/characters/shuri/skills,Base appearances do not have a uniform passive.,2026-08-30T02:03:32.751Z
shuri1,leader,complete,https://thanosvibs.money/api/characters/shuri1/skills,,2026-08-30T02:03:32.751Z
shuri1,passive,complete,https://thanosvibs.money/api/characters/shuri1/skills,,2026-08-30T02:03:32.751Z
shuri1,uniform_effect,complete,https://thanosvibs.money/api/characters/shuri1/skills,,2026-08-30T02:03:32.751Z
shuri2,leader,complete,https://thanosvibs.money/api/characters/shuri2/skills,,2026-08-30T02:03:32.751Z
shuri2,passive,complete,https://thanosvibs.money/api/characters/shuri2/skills,,2026-08-30T02:03:32.751Z
shuri2,uniform_effect,complete,https://thanosvibs.money/api/characters/shuri2/skills,,2026-08-30T02:03:32.751Z
shuri3,leader,complete,https://thanosvibs.money/api/characters/shuri3/skills,,2026-08-30T02:03:32.751Z
shuri3,passive,complete,https://thanosvibs.money/api/characters/shuri3/skills,,2026-08-30T02:03:32.751Z
shuri3,uniform_effect,complete,https://thanosvibs.money/api/characters/shuri3/skills,,2026-08-30T02:03:32.751Z
sin,leader,complete,https://thanosvibs.money/api/characters/sin/skills,,2026-08-30T02:03:32.751Z
sin,passive,complete,https://thanosvibs.money/api/characters/sin/skills,,2026-08-30T02:03:32.751Z
sin,uniform_effect,not_applicable,https://thanosvibs.money/api/characters/sin/skills,Base appearances do not have a uniform passive.,2026-08-30T02:03:32.751Z
sin1,leader,complete,https://thanosvibs.money/api/characters/sin1/skills,,2026-08-30T02:03:32.751Z
sin1,passive,complete,https://thanosvibs.money/api/characters/sin1/skills,,2026-08-30T02:03:32.751Z
sin1,uniform_effect,complete,https://thanosvibs.money/api/characters/sin1/skills,,2026-08-30T02:03:32.751Z
singularity,leader,complete,https://thanosvibs.money/api/characters/singularity/skills,,2026-08-30T02:03:32.751Z
singularity,passive,complete,https://thanosvibs.money/api/characters/singularity/skills,,2026-08-30T02:03:32.751Z
singularity,uniform_effect,not_applicable,https://thanosvibs.money/api/characters/singularity/skills,Base appearances do not have a uniform passive.,2026-08-30T02:03:32.751Z
sistergrimm,leader,complete,https://thanosvibs.money/api/characters/sistergrimm/skills,,2026-08-30T02:03:32.751Z
sistergrimm,passive,complete,https://thanosvibs.money/api/characters/sistergrimm/skills,,2026-08-30T02:03:32.751Z
sistergrimm,uniform_effect,not_applicable,https://thanosvibs.money/api/characters/sistergrimm/skills,Base appearances do not have a uniform passive.,2026-08-30T02:03:32.751Z
sistergrimm1,leader,complete,https://thanosvibs.money/api/characters/sistergrimm1/skills,,2026-08-30T02:03:32.751Z
sistergrimm1,passive,complete,https://thanosvibs.money/api/characters/sistergrimm1/skills,,2026-08-30T02:03:32.751Z
sistergrimm1,uniform_effect,complete,https://thanosvibs.money/api/characters/sistergrimm1/skills,,2026-08-30T02:03:32.751Z
sistergrimm2,leader,complete,https://thanosvibs.money/api/characters/sistergrimm2/skills,,2026-08-30T02:03:32.751Z
sistergrimm2,passive,complete,https://thanosvibs.money/api/characters/sistergrimm2/skills,,2026-08-30T02:03:32.751Z
sistergrimm2,uniform_effect,complete,https://thanosvibs.money/api/characters/sistergrimm2/skills,,2026-08-30T02:03:32.751Z
skurge,leader,complete,https://thanosvibs.money/api/characters/skurge/skills,,2026-08-30T02:03:32.751Z
skurge,passive,complete,https://thanosvibs.money/api/characters/skurge/skills,,2026-08-30T02:03:32.751Z
skurge,uniform_effect,not_applicable,https://thanosvibs.money/api/characters/skurge/skills,Base appearances do not have a uniform passive.,2026-08-30T02:03:32.751Z
slapstick,leader,complete,https://thanosvibs.money/api/characters/slapstick/skills,,2026-08-30T02:03:32.751Z
slapstick,passive,complete,https://thanosvibs.money/api/characters/slapstick/skills,,2026-08-30T02:03:32.751Z
slapstick,uniform_effect,not_applicable,https://thanosvibs.money/api/characters/slapstick/skills,Base appearances do not have a uniform passive.,2026-08-30T02:03:32.751Z
songbird,leader,complete,https://thanosvibs.money/api/characters/songbird/skills,,2026-08-30T02:03:32.751Z
songbird,passive,complete,https://thanosvibs.money/api/characters/songbird/skills,,2026-08-30T02:03:32.751Z
songbird,uniform_effect,not_applicable,https://thanosvibs.money/api/characters/songbird/skills,Base appearances do not have a uniform passive.,2026-08-30T02:03:32.751Z
milesmorales,leader,complete,https://thanosvibs.money/api/characters/milesmorales/skills,,2026-08-30T02:03:32.751Z
milesmorales,passive,complete,https://thanosvibs.money/api/characters/milesmorales/skills,,2026-08-30T02:03:32.751Z
milesmorales,uniform_effect,not_applicable,https://thanosvibs.money/api/characters/milesmorales/skills,Base appearances do not have a uniform passive.,2026-08-30T02:03:32.751Z
milesmorales1,leader,complete,https://thanosvibs.money/api/characters/milesmorales1/skills,,2026-08-30T02:03:32.751Z
milesmorales1,passive,complete,https://thanosvibs.money/api/characters/milesmorales1/skills,,2026-08-30T02:03:32.751Z
milesmorales1,uniform_effect,complete,https://thanosvibs.money/api/characters/milesmorales1/skills,,2026-08-30T02:03:32.751Z
milesmorales2,leader,complete,https://thanosvibs.money/api/characters/milesmorales2/skills,,2026-08-30T02:03:32.751Z
milesmorales2,passive,complete,https://thanosvibs.money/api/characters/milesmorales2/skills,,2026-08-30T02:03:32.751Z
milesmorales2,uniform_effect,complete,https://thanosvibs.money/api/characters/milesmorales2/skills,,2026-08-30T02:03:32.751Z
milesmorales3,leader,complete,https://thanosvibs.money/api/characters/milesmorales3/skills,,2026-08-30T02:03:32.751Z
milesmorales3,passive,complete,https://thanosvibs.money/api/characters/milesmorales3/skills,,2026-08-30T02:03:32.751Z
milesmorales3,uniform_effect,complete,https://thanosvibs.money/api/characters/milesmorales3/skills,,2026-08-30T02:03:32.751Z
milesmorales4,leader,complete,https://thanosvibs.money/api/characters/milesmorales4/skills,,2026-08-30T02:03:32.751Z
milesmorales4,passive,complete,https://thanosvibs.money/api/characters/milesmorales4/skills,,2026-08-30T02:03:32.751Z
milesmorales4,uniform_effect,complete,https://thanosvibs.money/api/characters/milesmorales4/skills,,2026-08-30T02:03:32.751Z
milesmorales5,leader,complete,https://thanosvibs.money/api/characters/milesmorales5/skills,,2026-08-30T02:03:32.751Z
milesmorales5,passive,complete,https://thanosvibs.money/api/characters/milesmorales5/skills,,2026-08-30T02:03:32.751Z
milesmorales5,uniform_effect,complete,https://thanosvibs.money/api/characters/milesmorales5/skills,,2026-08-30T02:03:32.751Z
spiderman2099,leader,complete,https://thanosvibs.money/api/characters/spiderman2099/skills,,2026-08-30T02:03:32.751Z
spiderman2099,passive,complete,https://thanosvibs.money/api/characters/spiderman2099/skills,,2026-08-30T02:03:32.751Z
spiderman2099,uniform_effect,not_applicable,https://thanosvibs.money/api/characters/spiderman2099/skills,Base appearances do not have a uniform passive.,2026-08-30T02:03:32.751Z
spiderman20991,leader,complete,https://thanosvibs.money/api/characters/spiderman20991/skills,,2026-08-30T02:03:32.751Z
spiderman20991,passive,complete,https://thanosvibs.money/api/characters/spiderman20991/skills,,2026-08-30T02:03:32.751Z
spiderman20991,uniform_effect,complete,https://thanosvibs.money/api/characters/spiderman20991/skills,,2026-08-30T02:03:32.751Z
spiderman20992,leader,complete,https://thanosvibs.money/api/characters/spiderman20992/skills,,2026-08-30T02:03:32.751Z
spiderman20992,passive,complete,https://thanosvibs.money/api/characters/spiderman20992/skills,,2026-08-30T02:03:32.751Z
spiderman20992,uniform_effect,complete,https://thanosvibs.money/api/characters/spiderman20992/skills,,2026-08-30T02:03:32.751Z
squirrelgirl,leader,complete,https://thanosvibs.money/api/characters/squirrelgirl/skills,,2026-08-30T02:03:32.751Z
squirrelgirl,passive,complete,https://thanosvibs.money/api/characters/squirrelgirl/skills,,2026-08-30T02:03:32.751Z
squirrelgirl,uniform_effect,not_applicable,https://thanosvibs.money/api/characters/squirrelgirl/skills,Base appearances do not have a uniform passive.,2026-08-30T02:03:32.751Z
squirrelgirl1,leader,complete,https://thanosvibs.money/api/characters/squirrelgirl1/skills,,2026-08-30T02:03:32.751Z
squirrelgirl1,passive,complete,https://thanosvibs.money/api/characters/squirrelgirl1/skills,,2026-08-30T02:03:32.751Z
squirrelgirl1,uniform_effect,complete,https://thanosvibs.money/api/characters/squirrelgirl1/skills,,2026-08-30T02:03:32.751Z
squirrelgirl2,leader,complete,https://thanosvibs.money/api/characters/squirrelgirl2/skills,,2026-08-30T02:03:32.751Z
squirrelgirl2,passive,complete,https://thanosvibs.money/api/characters/squirrelgirl2/skills,,2026-08-30T02:03:32.751Z
squirrelgirl2,uniform_effect,complete,https://thanosvibs.money/api/characters/squirrelgirl2/skills,,2026-08-30T02:03:32.751Z
stryfe,leader,complete,https://thanosvibs.money/api/characters/stryfe/skills,,2026-08-30T02:03:32.751Z
stryfe,passive,complete,https://thanosvibs.money/api/characters/stryfe/skills,,2026-08-30T02:03:32.751Z
stryfe,uniform_effect,not_applicable,https://thanosvibs.money/api/characters/stryfe/skills,Base appearances do not have a uniform passive.,2026-08-30T02:03:32.751Z
stryfe1,leader,complete,https://thanosvibs.money/api/characters/stryfe1/skills,,2026-08-30T02:03:32.751Z
stryfe1,passive,complete,https://thanosvibs.money/api/characters/stryfe1/skills,,2026-08-30T02:03:32.751Z
stryfe1,uniform_effect,complete,https://thanosvibs.money/api/characters/stryfe1/skills,,2026-08-30T02:03:32.751Z
stryfe2,leader,complete,https://thanosvibs.money/api/characters/stryfe2/skills,,2026-08-30T02:03:32.751Z
stryfe2,passive,complete,https://thanosvibs.money/api/characters/stryfe2/skills,,2026-08-30T02:03:32.751Z
stryfe2,uniform_effect,complete,https://thanosvibs.money/api/characters/stryfe2/skills,,2026-08-30T02:03:32.751Z
supergiant,leader,complete,https://thanosvibs.money/api/characters/supergiant/skills,,2026-08-30T02:03:32.751Z
supergiant,passive,complete,https://thanosvibs.money/api/characters/supergiant/skills,,2026-08-30T02:03:32.751Z
supergiant,uniform_effect,not_applicable,https://thanosvibs.money/api/characters/supergiant/skills,Base appearances do not have a uniform passive.,2026-08-30T02:03:32.751Z
supergiant1,leader,complete,https://thanosvibs.money/api/characters/supergiant1/skills,,2026-08-30T02:03:32.751Z
supergiant1,passive,complete,https://thanosvibs.money/api/characters/supergiant1/skills,,2026-08-30T02:03:32.751Z
supergiant1,uniform_effect,complete,https://thanosvibs.money/api/characters/supergiant1/skills,,2026-08-30T02:03:32.751Z
swordmaster,leader,complete,https://thanosvibs.money/api/characters/swordmaster/skills,,2026-08-30T02:03:32.751Z
swordmaster,passive,complete,https://thanosvibs.money/api/characters/swordmaster/skills,,2026-08-30T02:03:32.751Z
swordmaster,uniform_effect,not_applicable,https://thanosvibs.money/api/characters/swordmaster/skills,Base appearances do not have a uniform passive.,2026-08-30T02:03:32.751Z
swordmaster1,leader,complete,https://thanosvibs.money/api/characters/swordmaster1/skills,,2026-08-30T02:03:32.751Z
swordmaster1,passive,complete,https://thanosvibs.money/api/characters/swordmaster1/skills,,2026-08-30T02:03:32.751Z
swordmaster1,uniform_effect,complete,https://thanosvibs.money/api/characters/swordmaster1/skills,,2026-08-30T02:03:32.751Z
taskmaster,leader,complete,https://thanosvibs.money/api/characters/taskmaster/skills,,2026-08-30T02:03:32.751Z
taskmaster,passive,complete,https://thanosvibs.money/api/characters/taskmaster/skills,,2026-08-30T02:03:32.751Z
taskmaster,uniform_effect,not_applicable,https://thanosvibs.money/api/characters/taskmaster/skills,Base appearances do not have a uniform passive.,2026-08-30T02:03:32.751Z
taskmaster1,leader,complete,https://thanosvibs.money/api/characters/taskmaster1/skills,,2026-08-30T02:03:32.751Z
taskmaster1,passive,complete,https://thanosvibs.money/api/characters/taskmaster1/skills,,2026-08-30T02:03:32.751Z
taskmaster1,uniform_effect,complete,https://thanosvibs.money/api/characters/taskmaster1/skills,,2026-08-30T02:03:32.751Z
taskmaster2,leader,complete,https://thanosvibs.money/api/characters/taskmaster2/skills,,2026-08-30T02:03:32.751Z
taskmaster2,passive,complete,https://thanosvibs.money/api/characters/taskmaster2/skills,,2026-08-30T02:03:32.751Z
taskmaster2,uniform_effect,complete,https://thanosvibs.money/api/characters/taskmaster2/skills,,2026-08-30T02:03:32.751Z
thane,leader,complete,https://thanosvibs.money/api/characters/thane/skills,,2026-08-30T02:03:32.751Z
thane,passive,complete,https://thanosvibs.money/api/characters/thane/skills,,2026-08-30T02:03:32.751Z
thane,uniform_effect,not_applicable,https://thanosvibs.money/api/characters/thane/skills,Base appearances do not have a uniform passive.,2026-08-30T02:03:32.751Z
thane1,leader,complete,https://thanosvibs.money/api/characters/thane1/skills,,2026-08-30T02:03:32.751Z
thane1,passive,complete,https://thanosvibs.money/api/characters/thane1/skills,,2026-08-30T02:03:32.751Z
thane1,uniform_effect,complete,https://thanosvibs.money/api/characters/thane1/skills,,2026-08-30T02:03:32.751Z
thing,leader,complete,https://thanosvibs.money/api/characters/thing/skills,,2026-08-30T02:03:32.751Z
thing,passive,complete,https://thanosvibs.money/api/characters/thing/skills,,2026-08-30T02:03:32.751Z
thing,uniform_effect,not_applicable,https://thanosvibs.money/api/characters/thing/skills,Base appearances do not have a uniform passive.,2026-08-30T02:03:32.751Z
thing1,leader,complete,https://thanosvibs.money/api/characters/thing1/skills,,2026-08-30T02:03:32.751Z
thing1,passive,complete,https://thanosvibs.money/api/characters/thing1/skills,,2026-08-30T02:03:32.751Z
thing1,uniform_effect,complete,https://thanosvibs.money/api/characters/thing1/skills,,2026-08-30T02:03:32.751Z
thing2,leader,complete,https://thanosvibs.money/api/characters/thing2/skills,,2026-08-30T02:03:32.751Z
thing2,passive,complete,https://thanosvibs.money/api/characters/thing2/skills,,2026-08-30T02:03:32.751Z
thing2,uniform_effect,complete,https://thanosvibs.money/api/characters/thing2/skills,,2026-08-30T02:03:32.751Z
thing3,leader,complete,https://thanosvibs.money/api/characters/thing3/skills,,2026-08-30T02:03:32.751Z
thing3,passive,complete,https://thanosvibs.money/api/characters/thing3/skills,,2026-08-30T02:03:32.751Z
thing3,uniform_effect,complete,https://thanosvibs.money/api/characters/thing3/skills,,2026-08-30T02:03:32.751Z
thing4,leader,complete,https://thanosvibs.money/api/characters/thing4/skills,,2026-08-30T02:03:32.751Z
thing4,passive,complete,https://thanosvibs.money/api/characters/thing4/skills,,2026-08-30T02:03:32.751Z
thing4,uniform_effect,complete,https://thanosvibs.money/api/characters/thing4/skills,,2026-08-30T02:03:32.751Z
janefoster,leader,complete,https://thanosvibs.money/api/characters/janefoster/skills,,2026-08-30T02:03:32.751Z
janefoster,passive,complete,https://thanosvibs.money/api/characters/janefoster/skills,,2026-08-30T02:03:32.751Z
janefoster,uniform_effect,not_applicable,https://thanosvibs.money/api/characters/janefoster/skills,Base appearances do not have a uniform passive.,2026-08-30T02:03:32.751Z
janefoster1,leader,complete,https://thanosvibs.money/api/characters/janefoster1/skills,,2026-08-30T02:03:32.751Z
janefoster1,passive,complete,https://thanosvibs.money/api/characters/janefoster1/skills,,2026-08-30T02:03:32.751Z
janefoster1,uniform_effect,complete,https://thanosvibs.money/api/characters/janefoster1/skills,,2026-08-30T02:03:32.751Z
titania,leader,complete,https://thanosvibs.money/api/characters/titania/skills,,2026-08-30T02:03:32.751Z
titania,passive,complete,https://thanosvibs.money/api/characters/titania/skills,,2026-08-30T02:03:32.751Z
titania,uniform_effect,not_applicable,https://thanosvibs.money/api/characters/titania/skills,Base appearances do not have a uniform passive.,2026-08-30T02:03:32.751Z
titania1,leader,complete,https://thanosvibs.money/api/characters/titania1/skills,,2026-08-30T02:03:32.751Z
titania1,passive,complete,https://thanosvibs.money/api/characters/titania1/skills,,2026-08-30T02:03:32.751Z
titania1,uniform_effect,complete,https://thanosvibs.money/api/characters/titania1/skills,,2026-08-30T02:03:32.751Z
ulik,leader,complete,https://thanosvibs.money/api/characters/ulik/skills,,2026-08-30T02:03:32.751Z
ulik,passive,complete,https://thanosvibs.money/api/characters/ulik/skills,,2026-08-30T02:03:32.751Z
ulik,uniform_effect,not_applicable,https://thanosvibs.money/api/characters/ulik/skills,Base appearances do not have a uniform passive.,2026-08-30T02:03:32.751Z
ultron,leader,complete,https://thanosvibs.money/api/characters/ultron/skills,,2026-08-30T02:03:32.751Z
ultron,passive,complete,https://thanosvibs.money/api/characters/ultron/skills,,2026-08-30T02:03:32.751Z
ultron,uniform_effect,not_applicable,https://thanosvibs.money/api/characters/ultron/skills,Base appearances do not have a uniform passive.,2026-08-30T02:03:32.751Z
ultron1,leader,complete,https://thanosvibs.money/api/characters/ultron1/skills,,2026-08-30T02:03:32.751Z
ultron1,passive,complete,https://thanosvibs.money/api/characters/ultron1/skills,,2026-08-30T02:03:32.751Z
ultron1,uniform_effect,complete,https://thanosvibs.money/api/characters/ultron1/skills,,2026-08-30T02:03:32.751Z
ultron2,leader,complete,https://thanosvibs.money/api/characters/ultron2/skills,,2026-08-30T02:03:32.751Z
ultron2,passive,complete,https://thanosvibs.money/api/characters/ultron2/skills,,2026-08-30T02:03:32.751Z
ultron2,uniform_effect,complete,https://thanosvibs.money/api/characters/ultron2/skills,,2026-08-30T02:03:32.751Z
ultron3,leader,complete,https://thanosvibs.money/api/characters/ultron3/skills,,2026-08-30T02:03:32.751Z
ultron3,passive,complete,https://thanosvibs.money/api/characters/ultron3/skills,,2026-08-30T02:03:32.751Z
ultron3,uniform_effect,complete,https://thanosvibs.money/api/characters/ultron3/skills,,2026-08-30T02:03:32.751Z
ultron4,leader,complete,https://thanosvibs.money/api/characters/ultron4/skills,,2026-08-30T02:03:32.751Z
ultron4,passive,complete,https://thanosvibs.money/api/characters/ultron4/skills,,2026-08-30T02:03:32.751Z
ultron4,uniform_effect,complete,https://thanosvibs.money/api/characters/ultron4/skills,,2026-08-30T02:03:32.751Z
ultron5,leader,complete,https://thanosvibs.money/api/characters/ultron5/skills,,2026-08-30T02:03:32.751Z
ultron5,passive,complete,https://thanosvibs.money/api/characters/ultron5/skills,,2026-08-30T02:03:32.751Z
ultron5,uniform_effect,complete,https://thanosvibs.money/api/characters/ultron5/skills,,2026-08-30T02:03:32.751Z
ulyssesklaue,leader,complete,https://thanosvibs.money/api/characters/ulyssesklaue/skills,,2026-08-30T02:03:32.751Z
ulyssesklaue,passive,complete,https://thanosvibs.money/api/characters/ulyssesklaue/skills,,2026-08-30T02:03:32.751Z
ulyssesklaue,uniform_effect,not_applicable,https://thanosvibs.money/api/characters/ulyssesklaue/skills,Base appearances do not have a uniform passive.,2026-08-30T02:03:32.751Z
victorious,leader,complete,https://thanosvibs.money/api/characters/victorious/skills,,2026-08-30T02:03:32.751Z
victorious,passive,complete,https://thanosvibs.money/api/characters/victorious/skills,,2026-08-30T02:03:32.751Z
victorious,uniform_effect,not_applicable,https://thanosvibs.money/api/characters/victorious/skills,Base appearances do not have a uniform passive.,2026-08-30T02:03:32.751Z
victorious1,leader,complete,https://thanosvibs.money/api/characters/victorious1/skills,,2026-08-30T02:03:32.751Z
victorious1,passive,complete,https://thanosvibs.money/api/characters/victorious1/skills,,2026-08-30T02:03:32.751Z
victorious1,uniform_effect,complete,https://thanosvibs.money/api/characters/victorious1/skills,,2026-08-30T02:03:32.751Z
viper,leader,complete,https://thanosvibs.money/api/characters/viper/skills,,2026-08-30T02:03:32.751Z
viper,passive,complete,https://thanosvibs.money/api/characters/viper/skills,,2026-08-30T02:03:32.751Z
viper,uniform_effect,not_applicable,https://thanosvibs.money/api/characters/viper/skills,Base appearances do not have a uniform passive.,2026-08-30T02:03:32.751Z
vision,leader,complete,https://thanosvibs.money/api/characters/vision/skills,,2026-08-30T02:03:32.751Z
vision,passive,complete,https://thanosvibs.money/api/characters/vision/skills,,2026-08-30T02:03:32.751Z
vision,uniform_effect,not_applicable,https://thanosvibs.money/api/characters/vision/skills,Base appearances do not have a uniform passive.,2026-08-30T02:03:32.751Z
vision1,leader,complete,https://thanosvibs.money/api/characters/vision1/skills,,2026-08-30T02:03:32.751Z
vision1,passive,complete,https://thanosvibs.money/api/characters/vision1/skills,,2026-08-30T02:03:32.751Z
vision1,uniform_effect,complete,https://thanosvibs.money/api/characters/vision1/skills,,2026-08-30T02:03:32.751Z
vision2,leader,complete,https://thanosvibs.money/api/characters/vision2/skills,,2026-08-30T02:03:32.751Z
vision2,passive,complete,https://thanosvibs.money/api/characters/vision2/skills,,2026-08-30T02:03:32.751Z
vision2,uniform_effect,complete,https://thanosvibs.money/api/characters/vision2/skills,,2026-08-30T02:03:32.751Z
vision3,leader,complete,https://thanosvibs.money/api/characters/vision3/skills,,2026-08-30T02:03:32.751Z
vision3,passive,complete,https://thanosvibs.money/api/characters/vision3/skills,,2026-08-30T02:03:32.751Z
vision3,uniform_effect,complete,https://thanosvibs.money/api/characters/vision3/skills,,2026-08-30T02:03:32.751Z
vision4,leader,complete,https://thanosvibs.money/api/characters/vision4/skills,,2026-08-30T02:03:32.751Z
vision4,passive,complete,https://thanosvibs.money/api/characters/vision4/skills,,2026-08-30T02:03:32.751Z
vision4,uniform_effect,complete,https://thanosvibs.money/api/characters/vision4/skills,,2026-08-30T02:03:32.751Z
volstagg,leader,complete,https://thanosvibs.money/api/characters/volstagg/skills,,2026-08-30T02:03:32.751Z
volstagg,passive,complete,https://thanosvibs.money/api/characters/volstagg/skills,,2026-08-30T02:03:32.751Z
volstagg,uniform_effect,not_applicable,https://thanosvibs.money/api/characters/volstagg/skills,Base appearances do not have a uniform passive.,2026-08-30T02:03:32.751Z
vulture,leader,complete,https://thanosvibs.money/api/characters/vulture/skills,,2026-08-30T02:03:32.751Z
vulture,passive,complete,https://thanosvibs.money/api/characters/vulture/skills,,2026-08-30T02:03:32.751Z
vulture,uniform_effect,not_applicable,https://thanosvibs.money/api/characters/vulture/skills,Base appearances do not have a uniform passive.,2026-08-30T02:03:32.751Z
vulture1,leader,complete,https://thanosvibs.money/api/characters/vulture1/skills,,2026-08-30T02:03:32.751Z
vulture1,passive,complete,https://thanosvibs.money/api/characters/vulture1/skills,,2026-08-30T02:03:32.751Z
vulture1,uniform_effect,complete,https://thanosvibs.money/api/characters/vulture1/skills,,2026-08-30T02:03:32.751Z
warmachine,leader,complete,https://thanosvibs.money/api/characters/warmachine/skills,,2026-08-30T02:03:32.751Z
warmachine,passive,complete,https://thanosvibs.money/api/characters/warmachine/skills,,2026-08-30T02:03:32.751Z
warmachine,uniform_effect,not_applicable,https://thanosvibs.money/api/characters/warmachine/skills,Base appearances do not have a uniform passive.,2026-08-30T02:03:32.751Z
warmachine1,leader,complete,https://thanosvibs.money/api/characters/warmachine1/skills,,2026-08-30T02:03:32.751Z
warmachine1,passive,complete,https://thanosvibs.money/api/characters/warmachine1/skills,,2026-08-30T02:03:32.751Z
warmachine1,uniform_effect,complete,https://thanosvibs.money/api/characters/warmachine1/skills,,2026-08-30T02:03:32.751Z
warmachine2,leader,complete,https://thanosvibs.money/api/characters/warmachine2/skills,,2026-08-30T02:03:32.751Z
warmachine2,passive,complete,https://thanosvibs.money/api/characters/warmachine2/skills,,2026-08-30T02:03:32.751Z
warmachine2,uniform_effect,complete,https://thanosvibs.money/api/characters/warmachine2/skills,,2026-08-30T02:03:32.751Z
warmachine3,leader,complete,https://thanosvibs.money/api/characters/warmachine3/skills,,2026-08-30T02:03:32.751Z
warmachine3,passive,complete,https://thanosvibs.money/api/characters/warmachine3/skills,,2026-08-30T02:03:32.751Z
warmachine3,uniform_effect,complete,https://thanosvibs.money/api/characters/warmachine3/skills,,2026-08-30T02:03:32.751Z
warmachine4,leader,complete,https://thanosvibs.money/api/characters/warmachine4/skills,,2026-08-30T02:03:32.751Z
warmachine4,passive,complete,https://thanosvibs.money/api/characters/warmachine4/skills,,2026-08-30T02:03:32.751Z
warmachine4,uniform_effect,complete,https://thanosvibs.money/api/characters/warmachine4/skills,,2026-08-30T02:03:32.751Z
warmachine5,leader,complete,https://thanosvibs.money/api/characters/warmachine5/skills,,2026-08-30T02:03:32.751Z
warmachine5,passive,complete,https://thanosvibs.money/api/characters/warmachine5/skills,,2026-08-30T02:03:32.751Z
warmachine5,uniform_effect,complete,https://thanosvibs.money/api/characters/warmachine5/skills,,2026-08-30T02:03:32.751Z
warmachine6,leader,complete,https://thanosvibs.money/api/characters/warmachine6/skills,,2026-08-30T02:03:32.751Z
warmachine6,passive,complete,https://thanosvibs.money/api/characters/warmachine6/skills,,2026-08-30T02:03:32.751Z
warmachine6,uniform_effect,complete,https://thanosvibs.money/api/characters/warmachine6/skills,,2026-08-30T02:03:32.751Z
warmachine7,leader,complete,https://thanosvibs.money/api/characters/warmachine7/skills,,2026-08-30T02:03:32.751Z
warmachine7,passive,complete,https://thanosvibs.money/api/characters/warmachine7/skills,,2026-08-30T02:03:32.751Z
warmachine7,uniform_effect,complete,https://thanosvibs.money/api/characters/warmachine7/skills,,2026-08-30T02:03:32.751Z
warmachine8,leader,complete,https://thanosvibs.money/api/characters/warmachine8/skills,,2026-08-30T02:03:32.751Z
warmachine8,passive,complete,https://thanosvibs.money/api/characters/warmachine8/skills,,2026-08-30T02:03:32.751Z
warmachine8,uniform_effect,complete,https://thanosvibs.money/api/characters/warmachine8/skills,,2026-08-30T02:03:32.751Z
warpath,leader,complete,https://thanosvibs.money/api/characters/warpath/skills,,2026-08-30T02:03:32.751Z
warpath,passive,complete,https://thanosvibs.money/api/characters/warpath/skills,,2026-08-30T02:03:32.751Z
warpath,uniform_effect,not_applicable,https://thanosvibs.money/api/characters/warpath/skills,Base appearances do not have a uniform passive.,2026-08-30T02:03:32.751Z
warwolf,leader,complete,https://thanosvibs.money/api/characters/warwolf/skills,,2026-08-30T02:03:32.751Z
warwolf,passive,complete,https://thanosvibs.money/api/characters/warwolf/skills,,2026-08-30T02:03:32.751Z
warwolf,uniform_effect,not_applicable,https://thanosvibs.money/api/characters/warwolf/skills,Base appearances do not have a uniform passive.,2026-08-30T02:03:32.751Z
wasp,leader,complete,https://thanosvibs.money/api/characters/wasp/skills,,2026-08-30T02:03:32.751Z
wasp,passive,complete,https://thanosvibs.money/api/characters/wasp/skills,,2026-08-30T02:03:32.751Z
wasp,uniform_effect,not_applicable,https://thanosvibs.money/api/characters/wasp/skills,Base appearances do not have a uniform passive.,2026-08-30T02:03:32.751Z
wasp1,leader,complete,https://thanosvibs.money/api/characters/wasp1/skills,,2026-08-30T02:03:32.751Z
wasp1,passive,complete,https://thanosvibs.money/api/characters/wasp1/skills,,2026-08-30T02:03:32.751Z
wasp1,uniform_effect,complete,https://thanosvibs.money/api/characters/wasp1/skills,,2026-08-30T02:03:32.751Z
wasp2,leader,complete,https://thanosvibs.money/api/characters/wasp2/skills,,2026-08-30T02:03:32.751Z
wasp2,passive,complete,https://thanosvibs.money/api/characters/wasp2/skills,,2026-08-30T02:03:32.751Z
wasp2,uniform_effect,complete,https://thanosvibs.money/api/characters/wasp2/skills,,2026-08-30T02:03:32.751Z
wasp3,leader,complete,https://thanosvibs.money/api/characters/wasp3/skills,,2026-08-30T02:03:32.751Z
wasp3,passive,complete,https://thanosvibs.money/api/characters/wasp3/skills,,2026-08-30T02:03:32.751Z
wasp3,uniform_effect,complete,https://thanosvibs.money/api/characters/wasp3/skills,,2026-08-30T02:03:32.751Z
nadiavandyne,leader,complete,https://thanosvibs.money/api/characters/nadiavandyne/skills,,2026-08-30T02:03:32.751Z
nadiavandyne,passive,complete,https://thanosvibs.money/api/characters/nadiavandyne/skills,,2026-08-30T02:03:32.751Z
nadiavandyne,uniform_effect,not_applicable,https://thanosvibs.money/api/characters/nadiavandyne/skills,Base appearances do not have a uniform passive.,2026-08-30T02:03:32.751Z
wave,leader,complete,https://thanosvibs.money/api/characters/wave/skills,,2026-08-30T02:03:32.751Z
wave,passive,complete,https://thanosvibs.money/api/characters/wave/skills,,2026-08-30T02:03:32.751Z
wave,uniform_effect,not_applicable,https://thanosvibs.money/api/characters/wave/skills,Base appearances do not have a uniform passive.,2026-08-30T02:03:32.751Z
wave1,leader,complete,https://thanosvibs.money/api/characters/wave1/skills,,2026-08-30T02:03:32.751Z
wave1,passive,complete,https://thanosvibs.money/api/characters/wave1/skills,,2026-08-30T02:03:32.751Z
wave1,uniform_effect,complete,https://thanosvibs.money/api/characters/wave1/skills,,2026-08-30T02:03:32.751Z
weaponhex,leader,complete,https://thanosvibs.money/api/characters/weaponhex/skills,,2026-08-30T02:03:32.751Z
weaponhex,passive,complete,https://thanosvibs.money/api/characters/weaponhex/skills,,2026-08-30T02:03:32.751Z
weaponhex,uniform_effect,not_applicable,https://thanosvibs.money/api/characters/weaponhex/skills,Base appearances do not have a uniform passive.,2026-08-30T02:03:32.751Z
weaponhex1,leader,complete,https://thanosvibs.money/api/characters/weaponhex1/skills,,2026-08-30T02:03:32.751Z
weaponhex1,passive,complete,https://thanosvibs.money/api/characters/weaponhex1/skills,,2026-08-30T02:03:32.751Z
weaponhex1,uniform_effect,complete,https://thanosvibs.money/api/characters/weaponhex1/skills,,2026-08-30T02:03:32.751Z
whiplash,leader,complete,https://thanosvibs.money/api/characters/whiplash/skills,,2026-08-30T02:03:32.751Z
whiplash,passive,complete,https://thanosvibs.money/api/characters/whiplash/skills,,2026-08-30T02:03:32.751Z
whiplash,uniform_effect,not_applicable,https://thanosvibs.money/api/characters/whiplash/skills,Base appearances do not have a uniform passive.,2026-08-30T02:03:32.751Z
whitefox,leader,complete,https://thanosvibs.money/api/characters/whitefox/skills,,2026-08-30T02:03:32.751Z
whitefox,passive,complete,https://thanosvibs.money/api/characters/whitefox/skills,,2026-08-30T02:03:32.751Z
whitefox,uniform_effect,not_applicable,https://thanosvibs.money/api/characters/whitefox/skills,Base appearances do not have a uniform passive.,2026-08-30T02:03:32.751Z
whitefox1,leader,complete,https://thanosvibs.money/api/characters/whitefox1/skills,,2026-08-30T02:03:32.751Z
whitefox1,passive,complete,https://thanosvibs.money/api/characters/whitefox1/skills,,2026-08-30T02:03:32.751Z
whitefox1,uniform_effect,complete,https://thanosvibs.money/api/characters/whitefox1/skills,,2026-08-30T02:03:32.751Z
whitefox2,leader,complete,https://thanosvibs.money/api/characters/whitefox2/skills,,2026-08-30T02:03:32.751Z
whitefox2,passive,complete,https://thanosvibs.money/api/characters/whitefox2/skills,,2026-08-30T02:03:32.751Z
whitefox2,uniform_effect,complete,https://thanosvibs.money/api/characters/whitefox2/skills,,2026-08-30T02:03:32.751Z
whitefox3,leader,complete,https://thanosvibs.money/api/characters/whitefox3/skills,,2026-08-30T02:03:32.751Z
whitefox3,passive,complete,https://thanosvibs.money/api/characters/whitefox3/skills,,2026-08-30T02:03:32.751Z
whitefox3,uniform_effect,complete,https://thanosvibs.money/api/characters/whitefox3/skills,,2026-08-30T02:03:32.751Z
whitetiger,leader,complete,https://thanosvibs.money/api/characters/whitetiger/skills,,2026-08-30T02:03:32.751Z
whitetiger,passive,complete,https://thanosvibs.money/api/characters/whitetiger/skills,,2026-08-30T02:03:32.751Z
whitetiger,uniform_effect,not_applicable,https://thanosvibs.money/api/characters/whitetiger/skills,Base appearances do not have a uniform passive.,2026-08-30T02:03:32.751Z
whitetiger1,leader,complete,https://thanosvibs.money/api/characters/whitetiger1/skills,,2026-08-30T02:03:32.751Z
whitetiger1,passive,complete,https://thanosvibs.money/api/characters/whitetiger1/skills,,2026-08-30T02:03:32.751Z
whitetiger1,uniform_effect,complete,https://thanosvibs.money/api/characters/whitetiger1/skills,,2026-08-30T02:03:32.751Z
wiccan,leader,complete,https://thanosvibs.money/api/characters/wiccan/skills,,2026-08-30T02:03:32.751Z
wiccan,passive,complete,https://thanosvibs.money/api/characters/wiccan/skills,,2026-08-30T02:03:32.751Z
wiccan,uniform_effect,not_applicable,https://thanosvibs.money/api/characters/wiccan/skills,Base appearances do not have a uniform passive.,2026-08-30T02:03:32.751Z
wong,leader,complete,https://thanosvibs.money/api/characters/wong/skills,,2026-08-30T02:03:32.751Z
wong,passive,complete,https://thanosvibs.money/api/characters/wong/skills,,2026-08-30T02:03:32.751Z
wong,uniform_effect,not_applicable,https://thanosvibs.money/api/characters/wong/skills,Base appearances do not have a uniform passive.,2026-08-30T02:03:32.751Z
wong1,leader,complete,https://thanosvibs.money/api/characters/wong1/skills,,2026-08-30T02:03:32.751Z
wong1,passive,complete,https://thanosvibs.money/api/characters/wong1/skills,,2026-08-30T02:03:32.751Z
wong1,uniform_effect,complete,https://thanosvibs.money/api/characters/wong1/skills,,2026-08-30T02:03:32.751Z
wong2,leader,complete,https://thanosvibs.money/api/characters/wong2/skills,,2026-08-30T02:03:32.751Z
wong2,passive,complete,https://thanosvibs.money/api/characters/wong2/skills,,2026-08-30T02:03:32.751Z
wong2,uniform_effect,complete,https://thanosvibs.money/api/characters/wong2/skills,,2026-08-30T02:03:32.751Z
wong3,leader,complete,https://thanosvibs.money/api/characters/wong3/skills,,2026-08-30T02:03:32.751Z
wong3,passive,complete,https://thanosvibs.money/api/characters/wong3/skills,,2026-08-30T02:03:32.751Z
wong3,uniform_effect,complete,https://thanosvibs.money/api/characters/wong3/skills,,2026-08-30T02:03:32.751Z
yelenabelova,leader,complete,https://thanosvibs.money/api/characters/yelenabelova/skills,,2026-08-30T02:03:32.751Z
yelenabelova,passive,complete,https://thanosvibs.money/api/characters/yelenabelova/skills,,2026-08-30T02:03:32.751Z
yelenabelova,uniform_effect,not_applicable,https://thanosvibs.money/api/characters/yelenabelova/skills,Base appearances do not have a uniform passive.,2026-08-30T02:03:32.751Z
yelenabelova1,leader,complete,https://thanosvibs.money/api/characters/yelenabelova1/skills,,2026-08-30T02:03:32.751Z
yelenabelova1,passive,complete,https://thanosvibs.money/api/characters/yelenabelova1/skills,,2026-08-30T02:03:32.751Z
yelenabelova1,uniform_effect,complete,https://thanosvibs.money/api/characters/yelenabelova1/skills,,2026-08-30T02:03:32.751Z
yelenabelova2,leader,complete,https://thanosvibs.money/api/characters/yelenabelova2/skills,,2026-08-30T02:03:32.751Z
yelenabelova2,passive,complete,https://thanosvibs.money/api/characters/yelenabelova2/skills,,2026-08-30T02:03:32.751Z
yelenabelova2,uniform_effect,complete,https://thanosvibs.money/api/characters/yelenabelova2/skills,,2026-08-30T02:03:32.751Z
yelenabelova3,leader,complete,https://thanosvibs.money/api/characters/yelenabelova3/skills,,2026-08-30T02:03:32.751Z
yelenabelova3,passive,complete,https://thanosvibs.money/api/characters/yelenabelova3/skills,,2026-08-30T02:03:32.751Z
yelenabelova3,uniform_effect,complete,https://thanosvibs.money/api/characters/yelenabelova3/skills,,2026-08-30T02:03:32.751Z
yellowjacket,leader,complete,https://thanosvibs.money/api/characters/yellowjacket/skills,,2026-08-30T02:03:32.751Z
yellowjacket,passive,complete,https://thanosvibs.money/api/characters/yellowjacket/skills,,2026-08-30T02:03:32.751Z
yellowjacket,uniform_effect,not_applicable,https://thanosvibs.money/api/characters/yellowjacket/skills,Base appearances do not have a uniform passive.,2026-08-30T02:03:32.751Z
yellowjacket1,leader,complete,https://thanosvibs.money/api/characters/yellowjacket1/skills,,2026-08-30T02:03:32.751Z
yellowjacket1,passive,complete,https://thanosvibs.money/api/characters/yellowjacket1/skills,,2026-08-30T02:03:32.751Z
yellowjacket1,uniform_effect,complete,https://thanosvibs.money/api/characters/yellowjacket1/skills,,2026-08-30T02:03:32.751Z
yondu,leader,complete,https://thanosvibs.money/api/characters/yondu/skills,,2026-08-30T02:03:32.751Z
yondu,passive,complete,https://thanosvibs.money/api/characters/yondu/skills,,2026-08-30T02:03:32.751Z
yondu,uniform_effect,not_applicable,https://thanosvibs.money/api/characters/yondu/skills,Base appearances do not have a uniform passive.,2026-08-30T02:03:32.751Z
yondu1,leader,complete,https://thanosvibs.money/api/characters/yondu1/skills,,2026-08-30T02:03:32.751Z
yondu1,passive,complete,https://thanosvibs.money/api/characters/yondu1/skills,,2026-08-30T02:03:32.751Z
yondu1,uniform_effect,complete,https://thanosvibs.money/api/characters/yondu1/skills,,2026-08-30T02:03:32.751Z
yondu2,leader,complete,https://thanosvibs.money/api/characters/yondu2/skills,,2026-08-30T02:03:32.751Z
yondu2,passive,complete,https://thanosvibs.money/api/characters/yondu2/skills,,2026-08-30T02:03:32.751Z
yondu2,uniform_effect,complete,https://thanosvibs.money/api/characters/yondu2/skills,,2026-08-30T02:03:32.751Z
yondu3,leader,complete,https://thanosvibs.money/api/characters/yondu3/skills,,2026-08-30T02:03:32.751Z
yondu3,passive,complete,https://thanosvibs.money/api/characters/yondu3/skills,,2026-08-30T02:03:32.751Z
yondu3,uniform_effect,complete,https://thanosvibs.money/api/characters/yondu3/skills,,2026-08-30T02:03:32.751Z
mephisto,leader,complete,https://thanosvibs.money/api/characters/mephisto/skills,,2026-08-30T02:03:32.751Z
mephisto,passive,complete,https://thanosvibs.money/api/characters/mephisto/skills,,2026-08-30T02:03:32.751Z
mephisto,uniform_effect,not_applicable,https://thanosvibs.money/api/characters/mephisto/skills,Base appearances do not have a uniform passive.,2026-08-30T02:03:32.751Z
mephisto1,leader,complete,https://thanosvibs.money/api/characters/mephisto1/skills,,2026-08-30T02:03:32.751Z
mephisto1,passive,complete,https://thanosvibs.money/api/characters/mephisto1/skills,,2026-08-30T02:03:32.751Z
mephisto1,uniform_effect,complete,https://thanosvibs.money/api/characters/mephisto1/skills,,2026-08-30T02:03:32.751Z
spectrum,leader,complete,https://thanosvibs.money/api/characters/spectrum/skills,,2026-08-30T02:03:32.751Z
spectrum,passive,complete,https://thanosvibs.money/api/characters/spectrum/skills,,2026-08-30T02:03:32.751Z
spectrum,uniform_effect,not_applicable,https://thanosvibs.money/api/characters/spectrum/skills,Base appearances do not have a uniform passive.,2026-08-30T02:03:32.751Z
spectrum1,leader,complete,https://thanosvibs.money/api/characters/spectrum1/skills,,2026-08-30T02:03:32.751Z
spectrum1,passive,complete,https://thanosvibs.money/api/characters/spectrum1/skills,,2026-08-30T02:03:32.751Z
spectrum1,uniform_effect,complete,https://thanosvibs.money/api/characters/spectrum1/skills,,2026-08-30T02:03:32.751Z
wenwu,leader,complete,https://thanosvibs.money/api/characters/wenwu/skills,,2026-08-30T02:03:32.751Z
wenwu,passive,complete,https://thanosvibs.money/api/characters/wenwu/skills,,2026-08-30T02:03:32.751Z
wenwu,uniform_effect,not_applicable,https://thanosvibs.money/api/characters/wenwu/skills,Base appearances do not have a uniform passive.,2026-08-30T02:03:32.751Z
wenwu1,leader,complete,https://thanosvibs.money/api/characters/wenwu1/skills,,2026-08-30T02:03:32.751Z
wenwu1,passive,complete,https://thanosvibs.money/api/characters/wenwu1/skills,,2026-08-30T02:03:32.751Z
wenwu1,uniform_effect,complete,https://thanosvibs.money/api/characters/wenwu1/skills,,2026-08-30T02:03:32.751Z
katy,leader,complete,https://thanosvibs.money/api/characters/katy/skills,,2026-08-30T02:03:32.751Z
katy,passive,complete,https://thanosvibs.money/api/characters/katy/skills,,2026-08-30T02:03:32.751Z
katy,uniform_effect,not_applicable,https://thanosvibs.money/api/characters/katy/skills,Base appearances do not have a uniform passive.,2026-08-30T02:03:32.751Z
makkari,leader,complete,https://thanosvibs.money/api/characters/makkari/skills,,2026-08-30T02:03:32.751Z
makkari,passive,complete,https://thanosvibs.money/api/characters/makkari/skills,,2026-08-30T02:03:32.751Z
makkari,uniform_effect,not_applicable,https://thanosvibs.money/api/characters/makkari/skills,Base appearances do not have a uniform passive.,2026-08-30T02:03:32.751Z
makkari1,leader,complete,https://thanosvibs.money/api/characters/makkari1/skills,,2026-08-30T02:03:32.751Z
makkari1,passive,complete,https://thanosvibs.money/api/characters/makkari1/skills,,2026-08-30T02:03:32.751Z
makkari1,uniform_effect,complete,https://thanosvibs.money/api/characters/makkari1/skills,,2026-08-30T02:03:32.751Z
kingo,leader,complete,https://thanosvibs.money/api/characters/kingo/skills,,2026-08-30T02:03:32.751Z
kingo,passive,complete,https://thanosvibs.money/api/characters/kingo/skills,,2026-08-30T02:03:32.751Z
kingo,uniform_effect,not_applicable,https://thanosvibs.money/api/characters/kingo/skills,Base appearances do not have a uniform passive.,2026-08-30T02:03:32.751Z
kingo1,leader,complete,https://thanosvibs.money/api/characters/kingo1/skills,,2026-08-30T02:03:32.751Z
kingo1,passive,complete,https://thanosvibs.money/api/characters/kingo1/skills,,2026-08-30T02:03:32.751Z
kingo1,uniform_effect,complete,https://thanosvibs.money/api/characters/kingo1/skills,,2026-08-30T02:03:32.751Z
thena,leader,complete,https://thanosvibs.money/api/characters/thena/skills,,2026-08-30T02:03:32.751Z
thena,passive,complete,https://thanosvibs.money/api/characters/thena/skills,,2026-08-30T02:03:32.751Z
thena,uniform_effect,not_applicable,https://thanosvibs.money/api/characters/thena/skills,Base appearances do not have a uniform passive.,2026-08-30T02:03:32.751Z
thena1,leader,complete,https://thanosvibs.money/api/characters/thena1/skills,,2026-08-30T02:03:32.751Z
thena1,passive,complete,https://thanosvibs.money/api/characters/thena1/skills,,2026-08-30T02:03:32.751Z
thena1,uniform_effect,complete,https://thanosvibs.money/api/characters/thena1/skills,,2026-08-30T02:03:32.751Z
gilgamesh,leader,complete,https://thanosvibs.money/api/characters/gilgamesh/skills,,2026-08-30T02:03:32.751Z
gilgamesh,passive,complete,https://thanosvibs.money/api/characters/gilgamesh/skills,,2026-08-30T02:03:32.751Z
gilgamesh,uniform_effect,not_applicable,https://thanosvibs.money/api/characters/gilgamesh/skills,Base appearances do not have a uniform passive.,2026-08-30T02:03:32.751Z
gilgamesh1,leader,complete,https://thanosvibs.money/api/characters/gilgamesh1/skills,,2026-08-30T02:03:32.751Z
gilgamesh1,passive,complete,https://thanosvibs.money/api/characters/gilgamesh1/skills,,2026-08-30T02:03:32.751Z
gilgamesh1,uniform_effect,complete,https://thanosvibs.money/api/characters/gilgamesh1/skills,,2026-08-30T02:03:32.751Z
echo,leader,complete,https://thanosvibs.money/api/characters/echo/skills,,2026-08-30T02:03:32.751Z
echo,passive,complete,https://thanosvibs.money/api/characters/echo/skills,,2026-08-30T02:03:32.751Z
echo,uniform_effect,not_applicable,https://thanosvibs.money/api/characters/echo/skills,Base appearances do not have a uniform passive.,2026-08-30T02:03:32.751Z
echo1,leader,complete,https://thanosvibs.money/api/characters/echo1/skills,,2026-08-30T02:03:32.751Z
echo1,passive,complete,https://thanosvibs.money/api/characters/echo1/skills,,2026-08-30T02:03:32.751Z
echo1,uniform_effect,complete,https://thanosvibs.money/api/characters/echo1/skills,,2026-08-30T02:03:32.751Z
echo2,leader,complete,https://thanosvibs.money/api/characters/echo2/skills,,2026-08-30T02:03:32.751Z
echo2,passive,complete,https://thanosvibs.money/api/characters/echo2/skills,,2026-08-30T02:03:32.751Z
echo2,uniform_effect,complete,https://thanosvibs.money/api/characters/echo2/skills,,2026-08-30T02:03:32.751Z
gorr1,leader,complete,https://thanosvibs.money/api/characters/gorr1/skills,,2026-08-30T02:03:32.751Z
gorr1,passive,complete,https://thanosvibs.money/api/characters/gorr1/skills,,2026-08-30T02:03:32.751Z
gorr1,uniform_effect,not_applicable,https://thanosvibs.money/api/characters/gorr1/skills,Base appearances do not have a uniform passive.,2026-08-30T02:03:32.751Z
gorr2,leader,complete,https://thanosvibs.money/api/characters/gorr2/skills,,2026-08-30T02:03:32.751Z
gorr2,passive,complete,https://thanosvibs.money/api/characters/gorr2/skills,,2026-08-30T02:03:32.751Z
gorr2,uniform_effect,complete,https://thanosvibs.money/api/characters/gorr2/skills,,2026-08-30T02:03:32.751Z
toxin,leader,complete,https://thanosvibs.money/api/characters/toxin/skills,,2026-08-30T02:03:32.751Z
toxin,passive,complete,https://thanosvibs.money/api/characters/toxin/skills,,2026-08-30T02:03:32.751Z
toxin,uniform_effect,not_applicable,https://thanosvibs.money/api/characters/toxin/skills,Base appearances do not have a uniform passive.,2026-08-30T02:03:32.751Z
mbaku1,leader,complete,https://thanosvibs.money/api/characters/mbaku1/skills,,2026-08-30T02:03:32.751Z
mbaku1,passive,complete,https://thanosvibs.money/api/characters/mbaku1/skills,,2026-08-30T02:03:32.751Z
mbaku1,uniform_effect,not_applicable,https://thanosvibs.money/api/characters/mbaku1/skills,Base appearances do not have a uniform passive.,2026-08-30T02:03:32.751Z
polaris,leader,complete,https://thanosvibs.money/api/characters/polaris/skills,,2026-08-30T02:03:32.751Z
polaris,passive,complete,https://thanosvibs.money/api/characters/polaris/skills,,2026-08-30T02:03:32.751Z
polaris,uniform_effect,not_applicable,https://thanosvibs.money/api/characters/polaris/skills,Base appearances do not have a uniform passive.,2026-08-30T02:03:32.751Z
polaris1,leader,complete,https://thanosvibs.money/api/characters/polaris1/skills,,2026-08-30T02:03:32.751Z
polaris1,passive,complete,https://thanosvibs.money/api/characters/polaris1/skills,,2026-08-30T02:03:32.751Z
polaris1,uniform_effect,complete,https://thanosvibs.money/api/characters/polaris1/skills,,2026-08-30T02:03:32.751Z
cassielang,leader,complete,https://thanosvibs.money/api/characters/cassielang/skills,,2026-08-30T02:03:32.751Z
cassielang,passive,complete,https://thanosvibs.money/api/characters/cassielang/skills,,2026-08-30T02:03:32.751Z
cassielang,uniform_effect,not_applicable,https://thanosvibs.money/api/characters/cassielang/skills,Base appearances do not have a uniform passive.,2026-08-30T02:03:32.751Z
spot,leader,complete,https://thanosvibs.money/api/characters/spot/skills,,2026-08-30T02:03:32.751Z
spot,passive,complete,https://thanosvibs.money/api/characters/spot/skills,,2026-08-30T02:03:32.751Z
spot,uniform_effect,not_applicable,https://thanosvibs.money/api/characters/spot/skills,Base appearances do not have a uniform passive.,2026-08-30T02:03:32.751Z
kang,leader,complete,https://thanosvibs.money/api/characters/kang/skills,,2026-08-30T02:03:32.751Z
kang,passive,complete,https://thanosvibs.money/api/characters/kang/skills,,2026-08-30T02:03:32.751Z
kang,uniform_effect,not_applicable,https://thanosvibs.money/api/characters/kang/skills,Base appearances do not have a uniform passive.,2026-08-30T02:03:32.751Z
kang1,leader,complete,https://thanosvibs.money/api/characters/kang1/skills,,2026-08-30T02:03:32.751Z
kang1,passive,complete,https://thanosvibs.money/api/characters/kang1/skills,,2026-08-30T02:03:32.751Z
kang1,uniform_effect,complete,https://thanosvibs.money/api/characters/kang1/skills,,2026-08-30T02:03:32.751Z
omegared,leader,complete,https://thanosvibs.money/api/characters/omegared/skills,,2026-08-30T02:03:32.751Z
omegared,passive,complete,https://thanosvibs.money/api/characters/omegared/skills,,2026-08-30T02:03:32.751Z
omegared,uniform_effect,not_applicable,https://thanosvibs.money/api/characters/omegared/skills,Base appearances do not have a uniform passive.,2026-08-30T02:03:32.751Z
manthing,leader,complete,https://thanosvibs.money/api/characters/manthing/skills,,2026-08-30T02:03:32.751Z
manthing,passive,complete,https://thanosvibs.money/api/characters/manthing/skills,,2026-08-30T02:03:32.751Z
manthing,uniform_effect,not_applicable,https://thanosvibs.money/api/characters/manthing/skills,Base appearances do not have a uniform passive.,2026-08-30T02:03:32.751Z
sylvie,leader,complete,https://thanosvibs.money/api/characters/sylvie/skills,,2026-08-30T02:03:32.751Z
sylvie,passive,complete,https://thanosvibs.money/api/characters/sylvie/skills,,2026-08-30T02:03:32.751Z
sylvie,uniform_effect,not_applicable,https://thanosvibs.money/api/characters/sylvie/skills,Base appearances do not have a uniform passive.,2026-08-30T02:03:32.751Z
kahhori,leader,complete,https://thanosvibs.money/api/characters/kahhori/skills,,2026-08-30T02:03:32.751Z
kahhori,passive,complete,https://thanosvibs.money/api/characters/kahhori/skills,,2026-08-30T02:03:32.751Z
kahhori,uniform_effect,not_applicable,https://thanosvibs.money/api/characters/kahhori/skills,Base appearances do not have a uniform passive.,2026-08-30T02:03:32.751Z
havok,leader,complete,https://thanosvibs.money/api/characters/havok/skills,,2026-08-30T02:03:32.751Z
havok,passive,complete,https://thanosvibs.money/api/characters/havok/skills,,2026-08-30T02:03:32.751Z
havok,uniform_effect,not_applicable,https://thanosvibs.money/api/characters/havok/skills,Base appearances do not have a uniform passive.,2026-08-30T02:03:32.751Z
hopesummers,leader,complete,https://thanosvibs.money/api/characters/hopesummers/skills,,2026-08-30T02:03:32.751Z
hopesummers,passive,complete,https://thanosvibs.money/api/characters/hopesummers/skills,,2026-08-30T02:03:32.751Z
hopesummers,uniform_effect,not_applicable,https://thanosvibs.money/api/characters/hopesummers/skills,Base appearances do not have a uniform passive.,2026-08-30T02:03:32.751Z
exodus,leader,complete,https://thanosvibs.money/api/characters/exodus/skills,,2026-08-30T02:03:32.751Z
exodus,passive,complete,https://thanosvibs.money/api/characters/exodus/skills,,2026-08-30T02:03:32.751Z
exodus,uniform_effect,not_applicable,https://thanosvibs.money/api/characters/exodus/skills,Base appearances do not have a uniform passive.,2026-08-30T02:03:32.751Z
madelynepryor,leader,complete,https://thanosvibs.money/api/characters/madelynepryor/skills,,2026-08-30T02:03:32.751Z
madelynepryor,passive,complete,https://thanosvibs.money/api/characters/madelynepryor/skills,,2026-08-30T02:03:32.751Z
madelynepryor,uniform_effect,not_applicable,https://thanosvibs.money/api/characters/madelynepryor/skills,Base appearances do not have a uniform passive.,2026-08-30T02:03:32.751Z
madelynepryor1,leader,complete,https://thanosvibs.money/api/characters/madelynepryor1/skills,,2026-08-30T02:03:32.751Z
madelynepryor1,passive,complete,https://thanosvibs.money/api/characters/madelynepryor1/skills,,2026-08-30T02:03:32.751Z
madelynepryor1,uniform_effect,complete,https://thanosvibs.money/api/characters/madelynepryor1/skills,,2026-08-30T02:03:32.751Z
wendellvaughn,leader,complete,https://thanosvibs.money/api/characters/wendellvaughn/skills,,2026-08-30T02:03:32.751Z
wendellvaughn,passive,complete,https://thanosvibs.money/api/characters/wendellvaughn/skills,,2026-08-30T02:03:32.751Z
wendellvaughn,uniform_effect,not_applicable,https://thanosvibs.money/api/characters/wendellvaughn/skills,Base appearances do not have a uniform passive.,2026-08-30T02:03:32.751Z
ikon,leader,complete,https://thanosvibs.money/api/characters/ikon/skills,,2026-08-30T02:03:32.751Z
ikon,passive,complete,https://thanosvibs.money/api/characters/ikon/skills,,2026-08-30T02:03:32.751Z
ikon,uniform_effect,not_applicable,https://thanosvibs.money/api/characters/ikon/skills,Base appearances do not have a uniform passive.,2026-08-30T02:03:32.751Z
blackswan,leader,complete,https://thanosvibs.money/api/characters/blackswan/skills,,2026-08-30T02:03:32.751Z
blackswan,passive,complete,https://thanosvibs.money/api/characters/blackswan/skills,,2026-08-30T02:03:32.751Z
blackswan,uniform_effect,not_applicable,https://thanosvibs.money/api/characters/blackswan/skills,Base appearances do not have a uniform passive.,2026-08-30T02:03:32.751Z
franklinrichards,leader,complete,https://thanosvibs.money/api/characters/franklinrichards/skills,,2026-08-30T02:03:32.751Z
franklinrichards,passive,complete,https://thanosvibs.money/api/characters/franklinrichards/skills,,2026-08-30T02:03:32.751Z
franklinrichards,uniform_effect,not_applicable,https://thanosvibs.money/api/characters/franklinrichards/skills,Base appearances do not have a uniform passive.,2026-08-30T02:03:32.751Z
valeriarichards,leader,complete,https://thanosvibs.money/api/characters/valeriarichards/skills,,2026-08-30T02:03:32.751Z
valeriarichards,passive,complete,https://thanosvibs.money/api/characters/valeriarichards/skills,,2026-08-30T02:03:32.751Z
valeriarichards,uniform_effect,not_applicable,https://thanosvibs.money/api/characters/valeriarichards/skills,Base appearances do not have a uniform passive.,2026-08-30T02:03:32.751Z
cassandranova,leader,complete,https://thanosvibs.money/api/characters/cassandranova/skills,,2026-08-30T02:03:32.751Z
cassandranova,passive,complete,https://thanosvibs.money/api/characters/cassandranova/skills,,2026-08-30T02:03:32.751Z
cassandranova,uniform_effect,not_applicable,https://thanosvibs.money/api/characters/cassandranova/skills,Base appearances do not have a uniform passive.,2026-08-30T02:03:32.751Z
okoye,leader,complete,https://thanosvibs.money/api/characters/okoye/skills,,2026-08-30T02:03:32.751Z
okoye,passive,complete,https://thanosvibs.money/api/characters/okoye/skills,,2026-08-30T02:03:32.751Z
okoye,uniform_effect,not_applicable,https://thanosvibs.money/api/characters/okoye/skills,Base appearances do not have a uniform passive.,2026-08-30T02:03:32.751Z
sleeper,leader,complete,https://thanosvibs.money/api/characters/sleeper/skills,,2026-08-30T02:03:32.751Z
sleeper,passive,complete,https://thanosvibs.money/api/characters/sleeper/skills,,2026-08-30T02:03:32.751Z
sleeper,uniform_effect,not_applicable,https://thanosvibs.money/api/characters/sleeper/skills,Base appearances do not have a uniform passive.,2026-08-30T02:03:32.751Z
leader,leader,complete,https://thanosvibs.money/api/characters/leader/skills,,2026-08-30T02:03:32.751Z
leader,passive,complete,https://thanosvibs.money/api/characters/leader/skills,,2026-08-30T02:03:32.751Z
leader,uniform_effect,not_applicable,https://thanosvibs.money/api/characters/leader/skills,Base appearances do not have a uniform passive.,2026-08-30T02:03:32.751Z
joaquintorres,leader,complete,https://thanosvibs.money/api/characters/joaquintorres/skills,,2026-08-30T02:03:32.751Z
joaquintorres,passive,complete,https://thanosvibs.money/api/characters/joaquintorres/skills,,2026-08-30T02:03:32.751Z
joaquintorres,uniform_effect,not_applicable,https://thanosvibs.money/api/characters/joaquintorres/skills,Base appearances do not have a uniform passive.,2026-08-30T02:03:32.751Z
usagent,leader,complete,https://thanosvibs.money/api/characters/usagent/skills,,2026-08-30T02:03:32.751Z
usagent,passive,complete,https://thanosvibs.money/api/characters/usagent/skills,,2026-08-30T02:03:32.751Z
usagent,uniform_effect,not_applicable,https://thanosvibs.money/api/characters/usagent/skills,Base appearances do not have a uniform passive.,2026-08-30T02:03:32.751Z
sunspot,leader,complete,https://thanosvibs.money/api/characters/sunspot/skills,,2026-08-30T02:03:32.751Z
sunspot,passive,complete,https://thanosvibs.money/api/characters/sunspot/skills,,2026-08-30T02:03:32.751Z
sunspot,uniform_effect,not_applicable,https://thanosvibs.money/api/characters/sunspot/skills,Base appearances do not have a uniform passive.,2026-08-30T02:03:32.751Z
thehood,leader,complete,https://thanosvibs.money/api/characters/thehood/skills,,2026-08-30T02:03:32.751Z
thehood,passive,complete,https://thanosvibs.money/api/characters/thehood/skills,,2026-08-30T02:03:32.751Z
thehood,uniform_effect,not_applicable,https://thanosvibs.money/api/characters/thehood/skills,Base appearances do not have a uniform passive.,2026-08-30T02:03:32.751Z
shallabal,leader,complete,https://thanosvibs.money/api/characters/shallabal/skills,,2026-08-30T02:03:32.751Z
shallabal,passive,complete,https://thanosvibs.money/api/characters/shallabal/skills,,2026-08-30T02:03:32.751Z
shallabal,uniform_effect,not_applicable,https://thanosvibs.money/api/characters/shallabal/skills,Base appearances do not have a uniform passive.,2026-08-30T02:03:32.751Z
blackknight,leader,complete,https://thanosvibs.money/api/characters/blackknight/skills,,2026-08-30T02:03:32.751Z
blackknight,passive,complete,https://thanosvibs.money/api/characters/blackknight/skills,,2026-08-30T02:03:32.751Z
blackknight,uniform_effect,not_applicable,https://thanosvibs.money/api/characters/blackknight/skills,Base appearances do not have a uniform passive.,2026-08-30T02:03:32.751Z
hercules,leader,complete,https://thanosvibs.money/api/characters/hercules/skills,,2026-08-30T02:03:32.751Z
hercules,passive,complete,https://thanosvibs.money/api/characters/hercules/skills,,2026-08-30T02:03:32.751Z
hercules,uniform_effect,not_applicable,https://thanosvibs.money/api/characters/hercules/skills,Base appearances do not have a uniform passive.,2026-08-30T02:03:32.751Z
hades,leader,complete,https://thanosvibs.money/api/characters/hades/skills,,2026-08-30T02:03:32.751Z
hades,passive,complete,https://thanosvibs.money/api/characters/hades/skills,,2026-08-30T02:03:32.751Z
hades,uniform_effect,not_applicable,https://thanosvibs.money/api/characters/hades/skills,Base appearances do not have a uniform passive.,2026-08-30T02:03:32.751Z
zeus,leader,complete,https://thanosvibs.money/api/characters/zeus/skills,,2026-08-30T02:03:32.751Z
zeus,passive,complete,https://thanosvibs.money/api/characters/zeus/skills,,2026-08-30T02:03:32.751Z
zeus,uniform_effect,not_applicable,https://thanosvibs.money/api/characters/zeus/skills,Base appearances do not have a uniform passive.,2026-08-30T02:03:32.751Z
athena,leader,complete,https://thanosvibs.money/api/characters/athena/skills,,2026-08-30T02:03:32.751Z
athena,passive,complete,https://thanosvibs.money/api/characters/athena/skills,,2026-08-30T02:03:32.751Z
athena,uniform_effect,not_applicable,https://thanosvibs.money/api/characters/athena/skills,Base appearances do not have a uniform passive.,2026-08-30T02:03:32.751Z
venus,leader,complete,https://thanosvibs.money/api/characters/venus/skills,,2026-08-30T02:03:32.751Z
venus,passive,complete,https://thanosvibs.money/api/characters/venus/skills,,2026-08-30T02:03:32.751Z
venus,uniform_effect,not_applicable,https://thanosvibs.money/api/characters/venus/skills,Base appearances do not have a uniform passive.,2026-08-30T02:03:32.751Z
marvelboy,leader,complete,https://thanosvibs.money/api/characters/marvelboy/skills,,2026-08-30T02:03:32.751Z
marvelboy,passive,complete,https://thanosvibs.money/api/characters/marvelboy/skills,,2026-08-30T02:03:32.751Z
marvelboy,uniform_effect,not_applicable,https://thanosvibs.money/api/characters/marvelboy/skills,Base appearances do not have a uniform passive.,2026-08-30T02:03:32.751Z
silversamurai,leader,complete,https://thanosvibs.money/api/characters/silversamurai/skills,,2026-08-30T02:03:32.751Z
silversamurai,passive,complete,https://thanosvibs.money/api/characters/silversamurai/skills,,2026-08-30T02:03:32.751Z
silversamurai,uniform_effect,not_applicable,https://thanosvibs.money/api/characters/silversamurai/skills,Base appearances do not have a uniform passive.,2026-08-30T02:03:32.751Z
jeffthelandshark,leader,complete,https://thanosvibs.money/api/characters/jeffthelandshark/skills,,2026-08-30T02:03:32.751Z
jeffthelandshark,passive,complete,https://thanosvibs.money/api/characters/jeffthelandshark/skills,,2026-08-30T02:03:32.751Z
jeffthelandshark,uniform_effect,not_applicable,https://thanosvibs.money/api/characters/jeffthelandshark/skills,Base appearances do not have a uniform passive.,2026-08-30T02:03:32.751Z
morph,leader,complete,https://thanosvibs.money/api/characters/morph/skills,,2026-08-30T02:03:32.751Z
morph,passive,complete,https://thanosvibs.money/api/characters/morph/skills,,2026-08-30T02:03:32.751Z
morph,uniform_effect,not_applicable,https://thanosvibs.money/api/characters/morph/skills,Base appearances do not have a uniform passive.,2026-08-30T02:03:32.751Z
