character_id,name,exclusive_skill,pve_score,pvp_score,effects,acquisition,release_update,image_url,image_local_url,source_url
abomination,Strange Creature,Gamma Boost,High,Medium,"[""3★: Applies to: Gamma Radiation Allies"",""3★: • Increases All Basic Attacks by 18%, and an additional 0.2% of total Instinct. (Up to 200%)"",""3★: • Increases Max HP by 4%, and an additional 0.1% of total Instinct. (Up to 200%)"",""4★: Applies to: Gamma Radiation Allies"",""4★: • Increases All Basic Attacks by 20%, and an additional 0.3% of total Instinct. (Up to 200%)"",""4★: • Increases Max HP by 6%, and an additional 0.1% of total Instinct. (Up to 200%)"",""5★: Applies to: Gamma Radiation Allies"",""5★: • Increases All Basic Attacks by 22%, and an additional 0.4% of total Instinct. (Up to 200%)"",""5★: • Increases Max HP by 8%, and an additional 0.1% of total Instinct. (Up to 200%)"",""6★: Applies to: Gamma Radiation Allies"",""6★: • Increases All Basic Attacks by 25%, and an additional 0.5% of total Instinct. (Up to 200%)"",""6★: • Increases Max HP by 10%, and an additional 0.1% of total Instinct. (Up to 200%)""]",10.4 Collector's Vault (General Vault) [6★],Update 10.4.5,https://thanosvibs.money/images/artifacts/artifact_abomination.png,/mff-assets/artifacts/artifactabomination.webp,https://thanosvibs.money/api/artifacts
absorbingman,Omni-Morph,Endless Absorption,Low,Low,"[""3★: Applies to: Self"",""3★: • Restores HP equal to 2% of Reflect Damage dealt to the target. Restores bonus HP equal to (Total Instinct * 4%)."",""3★: • Can restore up to 2% of Max HP and has a 1 sec Cooldown."",""4★: Applies to: Self"",""4★: • Restores HP equal to 3% of Reflect Damage dealt to the target. Restores bonus HP equal to (Total Instinct * 6%)."",""4★: • Can restore up to 3% of Max HP and has a 1 sec Cooldown."",""5★: Applies to: Self"",""5★: • Restores HP equal to 4% of Reflect Damage dealt to the target. Restores bonus HP equal to (Total Instinct * 8%)."",""5★: • Can restore up to 4% of Max HP and has a 1 sec Cooldown."",""6★: Applies to: Self"",""6★: • Restores HP equal to 5% of Reflect Damage dealt to the target. Restores bonus HP equal to (Total Instinct * 10%)."",""6★: • Can restore up to 5% of Max HP and has a 1 sec Cooldown.""]",Alliance Battle Legend 2.5m Reward (Round 3 & 10) [3★] | Alliance Battle Legend 2.5m Reward (Round 3 & 10) [4★],Update 8.3,https://thanosvibs.money/images/artifacts/artifact_absorbingman.png,/mff-assets/artifacts/artifactabsorbingman.webp,https://thanosvibs.money/api/artifacts
adamwarlock,Light of Life,Miraculous Resurrection,Medium,High,"[""3★: Activation Rate: when HP is below 99%"",""3★: Applies to: Self"",""3★: • Recovers HP by 1%, and an additional 0.1% of total Instinct. (Up to 200%) (1 sec.)"",""3★: Cooldown Time 1 second"",""4★: Activation Rate: when HP is below 99%"",""4★: Applies to: Self"",""4★: • Recovers HP by 1.5%, and an additional 0.1% of total Instinct. (Up to 200%) (1 sec.)"",""4★: Cooldown Time 1 second"",""5★: Activation Rate: when HP is below 99%"",""5★: Applies to: Self"",""5★: • Recovers HP by 2%, and an additional 0.1% of total Instinct. (Up to 200%) (1 sec.)"",""5★: Cooldown Time 1 second"",""6★: Activation Rate: when HP is below 99%"",""6★: Applies to: Self"",""6★: • Recovers HP by 2.5%, and an additional 0.1% of total Instinct. (Up to 200%) (1 sec.)"",""6★: Cooldown Time 1 second""]",9.0 Collector's Vault (General Vault) [6★],Update 7.8,https://thanosvibs.money/images/artifacts/artifact_adamwarlock.png,/mff-assets/artifacts/artifactadamwarlock.webp,https://thanosvibs.money/api/artifacts
aero,Breath of the Wind,Healing Wind,Medium,Low,"[""3★: Activation Rate: when debuffed"",""3★: Applies to: Self"",""3★: • 20% chance to ignore all debuffs received, and an additional 0.5% of total Instinct. (Up to 200%) (9 sec.)"",""3★: • Increases All Basic Attacks by 5%, and an additional 0.2% of total Instinct. (Up to 200%) (9 sec.)"",""3★: Cooldown Time 25 seconds"",""4★: Activation Rate: when debuffed"",""4★: Applies to: Self"",""4★: • 30% chance to ignore all debuffs received, and an additional 0.5% of total Instinct. (Up to 200%) (11 sec.)"",""4★: • Increases All Basic Attacks by 10%, and an additional 0.3% of total Instinct. (Up to 200%) (11 sec.)"",""4★: Cooldown Time 25 seconds"",""5★: Activation Rate: when debuffed"",""5★: Applies to: Self"",""5★: • 40% chance to ignore all debuffs received, and an additional 0.5% of total Instinct. (Up to 200%) (13 sec.)"",""5★: • Increases All Basic Attacks by 15%, and an additional 0.4% of total Instinct. (Up to 200%) (13 sec.)"",""5★: Cooldown Time 25 seconds"",""6★: Activation Rate: when debuffed"",""6★: Applies to: Self"",""6★: • 50% chance to ignore all debuffs received, and an additional 0.5% of total Instinct. (Up to 200%) (15 sec.)"",""6★: • Increases All Basic Attacks by 20%, and an additional 0.5% of total Instinct. (Up to 200%) (15 sec.)"",""6★: Cooldown Time 25 seconds""]",,Update 7.5,https://thanosvibs.money/images/artifacts/artifact_aero.png,/mff-assets/artifacts/artifactaero.webp,https://thanosvibs.money/api/artifacts
agent13,Hestia-3,The Sniper,High,Low,"[""3★: Applies to: Self"",""3★: • Ignores target's Dodge Rate by 10%, and an additional 0.2% of total Instinct. (Up to 200%)"",""3★: • Increases All Basic Attacks by 10%, and an additional 0.2% of total Instinct. (Up to 200%)"",""4★: Applies to: Self"",""4★: • Ignores target's Dodge Rate by 15%, and an additional 0.3% of total Instinct. (Up to 200%)"",""4★: • Increases All Basic Attacks by 13%, and an additional 0.3% of total Instinct. (Up to 200%)"",""5★: Applies to: Self"",""5★: • Ignores target's Dodge Rate by 20%, and an additional 0.4% of total Instinct. (Up to 200%)"",""5★: • Increases All Basic Attacks by 16%, and an additional 0.4% of total Instinct. (Up to 200%)"",""6★: Applies to: Self"",""6★: • Ignores target's Dodge Rate by 25%, and an additional 0.5% of total Instinct. (Up to 200%)"",""6★: • Increases All Basic Attacks by 20%, and an additional 0.5% of total Instinct. (Up to 200%)""]",,Update 11.2,https://thanosvibs.money/images/artifacts/artifact_sharoncarter.png,/mff-assets/artifacts/artifactsharoncarter.webp,https://thanosvibs.money/api/artifacts
agentvenom,Heart of a Hero,True Hero,High,Medium,"[""3★: Applies to: Allies with Symbiote Ability"",""3★: • Increases Basic Damage Dealt to enemies with 25% HP or higher by 5%, and an additional 0.1% of total Instinct. (Up to 200%)"",""3★: • Decreases Basic Damage Received by 15%, and an additional 0.15% of total Instinct. (Up to 200%)"",""4★: Applies to: Allies with Symbiote Ability"",""4★: • Increases Basic Damage Dealt to enemies with 25% HP or higher by 10%, and an additional 0.2% of total Instinct. (Up to 200%)"",""4★: • Decreases Basic Damage Received by 20%, and an additional 0.2% of total Instinct. (Up to 200%)"",""5★: Applies to: Allies with Symbiote Ability"",""5★: • Increases Basic Damage Dealt to enemies with 25% HP or higher by 15%, and an additional 0.3% of total Instinct. (Up to 200%)"",""5★: • Decreases Basic Damage Received by 25%, and an additional 0.25% of total Instinct. (Up to 200%)"",""6★: Applies to: Allies with Symbiote Ability"",""6★: • Increases Basic Damage Dealt to enemies with 25% HP or higher by 20%, and an additional 0.4% of total Instinct. (Up to 200%)"",""6★: • Decreases Basic Damage Received by 30%, and an additional 0.3% of total Instinct. (Up to 200%)""]",10.5 Collector's Vault (General Vault) [6★],Update 8.4,https://thanosvibs.money/images/artifacts/artifact_agentvenom.png,/mff-assets/artifacts/artifactagentvenom.webp,https://thanosvibs.money/api/artifacts
americachavez,Dimensional Travel,Dimension Break,Low,Medium,"[""3★: Applies to: Self"",""3★: • Ignores Non-Boss enemy Damage Decrease by 15%, and an additional 0.15% of Total Instinct. (Up to 200%)"",""4★: Applies to: Self"",""4★: • Ignores Non-Boss enemy Damage Decrease by 20%, and an additional 0.2% of Total Instinct. (Up to 200%)"",""5★: Applies to: Self"",""5★: • Ignores Non-Boss enemy Damage Decrease by 25%, and an additional 0.25% of Total Instinct. (Up to 200%)"",""6★: Applies to: Self"",""6★: • Ignores Non-Boss enemy Damage Decrease by 30%, and an additional 0.3% of Total Instinct. (Up to 200%)""]",,Update 8.0,https://thanosvibs.money/images/artifacts/artifact_americachavez.png,/mff-assets/artifacts/artifactamericachavez.webp,https://thanosvibs.money/api/artifacts
ancientone,Mystic Master,Mystic Power Boost,High,Medium,"[""3★: Applies to: Self"",""3★: • Increases Basic Damage Dealt to SUPER VILLAIN faction by 9%, and an additional 0.2% of total Instinct. (Up to 200%)"",""3★: • Decreases Basic Damage Received by 15%, and an additional 0.15% of total Instinct. (Up to 200%)"",""4★: Applies to: Self"",""4★: • Increases Basic Damage Dealt to SUPER VILLAIN faction by 11%, and an additional 0.3% of total Instinct. (Up to 200%)"",""4★: • Decreases Basic Damage Received by 20%, and an additional 0.2% of total Instinct. (Up to 200%)"",""5★: Applies to: Self"",""5★: • Increases Basic Damage Dealt to SUPER VILLAIN faction by 13%, and an additional 0.4% of total Instinct. (Up to 200%)"",""5★: • Decreases Basic Damage Received by 25%, and an additional 0.25% of total Instinct. (Up to 200%)"",""6★: Applies to: Self"",""6★: • Increases Basic Damage Dealt to SUPER VILLAIN faction by 15%, and an additional 0.5% of total Instinct. (Up to 200%)"",""6★: • Decreases Basic Damage Received by 30%, and an additional 0.3% of total Instinct. (Up to 200%)""]",8.0 Collector's Vault (Personal Vault) [4★],Update 8.0.5,https://thanosvibs.money/images/artifacts/artifact_ancientone.png,/mff-assets/artifacts/artifactancientone.webp,https://thanosvibs.money/api/artifacts
angel,Wings of Life,Angelic Swiftness,Low,Medium,"[""3★: Applies to: Self"",""3★: • 11% chance to Dodge ALL Attacks, and an additional 0.2 of total Instinct. (Up to 200%)"",""4★: Applies to: Self"",""4★: • 14% chance to Dodge ALL Attacks, and an additional 0.3 of total Instinct. (Up to 200%)"",""5★: Applies to: Self"",""5★: • 17% chance to Dodge ALL Attacks, and an additional 0.4 of total Instinct. (Up to 200%)"",""6★: Applies to: Self"",""6★: • 20% chance to Dodge ALL Attacks, and an additional 0.5 of total Instinct. (Up to 200%)""]",9.9 Collector's Vault (Personal Vault) [4★],Update 8.6,https://thanosvibs.money/images/artifacts/artifact_angel.png,/mff-assets/artifacts/artifactangel.webp,https://thanosvibs.money/api/artifacts
angela,Angel of Hel,Assassin of Asgard,Medium,Low,"[""3★: Applies to: Self"",""3★: • Increases All Basic Attacks by 10%, and an additional 0.2% of total Instinct. (Up to 200%)"",""4★: Applies to: Self"",""4★: • Increases All Basic Attacks by 15%, and an additional 0.3% of total Instinct. (Up to 200%)"",""5★: Applies to: Self"",""5★: • Increases All Basic Attacks by 20%, and an additional 0.4% of total Instinct. (Up to 200%)"",""6★: Applies to: Self"",""6★: • Increases All Basic Attacks by 25%, and an additional 0.5% of total Instinct. (Up to 200%)""]",,Update 8.2,https://thanosvibs.money/images/artifacts/artifact_angela.png,/mff-assets/artifacts/artifactangela.webp,https://thanosvibs.money/api/artifacts
antman,Size Shift,Heroic Heart,High,Low,"[""3★: Applies to: Self"",""3★: • Decreases Basic Damage Received from bosses by 11%, and an additional 0.1% of total Instinct. (Up to 200%)"",""3★: • Increases Basic Damage Dealt to bosses by 11%, and an additional 0.1% of total Instinct. (Up to 200%)"",""4★: Applies to: Self"",""4★: • Decreases Basic Damage Received from bosses by 14%, and an additional 0.15% of total Instinct. (Up to 200%)"",""4★: • Increases Basic Damage Dealt to bosses by 14%, and an additional 0.15% of total Instinct. (Up to 200%)"",""5★: Applies to: Self"",""5★: • Decreases Basic Damage Received from bosses by 17%, and an additional 0.2% of total Instinct. (Up to 200%)"",""5★: • Increases Basic Damage Dealt to bosses by 17%, and an additional 0.2% of total Instinct. (Up to 200%)"",""6★: Applies to: Self"",""6★: • Decreases Basic Damage Received from bosses by 20%, and an additional 0.25% of total Instinct. (Up to 200%)"",""6★: • Increases Basic Damage Dealt to bosses by 20%, and an additional 0.25% of total Instinct. (Up to 200%)""]",8.8 Collector's Vault (General Vault) [6★],Update 8.8,https://thanosvibs.money/images/artifacts/artifact_antman.png,/mff-assets/artifacts/artifactantman.webp,https://thanosvibs.money/api/artifacts
antiman,Antimatter Man,Paired Annihilation,High,Low,"[""3★: Applies to: Self"",""3★: • Increases Basic Damage Dealt to SUPER HERO faction by 10%, and an additional 0.2% of total Instinct. (Up to 200%)"",""3★: • Increases Basic Damage Dealt to SUPER VILLAIN faction by 10%, and an additional 0.2% of total Instinct. (Up to 200%)"",""4★: Applies to: Self"",""4★: • Increases Basic Damage Dealt to SUPER HERO faction by 13%, and an additional 0.3% of total Instinct. (Up to 200%)"",""4★: • Increases Basic Damage Dealt to SUPER VILLAIN faction by 13%, and an additional 0.3% of total Instinct. (Up to 200%)"",""5★: Applies to: Self"",""5★: • Increases Basic Damage Dealt to SUPER HERO faction by 16%, and an additional 0.4% of total Instinct. (Up to 200%)"",""5★: • Increases Basic Damage Dealt to SUPER VILLAIN faction by 16%, and an additional 0.4% of total Instinct. (Up to 200%)"",""6★: Applies to: Self"",""6★: • Increases Basic Damage Dealt to SUPER HERO faction by 20%, and an additional 0.5% of total Instinct. (Up to 200%)"",""6★: • Increases Basic Damage Dealt to SUPER VILLAIN faction by 20%, and an additional 0.5% of total Instinct. (Up to 200%)""]",,Update 10.0,https://thanosvibs.money/images/artifacts/artifact_antiman.png,/mff-assets/artifacts/artifactantiman.webp,https://thanosvibs.money/api/artifacts
apocalypse,The First One,Second Coming,Low,High,"[""3★: Activation Rate: when dead"",""3★: Applies to: Self"",""3★: • Revives with 20% of Max HP, increases by an additional 0.5% of total Instinct. (Up to 100%)"",""3★: Cooldown Time 300 seconds"",""4★: Activation Rate: when dead"",""4★: Applies to: Self"",""4★: • Revives with 30% of Max HP, increases by an additional 0.5% of total Instinct. (Up to 100%)"",""4★: Cooldown Time 300 seconds"",""5★: Activation Rate: when dead"",""5★: Applies to: Self"",""5★: • Revives with 40% of Max HP, increases by an additional 0.5% of total Instinct. (Up to 100%)"",""5★: Cooldown Time 300 seconds"",""6★: Activation Rate: when dead"",""6★: Applies to: Self"",""6★: • Revives with 50% of Max HP, increases by an additional 0.5% of total Instinct. (Up to 100%)"",""6★: Cooldown Time 300 seconds""]",10.3 Collector's Vault (General Vault) [6★],Update 10.3.5b,https://thanosvibs.money/images/artifacts/artifact_apocalypse.png,/mff-assets/artifacts/artifactapocalypse.webp,https://thanosvibs.money/api/artifacts
arachknight,Fragmented Personality,Lunar Movements,Medium,Medium,"[""3★: Applies to: Self"",""3★: • 9% chance to Dodge ALL Attacks, and an additional 0.2 of total Instinct. (Up to 200%)"",""3★: • Ignores Non-Boss enemy Damage Decrease by 4%, and an additional 0.1% of Total Instinct. (Up to 200%)"",""4★: Applies to: Self"",""4★: • 11% chance to Dodge ALL Attacks, and an additional 0.3 of total Instinct. (Up to 200%)"",""4★: • Ignores Non-Boss enemy Damage Decrease by 6%, and an additional 0.13% of Total Instinct. (Up to 200%)"",""5★: Applies to: Self"",""5★: • 13% chance to Dodge ALL Attacks, and an additional 0.4 of total Instinct. (Up to 200%)"",""5★: • Ignores Non-Boss enemy Damage Decrease by 8%, and an additional 0.16% of Total Instinct. (Up to 200%)"",""6★: Applies to: Self"",""6★: • 15% chance to Dodge ALL Attacks, and an additional 0.5 of total Instinct. (Up to 200%)"",""6★: • Ignores Non-Boss enemy Damage Decrease by 10%, and an additional 0.2% of Total Instinct. (Up to 200%)""]",,Update 8.7.5,https://thanosvibs.money/images/artifacts/artifact_arachknight.png,/mff-assets/artifacts/artifactarachknight.webp,https://thanosvibs.money/api/artifacts
ares,Warhawk,No Good or Evil in War,High,Low,"[""3★: Applies to: Self"",""3★: • Increases Basic Damage Dealt to SUPER HERO faction by 10%, and an additional 0.2% of total Instinct. (Up to 200%)"",""3★: • Increases Basic Damage Dealt to SUPER VILLAIN faction by 10%, and an additional 0.2% of total Instinct. (Up to 200%)"",""4★: Applies to: Self"",""4★: • Increases Basic Damage Dealt to SUPER HERO faction by 13%, and an additional 0.3% of total Instinct. (Up to 200%)"",""4★: • Increases Basic Damage Dealt to SUPER VILLAIN faction by 13%, and an additional 0.3% of total Instinct. (Up to 200%)"",""5★: Applies to: Self"",""5★: • Increases Basic Damage Dealt to SUPER HERO faction by 16%, and an additional 0.4% of total Instinct. (Up to 200%)"",""5★: • Increases Basic Damage Dealt to SUPER VILLAIN faction by 16%, and an additional 0.4% of total Instinct. (Up to 200%)"",""6★: Applies to: Self"",""6★: • Increases Basic Damage Dealt to SUPER HERO faction by 20%, and an additional 0.5% of total Instinct. (Up to 200%)"",""6★: • Increases Basic Damage Dealt to SUPER VILLAIN faction by 20%, and an additional 0.5% of total Instinct. (Up to 200%)""]",,Update 11.4.5,https://thanosvibs.money/images/artifacts/artifact_ares.png,/mff-assets/artifacts/artifactares.webp,https://thanosvibs.money/api/artifacts
athena,Goddess of Wisdom,Goddess of Wisdom and War,High,Low,"[""3★: Applies to: Self"",""3★: • Increases Basic Damage Dealt to enemies with 50% HP or higher by 8%, and an additional 0.2% of total Instinct. (Up to 200%)"",""4★: Applies to: Self"",""4★: • Increases Basic Damage Dealt to enemies with 50% HP or higher by 12%, and an additional 0.3% of total Instinct. (Up to 200%)"",""5★: Applies to: Self"",""5★: • Increases Basic Damage Dealt to enemies with 50% HP or higher by 16%, and an additional 0.4% of total Instinct. (Up to 200%)"",""6★: Applies to: Self"",""6★: • Increases Basic Damage Dealt to enemies with 50% HP or higher by 20%, and an additional 0.5% of total Instinct. (Up to 200%)""]",,Update 11.4,https://thanosvibs.money/images/artifacts/artifact_athena.png,/mff-assets/artifacts/artifactathena.webp,https://thanosvibs.money/api/artifacts
baronmordo,Baron's Touch,Mystic Ignorance,Low,Low,"[""3★: Activation Rate: 5% chance when dodging"",""3★: Applies to: Self"",""3★: • Ignores target's Dodge Rate by 14%, and an additional 0.2% of Total Instinct. (Up to 200%) (5 sec.)"",""3★: (5.0% + Total Instinct * 0.2%) chance to activate:"",""3★: • Can attack enemies with Ignore Targeting."",""3★: • Cannot exceed a 100% chance. (5 sec.)"",""3★: Cooldown Time 10 seconds"",""4★: Activation Rate: 10% chance when dodging"",""4★: Applies to: Self"",""4★: • Ignores target's Dodge Rate by 16%, and an additional 0.3% of Total Instinct. (Up to 200%) (5 sec.)"",""4★: (10.0% + Total Instinct * 0.3%) chance to activate:"",""4★: • Can attack enemies with Ignore Targeting."",""4★: • Cannot exceed a 100% chance. (5 sec.)"",""4★: Cooldown Time 10 seconds"",""5★: Activation Rate: 15% chance when dodging"",""5★: Applies to: Self"",""5★: • Ignores target's Dodge Rate by 18%, and an additional 0.4% of Total Instinct. (Up to 200%) (5 sec.)"",""5★: (15.0% + Total Instinct * 0.4%) chance to activate:"",""5★: • Can attack enemies with Ignore Targeting."",""5★: • Cannot exceed a 100% chance. (5 sec.)"",""5★: Cooldown Time 10 seconds"",""6★: Activation Rate: 20% chance when dodging"",""6★: Applies to: Self"",""6★: • Ignores target's Dodge Rate by 20%, and an additional 0.5% of Total Instinct. (Up to 200%) (5 sec.)"",""6★: (20.0% + Total Instinct * 0.5%) chance to activate:"",""6★: • Can attack enemies with Ignore Targeting."",""6★: • Cannot exceed a 100% chance. (5 sec.)"",""6★: Cooldown Time 10 seconds""]",,Update 8.0.5,https://thanosvibs.money/images/artifacts/artifact_baronmordo.png,/mff-assets/artifacts/artifactbaronmordo.webp,https://thanosvibs.money/api/artifacts
baronzemo,Baron of Hydra,Baron's Sword,High,Low,"[""3★: Applies to: Self"",""3★: • Ignores target's Dodge Rate by 10%, and an additional 0.2% of total Instinct. (Up to 200%)"",""3★: • Increases All Basic Attacks by 10%, and an additional 0.2% of total Instinct. (Up to 200%)"",""4★: Applies to: Self"",""4★: • Ignores target's Dodge Rate by 15%, and an additional 0.3% of total Instinct. (Up to 200%)"",""4★: • Increases All Basic Attacks by 13%, and an additional 0.3% of total Instinct. (Up to 200%)"",""5★: Applies to: Self"",""5★: • Ignores target's Dodge Rate by 20%, and an additional 0.4% of total Instinct. (Up to 200%)"",""5★: • Increases All Basic Attacks by 16%, and an additional 0.4% of total Instinct. (Up to 200%)"",""6★: Applies to: Self"",""6★: • Ignores target's Dodge Rate by 25%, and an additional 0.5% of total Instinct. (Up to 200%)"",""6★: • Increases All Basic Attacks by 20%, and an additional 0.5% of total Instinct. (Up to 200%)""]",,Update 10.6,https://thanosvibs.money/images/artifacts/artifact_baronzemo.png,/mff-assets/artifacts/artifactbaronzemo.webp,https://thanosvibs.money/api/artifacts
beast,Bestial Brains,Bestial Energy,Low,Medium,"[""3★: Activation Rate: when HP is below 30%"",""3★: Applies to: Self"",""3★: • Recovers HP by 30%, and an additional 0.3% of total Instinct. (Up to 200%) (1 sec.)"",""3★: • Increases Max HP by 20%, and an additional 0.1% of total Instinct. (Up to 200%) (20 sec.)"",""3★: Cooldown Time 27 seconds"",""4★: Activation Rate: when HP is below 35%"",""4★: Applies to: Self"",""4★: • Recovers HP by 50%, and an additional 0.3% of total Instinct. (Up to 200%) (1 sec.)"",""4★: • Increases Max HP by 30%, and an additional 0.1% of total Instinct. (Up to 200%) (20 sec.)"",""4★: Cooldown Time 27 seconds"",""5★: Activation Rate: when HP is below 45%"",""5★: Applies to: Self"",""5★: • Recovers HP by 60%, and an additional 0.3% of total Instinct. (Up to 200%) (1 sec.)"",""5★: • Increases Max HP by 40%, and an additional 0.1% of total Instinct. (Up to 200%) (20 sec.)"",""5★: Cooldown Time 27 seconds"",""6★: Activation Rate: when HP is below 50%"",""6★: Applies to: Self"",""6★: • Recovers HP by 70%, and an additional 0.3% of total Instinct. (Up to 200%) (1 sec.)"",""6★: • Increases Max HP by 50%, and an additional 0.1% of total Instinct. (Up to 200%) (20 sec.)"",""6★: Cooldown Time 27 seconds""]",,Update 8.6,https://thanosvibs.money/images/artifacts/artifact_beast.png,/mff-assets/artifacts/artifactbeast.webp,https://thanosvibs.money/api/artifacts
betaraybill,Champion of Korbin,Rage of Korbinite,High,Low,"[""3★: Applies to: Self"",""3★: • Increases All Basic Attacks by 19%, and an additional 0.2% of total Instinct. (Up to 200%)"",""4★: Applies to: Self"",""4★: • Increases All Basic Attacks by 21%, and an additional 0.3% of total Instinct. (Up to 200%)"",""5★: Applies to: Self"",""5★: • Increases All Basic Attacks by 23%, and an additional 0.4% of total Instinct. (Up to 200%)"",""6★: Applies to: Self"",""6★: • Increases All Basic Attacks by 25%, and an additional 0.5% of total Instinct. (Up to 200%)""]",,Update 9.8,https://thanosvibs.money/images/artifacts/artifact_betaraybill.png,/mff-assets/artifacts/artifactbetaraybill.webp,https://thanosvibs.money/api/artifacts
bishop,Fight for the Future,Energy Charge,High,Low,"[""3★: Applies to: Self"",""3★: • Ignores target's Dodge Rate by 11%, and an additional 0.2% of total Instinct. (Up to 200%)"",""3★: • Increases All Basic Attacks by 10%, and an additional 0.2% of total Instinct. (Up to 200%)"",""4★: Applies to: Self"",""4★: • Ignores target's Dodge Rate by 14%, and an additional 0.3% of total Instinct. (Up to 200%)"",""4★: • Increases All Basic Attacks by 15%, and an additional 0.3% of total Instinct. (Up to 200%)"",""5★: Applies to: Self"",""5★: • Ignores target's Dodge Rate by 17%, and an additional 0.4% of total Instinct. (Up to 200%)"",""5★: • Increases All Basic Attacks by 20%, and an additional 0.4% of total Instinct. (Up to 200%)"",""6★: Applies to: Self"",""6★: • Ignores target's Dodge Rate by 20%, and an additional 0.5% of total Instinct. (Up to 200%)"",""6★: • Increases All Basic Attacks by 25%, and an additional 0.5% of total Instinct. (Up to 200%)""]",,Update 8.6,https://thanosvibs.money/images/artifacts/artifact_bishop.png,/mff-assets/artifacts/artifactbishop.webp,https://thanosvibs.money/api/artifacts
blackbolt,Sonic Scream,Ruler's Will,Medium,Low,"[""3★: Applies to: Self"",""3★: • Ignores target's Dodge Rate by 10%, and an additional 0.2% of total Instinct. (Up to 200%)"",""3★: • Increases All Basic Attacks by 10%, and an additional 0.2% of total Instinct. (Up to 200%)"",""4★: Applies to: Self"",""4★: • Ignores target's Dodge Rate by 15%, and an additional 0.3% of total Instinct. (Up to 200%)"",""4★: • Increases All Basic Attacks by 13%, and an additional 0.3% of total Instinct. (Up to 200%)"",""5★: Applies to: Self"",""5★: • Ignores target's Dodge Rate by 20%, and an additional 0.4% of total Instinct. (Up to 200%)"",""5★: • Increases All Basic Attacks by 16%, and an additional 0.4% of total Instinct. (Up to 200%)"",""6★: Applies to: Self"",""6★: • Ignores target's Dodge Rate by 25%, and an additional 0.5% of total Instinct. (Up to 200%)"",""6★: • Increases All Basic Attacks by 20%, and an additional 0.5% of total Instinct. (Up to 200%)""]",,Update 8.4.5b,https://thanosvibs.money/images/artifacts/artifact_blackbolt.png,/mff-assets/artifacts/artifactblackbolt.webp,https://thanosvibs.money/api/artifacts
blackcat,Persona of Desire,Gray Morality,High,Low,"[""3★: Applies to: All Allies"",""3★: • Increases Basic Damage Dealt to SUPER VILLAIN faction by 4%, and an additional 0.2% of total Instinct. (Up to 200%)"",""3★: • Increases Basic Damage Dealt to SUPER HERO faction by 4%, and an additional 0.2% of total Instinct. (Up to 200%)"",""3★: • Increases Basic Damage Dealt to bosses by 8%, and an additional 0.1% of total Instinct. (Up to 200%)"",""4★: Applies to: All Allies"",""4★: • Increases Basic Damage Dealt to SUPER VILLAIN faction by 6%, and an additional 0.2% of total Instinct. (Up to 200%)"",""4★: • Increases Basic Damage Dealt to SUPER HERO faction by 6%, and an additional 0.2% of total Instinct. (Up to 200%)"",""4★: • Increases Basic Damage Dealt to bosses by 12%, and an additional 0.1% of total Instinct. (Up to 200%)"",""5★: Applies to: All Allies"",""5★: • Increases Basic Damage Dealt to SUPER VILLAIN faction by 8%, and an additional 0.2% of total Instinct. (Up to 200%)"",""5★: • Increases Basic Damage Dealt to SUPER HERO faction by 8%, and an additional 0.2% of total Instinct. (Up to 200%)"",""5★: • Increases Basic Damage Dealt to bosses by 16%, and an additional 0.1% of total Instinct. (Up to 200%)"",""6★: Applies to: All Allies"",""6★: • Increases Basic Damage Dealt to SUPER VILLAIN faction by 10%, and an additional 0.2% of total Instinct. (Up to 200%)"",""6★: • Increases Basic Damage Dealt to SUPER HERO faction by 10%, and an additional 0.2% of total Instinct. (Up to 200%)"",""6★: • Increases Basic Damage Dealt to bosses by 20%, and an additional 0.1% of total Instinct. (Up to 200%)""]",,Update 7.7,https://thanosvibs.money/images/artifacts/artifact_blackcat.png,/mff-assets/artifacts/artifactblackcat.webp,https://thanosvibs.money/api/artifacts
blackknight,The Cursed Knight,Curse of the Ebony Blade,Low,High,"[""3★: Activation Rate: when HP is below 20%"",""3★: Applies to: Self"",""3★: • Ignores Basic Damage for 2 seconds"",""3★: • Increases Basic Damage by 5% for each instance of damage ignored up to 10%, and an additional 0.2% of total Instinct. (Up to 200%)"",""3★: • Decreases All Damage Received by 5% for each instance of damage ignored up to 10%, and an additional 0.2% of total Instinct. (Up to 200%)"",""3★: Cooldown Time 180 seconds"",""4★: Activation Rate: when HP is below 30%"",""4★: Applies to: Self"",""4★: • Ignores Basic Damage for 3 seconds"",""4★: • Increases Basic Damage by 5% for each instance of damage ignored up to 15%, and an additional 0.3% of total Instinct. (Up to 200%)"",""4★: • Decreases All Damage Received by 5% for each instance of damage ignored up to 15%, and an additional 0.3% of total Instinct. (Up to 200%)"",""4★: Cooldown Time 180 seconds"",""5★: Activation Rate: when HP is below 40%"",""5★: Applies to: Self"",""5★: • Ignores Basic Damage for 4 seconds"",""5★: • Increases Basic Damage by 5% for each instance of damage ignored up to 20%, and an additional 0.4% of total Instinct. (Up to 200%)"",""5★: • Decreases All Damage Received by 5% for each instance of damage ignored up to 20%, and an additional 0.4% of total Instinct. (Up to 200%)"",""5★: Cooldown Time 180 seconds"",""6★: Activation Rate: when HP is below 50%"",""6★: Applies to: Self"",""6★: • Ignores Basic Damage for 5 seconds"",""6★: • Increases Basic Damage by 5% for each instance of damage ignored up to 25%, and an additional 0.5% of total Instinct. (Up to 200%)"",""6★: • Decreases All Damage Received by 5% for each instance of damage ignored up to 25%, and an additional 0.5% of total Instinct. (Up to 200%)"",""6★: Cooldown Time 180 seconds""]",,Update 11.2,https://thanosvibs.money/images/artifacts/artifact_blackknight.png,/mff-assets/artifacts/artifactblackknight.webp,https://thanosvibs.money/api/artifacts
blackpanther,Wakanda Warrior,Wild Instinct,Medium,Low,"[""3★: Applies to: Self"",""3★: • Increases Instinct Critical Rate by 10%, and an additional 0.2% of total Instinct. (Up to 200%)"",""3★: • Increases Instinct Critical Damage by 5%, and an additional 0.2% of total Instinct. (Up to 200%)"",""4★: Applies to: Self"",""4★: • Increases Instinct Critical Rate by 12%, and an additional 0.3% of total Instinct. (Up to 200%)"",""4★: • Increases Instinct Critical Damage by 10%, and an additional 0.3% of total Instinct. (Up to 200%)"",""5★: Applies to: Self"",""5★: • Increases Instinct Critical Rate by 14%, and an additional 0.4% of total Instinct. (Up to 200%)"",""5★: • Increases Instinct Critical Damage by 15%, and an additional 0.4% of total Instinct. (Up to 200%)"",""6★: Applies to: Self"",""6★: • Increases Instinct Critical Rate by 16%, and an additional 0.5% of total Instinct. (Up to 200%)"",""6★: • Increases Instinct Critical Damage by 20%, and an additional 0.5% of total Instinct. (Up to 200%)""]",,Update 9.3.5,https://thanosvibs.money/images/artifacts/artifact_blackpanther.png,/mff-assets/artifacts/artifactblackpanther.webp,https://thanosvibs.money/api/artifacts
blackswan,Black Swan Song,Will of the Black Swans,High,Low,"[""3★: Applies to: Self"",""3★: • Increases Basic Damage Dealt to SUPER HERO faction by 11%, and an additional 0.2% of total Instinct. (Up to 200%)"",""3★: • Increases Basic Damage Dealt to SUPER VILLAIN faction by 11%, and an additional 0.2% of total Instinct. (Up to 200%)"",""4★: Applies to: Self"",""4★: • Increases Basic Damage Dealt to SUPER HERO faction by 14%, and an additional 0.3% of total Instinct. (Up to 200%)"",""4★: • Increases Basic Damage Dealt to SUPER VILLAIN faction by 14%, and an additional 0.3% of total Instinct. (Up to 200%)"",""5★: Applies to: Self"",""5★: • Increases Basic Damage Dealt to SUPER HERO faction by 17%, and an additional 0.4% of total Instinct. (Up to 200%)"",""5★: • Increases Basic Damage Dealt to SUPER VILLAIN faction by 17%, and an additional 0.4% of total Instinct. (Up to 200%)"",""6★: Applies to: Self"",""6★: • Increases Basic Damage Dealt to SUPER HERO faction by 20%, and an additional 0.5% of total Instinct. (Up to 200%)"",""6★: • Increases Basic Damage Dealt to SUPER VILLAIN faction by 20%, and an additional 0.5% of total Instinct. (Up to 200%)""]",,Update 9.9,https://thanosvibs.money/images/artifacts/artifact_blackswan.png,/mff-assets/artifacts/artifactblackswan.webp,https://thanosvibs.money/api/artifacts
blackwidow,Will of the Red Room,Absolute Dodge,Low,Medium,"[""3★: Applies to: Self"",""3★: • 11% chance to Dodge ALL Attacks, and an additional 0.2 of total Instinct. (Up to 200%)"",""4★: Applies to: Self"",""4★: • 14% chance to Dodge ALL Attacks, and an additional 0.3 of total Instinct. (Up to 200%)"",""5★: Applies to: Self"",""5★: • 17% chance to Dodge ALL Attacks, and an additional 0.4 of total Instinct. (Up to 200%)"",""6★: Applies to: Self"",""6★: • 20% chance to Dodge ALL Attacks, and an additional 0.5 of total Instinct. (Up to 200%)""]",10.7 Collector's Vault (General Vault) [6★],Update 8.1,https://thanosvibs.money/images/artifacts/artifact_blackwidow.png,/mff-assets/artifacts/artifactblackwidow.webp,https://thanosvibs.money/api/artifacts
blade,Ageless Hunt,Vampiric Price,Medium,Low,"[""3★: Activation Rate: 70% chance when HP STEAL buff is used"",""3★: Applies to: Self"",""3★: • Increases All Basic Attacks by 7% and an additional 0.2% of total Instinct. (Stacks up to 40%) (12 sec.)"",""3★: Cooldown Time 3 seconds"",""4★: Activation Rate: 80% chance when HP STEAL buff is used"",""4★: Applies to: Self"",""4★: • Increases All Basic Attacks by 8% and an additional 0.3% of total Instinct. (Stacks up to 50%) (13 sec.)"",""4★: Cooldown Time 3 seconds"",""5★: Activation Rate: 90% chance when HP STEAL buff is used"",""5★: Applies to: Self"",""5★: • Increases All Basic Attacks by 9% and an additional 0.4% of total Instinct. (Stacks up to 60%) (14 sec.)"",""5★: Cooldown Time 3 seconds"",""6★: Activation Rate: 100% chance when HP STEAL buff is used"",""6★: Applies to: Self"",""6★: • Increases All Basic Attacks by 10% and an additional 0.5% of total Instinct. (Stacks up to 70%) (15 sec.)"",""6★: Cooldown Time 3 seconds""]",,Update 8.1,https://thanosvibs.money/images/artifacts/artifact_blade.png,/mff-assets/artifacts/artifactblade.webp,https://thanosvibs.money/api/artifacts
bluedragon,Dragon's Will,Judgement of the Sky,High,Low,"[""3★: Applies to: Self"",""3★: • Ignores target's Dodge Rate by 10%, and an additional 0.2% of total Instinct. (Up to 200%)"",""3★: • Increases All Basic Attacks by 10%, and an additional 0.2% of total Instinct. (Up to 200%)"",""4★: Applies to: Self"",""4★: • Ignores target's Dodge Rate by 15%, and an additional 0.3% of total Instinct. (Up to 200%)"",""4★: • Increases All Basic Attacks by 13%, and an additional 0.3% of total Instinct. (Up to 200%)"",""5★: Applies to: Self"",""5★: • Ignores target's Dodge Rate by 20%, and an additional 0.4% of total Instinct. (Up to 200%)"",""5★: • Increases All Basic Attacks by 16%, and an additional 0.4% of total Instinct. (Up to 200%)"",""6★: Applies to: Self"",""6★: • Ignores target's Dodge Rate by 25%, and an additional 0.5% of total Instinct. (Up to 200%)"",""6★: • Increases All Basic Attacks by 20%, and an additional 0.5% of total Instinct. (Up to 200%)""]",,Update 8.3.5a,https://thanosvibs.money/images/artifacts/artifact_bluedragon.png,/mff-assets/artifacts/artifactbluedragon.webp,https://thanosvibs.money/api/artifacts
bullseye,Hit by Pitch,Critical Point,High,Low,"[""3★: Applies to: Self"",""3★: • 70% chance to increase Basic Critical Damage by 20% on Critical Attacks, and an additional 0.2% of total Instinct. (Up to 200%)"",""4★: Applies to: Self"",""4★: • 70% chance to increase Basic Critical Damage by 25% on Critical Attacks, and an additional 0.3% of total Instinct. (Up to 200%)"",""5★: Applies to: Self"",""5★: • 80% chance to increase Basic Critical Damage by 30% on Critical Attacks, and an additional 0.4% of total Instinct. (Up to 200%)"",""6★: Applies to: Self"",""6★: • 80% chance to increase Basic Critical Damage by 35% on Critical Attacks, and an additional 0.5% of total Instinct. (Up to 200%)""]",10.6 Collector's Vault (Personal Vault) [4★],Update 10.6,https://thanosvibs.money/images/artifacts/artifact_bullseye.png,/mff-assets/artifacts/artifactbullseye.webp,https://thanosvibs.money/api/artifacts
cable,Future Freedom Fighter,Sniper's Instinct,Medium,Low,"[""3★: Activation Rate: when attacking"",""3★: Applies to: Self"",""3★: • Increases Basic Damage by 0.2% per 1% of Critical Rate (regardless of Guaranteed Critical Rate), and an additional 0.5% of Total Instinct (Stacs up to 20%) (9 sec.)"",""3★: Cooldown Time 15 seconds"",""4★: Activation Rate: when attacking"",""4★: Applies to: Self"",""4★: • Increases Basic Damage by 0.2% per 1% of Critical Rate (regardless of Guaranteed Critical Rate), and an additional 0.6% of Total Instinct (Stacs up to 25%) (9 sec.)"",""4★: Cooldown Time 15 seconds"",""5★: Activation Rate: when attacking"",""5★: Applies to: Self"",""5★: • Increases Basic Damage by 0.2% per 1% of Critical Rate (regardless of Guaranteed Critical Rate), and an additional 0.7% of Total Instinct (Stacs up to 30%) (10 sec.)"",""5★: Cooldown Time 15 seconds"",""6★: Activation Rate: when attacking"",""6★: Applies to: Self"",""6★: • Increases Basic Damage by 0.2% per 1% of Critical Rate (regardless of Guaranteed Critical Rate), and an additional 0.8% of Total Instinct (Stacs up to 35%) (10 sec.)"",""6★: Cooldown Time 15 seconds""]",9.3 Collector's Vault (General Vault) [6★],Update 9.3,https://thanosvibs.money/images/artifacts/artifact_cable.png,/mff-assets/artifacts/artifactcable.webp,https://thanosvibs.money/api/artifacts
captainamerica,The Living Legend,Unbreakable Justice,High,Low,"[""3★: Applies to: Self"",""3★: • Increases Basic Damage Dealt to SUPER VILLAIN faction by 10%, and an additional 0.2% of total Instinct. (Up to 200%)"",""3★: • Decreases Basic Damage Received from SUPER VILLAIN faction by 10%, and an additional 0.2% of total Instinct. (Up to 200%)"",""4★: Applies to: Self"",""4★: • Increases Basic Damage Dealt to SUPER VILLAIN faction by 13%, and an additional 0.3% of total Instinct. (Up to 200%)"",""4★: • Decreases Basic Damage Received from SUPER VILLAIN faction by 13%, and an additional 0.3% of total Instinct. (Up to 200%)"",""5★: Applies to: Self"",""5★: • Increases Basic Damage Dealt to SUPER VILLAIN faction by 16%, and an additional 0.4% of total Instinct. (Up to 200%)"",""5★: • Decreases Basic Damage Received from SUPER VILLAIN faction by 16%, and an additional 0.4% of total Instinct. (Up to 200%)"",""6★: Applies to: Self"",""6★: • Increases Basic Damage Dealt to SUPER VILLAIN faction by 20%, and an additional 0.5% of total Instinct. (Up to 200%)"",""6★: • Decreases Basic Damage Received from SUPER VILLAIN faction by 20%, and an additional 0.5% of total Instinct. (Up to 200%)""]","Dimension Rift Clear Reward (Round 1, Legendary / Mythic) [3★] | Dimension Rift Clear Reward (Round 1, Mythic) [4★] | Dimension Rift Progress Reward (Round 1, Legendary / Mythic) [3★] | Dimension Rift Progress Reward (Round 1, Mythic) [4★] | Dimension Rift Daily Progress Completion Reward [3★] | 8.5 Collector's Vault (General Vault) [6★]",Update 7.5,https://thanosvibs.money/images/artifacts/artifact_captainamerica.png,/mff-assets/artifacts/artifactcaptainamerica.webp,https://thanosvibs.money/api/artifacts
captainamericasharonrogers,Spear of Justice,Warrior's Will,Medium,Low,"[""3★: Applies to: Self"",""3★: • Increases Instinct Critical Rate by 10%, and an additional 0.2% of total Instinct. (Up to 200%)"",""3★: • Increases Instinct Critical Damage by 5%, and an additional 0.2% of total Instinct. (Up to 200%)"",""3★: • Increases Basic Damage Dealt to SUPER VILLAIN faction by 5%, and an additional 0.2% of total Instinct. (Up to 200%)"",""4★: Applies to: Self"",""4★: • Increases Instinct Critical Rate by 12%, and an additional 0.3% of total Instinct. (Up to 200%)"",""4★: • Increases Instinct Critical Damage by 10%, and an additional 0.3% of total Instinct. (Up to 200%)"",""4★: • Increases Basic Damage Dealt to SUPER VILLAIN faction by 8%, and an additional 0.3% of total Instinct. (Up to 200%)"",""5★: Applies to: Self"",""5★: • Increases Instinct Critical Rate by 14%, and an additional 0.4% of total Instinct. (Up to 200%)"",""5★: • Increases Instinct Critical Damage by 15%, and an additional 0.4% of total Instinct. (Up to 200%)"",""5★: • Increases Basic Damage Dealt to SUPER VILLAIN faction by 11%, and an additional 0.4% of total Instinct. (Up to 200%)"",""6★: Applies to: Self"",""6★: • Increases Instinct Critical Rate by 16%, and an additional 0.5% of total Instinct. (Up to 200%)"",""6★: • Increases Instinct Critical Damage by 20%, and an additional 0.5% of total Instinct. (Up to 200%)"",""6★: • Increases Basic Damage Dealt to SUPER VILLAIN faction by 15%, and an additional 0.5% of total Instinct. (Up to 200%)""]","Dimension Rift Clear Reward (Round 3, Legendary / Mythic) [3★] | Dimension Rift Clear Reward (Round 3, Mythic) [4★] | Dimension Rift Progress Reward (Round 3, Legendary / Mythic) [3★] | Dimension Rift Progress Reward (Round 3, Mythic) [4★] | Dimension Rift Daily Progress Completion Reward [3★]",Update 7.5,https://thanosvibs.money/images/artifacts/artifact_sharonrogers.png,/mff-assets/artifacts/artifactsharonrogers.webp,https://thanosvibs.money/api/artifacts
captainmarvel,Leader's Flight,Warrior's Immunity,High,Low,"[""3★: Applies to: Self"",""3★: • Increases Basic Damage Dealt to enemies with 50% HP or higher by 8%, and an additional 0.2% of total Instinct. (Up to 200%)"",""4★: Applies to: Self"",""4★: • Increases Basic Damage Dealt to enemies with 50% HP or higher by 12%, and an additional 0.3% of total Instinct. (Up to 200%)"",""5★: Applies to: Self"",""5★: • Increases Basic Damage Dealt to enemies with 50% HP or higher by 16%, and an additional 0.4% of total Instinct. (Up to 200%)"",""6★: Applies to: Self"",""6★: • Increases Basic Damage Dealt to enemies with 50% HP or higher by 20%, and an additional 0.5% of total Instinct. (Up to 200%)""]",9.5 Collector's Vault (Personal Vault) [4★],Update 9.5,https://thanosvibs.money/images/artifacts/artifact_captainmarvel.png,/mff-assets/artifacts/artifactcaptainmarvel.webp,https://thanosvibs.money/api/artifacts
carnage,Spiral Hive Mind,True Madness,Low,High,"[""3★: Activation Rate: when HP is below 5%"",""3★: Applies to: Self"",""3★: • Guard Break Immunity"",""3★: • HP does not drop to 1 or below. Recovers HP by 10% of Max HP when the buff ends."",""3★: • Recovers by an additional 0.5% of Total Instinct. (Up to 100% of HP Recovery) (4 sec.)"",""3★: Cooldown Time 180 seconds"",""4★: Activation Rate: when HP is below 5%"",""4★: Applies to: Self"",""4★: • Guard Break Immunity"",""4★: • HP does not drop to 1 or below. Recovers HP by 20% of Max HP when the buff ends."",""4★: • Recovers by an additional 0.5% of Total Instinct. (Up to 100% of HP Recovery) (5 sec.)"",""4★: Cooldown Time 180 seconds"",""5★: Activation Rate: when HP is below 5%"",""5★: Applies to: Self"",""5★: • Guard Break Immunity"",""5★: • HP does not drop to 1 or below. Recovers HP by 35% of Max HP when the buff ends."",""5★: • Recovers by an additional 0.5% of Total Instinct. (Up to 100% of HP Recovery) (6 sec.)"",""5★: Cooldown Time 180 seconds"",""6★: Activation Rate: when HP is below 5%"",""6★: Applies to: Self"",""6★: • Guard Break Immunity"",""6★: • HP does not drop to 1 or below. Recovers HP by 50% of Max HP when the buff ends."",""6★: • Recovers by an additional 0.5% of Total Instinct. (Up to 100% of HP Recovery) (7 sec.)"",""6★: Cooldown Time 180 seconds""]",8.4 Collector's Vault (General Vault) [6★],Update 8.4.5a,https://thanosvibs.money/images/artifacts/artifact_carnage.png,/mff-assets/artifacts/artifactcarnage.webp,https://thanosvibs.money/api/artifacts
cassandranova,Hatred for Mutants,Evil Psionic,High,Low,"[""3★: Applies to: Self"",""3★: • Increases All Basic Attacks by 8%, and an additional 0.2% of total Instinct. (Up to 200%)"",""3★: • Ignores Non-Boss enemy Damage Decrease by 9%, and an additional 0.1% of Total Instinct. (Up to 200%)"",""4★: Applies to: Self"",""4★: • Increases All Basic Attacks by 10%, and an additional 0.3% of total Instinct. (Up to 200%)"",""4★: • Ignores Non-Boss enemy Damage Decrease by 11%, and an additional 0.1% of Total Instinct. (Up to 200%)"",""5★: Applies to: Self"",""5★: • Increases All Basic Attacks by 12%, and an additional 0.4% of total Instinct. (Up to 200%)"",""5★: • Ignores Non-Boss enemy Damage Decrease by 13%, and an additional 0.1% of Total Instinct. (Up to 200%)"",""6★: Applies to: Self"",""6★: • Increases All Basic Attacks by 15%, and an additional 0.5% of total Instinct. (Up to 200%)"",""6★: • Ignores Non-Boss enemy Damage Decrease by 15%, and an additional 0.1% of Total Instinct. (Up to 200%)""]",,Update 10.2,https://thanosvibs.money/images/artifacts/artifact_cassandranova.png,/mff-assets/artifacts/artifactcassandranova.webp,https://thanosvibs.money/api/artifacts
cassielang,Rising Star,Eager Combatant,High,Low,"[""3★: Applies to: Self"",""3★: • Increases All Basic Attacks by 14%, and an additional 0.3% of total Instinct. (Up to 200%)"",""4★: Applies to: Self"",""4★: • Increases All Basic Attacks by 18%, and an additional 0.4% of total Instinct. (Up to 200%)"",""5★: Applies to: Self"",""5★: • Increases All Basic Attacks by 22%, and an additional 0.5% of total Instinct. (Up to 200%)"",""6★: Applies to: Self"",""6★: • Increases All Basic Attacks by 26%, and an additional 0.6% of total Instinct. (Up to 200%)""]",8.8 Collector's Vault (Personal Vault) [4★],Update 8.8,https://thanosvibs.money/images/artifacts/artifact_cassielang.png,/mff-assets/artifacts/artifactcassielang.webp,https://thanosvibs.money/api/artifacts
clea,Faltine Lineage,Noble Power,Medium,Low,"[""3★: Applies to: Self"",""3★: • Decreases Skill Cooldown by 7%."",""3★: • Increases All Basic Attacks by 9%, and an additional 0.2% of total Instinct. (Up to 200%)"",""4★: Applies to: Self"",""4★: • Decreases Skill Cooldown by 8%."",""4★: • Increases All Basic Attacks by 11%, and an additional 0.3% of total Instinct. (Up to 200%)"",""5★: Applies to: Self"",""5★: • Decreases Skill Cooldown by 9%."",""5★: • Increases All Basic Attacks by 13%, and an additional 0.4% of total Instinct. (Up to 200%)"",""6★: Applies to: Self"",""6★: • Decreases Skill Cooldown by 10%."",""6★: • Increases All Basic Attacks by 15%, and an additional 0.5% of total Instinct. (Up to 200%)""]",,Update 8.0.5,https://thanosvibs.money/images/artifacts/artifact_clea.png,/mff-assets/artifacts/artifactclea.webp,https://thanosvibs.money/api/artifacts
colossus,Heart of Organic Steel,Unbreakable,Low,Medium,"[""3★: Activation Rate: 50% rate when hit"",""3★: Applies to: Self"",""3★: • Recovers HP by 3%, and an additional 0.2% of total Instinct. (Up to 200%) (1 sec.)"",""3★: Cooldown Time 5 seconds"",""4★: Activation Rate: 50% rate when hit"",""4★: Applies to: Self"",""4★: • Recovers HP by 5%, and an additional 0.3% of total Instinct. (Up to 200%) (1 sec.)"",""4★: Cooldown Time 5 seconds"",""5★: Activation Rate: 50% rate when hit"",""5★: Applies to: Self"",""5★: • Recovers HP by 7%, and an additional 0.4% of total Instinct. (Up to 200%) (1 sec.)"",""5★: Cooldown Time 5 seconds"",""6★: Activation Rate: 50% rate when hit"",""6★: Applies to: Self"",""6★: • Recovers HP by 10%, and an additional 0.5% of total Instinct. (Up to 200%) (1 sec.)"",""6★: Cooldown Time 5 seconds""]",,Update 7.7,https://thanosvibs.money/images/artifacts/artifact_colossus.png,/mff-assets/artifacts/artifactcolossus.webp,https://thanosvibs.money/api/artifacts
crescent,Half Moon Mask,Bear's Ferocity,High,Low,"[""3★: Applies to: Self"",""3★: • Increases Basic Damage Dealt to SUPER VILLAIN faction by 10%, and an additional 0.2% of total Instinct. (Up to 200%)"",""3★: • Increases Basic Damage Dealt to SUPER HERO faction by 10%, and an additional 0.2% of total Instinct. (Up to 200%)"",""4★: Applies to: Self"",""4★: • Increases Basic Damage Dealt to SUPER VILLAIN faction by 13%, and an additional 0.3% of total Instinct. (Up to 200%)"",""4★: • Increases Basic Damage Dealt to SUPER HERO faction by 13%, and an additional 0.3% of total Instinct. (Up to 200%)"",""5★: Applies to: Self"",""5★: • Increases Basic Damage Dealt to SUPER VILLAIN faction by 16%, and an additional 0.4% of total Instinct. (Up to 200%)"",""5★: • Increases Basic Damage Dealt to SUPER HERO faction by 16%, and an additional 0.4% of total Instinct. (Up to 200%)"",""6★: Applies to: Self"",""6★: • Increases Basic Damage Dealt to SUPER VILLAIN faction by 20%, and an additional 0.5% of total Instinct. (Up to 200%)"",""6★: • Increases Basic Damage Dealt to SUPER HERO faction by 20%, and an additional 0.5% of total Instinct. (Up to 200%)""]","Dimension Rift Clear Reward (Round 4, Legendary / Mythic) [3★] | Dimension Rift Clear Reward (Round 4, Mythic) [4★] | Dimension Rift Progress Reward (Round 4, Legendary / Mythic) [3★] | Dimension Rift Progress Reward (Round 4, Mythic) [4★] | Dimension Rift Daily Progress Completion Reward [3★]",Update 7.5,https://thanosvibs.money/images/artifacts/artifact_crescent.png,/mff-assets/artifacts/artifactcrescent.webp,https://thanosvibs.money/api/artifacts
crossbones,Bingo,Personal Feelings,Medium,Medium,"[""3★: Applies to: Self"",""3★: • Increases All Basic Attacks by 10%, and an additional 0.2% of total Instinct. (Up to 200%)"",""3★: • Increases Max HP by 10%, and an additional 0.2% of total Instinct. (Up to 200%)"",""4★: Applies to: Self"",""4★: • Increases All Basic Attacks by 13%, and an additional 0.3% of total Instinct. (Up to 200%)"",""4★: • Increases Max HP by 13%, and an additional 0.3% of total Instinct. (Up to 200%)"",""5★: Applies to: Self"",""5★: • Increases All Basic Attacks by 16%, and an additional 0.4% of total Instinct. (Up to 200%)"",""5★: • Increases Max HP by 16%, and an additional 0.4% of total Instinct. (Up to 200%)"",""6★: Applies to: Self"",""6★: • Increases All Basic Attacks by 20%, and an additional 0.5% of total Instinct. (Up to 200%)"",""6★: • Increases Max HP by 20%, and an additional 0.5% of total Instinct. (Up to 200%)""]",,Update 10.6,https://thanosvibs.money/images/artifacts/artifact_crossbones.png,/mff-assets/artifacts/artifactcrossbones.webp,https://thanosvibs.money/api/artifacts
crystal,Elementelle,Princess Elemental,High,Low,"[""3★: Applies to: Self"",""3★: • Increases All Element Damage by 14%, and an additional 0.2% of total Instinct. (Up to 200%)"",""4★: Applies to: Self"",""4★: • Increases All Element Damage by 16%, and an additional 0.3% of total Instinct. (Up to 200%)"",""5★: Applies to: Self"",""5★: • Increases All Element Damage by 18%, and an additional 0.4% of total Instinct. (Up to 200%)"",""6★: Applies to: Self"",""6★: • Increases All Element Damage by 20%, and an additional 0.5% of total Instinct. (Up to 200%)""]",,Update 11.1,https://thanosvibs.money/images/artifacts/artifact_crystal.png,/mff-assets/artifacts/artifactcrystal.webp,https://thanosvibs.money/api/artifacts
cyclops,Crimson Charisma,Krakoan Justice,High,Low,"[""3★: Applies to: Self"",""3★: • Increases Basic Damage Dealt to bosses by 11%, and an additional 0.1% of total Instinct. (Up to 200%)"",""4★: Applies to: Self"",""4★: • Increases Basic Damage Dealt to bosses by 14%, and an additional 0.1% of total Instinct. (Up to 200%)"",""5★: Applies to: Self"",""5★: • Increases Basic Damage Dealt to bosses by 17%, and an additional 0.1% of total Instinct. (Up to 200%)"",""6★: Applies to: Self"",""6★: • Increases Basic Damage Dealt to bosses by 20%, and an additional 0.1% of total Instinct. (Up to 200%)""]",8.6 Collector's Vault (Personal Vault) [4★],Update 8.6,https://thanosvibs.money/images/artifacts/artifact_cyclops.png,/mff-assets/artifacts/artifactcyclops.webp,https://thanosvibs.money/api/artifacts
daisyjohnson,Skye,Resonance,High,Low,"[""3★: Applies to: Self"",""3★: • Increases All Basic Attacks by 10%, and an additional 0.2% of total Instinct. (Up to 200%)"",""4★: Applies to: Self"",""4★: • Increases All Basic Attacks by 15%, and an additional 0.3% of total Instinct. (Up to 200%)"",""5★: Applies to: Self"",""5★: • Increases All Basic Attacks by 20%, and an additional 0.4% of total Instinct. (Up to 200%)"",""6★: Applies to: Self"",""6★: • Increases All Basic Attacks by 25%, and an additional 0.2% of total Instinct. (Up to 200%)""]",,Update 11.2,https://thanosvibs.money/images/artifacts/artifact_daisyjohnson.png,/mff-assets/artifacts/artifactdaisyjohnson.webp,https://thanosvibs.money/api/artifacts
daken,Cruel Claws,State of Rage,Low,High,"[""3★: Activation Rate: when HP is below 20%"",""3★: Applies to: Self"",""3★: • Ignores Basic Damage for 2 seconds"",""3★: • Increases Basic Damage by 5% for each instance of damage ignored up to 10%, and an additional 0.2% of total Instinct. (Up to 200%)"",""3★: • Decreases All Damage Received by 5% for each instance of damage ignored up to 10%, and an additional 0.2% of total Instinct. (Up to 200%)"",""3★: Cooldown Time 180 seconds"",""4★: Activation Rate: when HP is below 30%"",""4★: Applies to: Self"",""4★: • Ignores Basic Damage for 3 seconds"",""4★: • Increases Basic Damage by 5?% for each instance of damage ignored up to 15%, and an additional 0.3% of total Instinct. (Up to 200%)"",""4★: • Decreases All Damage Received by 5?% for each instance of damage ignored up to 15%, and an additional 0.3% of total Instinct. (Up to 200%)"",""4★: Cooldown Time 180 seconds"",""5★: Activation Rate: when HP is below 40%"",""5★: Applies to: Self"",""5★: • Ignores Basic Damage for 4 seconds"",""5★: • Increases Basic Damage by 5?% for each instance of damage ignored up to 20%, and an additional 0.4% of total Instinct. (Up to 200%)"",""5★: • Decreases All Damage Received by 5?% for each instance of damage ignored up to 20%, and an additional 0.4% of total Instinct. (Up to 200%)"",""5★: Cooldown Time 180 seconds"",""6★: Activation Rate: when HP is below 50%"",""6★: Applies to: Self"",""6★: • Ignores Basic Damage for 5 seconds"",""6★: • Increases Basic Damage by 5% for each instance of damage ignored up to 25%, and an additional 0.5% of total Instinct. (Up to 200%)"",""6★: • Decreases All Damage Received by 5% for each instance of damage ignored up to 25%, and an additional 0.5% of total Instinct. (Up to 200%)"",""6★: Cooldown Time 180 seconds""]",,Update 10.3.5a,https://thanosvibs.money/images/artifacts/artifact_daken.png,/mff-assets/artifacts/artifactdaken.webp,https://thanosvibs.money/api/artifacts
daredevil,Man In The Mask,Fearless Attack,Medium,Low,"[""3★: Applies to: Self"",""3★: • Increases All Basic Attacks by 10%, and an additional 0.2% of total Instinct. (Up to 200%)"",""4★: Applies to: Self"",""4★: • Increases All Basic Attacks by 15%, and an additional 0.3% of total Instinct. (Up to 200%)"",""5★: Applies to: Self"",""5★: • Increases All Basic Attacks by 20%, and an additional 0.4% of total Instinct. (Up to 200%)"",""6★: Applies to: Self"",""6★: • Increases All Basic Attacks by 25%, and an additional 0.5% of total Instinct. (Up to 200%)""]",,Update 10.8,https://thanosvibs.money/images/artifacts/artifact_daredevil.png,/mff-assets/artifacts/artifactdaredevil.webp,https://thanosvibs.money/api/artifacts
dazzler,Disco Queen,Fight Song,High,Low,"[""3★: Applies to: Mutant Allies"",""3★: • Increases Basic Damage Dealt to SUPER VILLAIN faction by 3%, and an additional 0.2% of total Instinct. (Up to 200%)"",""3★: • Increases All Basic Attacks by 13%, and an additional 0.2% of total Instinct. (Up to 200%)"",""4★: Applies to: Mutant Allies"",""4★: • Increases Basic Damage Dealt to SUPER VILLAIN faction by 5%, and an additional 0.3% of total Instinct. (Up to 200%)"",""4★: • Increases All Basic Attacks by 15%, and an additional 0.3% of total Instinct. (Up to 200%)"",""5★: Applies to: Mutant Allies"",""5★: • Increases Basic Damage Dealt to SUPER VILLAIN faction by 7%, and an additional 0.4% of total Instinct. (Up to 200%)"",""5★: • Increases All Basic Attacks by 17%, and an additional 0.4% of total Instinct. (Up to 200%)"",""6★: Applies to: Mutant Allies"",""6★: • Increases Basic Damage Dealt to SUPER VILLAIN faction by 10%, and an additional 0.5% of total Instinct. (Up to 200%)"",""6★: • Increases All Basic Attacks by 20%, and an additional 0.5% of total Instinct. (Up to 200%)""]",,Update 10.2,https://thanosvibs.money/images/artifacts/artifact_dazzler.png,/mff-assets/artifacts/artifactdazzler.webp,https://thanosvibs.money/api/artifacts
deadpool,The Undying,Can't Keep Me Down,Low,High,"[""3★: Activation Rate: when HP is below 5%"",""3★: Applies to: Self"",""3★: • Guard Break Immunity"",""3★: • HP does not drop to 1 or below. Recovers HP by 10% of Max HP when the buff ends."",""3★: • Recovers by an additional 0.5% of Total Instinct. (Up to 100% of HP Recovery) (4 sec.)"",""3★: Cooldown Time 180 seconds"",""4★: Activation Rate: when HP is below 5%"",""4★: Applies to: Self"",""4★: • Guard Break Immunity"",""4★: • HP does not drop to 1 or below. Recovers HP by 20% of Max HP when the buff ends."",""4★: • Recovers by an additional 0.5% of Total Instinct. (Up to 100% of HP Recovery) (5 sec.)"",""4★: Cooldown Time 180 seconds"",""5★: Activation Rate: when HP is below 5%"",""5★: Applies to: Self"",""5★: • Guard Break Immunity"",""5★: • HP does not drop to 1 or below. Recovers HP by 35% of Max HP when the buff ends."",""5★: • Recovers by an additional 0.5% of Total Instinct. (Up to 100% of HP Recovery) (6 sec.)"",""5★: Cooldown Time 180 seconds"",""6★: Activation Rate: when HP is below 5%"",""6★: Applies to: Self"",""6★: • Guard Break Immunity"",""6★: • HP does not drop to 1 or below. Recovers HP by 50% of Max HP when the buff ends."",""6★: • Recovers by an additional 0.5% of Total Instinct. (Up to 100% of HP Recovery) (7 sec.)"",""6★: Cooldown Time 180 seconds""]",10.2 Collector's Vault (General Vault) [6★],Update 7.9.5a,https://thanosvibs.money/images/artifacts/artifact_deadpool.png,/mff-assets/artifacts/artifactdeadpool.webp,https://thanosvibs.money/api/artifacts
destroyer,Immortal Armor,Impenetrable Armor,Low,High,"[""3★: Applies to: Self"",""3★: • Restores HP equal to 2% of Reflect Damage dealt to the target. Restores bonus HP equal to (Total Instinct * 4%)."",""3★: • Can restore up to 2% of Max HP and has a 1 sec Cooldown."",""4★: Applies to: Self"",""4★: • Restores HP equal to 3% of Reflect Damage dealt to the target. Restores bonus HP equal to (Total Instinct * 6%)."",""4★: • Can restore up to 3% of Max HP and has a 1 sec Cooldown."",""5★: Applies to: Self"",""5★: • Restores HP equal to 4% of Reflect Damage dealt to the target. Restores bonus HP equal to (Total Instinct * 8%)."",""5★: • Can restore up to 4% of Max HP and has a 1 sec Cooldown."",""6★: Applies to: Self"",""6★: • Restores HP equal to 5% of Reflect Damage dealt to the target. Restores bonus HP equal to (Total Instinct * 10%)."",""6★: • Can restore up to 5% of Max HP and has a 1 sec Cooldown.""]",,Update 8.2,https://thanosvibs.money/images/artifacts/artifact_destroyer.png,/mff-assets/artifacts/artifactdestroyer.webp,https://thanosvibs.money/api/artifacts
doctordoom,The Great Destroyer,Hero Destroyer,High,Low,"[""3★: Applies to: Self"",""3★: • Increases Basic Damage Dealt to SUPER HERO faction by 11%, and an additional 0.2% of total Instinct. (Up to 200%)"",""3★: • Increases Basic Damage Dealt to SUPER VILLAIN faction by 11%, and an additional 0.2% of total Instinct. (Up to 200%)"",""4★: Applies to: Self"",""4★: • Increases Basic Damage Dealt to SUPER HERO faction by 14%, and an additional 0.3% of total Instinct. (Up to 200%)"",""4★: • Increases Basic Damage Dealt to SUPER VILLAIN faction by 14%, and an additional 0.3% of total Instinct. (Up to 200%)"",""5★: Applies to: Self"",""5★: • Increases Basic Damage Dealt to SUPER HERO faction by 17%, and an additional 0.4% of total Instinct. (Up to 200%)"",""5★: • Increases Basic Damage Dealt to SUPER VILLAIN faction by 17%, and an additional 0.4% of total Instinct. (Up to 200%)"",""6★: Applies to: Self"",""6★: • Increases Basic Damage Dealt to SUPER HERO faction by 20%, and an additional 0.5% of total Instinct. (Up to 200%)"",""6★: • Increases Basic Damage Dealt to SUPER VILLAIN faction by 20%, and an additional 0.5% of total Instinct. (Up to 200%)""]",10.1 Collector's Vault (General Vault) [6★],Update 10.1.5b,https://thanosvibs.money/images/artifacts/artifact_doctordoom.png,/mff-assets/artifacts/artifactdoctordoom.webp,https://thanosvibs.money/api/artifacts
doctoroctopus,Curse of Knowledge,False Justice,High,Low,"[""3★: Applies to: Self"",""3★: • Increases Basic Damage Dealt to ALIEN Characters by 10%, and an additional 0.2% of total Instinct. (Up to 200%)"",""3★: • Increases Basic Damage Dealt to CREATURE Characters by 10%, and an additional 0.2% of total Instinct. (Up to 200%)"",""4★: Applies to: Self"",""4★: • Increases Basic Damage Dealt to ALIEN Characters by 15%, and an additional 0.3% of total Instinct. (Up to 200%)"",""4★: • Increases Basic Damage Dealt to CREATURE Characters by 15%, and an additional 0.3% of total Instinct. (Up to 200%)"",""5★: Applies to: Self"",""5★: • Increases Basic Damage Dealt to ALIEN Characters by 20%, and an additional 0.4% of total Instinct. (Up to 200%)"",""5★: • Increases Basic Damage Dealt to CREATURE Characters by 20%, and an additional 0.4% of total Instinct. (Up to 200%)"",""6★: Applies to: Self"",""6★: • Increases Basic Damage Dealt to ALIEN Characters by 25%, and an additional 0.5% of total Instinct. (Up to 200%)"",""6★: • Increases Basic Damage Dealt to CREATURE Characters by 25%, and an additional 0.5% of total Instinct. (Up to 200%)""]",7.9 Collector's Vault (General Vault) [6★],Update 7.9.5b,https://thanosvibs.money/images/artifacts/artifact_doctoroctopus.png,/mff-assets/artifacts/artifactdoctoroctopus.webp,https://thanosvibs.money/api/artifacts
doctorstrange,Multiversal Magic,Guardian Magic,Low,Low,"[""3★: Activation Rate: 5% chance when TIME FREEZING skill is used"",""3★: Applies to: Self"",""3★: • (5% + Total Instinct * 0.2%) chance to activate:"",""3★: • Can attack enemies with Ignore Targeting."",""3★: • Cannot exceed a 100% chance. (5 sec.)"",""3★: • Increases All Basic Attacks by 12%, and an additional 0.2% of Total Instinct. (Up to 200%) (5 sec.)"",""3★: • 35% chance to dodge ALL attacks, and an additional 0.2% of Total Instinct. (Up to 200%) (5 sec.)"",""3★: Cooldown Time 10 seconds"",""4★: Activation Rate: 10% chance when TIME FREEZING skill is used"",""4★: Applies to: Self"",""4★: • (10% + Total Instinct * 0.3%) chance to activate:"",""4★: • Can attack enemies with Ignore Targeting."",""4★: • Cannot exceed a 100% chance. (5 sec.)"",""4★: • Increases All Basic Attacks by 16%, and an additional 0.3% of Total Instinct. (Up to 200%) (5 sec.)"",""4★: • 40% chance to dodge ALL attacks, and an additional 0.3% of Total Instinct. (Up to 200%) (5 sec.)"",""4★: Cooldown Time 10 seconds"",""5★: Activation Rate: 15% chance when TIME FREEZING skill is used"",""5★: Applies to: Self"",""5★: • (15% + Total Instinct * 0.4%) chance to activate:"",""5★: • Can attack enemies with Ignore Targeting."",""5★: • Cannot exceed a 100% chance. (5 sec.)"",""5★: • Increases All Basic Attacks by 20%, and an additional 0.4% of Total Instinct. (Up to 200%) (5 sec.)"",""5★: • 45% chance to dodge ALL attacks, and an additional 0.4% of Total Instinct. (Up to 200%) (5 sec.)"",""5★: Cooldown Time 10 seconds"",""6★: Activation Rate: 20% chance when TIME FREEZING skill is used"",""6★: Applies to: Self"",""6★: • (20% + Total Instinct * 0.5%) chance to activate:"",""6★: • Can attack enemies with Ignore Targeting."",""6★: • Cannot exceed a 100% chance. (5 sec.)"",""6★: • Increases All Basic Attacks by 24%, and an additional 0.5% of Total Instinct. (Up to 200%) (5 sec.)"",""6★: • 50% chance to dodge ALL attacks, and an additional 0.5% of Total Instinct. (Up to 200%) (5 sec.)"",""6★: Cooldown Time 10 seconds""]",8.0 Collector's Vault (General Vault) [6★],Update 8.0,https://thanosvibs.money/images/artifacts/artifact_doctorstrange.png,/mff-assets/artifacts/artifactdoctorstrange.webp,https://thanosvibs.money/api/artifacts
doctorvoodoo,Houngan Power,Mystic's Fate,Medium,Medium,"[""3★: Applies to: Self"",""3★: • Decreases Basic Damage Received by 15%, and an additional 0.15% of total Instinct. (Up to 200%)"",""3★: • Increases All Basic Attacks by 6%, and an additional 0.2% of total Instinct. (Up to 200%)"",""4★: Applies to: Self"",""4★: • Decreases Basic Damage Received by 20%, and an additional 0.2% of total Instinct. (Up to 200%)"",""4★: • Increases All Basic Attacks by 9%, and an additional 0.3% of total Instinct. (Up to 200%)"",""5★: Applies to: Self"",""5★: • Decreases Basic Damage Received by 25%, and an additional 0.25% of total Instinct. (Up to 200%)"",""5★: • Increases All Basic Attacks by 12%, and an additional 0.4% of total Instinct. (Up to 200%)"",""6★: Applies to: Self"",""6★: • Decreases Basic Damage Received by 30%, and an additional 0.3% of total Instinct. (Up to 200%)"",""6★: • Increases All Basic Attacks by 15%, and an additional 0.5% of total Instinct. (Up to 200%)""]",,Update 9.4,https://thanosvibs.money/images/artifacts/artifact_doctorvoodoo.png,/mff-assets/artifacts/artifactdoctorvoodoo.webp,https://thanosvibs.money/api/artifacts
domino,Probability Power,Take a Chance,Low,Medium,"[""3★: Activation Rate: when debuffed"",""3★: Applies to: Self"",""3★: • [P1]% chance to ignore all debuffs received, and an additional [P2]% of total Instinct. (Up to 200%) ([P5] sec.)"",""3★: • [P3]% chance to Dodge ALL Attacks, and an additional [P4]% of total Instinct. (Up to 200%) ([P5] sec.)"",""3★: Cooldown Time 25 seconds"",""4★: Activation Rate: when debuffed"",""4★: Applies to: Self"",""4★: • [P1]% chance to ignore all debuffs received, and an additional [P2]% of total Instinct. (Up to 200%) ([P5] sec.)"",""4★: • [P3]% chance to Dodge ALL Attacks, and an additional [P4]% of total Instinct. (Up to 200%) ([P5] sec.)"",""4★: Cooldown Time 25 seconds"",""5★: Activation Rate: when debuffed"",""5★: Applies to: Self"",""5★: • [P1]% chance to ignore all debuffs received, and an additional [P2]% of total Instinct. (Up to 200%) ([P5] sec.)"",""5★: • [P3]% chance to Dodge ALL Attacks, and an additional [P4]% of total Instinct. (Up to 200%) ([P5] sec.)"",""5★: Cooldown Time 25 seconds"",""6★: Activation Rate: when debuffed"",""6★: Applies to: Self"",""6★: • 50% chance to ignore all debuffs received, and an additional 0.5% of total Instinct. (Up to 200%) (15 sec.)"",""6★: • 20% chance to Dodge ALL Attacks, and an additional 0.5% of total Instinct. (Up to 200%) (15 sec.)"",""6★: Cooldown Time 25 seconds""]",,Update 9.3,https://thanosvibs.money/images/artifacts/artifact_domino.png,/mff-assets/artifacts/artifactdomino.webp,https://thanosvibs.money/api/artifacts
drax,Eternal Vengeance,True Enlightenment,Low,Low,"[""3★: Activation Rate: when hit"",""3★: Applies to: Self"",""3★: • Increases All Basic Attacks by 2% and an additional 0.2% of total Instinct. (Stacks up to 40%) (9 sec.)"",""3★: Cooldown Time 3 seconds"",""4★: Activation Rate: when hit"",""4★: Applies to: Self"",""4★: • Increases All Basic Attacks by 3% and an additional 0.3% of total Instinct. (Stacks up to 50%) (10 sec.)"",""4★: Cooldown Time 3 seconds"",""5★: Activation Rate: when hit"",""5★: Applies to: Self"",""5★: • Increases All Basic Attacks by 4% and an additional 0.4% of total Instinct. (Stacks up to 60%) (11 sec.)"",""5★: Cooldown Time 3 seconds"",""6★: Activation Rate: when hit"",""6★: Applies to: Self"",""6★: • Increases All Basic Attacks by 5% and an additional 0.5% of total Instinct. (Stacks up to 70%) (12 sec.)"",""6★: Cooldown Time 3 seconds""]",Alliance Battle Legend 2.5m Reward (Round 7 & 14) [3★] | Alliance Battle Legend 2.5m Reward (Round 7 & 14) [4★],Update 7.8,https://thanosvibs.money/images/artifacts/artifact_drax.png,/mff-assets/artifacts/artifactdrax.webp,https://thanosvibs.money/api/artifacts
ebonymaw,Cursed Tongue,Black Order Strategist,High,Low,"[""3★: Applies to: Allies with Black Order Ability"",""3★: • Increases Basic Damage Dealt to SUPER HERO faction by 11%, and an additional 0.2% of total Instinct. (Up to 200%)"",""3★: • Increases Basic Damage Dealt to SUPER VILLAIN faction by 11%, and an additional 0.2% of total Instinct. (Up to 200%)"",""4★: Applies to: Allies with Black Order Ability"",""4★: • Increases Basic Damage Dealt to SUPER HERO faction by 14%, and an additional 0.3% of total Instinct. (Up to 200%)"",""4★: • Increases Basic Damage Dealt to SUPER VILLAIN faction by 14%, and an additional 0.3% of total Instinct. (Up to 200%)"",""5★: Applies to: Allies with Black Order Ability"",""5★: • Increases Basic Damage Dealt to SUPER HERO faction by 17%, and an additional 0.4% of total Instinct. (Up to 200%)"",""5★: • Increases Basic Damage Dealt to SUPER VILLAIN faction by 17%, and an additional 0.4% of total Instinct. (Up to 200%)"",""6★: Applies to: Allies with Black Order Ability"",""6★: • Increases Basic Damage Dealt to SUPER HERO faction by 20%, and an additional 0.5% of total Instinct. (Up to 200%)"",""6★: • Increases Basic Damage Dealt to SUPER VILLAIN faction by 20%, and an additional 0.5% of total Instinct. (Up to 200%)""]",,Update 9.9.5a,https://thanosvibs.money/images/artifacts/artifact_ebonymaw.png,/mff-assets/artifacts/artifactebonymaw.webp,https://thanosvibs.money/api/artifacts
echo,Rise Above,Perfect Move,Low,Medium,"[""3★: Applies to: Self"",""3★: • 11% chance to Dodge ALL Attacks, and an additional 0.2 of total Instinct. (Up to 200%)"",""4★: Applies to: Self"",""4★: • 14% chance to Dodge ALL Attacks, and an additional 0.3 of total Instinct. (Up to 200%)"",""5★: Applies to: Self"",""5★: • 17% chance to Dodge ALL Attacks, and an additional 0.4 of total Instinct. (Up to 200%)"",""6★: Applies to: Self"",""6★: • 20% chance to Dodge ALL Attacks, and an additional 0.5 of total Instinct. (Up to 200%)""]",Alliance Battle Legend 2.5m Reward (Round 4 & 11) [3★] | Alliance Battle Legend 2.5m Reward (Round 4 & 11) [4★],Update 7.8,https://thanosvibs.money/images/artifacts/artifact_echo.png,/mff-assets/artifacts/artifactecho.webp,https://thanosvibs.money/api/artifacts
electro,Unlimited Power,Enhanced Shock,Medium,Low,"[""3★: Activation Rate: 90% chance when SHOCK skill is used"",""3★: Applies to: Self"",""3★: • Increases All Basic Attacks by 2% and an additional 0.5% of total Instinct. (Stacks up to 30%) (10 sec.)"",""3★: Cooldown Time 3 seconds"",""4★: Activation Rate: 90% chance when SHOCK skill is used"",""4★: Applies to: Self"",""4★: • Increases All Basic Attacks by 3% and an additional 0.5% of total Instinct. (Stacks up to 40%) (11 sec.)"",""4★: Cooldown Time 3 seconds"",""5★: Activation Rate: 90% chance when SHOCK skill is used"",""5★: Applies to: Self"",""5★: • Increases All Basic Attacks by 4% and an additional 0.5% of total Instinct. (Stacks up to 50%) (12 sec.)"",""5★: Cooldown Time 3 seconds"",""6★: Activation Rate: 90% chance when SHOCK skill is used"",""6★: Applies to: Self"",""6★: • Increases All Basic Attacks by 5% and an additional 0.5% of total Instinct. (Stacks up to 60%) (13 sec.)"",""6★: Cooldown Time 3 seconds""]",,Update 7.9.5b,https://thanosvibs.money/images/artifacts/artifact_electro.png,/mff-assets/artifacts/artifactelectro.webp,https://thanosvibs.money/api/artifacts
elektra,Unending Rebirth,Woman of Fear,Medium,Low,"[""3★: Applies to: Self"",""3★: • 70% chance to increase Basic Critical Damage by 20% on Critical Attacks, and an additional 0.2% of total Instinct. (Up to 200%)"",""4★: Applies to: Self"",""4★: • 70% chance to increase Basic Critical Damage by 25% on Critical Attacks, and an additional 0.3% of total Instinct. (Up to 200%)"",""5★: Applies to: Self"",""5★: • 80% chance to increase Basic Critical Damage by 30% on Critical Attacks, and an additional 0.4% of total Instinct. (Up to 200%)"",""6★: Applies to: Self"",""6★: • 80% chance to increase Basic Critical Damage by 35% on Critical Attacks, and an additional 0.5% of total Instinct. (Up to 200%)""]",Alliance Battle Legend 2.5m Reward (Round 5 & 12) [3★] | Alliance Battle Legend 2.5m Reward (Round 5 & 12) [4★],Update 8.1.5,https://thanosvibs.money/images/artifacts/artifact_elektra.png,/mff-assets/artifacts/artifactelektra.webp,https://thanosvibs.money/api/artifacts
emmafrost,Diamond Queen,Diamond Enhancement,Low,High,"[""3★: Applies to: Self"",""3★: • Reflects 20% of basic damage received, regardless of the attacker's defense effects, (50% of Max Attack), and increases Max ATK Ratio by 0.2 of total Instinct."",""4★: Applies to: Self"",""4★: • Reflects 25% of basic damage received, regardless of the attacker's defense effects, (50% of Max Attack), and increases Max ATK Ratio by 0.3 of total Instinct."",""5★: Applies to: Self"",""5★: • Reflects 30% of basic damage received, regardless of the attacker's defense effects, (50% of Max Attack), and increases Max ATK Ratio by 0.4 of total Instinct."",""6★: Applies to: Self"",""6★: • Reflects 35% of basic damage received, regardless of the attacker's defense effects, (50% of Max Attack), and increases Max ATK Ratio by 0.5 of total Instinct.""]",Alliance Battle Legend 2.5m Reward (Round 6 & 13) [3★] | Alliance Battle Legend 2.5m Reward (Round 6 & 13) [4★],Update 7.7,https://thanosvibs.money/images/artifacts/artifact_emmafrost.png,/mff-assets/artifacts/artifactemmafrost.webp,https://thanosvibs.money/api/artifacts
enchantress,Mystic Fatale,Touch of Sorcery,Medium,Low,"[""3★: Applies to: Self"",""3★: • Increases Mind Damage by 15% of Mind Resist, and an additional 0.2% of Total Instinct. (Up to 200%)"",""3★: • Ignores target's Dodge Rate by 10%, and an additional 0.2% of total Instinct. (Up to 200%)"",""4★: Applies to: Self"",""4★: • Increases Mind Damage by 20% of Mind Resist, and an additional 0.3% of Total Instinct. (Up to 200%)"",""4★: • Ignores target's Dodge Rate by 13%, and an additional 0.3% of total Instinct. (Up to 200%)"",""5★: Applies to: Self"",""5★: • Increases Mind Damage by 25% of Mind Resist, and an additional 0.4% of Total Instinct. (Up to 200%)"",""5★: • Ignores target's Dodge Rate by 16%, and an additional 0.4% of total Instinct. (Up to 200%)"",""6★: Applies to: Self"",""6★: • Increases Mind Damage by 30% of Mind Resist, and an additional 0.5% of Total Instinct. (Up to 200%)"",""6★: • Ignores target's Dodge Rate by 20%, and an additional 0.5% of total Instinct. (Up to 200%)""]",,Update 9.2,https://thanosvibs.money/images/artifacts/artifact_enchantress.png,/mff-assets/artifacts/artifactenchantress.webp,https://thanosvibs.money/api/artifacts
exodus,Firm Belief,For All Mutants,Low,High,"[""3★: Applies to: Mutant Allies"",""3★: • Increases Max HP by 16%, and an additional 0.1% of total Instinct. (Up to 200%)"",""4★: Applies to: Mutant Allies"",""4★: • Increases Max HP by 19%, and an additional 0.1% of total Instinct. (Up to 200%)"",""5★: Applies to: Mutant Allies"",""5★: • Increases Max HP by 22%, and an additional 0.1% of total Instinct. (Up to 200%)"",""6★: Applies to: Mutant Allies"",""6★: • Increases Max HP by 25%, and an additional 0.1% of total Instinct. (Up to 200%)""]",,Update 9.7,https://thanosvibs.money/images/artifacts/artifact_exodus.png,/mff-assets/artifacts/artifactexodus.webp,https://thanosvibs.money/api/artifacts
falcon,Wings of Justice,The Hunt Begins,High,Low,"[""3★: Applies to: Self"",""3★: • Increases Basic Damage Dealt to SUPER HERO faction by 11%, and an additional 0.2% of total Instinct. (Up to 200%)"",""3★: • Increases Basic Damage Dealt to SUPER VILLAIN faction by 11%, and an additional 0.2% of total Instinct. (Up to 200%)"",""4★: Applies to: Self"",""4★: • Increases Basic Damage Dealt to SUPER HERO faction by 14%, and an additional 0.3% of total Instinct. (Up to 200%)"",""4★: • Increases Basic Damage Dealt to SUPER VILLAIN faction by 14%, and an additional 0.3% of total Instinct. (Up to 200%)"",""5★: Applies to: Self"",""5★: • Increases Basic Damage Dealt to SUPER HERO faction by 17%, and an additional 0.4% of total Instinct. (Up to 200%)"",""5★: • Increases Basic Damage Dealt to SUPER VILLAIN faction by 17%, and an additional 0.4% of total Instinct. (Up to 200%)"",""6★: Applies to: Self"",""6★: • Increases Basic Damage Dealt to SUPER HERO faction by 20%, and an additional 0.5% of total Instinct. (Up to 200%)"",""6★: • Increases Basic Damage Dealt to SUPER VILLAIN faction by 20%, and an additional 0.5% of total Instinct. (Up to 200%)""]",,Update 10.4,https://thanosvibs.money/images/artifacts/artifact_falcon.png,/mff-assets/artifacts/artifactfalcon.webp,https://thanosvibs.money/api/artifacts
falconjoaquintorres,The Second Wing,Human Falcon,Medium,Medium,"[""3★: Applies to: Self"",""3★: • Increases All Basic Attacks by 8%, and an additional 0.25% of total Instinct. (Up to 200%)"",""3★: • 11% chance to Dodge ALL Attacks, and an additional 0.2% of total Instinct. (Up to 200%)"",""4★: Applies to: Self"",""4★: • Increases All Basic Attacks by 10%, and an additional 0.3% of total Instinct. (Up to 200%)"",""4★: • 14% chance to Dodge ALL Attacks, and an additional 0.3% of total Instinct. (Up to 200%)"",""5★: Applies to: Self"",""5★: • Increases All Basic Attacks by 12%, and an additional 0.35% of total Instinct. (Up to 200%)"",""5★: • 17% chance to Dodge ALL Attacks, and an additional 0.4% of total Instinct. (Up to 200%)"",""6★: Applies to: Self"",""6★: • Increases All Basic Attacks by 15%, and an additional 0.4% of total Instinct. (Up to 200%)"",""6★: • 20% chance to Dodge ALL Attacks, and an additional 0.5% of total Instinct. (Up to 200%)""]",,Update 10.7,https://thanosvibs.money/images/artifacts/artifact_joaquintorres.png,/mff-assets/artifacts/artifactjoaquintorres.webp,https://thanosvibs.money/api/artifacts
fandral,Robin Hood,Justice at the Tip of a Sword,High,Low,"[""3★: Applies to: Self"",""3★: • Ignores target's Dodge Rate by 10%, and an additional 0.2% of total Instinct. (Up to 200%)"",""3★: • Increases All Basic Attacks by 10%, and an additional 0.2% of Total Instinct. (Up to 200%)"",""4★: Applies to: Self"",""4★: • Ignores target's Dodge Rate by 13%, and an additional 0.3% of total Instinct. (Up to 200%)"",""4★: • Increases All Basic Attacks by 13%, and an additional 0.3% of Total Instinct. (Up to 200%)"",""5★: Applies to: Self"",""5★: • Ignores target's Dodge Rate by 16%, and an additional 0.4% of total Instinct. (Up to 200%)"",""5★: • Increases All Basic Attacks by 16%, and an additional 0.4% of Total Instinct. (Up to 200%)"",""6★: Applies to: Self"",""6★: • Ignores target's Dodge Rate by 20%, and an additional 0.5% of total Instinct. (Up to 200%)"",""6★: • Increases All Basic Attacks by 20%, and an additional 0.5% of Total Instinct. (Up to 200%)""]",,Update 10.0,https://thanosvibs.money/images/artifacts/artifact_fandral.png,/mff-assets/artifacts/artifactfandral.webp,https://thanosvibs.money/api/artifacts
fantomex,Weapon XIII,E.V.A.'s Aid,High,Low,"[""3★: Applies to: Self"",""3★: • Increases Basic Damage Dealt to SUPER HERO faction by 10%, and an additional 0.2% of total Instinct. (Up to 200%)"",""3★: • Increases Basic Damage Dealt to SUPER VILLAIN faction by 10%, and an additional 0.2% of total Instinct. (Up to 200%)"",""4★: Applies to: Self"",""4★: • Increases Basic Damage Dealt to SUPER HERO faction by 13%, and an additional 0.3% of total Instinct. (Up to 200%)"",""4★: • Increases Basic Damage Dealt to SUPER VILLAIN faction by 13%, and an additional 0.3% of total Instinct. (Up to 200%)"",""5★: Applies to: Self"",""5★: • Increases Basic Damage Dealt to SUPER HERO faction by 16%, and an additional 0.4% of total Instinct. (Up to 200%)"",""5★: • Increases Basic Damage Dealt to SUPER VILLAIN faction by 16%, and an additional 0.4% of total Instinct. (Up to 200%)"",""6★: Applies to: Self"",""6★: • Increases Basic Damage Dealt to SUPER HERO faction by 20%, and an additional 0.5% of total Instinct. (Up to 200%)"",""6★: • Increases Basic Damage Dealt to SUPER VILLAIN faction by 20%, and an additional 0.5% of total Instinct. (Up to 200%)""]",,Update 11.7,https://thanosvibs.money/images/artifacts/artifact_fantomex.png,/mff-assets/artifacts/artifactfantomex.webp,https://thanosvibs.money/api/artifacts
franklinrichards,Pocket Universe,Villains Are Bad,Low,High,"[""3★: Activation Rate: when HP is below 5%"",""3★: Applies to: Fantastic Four Allies"",""3★: • Guard Break Immunity"",""3★: • HP does not drop to 1 or below. Recovers HP by 5% of Max HP when the buff ends."",""3★: • Recovers by an additional 0.5% of Total Instinct. (Up to 100% of HP Recovery) (1 sec.)"",""3★: Cooldown Time 180 seconds"",""4★: Activation Rate: when HP is below 5%"",""4★: Applies to: Fantastic Four Allies"",""4★: • Guard Break Immunity"",""4★: • HP does not drop to 1 or below. Recovers HP by 10% of Max HP when the buff ends."",""4★: • Recovers by an additional 0.5% of Total Instinct. (Up to 100% of HP Recovery) (2 sec.)"",""4★: Cooldown Time 180 seconds"",""5★: Activation Rate: when HP is below 5%"",""5★: Applies to: Fantastic Four Allies"",""5★: • Guard Break Immunity"",""5★: • HP does not drop to 1 or below. Recovers HP by 15% of Max HP when the buff ends."",""5★: • Recovers by an additional 0.5% of Total Instinct. (Up to 100% of HP Recovery) (3 sec.)"",""5★: Cooldown Time 180 seconds"",""6★: Activation Rate: when HP is below 5%"",""6★: Applies to: Fantastic Four Allies"",""6★: • Guard Break Immunity"",""6★: • HP does not drop to 1 or below. Recovers HP by 20% of Max HP when the buff ends."",""6★: • Recovers by an additional 0.5% of Total Instinct. (Up to 100% of HP Recovery) (4 sec.)"",""6★: Cooldown Time 180 seconds""]",,Update 10.1,https://thanosvibs.money/images/artifacts/artifact_franklinrichards.png,/mff-assets/artifacts/artifactfranklinrichards.webp,https://thanosvibs.money/api/artifacts
gambit,The Ace of X,Le Diable Blanc,High,Low,"[""3★: Applies to: Self"",""3★: • Increases Basic Damage Dealt to SUPER VILLAIN faction by 10%, and an additional 0.2% of total Instinct. (Up to 200%)"",""3★: • Increases Basic Damage Dealt to ALIEN Characters by 10%, and an additional 0.2% of total Instinct. (Up to 200%)"",""4★: Applies to: Self"",""4★: • Increases Basic Damage Dealt to SUPER VILLAIN faction by 13%, and an additional 0.3% of total Instinct. (Up to 200%)"",""4★: • Increases Basic Damage Dealt to ALIEN Characters by 13%, and an additional 0.3% of total Instinct. (Up to 200%)"",""5★: Applies to: Self"",""5★: • Increases Basic Damage Dealt to SUPER VILLAIN faction by 16%, and an additional 0.4% of total Instinct. (Up to 200%)"",""5★: • Increases Basic Damage Dealt to ALIEN Characters by 16%, and an additional 0.4% of total Instinct. (Up to 200%)"",""6★: Applies to: Self"",""6★: • Increases Basic Damage Dealt to SUPER VILLAIN faction by 20%, and an additional 0.5% of total Instinct. (Up to 200%)"",""6★: • Increases Basic Damage Dealt to ALIEN Characters by 20%, and an additional 0.5% of total Instinct. (Up to 200%)""]",10.6 Collector's Vault (General Vault) [6★],Update 10.6,https://thanosvibs.money/images/artifacts/artifact_gambit.png,/mff-assets/artifacts/artifactgambit.webp,https://thanosvibs.money/api/artifacts
gamora,Godslayer,Infinity Blade,High,Low,"[""3★: Applies to: Self"",""3★: • Ignores target's Dodge Rate by 5%, and an additional 0.1% of total Instinct. (Up to 200%)"",""3★: • Increases Basic Damage Dealt to enemies with 50% HP or below by 10%, and an additional 0.2% of total Instinct. (Up to 200%)"",""4★: Applies to: Self"",""4★: • Ignores target's Dodge Rate by 10%, and an additional 0.2% of total Instinct. (Up to 200%)"",""4★: • Increases Basic Damage Dealt to enemies with 50% HP or below by 15%, and an additional 0.3% of total Instinct. (Up to 200%)"",""5★: Applies to: Self"",""5★: • Ignores target's Dodge Rate by 15%, and an additional 0.3% of total Instinct. (Up to 200%)"",""5★: • Increases Basic Damage Dealt to enemies with 50% HP or below by 20%, and an additional 0.4% of total Instinct. (Up to 200%)"",""6★: Applies to: Self"",""6★: • Ignores target's Dodge Rate by 20%, and an additional 0.4% of total Instinct. (Up to 200%)"",""6★: • Increases Basic Damage Dealt to enemies with 50% HP or below by 25%, and an additional 0.5% of total Instinct. (Up to 200%)""]",9.0 Collector's Vault (General Vault) [6★],Update 7.8,https://thanosvibs.money/images/artifacts/artifact_gamora.png,/mff-assets/artifacts/artifactgamora.webp,https://thanosvibs.money/api/artifacts
ghost,Phantasm,Corporate Sabotage,High,Low,"[""3★: Applies to: Self"",""3★: • Increases Basic Damage Dealt to SUPER HERO faction by 11%, and an additional 0.2% of total Instinct. (Up to 200%)"",""3★: • Increases Basic Damage Dealt to SUPER VILLAIN faction by 11%, and an additional 0.2% of total Instinct. (Up to 200%)"",""4★: Applies to: Self"",""4★: • Increases Basic Damage Dealt to SUPER HERO faction by 14%, and an additional 0.3% of total Instinct. (Up to 200%)"",""4★: • Increases Basic Damage Dealt to SUPER VILLAIN faction by 14%, and an additional 0.3% of total Instinct. (Up to 200%)"",""5★: Applies to: Self"",""5★: • Increases Basic Damage Dealt to SUPER HERO faction by 17%, and an additional 0.4% of total Instinct. (Up to 200%)"",""5★: • Increases Basic Damage Dealt to SUPER VILLAIN faction by 17%, and an additional 0.4% of total Instinct. (Up to 200%)"",""6★: Applies to: Self"",""6★: • Increases Basic Damage Dealt to SUPER HERO faction by 20%, and an additional 0.5% of total Instinct. (Up to 200%)"",""6★: • Increases Basic Damage Dealt to SUPER VILLAIN faction by 20%, and an additional 0.5% of total Instinct. (Up to 200%)""]",,Update 10.9.5,https://thanosvibs.money/images/artifacts/artifact_ghost.png,/mff-assets/artifacts/artifactghost.webp,https://thanosvibs.money/api/artifacts
ghostpanther,Burning Soul,Soul Devourer,High,Low,"[""3★: Applies to: Self"",""3★: • Increases Fire Damage by 15% of Fire Resist, and an additional 0.2% of Total Instinct. (Up to 200%)"",""3★: • Increases Basic Damage Dealt to SUPER VILLAIN faction by 5%, and an additional 0.2% of total Instinct. (Up to 200%)"",""4★: Applies to: Self"",""4★: • Increases Fire Damage by 20% of Fire Resist, and an additional 0.3% of Total Instinct. (Up to 200%)"",""4★: • Increases Basic Damage Dealt to SUPER VILLAIN faction by 8%, and an additional 0.3% of total Instinct. (Up to 200%)"",""5★: Applies to: Self"",""5★: • Increases Fire Damage by 25% of Fire Resist, and an additional 0.4% of Total Instinct. (Up to 200%)"",""5★: • Increases Basic Damage Dealt to SUPER VILLAIN faction by 11%, and an additional 0.4% of total Instinct. (Up to 200%)"",""6★: Applies to: Self"",""6★: • Increases Fire Damage by 30% of Fire Resist, and an additional 0.5% of Total Instinct. (Up to 200%)"",""6★: • Increases Basic Damage Dealt to SUPER VILLAIN faction by 15%, and an additional 0.5% of total Instinct. (Up to 200%)""]",,Update 8.7.5,https://thanosvibs.money/images/artifacts/artifact_ghostpanther.png,/mff-assets/artifacts/artifactghostpanther.webp,https://thanosvibs.money/api/artifacts
ghostrider,Endless Vengeance,Unstoppable Vengeance,Low,High,"[""3★: Activation Rate: when HP is below 5%"",""3★: Applies to: Self"",""3★: • Guard Break Immunity"",""3★: • HP does not drop to 1 or below. Recovers HP by 10% of Max HP when the buff ends."",""3★: • Recovers by an additional 0.5% of Total Instinct. (Up to 100% of HP Recovery) (4 sec.)"",""3★: Cooldown Time 180 seconds"",""4★: Activation Rate: when HP is below 5%"",""4★: Applies to: Self"",""4★: • Guard Break Immunity"",""4★: • HP does not drop to 1 or below. Recovers HP by 20% of Max HP when the buff ends."",""4★: • Recovers by an additional 0.5% of Total Instinct. (Up to 100% of HP Recovery) (5 sec.)"",""4★: Cooldown Time 180 seconds"",""5★: Activation Rate: when HP is below 5%"",""5★: Applies to: Self"",""5★: • Guard Break Immunity"",""5★: • HP does not drop to 1 or below. Recovers HP by 35% of Max HP when the buff ends."",""5★: • Recovers by an additional 0.5% of Total Instinct. (Up to 100% of HP Recovery) (6 sec.)"",""5★: Cooldown Time 180 seconds"",""6★: Activation Rate: when HP is below 5%"",""6★: Applies to: Self"",""6★: • Guard Break Immunity"",""6★: • HP does not drop to 1 or below. Recovers HP by 50% of Max HP when the buff ends."",""6★: • Recovers by an additional 0.5% of Total Instinct. (Up to 100% of HP Recovery) (7 sec.)"",""6★: Cooldown Time 180 seconds""]",9.4 Collector's Vault (General Vault) [6★],Update 9.4.5,https://thanosvibs.money/images/artifacts/artifact_ghostrider.png,/mff-assets/artifacts/artifactghostrider.webp,https://thanosvibs.money/api/artifacts
ghostriderrobbiereyes,Burning Rage,Flames of Vengeance,High,Low,"[""3★: Activation Rate: when skill (regular attacks excluded) is used"",""3★: Applies to: Allies with FLAME Ability"",""3★: • Increases Fire Damage by 20% of Fire Resist, and an additional 0.2% of Total Instinct. (Up to 200%) (7 sec.)"",""3★: • Increases Fire Damage by 8%, and an additional 0.2% of Total Instinct. (Up to 200%) (7 sec.)"",""3★: Cooldown Time 15 seconds"",""4★: Activation Rate: when skill (regular attacks excluded) is used"",""4★: Applies to: Allies with FLAME Ability"",""4★: • Increases Fire Damage by 23% of Fire Resist, and an additional 0.3% of Total Instinct. (Up to 200%) (8 sec.)"",""4★: • Increases Fire Damage by 10%, and an additional 0.2% of Total Instinct. (Up to 200%) (8 sec.)"",""4★: Cooldown Time 15 seconds"",""5★: Activation Rate: when skill (regular attacks excluded) is used"",""5★: Applies to: Allies with FLAME Ability"",""5★: • Increases Fire Damage by 26% of Fire Resist, and an additional 0.4% of Total Instinct. (Up to 200%) (9 sec.)"",""5★: • Increases Fire Damage by 12%, and an additional 0.2% of Total Instinct. (Up to 200%) (9 sec.)"",""5★: Cooldown Time 15 seconds"",""6★: Activation Rate: when skill (regular attacks excluded) is used"",""6★: Applies to: Allies with FLAME Ability"",""6★: • Increases Fire Damage by 30% of Fire Resist, and an additional 0.5% of Total Instinct. (Up to 200%) (10 sec.)"",""6★: • Increases Fire Damage by 15%, and an additional 0.2% of Total Instinct. (Up to 200%) (10 sec.)"",""6★: Cooldown Time 15 seconds""]",8.1 Collector's Vault (Personal Vault) [4★],Update 8.1,https://thanosvibs.money/images/artifacts/artifact_robbiereyes.png,/mff-assets/artifacts/artifactrobbiereyes.webp,https://thanosvibs.money/api/artifacts
giantman,Advances in Science,Eternal Glory,Low,Medium,"[""3★: Applies to: Self"",""3★: • Decreases Basic Damage Received from SUPER HERO faction by 10%, and an additional 0.2% of total Instinct. (Up to 200%)"",""3★: • Decreases Basic Damage Received from SUPER VILLAIN faction by 10%, and an additional 0.2% of total Instinct. (Up to 200%)"",""4★: Applies to: Self"",""4★: • Decreases Basic Damage Received from SUPER HERO faction by 13%, and an additional 0.3% of total Instinct. (Up to 200%)"",""4★: • Decreases Basic Damage Received from SUPER VILLAIN faction by 13%, and an additional 0.3% of total Instinct. (Up to 200%)"",""5★: Applies to: Self"",""5★: • Decreases Basic Damage Received from SUPER HERO faction by 16%, and an additional 0.4% of total Instinct. (Up to 200%)"",""5★: • Decreases Basic Damage Received from SUPER VILLAIN faction by 16%, and an additional 0.4% of total Instinct. (Up to 200%)"",""6★: Applies to: Self"",""6★: • Decreases Basic Damage Received from SUPER HERO faction by 20%, and an additional 0.5% of total Instinct. (Up to 200%)"",""6★: • Decreases Basic Damage Received from SUPER VILLAIN faction by 20%, and an additional 0.5% of total Instinct. (Up to 200%)""]",,Update 8.8,https://thanosvibs.money/images/artifacts/artifact_giantman.png,/mff-assets/artifacts/artifactgiantman.webp,https://thanosvibs.money/api/artifacts
gilgamesh,Roar of Valor,Forgotten Immortal,Low,High,"[""3★: Activation Rate: when HP is below 25%"",""3★: Applies to: Self"",""3★: • Recovers HP by 50%, and an additional 0.3% of total Instinct. (Up to 200%) (1 sec.)"",""3★: • Increases Max HP by 45%, and an additional 0.1% of total Instinct. (Up to 200%) (15 sec.)"",""3★: Cooldown Time 27 seconds"",""4★: Activation Rate: when HP is below 30%"",""4★: Applies to: Self"",""4★: • Recovers HP by 60%, and an additional 0.3% of total Instinct. (Up to 200%) (1 sec.)"",""4★: • Increases Max HP by 55%, and an additional 0.1% of total Instinct. (Up to 200%) (15 sec.)"",""4★: Cooldown Time 27 seconds"",""5★: Activation Rate: when HP is below 35%"",""5★: Applies to: Self"",""5★: • Recovers HP by 70%, and an additional 0.3% of total Instinct. (Up to 200%) (1 sec.)"",""5★: • Increases Max HP by 65%, and an additional 0.1% of total Instinct. (Up to 200%) (16 sec.)"",""5★: Cooldown Time 27 seconds"",""6★: Activation Rate: when HP is below 40%"",""6★: Applies to: Self"",""6★: • Recovers HP by 80%, and an additional 0.3% of total Instinct. (Up to 200%) (1 sec.)"",""6★: • Increases Max HP by 75%, and an additional 0.1% of total Instinct. (Up to 200%) (16 sec.)"",""6★: Cooldown Time 27 seconds""]",Eternals Epic Quest Deluxe Mission (Shock and Awe) [3★],Update 7.6,https://thanosvibs.money/images/artifacts/artifact_gilgamesh.png,/mff-assets/artifacts/artifactgilgamesh.webp,https://thanosvibs.money/api/artifacts
gladiator,Shi'Ar Confidence,Praetor's Justice,High,Medium,"[""3★: Applies to: Self"",""3★: • Increases Basic Damage Dealt to SUPER VILLAIN faction by 11%, and an additional 0.2% of total Instinct. (Up to 200%)"",""3★: • Decreases Basic Damage Received from SUPER VILLAIN faction by 11%, and an additional 0.2% of total Instinct. (Up to 200%)"",""4★: Applies to: Self"",""4★: • Increases Basic Damage Dealt to SUPER VILLAIN faction by 14%, and an additional 0.3% of total Instinct. (Up to 200%)"",""4★: • Decreases Basic Damage Received from SUPER VILLAIN faction by 14%, and an additional 0.3% of total Instinct. (Up to 200%)"",""5★: Applies to: Self"",""5★: • Increases Basic Damage Dealt to SUPER VILLAIN faction by 17%, and an additional 0.4% of total Instinct. (Up to 200%)"",""5★: • Decreases Basic Damage Received from SUPER VILLAIN faction by 17%, and an additional 0.4% of total Instinct. (Up to 200%)"",""6★: Applies to: Self"",""6★: • Increases Basic Damage Dealt to SUPER VILLAIN faction by 20%, and an additional 0.5% of total Instinct. (Up to 200%)"",""6★: • Decreases Basic Damage Received from SUPER VILLAIN faction by 20%, and an additional 0.5% of total Instinct. (Up to 200%)""]",9.8 Collector's Vault (General Vault) [6★],Update 9.8,https://thanosvibs.money/images/artifacts/artifact_gladiator.png,/mff-assets/artifacts/artifactgladiator.webp,https://thanosvibs.money/api/artifacts
goliath,Giant-Man II,Goliathan Power,High,Medium,"[""3★: Applies to: Self"",""3★: • Increases All Basic Attacks by 10%, and an additional 0.2% of total Instinct. (Up to 200%)"",""3★: • Increases Max HP by 10%, and an additional 0.2% of total Instinct. (Up to 200%)"",""4★: Applies to: Self"",""4★: • Increases All Basic Attacks by 13%, and an additional 0.3% of total Instinct. (Up to 200%)"",""4★: • Increases Max HP by 13%, and an additional 0.3% of total Instinct. (Up to 200%)"",""5★: Applies to: Self"",""5★: • Increases All Basic Attacks by 16%, and an additional 0.4% of total Instinct. (Up to 200%)"",""5★: • Increases Max HP by 16%, and an additional 0.4% of total Instinct. (Up to 200%)"",""6★: Applies to: Self"",""6★: • Increases All Basic Attacks by 20%, and an additional 0.5% of total Instinct. (Up to 200%)"",""6★: • Increases Max HP by 20%, and an additional 0.5% of total Instinct. (Up to 200%)""]",,Update 11.0,https://thanosvibs.money/images/artifacts/artifact_goliath.png,/mff-assets/artifacts/artifactgoliath.webp,https://thanosvibs.money/api/artifacts
gorgon,Attilan's Vanguard,Attilan Warrior,High,Low,"[""3★: Applies to: Self"",""3★: • Increases Basic Damage Dealt to SUPER VILLAIN faction by 10%, and an additional 0.2% of total Instinct. (Up to 200%)"",""3★: • Decreases Basic Damage Received from SUPER VILLAIN faction by 10%, and an additional 0.2% of total Instinct. (Up to 200%)"",""4★: Applies to: Self"",""4★: • Increases Basic Damage Dealt to SUPER VILLAIN faction by 13%, and an additional 0.3% of total Instinct. (Up to 200%)"",""4★: • Decreases Basic Damage Received from SUPER VILLAIN faction by 13%, and an additional 0.3% of total Instinct. (Up to 200%)"",""5★: Applies to: Self"",""5★: • Increases Basic Damage Dealt to SUPER VILLAIN faction by 16%, and an additional 0.4% of total Instinct. (Up to 200%)"",""5★: • Decreases Basic Damage Received from SUPER VILLAIN faction by 16%, and an additional 0.4% of total Instinct. (Up to 200%)"",""6★: Applies to: Self"",""6★: • Increases Basic Damage Dealt to SUPER VILLAIN faction by 20%, and an additional 0.5% of total Instinct. (Up to 200%)"",""6★: • Decreases Basic Damage Received from SUPER VILLAIN faction by 20%, and an additional 0.5% of total Instinct. (Up to 200%)""]",,Update 11.6,https://thanosvibs.money/images/artifacts/artifact_gorgon.png,/mff-assets/artifacts/artifactgorgon.webp,https://thanosvibs.money/api/artifacts
gorillaman,Blessing and Curse,Gorilla's Toughness,Low,Low,"[""3★: Applies to: Self"",""3★: • Decreases Basic Damage Received from SUPER HERO faction by 10%, and an additional 0.2% of total Instinct. (Up to 200%)"",""3★: • Decreases Basic Damage Received from SUPER VILLAIN faction by 10%, and an additional 0.2% of total Instinct. (Up to 200%)"",""4★: Applies to: Self"",""4★: • Decreases Basic Damage Received from SUPER HERO faction by 13%, and an additional 0.3% of total Instinct. (Up to 200%)"",""4★: • Decreases Basic Damage Received from SUPER VILLAIN faction by 13%, and an additional 0.3% of total Instinct. (Up to 200%)"",""5★: Applies to: Self"",""5★: • Decreases Basic Damage Received from SUPER HERO faction by 16%, and an additional 0.4% of total Instinct. (Up to 200%)"",""5★: • Decreases Basic Damage Received from SUPER VILLAIN faction by 16%, and an additional 0.4% of total Instinct. (Up to 200%)"",""6★: Applies to: Self"",""6★: • Decreases Basic Damage Received from SUPER HERO faction by 20%, and an additional 0.5% of total Instinct. (Up to 200%)"",""6★: • Decreases Basic Damage Received from SUPER VILLAIN faction by 20%, and an additional 0.5% of total Instinct. (Up to 200%)""]",,Update 11.3,https://thanosvibs.money/images/artifacts/artifact_gorillaman.png,/mff-assets/artifacts/artifactgorillaman.webp,https://thanosvibs.money/api/artifacts
gorr,Deicide,Shadow of Pain,High,Medium,"[""3★: Applies to: Self"",""3★: • Increases Basic Damage Dealt to SUPER HERO faction by 10%, and an additional 0.2% of total Instinct. (Up to 200%)"",""3★: • Increases Basic Damage Dealt to SUPER VILLAIN faction by 10%, and an additional 0.2% of total Instinct. (Up to 200%)"",""4★: Applies to: Self"",""4★: • Increases Basic Damage Dealt to SUPER HERO faction by 13%, and an additional 0.3% of total Instinct. (Up to 200%)"",""4★: • Increases Basic Damage Dealt to SUPER VILLAIN faction by 13%, and an additional 0.3% of total Instinct. (Up to 200%)"",""5★: Applies to: Self"",""5★: • Increases Basic Damage Dealt to SUPER HERO faction by 16%, and an additional 0.4% of total Instinct. (Up to 200%)"",""5★: • Increases Basic Damage Dealt to SUPER VILLAIN faction by 16%, and an additional 0.4% of total Instinct. (Up to 200%)"",""6★: Applies to: Self"",""6★: • Increases Basic Damage Dealt to SUPER HERO faction by 20%, and an additional 0.5% of total Instinct. (Up to 200%)"",""6★: • Increases Basic Damage Dealt to SUPER VILLAIN faction by 20%, and an additional 0.5% of total Instinct. (Up to 200%)""]",8.4 Collector's Vault (General Vault) [6★],Update 8.4,https://thanosvibs.money/images/artifacts/artifact_gorr1.png,/mff-assets/artifacts/artifactgorr1.webp,https://thanosvibs.money/api/artifacts
greengoblin,Darkness Inside,Green Madness,Medium,Low,"[""3★: Applies to: Self"",""3★: • Increases All Basic Attacks by 14%, and an additional 0.3% of total Instinct. (Up to 200%)"",""4★: Applies to: Self"",""4★: • Increases All Basic Attacks by 18%, and an additional 0.4% of total Instinct. (Up to 200%)"",""5★: Applies to: Self"",""5★: • Increases All Basic Attacks by 22%, and an additional 0.5% of total Instinct. (Up to 200%)"",""6★: Applies to: Self"",""6★: • Increases All Basic Attacks by 26%, and an additional 0.6% of total Instinct. (Up to 200%)""]",8.9 Collector's Vault (General Vault) [6★],Update 7.9.5b,https://thanosvibs.money/images/artifacts/artifact_greengoblin.png,/mff-assets/artifacts/artifactgreengoblin.webp,https://thanosvibs.money/api/artifacts
groot,Strong Roots,Colossal Courage,Medium,Medium,"[""3★: Applies to: Self"",""3★: • Ignores target's Dodge Rate by 10%, and an additional 0.2% of total Instinct. (Up to 200%)"",""3★: • Decreases Basic Damage Received by 15%, and an additional 0.15% of total Instinct. (Up to 200%)"",""4★: Applies to: Self"",""4★: • Ignores target's Dodge Rate by 13%, and an additional 0.3% of total Instinct. (Up to 200%)"",""4★: • Decreases Basic Damage Received by 20%, and an additional 0.2% of total Instinct. (Up to 200%)"",""5★: Applies to: Self"",""5★: • Ignores target's Dodge Rate by 16%, and an additional 0.4% of total Instinct. (Up to 200%)"",""5★: • Decreases Basic Damage Received by 25%, and an additional 0.25% of total Instinct. (Up to 200%)"",""6★: Applies to: Self"",""6★: • Ignores target's Dodge Rate by 20%, and an additional 0.5% of total Instinct. (Up to 200%)"",""6★: • Decreases Basic Damage Received by 30%, and an additional 0.3% of total Instinct. (Up to 200%)""]",,Update 9.0.5a,https://thanosvibs.money/images/artifacts/artifact_groot.png,/mff-assets/artifacts/artifactgroot.webp,https://thanosvibs.money/api/artifacts
gwenpool,The Fourth Wall,Loose Cannon,High,Low,"[""3★: Applies to: Self"",""3★: • Ignores target's Dodge Rate by 9%, and an additional 0.2% of Total Instinct. (Up to 200%)"",""3★: • Increases All Basic Attacks by 14%, and an additional 0.2% of Total Instinct. (Up to 200%)"",""4★: Applies to: Self"",""4★: • Ignores target's Dodge Rate by 11%, and an additional 0.3% of Total Instinct. (Up to 200%)"",""4★: • Increases All Basic Attacks by 16%, and an additional 0.3% of Total Instinct. (Up to 200%)"",""5★: Applies to: Self"",""5★: • Ignores target's Dodge Rate by 13%, and an additional 0.4% of Total Instinct. (Up to 200%)"",""5★: • Increases All Basic Attacks by 18%, and an additional 0.4% of Total Instinct. (Up to 200%)"",""6★: Applies to: Self"",""6★: • Ignores target's Dodge Rate by 15%, and an additional 0.5% of Total Instinct. (Up to 200%)"",""6★: • Increases All Basic Attacks by 20%, and an additional 0.5% of Total Instinct. (Up to 200%)""]",7.9 Collector's Vault (General Vault) [6★] | 10.2 Collector's Vault (Personal Vault) [4★],Update 7.9.5a,https://thanosvibs.money/images/artifacts/artifact_gwenpool.png,/mff-assets/artifacts/artifactgwenpool.webp,https://thanosvibs.money/api/artifacts
hadespluto,Tyrant of the Dead,King of the Dead,High,Low,"[""3★: Applies to: Self"",""3★: • Ignores target's Dodge Rate by 10%, and an additional 0.2% of total Instinct. (Up to 200%)"",""3★: • Increases All Basic Attacks by 10%, and an additional 0.2% of total Instinct. (Up to 200%)"",""4★: Applies to: Self"",""4★: • Ignores target's Dodge Rate by 13%, and an additional 0.3% of total Instinct. (Up to 200%)"",""4★: • Increases All Basic Attacks by 13%, and an additional 0.3% of total Instinct. (Up to 200%)"",""5★: Applies to: Self"",""5★: • Ignores target's Dodge Rate by 16%, and an additional 0.4% of total Instinct. (Up to 200%)"",""5★: • Increases All Basic Attacks by 16%, and an additional 0.4% of total Instinct. (Up to 200%)"",""6★: Applies to: Self"",""6★: • Ignores target's Dodge Rate by 20%, and an additional 0.5% of total Instinct. (Up to 200%)"",""6★: • Increases All Basic Attacks by 20%, and an additional 0.5% of total Instinct. (Up to 200%)""]",,Update 11.4,https://thanosvibs.money/images/artifacts/artifact_hades.png,/mff-assets/artifacts/artifacthades.webp,https://thanosvibs.money/api/artifacts
havok,Cosmic Energy Absorption,Plasma Booster,High,Low,"[""3★: Applies to: Self"",""3★: • Increases Basic Damage Dealt to SUPER HERO faction by 10%, and an additional 0.2% of total Instinct. (Up to 200%)"",""3★: • Increases Basic Damage Dealt to SUPER VILLAIN faction by 10%, and an additional 0.2% of total Instinct. (Up to 200%)"",""4★: Applies to: Self"",""4★: • Increases Basic Damage Dealt to SUPER HERO faction by 13%, and an additional 0.3% of total Instinct. (Up to 200%)"",""4★: • Increases Basic Damage Dealt to SUPER VILLAIN faction by 13%, and an additional 0.3% of total Instinct. (Up to 200%)"",""5★: Applies to: Self"",""5★: • Increases Basic Damage Dealt to SUPER HERO faction by 16%, and an additional 0.4% of total Instinct. (Up to 200%)"",""5★: • Increases Basic Damage Dealt to SUPER VILLAIN faction by 16%, and an additional 0.4% of total Instinct. (Up to 200%)"",""6★: Applies to: Self"",""6★: • Increases Basic Damage Dealt to SUPER HERO faction by 20%, and an additional 0.5% of total Instinct. (Up to 200%)"",""6★: • Increases Basic Damage Dealt to SUPER VILLAIN faction by 20%, and an additional 0.5% of total Instinct. (Up to 200%)""]",,Update 9.7,https://thanosvibs.money/images/artifacts/artifact_havok.png,/mff-assets/artifacts/artifacthavok.webp,https://thanosvibs.money/api/artifacts
hawkeye,Sharpshooters,Perfect Aim,High,Low,"[""3★: Activation Rate: when attacking"",""3★: Applies to: Self"",""3★: • Increases Basic Damage by 0.2% for every 1% of Critical Rate regardless of Guaranteed Critical Rate."",""3★: • Increases Basic Damage by Total Instinct * 0.5%."",""3★: • Basic Damage increases up to 20%. (9 sec.)"",""3★: Cooldown Time 15 seconds"",""4★: Activation Rate: when attacking"",""4★: Applies to: Self"",""4★: • Increases Basic Damage by 0.2% for every 1% of Critical Rate regardless of Guaranteed Critical Rate."",""4★: • Increases Basic Damage by Total Instinct * 0.6%."",""4★: • Basic Damage increases up to 25%. (9 sec.)"",""4★: Cooldown Time 15 seconds"",""5★: Activation Rate: when attacking"",""5★: Applies to: Self"",""5★: • Increases Basic Damage by 0.2% for every 1% of Critical Rate regardless of Guaranteed Critical Rate."",""5★: • Increases Basic Damage by Total Instinct * 0.7%."",""5★: • Basic Damage increases up to 30%. (10 sec.)"",""5★: Cooldown Time 15 seconds"",""6★: Activation Rate: when attacking"",""6★: Applies to: Self"",""6★: • Increases Basic Damage by 0.2% for every 1% of Critical Rate regardless of Guaranteed Critical Rate."",""6★: • Increases Basic Damage by Total Instinct * 0.8%."",""6★: • Basic Damage increases up to 35%. (10 sec.)"",""6★: Cooldown Time 15 seconds""]",7.9 Collector's Vault (Personal Vault) [4★],Update 7.9,https://thanosvibs.money/images/artifacts/artifact_hawkeye.png,/mff-assets/artifacts/artifacthawkeye.webp,https://thanosvibs.money/api/artifacts
hawkeyekatebishop,Hero's Qualifications,Target Precision,Low,Medium,"[""3★: Activation Rate: 15% chance when attacking"",""3★: Applies to: Self"",""3★: • (15.0% + Total Instinct * 0.2%) chance to activate:"",""3★: • Can attack enemies with Ignore Targeting."",""3★: • Cannot exceed a 100% chance. (5 sec.)"",""3★: • Ignores Non-Boss enemy Damage Decrease by 11%."",""3★: • Additional increase by 0.1% of Total Instinct (up to 200% of the base value). (5 sec.)"",""3★: Cooldown Time 16 seconds"",""4★: Activation Rate: 15% chance when attacking"",""4★: Applies to: Self"",""4★: • (15.0% + Total Instinct * 0.3%) chance to activate:"",""4★: • Can attack enemies with Ignore Targeting."",""4★: • Cannot exceed a 100% chance. (6 sec.)"",""4★: • Ignores Non-Boss enemy Damage Decrease by 14%."",""4★: • Additional increase by 0.1% of Total Instinct (up to 200% of the base value). (6 sec.)"",""4★: Cooldown Time 16 seconds"",""5★: Activation Rate: 15% chance when attacking"",""5★: Applies to: Self"",""5★: • (15.0% + Total Instinct * 0.4%) chance to activate:"",""5★: • Can attack enemies with Ignore Targeting."",""5★: • Cannot exceed a 100% chance. (7 sec.)"",""5★: • Ignores Non-Boss enemy Damage Decrease by 17%."",""5★: • Additional increase by 0.1% of Total Instinct (up to 200% of the base value). (7 sec.)"",""5★: Cooldown Time 16 seconds"",""6★: Activation Rate: 15% chance when attacking"",""6★: Applies to: Self"",""6★: • (15.0% + Total Instinct * 0.5%) chance to activate:"",""6★: • Can attack enemies with Ignore Targeting."",""6★: • Cannot exceed a 100% chance. (8 sec.)"",""6★: • Ignores Non-Boss enemy Damage Decrease by 20%."",""6★: • Additional increase by 0.1% of Total Instinct (up to 200% of the base value). (8 sec.)"",""6★: Cooldown Time 16 seconds""]",,Update 7.9,https://thanosvibs.money/images/artifacts/artifact_katebishop.png,/mff-assets/artifacts/artifactkatebishop.webp,https://thanosvibs.money/api/artifacts
heimdall,Vision of the Realms,Eye of the Universe,Low,Medium,"[""3★: Activation Rate: when HP is below 60%"",""3★: Applies to: Self"",""3★: • Increases Basic Damage Dealt to SUPER VILLAIN faction by 10%, and an additional 0.2% of total Instinct. (Up to 200%) (15 sec.)"",""3★: • Recovers HP by 30%, and an additional 0.3% of total Instinct. (Up to 200%) (1 sec.)"",""3★: Cooldown Time 30 seconds"",""4★: Activation Rate: when HP is below 60%"",""4★: Applies to: Self"",""4★: • Increases Basic Damage Dealt to SUPER VILLAIN faction by 13%, and an additional 0.3% of total Instinct. (Up to 200%) (15 sec.)"",""4★: • Recovers HP by 40%, and an additional 0.3% of total Instinct. (Up to 200%) (1 sec.)"",""4★: Cooldown Time 30 seconds"",""5★: Activation Rate: when HP is below 60%"",""5★: Applies to: Self"",""5★: • Increases Basic Damage Dealt to SUPER VILLAIN faction by 15%, and an additional 0.4% of total Instinct. (Up to 200%) (15 sec.)"",""5★: • Recovers HP by 50%, and an additional 0.3% of total Instinct. (Up to 200%) (1 sec.)"",""5★: Cooldown Time 30 seconds"",""6★: Activation Rate: when HP is below 60%"",""6★: Applies to: Self"",""6★: • Increases Basic Damage Dealt to SUPER VILLAIN faction by 20%, and an additional 0.5% of total Instinct. (Up to 200%) (15 sec.)"",""6★: • Recovers HP by 60%, and an additional 0.3% of total Instinct. (Up to 200%) (1 sec.)"",""6★: Cooldown Time 30 seconds""]",,Update 7.6,https://thanosvibs.money/images/artifacts/artifact_heimdall.png,/mff-assets/artifacts/artifactheimdall.webp,https://thanosvibs.money/api/artifacts
hela,Blessing of Death,Infinite Death,Low,High,"[""3★: Activation Rate: when HP is below 5%"",""3★: Applies to: Self"",""3★: • HP does not drop to 1 or below. Recovers HP by 10% of Max HP when the buff ends."",""3★: • Recovers by an additional 0.5% of Total Instinct. (Up to 100% of HP Recovery) (4 sec.)"",""3★: Cooldown Time 180 seconds"",""4★: Activation Rate: when HP is below 5%"",""4★: Applies to: Self"",""4★: • HP does not drop to 1 or below. Recovers HP by 20% of Max HP when the buff ends."",""4★: • Recovers by an additional 0.5% of Total Instinct. (Up to 100% of HP Recovery) (5 sec.)"",""4★: Cooldown Time 180 seconds"",""5★: Activation Rate: when HP is below 5%"",""5★: Applies to: Self"",""5★: • HP does not drop to 1 or below. Recovers HP by 35% of Max HP when the buff ends."",""5★: • Recovers by an additional 0.5% of Total Instinct. (Up to 100% of HP Recovery) (6 sec.)"",""5★: Cooldown Time 180 seconds"",""6★: Activation Rate: when HP is below 5%"",""6★: Applies to: Self"",""6★: • HP does not drop to 1 or below. Recovers HP by 50% of Max HP when the buff ends."",""6★: • Recovers by an additional 0.5% of Total Instinct. (Up to 100% of HP Recovery) (7 sec.)"",""6★: Cooldown Time 180 seconds""]",9.6 Collector's Vault (General Vault) [6★],Update 7.6,https://thanosvibs.money/images/artifacts/artifact_hela.png,/mff-assets/artifacts/artifacthela.webp,https://thanosvibs.money/api/artifacts
hellcat,Miss America,Deadly Claws,Medium,Low,"[""3★: Applies to: Self"",""3★: • Increases Instinct Critical Rate by 10%, and an additional 0.2% of total Instinct. (Up to 200%)"",""3★: • Increases Instinct Critical Damage by 5%, and an additional 0.2% of total Instinct. (Up to 200%)"",""4★: Applies to: Self"",""4★: • Increases Instinct Critical Rate by 12%, and an additional 0.3% of total Instinct. (Up to 200%)"",""4★: • Increases Instinct Critical Damage by 10%, and an additional 0.3% of total Instinct. (Up to 200%)"",""5★: Applies to: Self"",""5★: • Increases Instinct Critical Rate by 14%, and an additional 0.4% of total Instinct. (Up to 200%)"",""5★: • Increases Instinct Critical Damage by 15%, and an additional 0.4% of total Instinct. (Up to 200%)"",""6★: Applies to: Self"",""6★: • Increases Instinct Critical Rate by 16%, and an additional 0.5% of total Instinct. (Up to 200%)"",""6★: • Increases Instinct Critical Damage by 20%, and an additional 0.5% of total Instinct. (Up to 200%)""]",,Update 11.5,https://thanosvibs.money/images/artifacts/artifact_hellcat.png,/mff-assets/artifacts/artifacthellcat.webp,https://thanosvibs.money/api/artifacts
hellstorm,Prince of Lies,Judgement by Fire,High,Low,"[""3★: Applies to: Self"",""3★: • Increases Fire Damage by 15% of Fire Resist, and an additional 0.2% of Total Instinct. (Up to 200%)"",""3★: • Increases Basic Damage Dealt to SUPER VILLAIN faction by 9%, and an additional 0.2% of total Instinct. (Up to 200%)"",""4★: Applies to: Self"",""4★: • Increases Fire Damage by 20% of Fire Resist, and an additional 0.3% of Total Instinct. (Up to 200%)"",""4★: • Increases Basic Damage Dealt to SUPER VILLAIN faction by 11%, and an additional 0.3% of total Instinct. (Up to 200%)"",""5★: Applies to: Self"",""5★: • Increases Fire Damage by 25% of Fire Resist, and an additional 0.4% of Total Instinct. (Up to 200%)"",""5★: • Increases Basic Damage Dealt to SUPER VILLAIN faction by 13%, and an additional 0.4% of total Instinct. (Up to 200%)"",""6★: Applies to: Self"",""6★: • Increases Fire Damage by 30% of Fire Resist, and an additional 0.5% of Total Instinct. (Up to 200%)"",""6★: • Increases Basic Damage Dealt to SUPER VILLAIN faction by 15%, and an additional 0.5% of total Instinct. (Up to 200%)""]",,Update 9.9,https://thanosvibs.money/images/artifacts/artifact_hellstorm.png,/mff-assets/artifacts/artifacthellstorm.webp,https://thanosvibs.money/api/artifacts
hercules,Lion of Olympus,Hero of Olympus,High,Low,"[""3★: Applies to: Self"",""3★: • Increases Basic Damage Dealt to SUPER HERO faction by 10%, and an additional 0.2% of total Instinct. (Up to 200%)"",""3★: • Increases Basic Damage Dealt to SUPER VILLAIN faction by 10%, and an additional 0.2% of total Instinct. (Up to 200%)"",""4★: Applies to: Self"",""4★: • Increases Basic Damage Dealt to SUPER HERO faction by 13%, and an additional 0.3% of total Instinct. (Up to 200%)"",""4★: • Increases Basic Damage Dealt to SUPER VILLAIN faction by 13%, and an additional 0.3% of total Instinct. (Up to 200%)"",""5★: Applies to: Self"",""5★: • Increases Basic Damage Dealt to SUPER HERO faction by 14%, and an additional 0.4% of total Instinct. (Up to 200%)"",""5★: • Increases Basic Damage Dealt to SUPER VILLAIN faction by 14%, and an additional 0.4% of total Instinct. (Up to 200%)"",""6★: Applies to: Self"",""6★: • Increases Basic Damage Dealt to SUPER HERO faction by 20%, and an additional 0.5% of total Instinct. (Up to 200%)"",""6★: • Increases Basic Damage Dealt to SUPER VILLAIN faction by 20%, and an additional 0.5% of total Instinct. (Up to 200%)""]",,Update 11.4,https://thanosvibs.money/images/artifacts/artifact_hercules.png,/mff-assets/artifacts/artifacthercules.webp,https://thanosvibs.money/api/artifacts
hogun,Mace of Justice,A Calm Blow,Medium,Low,"[""3★: Applies to: Self"",""3★: • Increases Instinct Critical Rate by 10%, and an additional 0.2% of total Instinct. (Up to 200%)"",""3★: • Increases Instinct Critical Damage by 5%, and an additional 0.2% of total Instinct. (Up to 200%)"",""4★: Applies to: Self"",""4★: • Increases Instinct Critical Rate by 12%, and an additional 0.3% of total Instinct. (Up to 200%)"",""4★: • Increases Instinct Critical Damage by 10%, and an additional 0.3% of total Instinct. (Up to 200%)"",""5★: Applies to: Self"",""5★: • Increases Instinct Critical Rate by 14%, and an additional 0.4% of total Instinct. (Up to 200%)"",""5★: • Increases Instinct Critical Damage by 15%, and an additional 0.4% of total Instinct. (Up to 200%)"",""6★: Applies to: Self"",""6★: • Increases Instinct Critical Rate by 16%, and an additional 0.5% of total Instinct. (Up to 200%)"",""6★: • Increases Instinct Critical Damage by 20%, and an additional 0.5% of total Instinct. (Up to 200%)""]",,Update 10.0,https://thanosvibs.money/images/artifacts/artifact_hogun.png,/mff-assets/artifacts/artifacthogun.webp,https://thanosvibs.money/api/artifacts
hopesummers,Duplicated Abilities,Dauntless Justice,High,Medium,"[""3★: Applies to: Mutant Allies"",""3★: • Increases Basic Damage Dealt to SUPER VILLAIN faction by 6%, and an additional 0.2% of total Instinct. (Up to 200%)"",""3★: • Decreases Basic Damage Received from SUPER VILLAIN faction by 6%, and an additional 0.2% of total Instinct. (Up to 200%)"",""4★: Applies to: Mutant Allies"",""4★: • Increases Basic Damage Dealt to SUPER VILLAIN faction by 9%, and an additional 0.3% of total Instinct. (Up to 200%)"",""4★: • Decreases Basic Damage Received from SUPER VILLAIN faction by 9%, and an additional 0.3% of total Instinct. (Up to 200%)"",""5★: Applies to: Mutant Allies"",""5★: • Increases Basic Damage Dealt to SUPER VILLAIN faction by 12%, and an additional 0.4% of total Instinct. (Up to 200%)"",""5★: • Decreases Basic Damage Received from SUPER VILLAIN faction by 12%, and an additional 0.4% of total Instinct. (Up to 200%)"",""6★: Applies to: Mutant Allies"",""6★: • Increases Basic Damage Dealt to SUPER VILLAIN faction by 15%, and an additional 0.5% of total Instinct. (Up to 200%)"",""6★: • Decreases Basic Damage Received from SUPER VILLAIN faction by 15%, and an additional 0.5% of total Instinct. (Up to 200%)""]",,Update 9.7,https://thanosvibs.money/images/artifacts/artifact_hopesummers.png,/mff-assets/artifacts/artifacthopesummers.webp,https://thanosvibs.money/api/artifacts
hulk,Titan's Rage,Full Stamina,High,High,"[""3★: Applies to: Self"",""3★: • Increases HP by 10%, and an additional 0.1% of total Instinct. (Up to 200%)"",""4★: Applies to: Self"",""4★: • Increases HP by 15%, and an additional 0.2% of total Instinct. (Up to 200%)"",""5★: Applies to: Self"",""5★: • Increases HP by 20%, and an additional 0.3% of total Instinct. (Up to 200%)"",""6★: Applies to: Self"",""6★: • Increases HP by 25%, and an additional 0.4% of total Instinct. (Up to 200%)""]",8.3 Collector's Vault (Personal Vault) [4★],Update 8.3,https://thanosvibs.money/images/artifacts/artifact_hulk.png,/mff-assets/artifacts/artifacthulk.webp,https://thanosvibs.money/api/artifacts
hulkamadeuscho,Mastermind Excello,Analysis Complete,High,Low,"[""3★: Applies to: Self"",""3★: • Increases Basic Damage Dealt to SUPER HERO faction by 10%, and an additional 0.2% of total Instinct. (Up to 200%)"",""3★: • Increases Basic Damage Dealt to SUPER VILLAIN faction by 10%, and an additional 0.2% of total Instinct. (Up to 200%)"",""4★: Applies to: Self"",""4★: • Increases Basic Damage Dealt to SUPER HERO faction by 13%, and an additional 0.3% of total Instinct. (Up to 200%)"",""4★: • Increases Basic Damage Dealt to SUPER VILLAIN faction by 13%, and an additional 0.3% of total Instinct. (Up to 200%)"",""5★: Applies to: Self"",""5★: • Increases Basic Damage Dealt to SUPER HERO faction by 16%, and an additional 0.4% of total Instinct. (Up to 200%)"",""5★: • Increases Basic Damage Dealt to SUPER VILLAIN faction by 16%, and an additional 0.4% of total Instinct. (Up to 200%)"",""6★: Applies to: Self"",""6★: • Increases Basic Damage Dealt to SUPER HERO faction by 20%, and an additional 0.5% of total Instinct. (Up to 200%)"",""6★: • Increases Basic Damage Dealt to SUPER VILLAIN faction by 20%, and an additional 0.5% of total Instinct. (Up to 200%)""]",,Update 11.4.5,https://thanosvibs.money/images/artifacts/artifact_amadeuscho.png,/mff-assets/artifacts/artifactamadeuscho.webp,https://thanosvibs.money/api/artifacts
hulkbusterironmanmark44,Big Armor,Decimated,High,Low,"[""3★: Applies to: Self"",""3★: • Increases Basic Damage Dealt to SUPER HERO faction by 13%, and an additional 0.2% of total Instinct. (Up to 200%)"",""3★: • Increases Basic Damage Dealt to SUPER VILLAIN faction by [P3]%, and an additional [P4]% of total Instinct. (Up to 200%)"",""4★: Applies to: Self"",""4★: • Increases Basic Damage Dealt to SUPER HERO faction by 15%, and an additional 0.3% of total Instinct. (Up to 200%)"",""4★: • Increases Basic Damage Dealt to SUPER VILLAIN faction by [P3]%, and an additional [P4]% of total Instinct. (Up to 200%)"",""5★: Applies to: Self"",""5★: • Increases Basic Damage Dealt to SUPER HERO faction by 17%, and an additional 0.4% of total Instinct. (Up to 200%)"",""5★: • Increases Basic Damage Dealt to SUPER VILLAIN faction by [P3]%, and an additional [P4]% of total Instinct. (Up to 200%)"",""6★: Applies to: Self"",""6★: • Increases Basic Damage Dealt to SUPER HERO faction by 20%, and an additional 0.5% of total Instinct. (Up to 200%)"",""6★: • Increases Basic Damage Dealt to SUPER VILLAIN faction by [P3]%, and an additional [P4]% of total Instinct. (Up to 200%)""]",,Update 10.3,https://thanosvibs.money/images/artifacts/artifact_hulkbuster.png,/mff-assets/artifacts/artifacthulkbuster.webp,https://thanosvibs.money/api/artifacts
hulkling,Emperor of the Skrulls,Emperor's Might,High,Low,"[""3★: Applies to: Self"",""3★: • Increases All Basic Attacks by 18%, and an additional 0.2% of total Instinct. (Up to 200%)"",""4★: Applies to: Self"",""4★: • Increases All Basic Attacks by 20%, and an additional 0.3% of total Instinct. (Up to 200%)"",""5★: Applies to: Self"",""5★: • Increases All Basic Attacks by 22%, and an additional 0.4% of total Instinct. (Up to 200%)"",""6★: Applies to: Self"",""6★: • Increases All Basic Attacks by 25%, and an additional 0.5% of total Instinct. (Up to 200%)""]",,Update 10.3,https://thanosvibs.money/images/artifacts/artifact_hulkling.png,/mff-assets/artifacts/artifacthulkling.webp,https://thanosvibs.money/api/artifacts
humantorch,Unquenchable Flame,Flame of Justice,,,"[""3★: Applies to: Self"",""3★: • Ignores target's Dodge Rate by 6%, and an additional 0.2% of total Instinct. (Up to 200%)"",""3★: • Increases Basic Damage Dealt to SUPER VILLAIN faction by 11%, and an additional 0.2% of total Instinct. (Up to 200%)"",""4★: Applies to: Self"",""4★: • Ignores target's Dodge Rate by 9%, and an additional 0.3% of total Instinct. (Up to 200%)"",""4★: • Increases Basic Damage Dealt to SUPER VILLAIN faction by 14%, and an additional 0.3% of total Instinct. (Up to 200%)"",""5★: Applies to: Self"",""5★: • Ignores target's Dodge Rate by 12%, and an additional 0.4% of total Instinct. (Up to 200%)"",""5★: • Increases Basic Damage Dealt to SUPER VILLAIN faction by 17%, and an additional 0.4% of total Instinct. (Up to 200%)"",""6★: Applies to: Self"",""6★: • Ignores target's Dodge Rate by 15%, and an additional 0.5% of total Instinct. (Up to 200%)"",""6★: • Increases Basic Damage Dealt to SUPER VILLAIN faction by 20%, and an additional 0.5% of total Instinct. (Up to 200%)""]",,Update 10.1.5a,https://thanosvibs.money/images/artifacts/artifact_humantorch.png,/mff-assets/artifacts/artifacthumantorch.webp,https://thanosvibs.money/api/artifacts
hydroman,Swirling Spray,Liquid Human,High,Low,"[""3★: Applies to: Self"",""3★: • Increases All Basic Attacks by 10%, and an additional 0.2% of total Instinct. (Up to 200%)"",""4★: Applies to: Self"",""4★: • Increases All Basic Attacks by 15%, and an additional 0.3% of total Instinct. (Up to 200%)"",""5★: Applies to: Self"",""5★: • Increases All Basic Attacks by 20%, and an additional 0.4% of total Instinct. (Up to 200%)"",""6★: Applies to: Self"",""6★: • Increases All Basic Attacks by 25%, and an additional 0.5% of total Instinct. (Up to 200%)""]",,Update 10.5,https://thanosvibs.money/images/artifacts/artifact_hydroman.png,/mff-assets/artifacts/artifacthydroman.webp,https://thanosvibs.money/api/artifacts
hyperion,Blazing Sun,Hero's Visage,Medium,Medium,"[""3★: Applies to: Self"",""3★: • Ignores target's Dodge Rate by 10%, and an additional 0.2% of total Instinct. (Up to 200%)"",""3★: • Decreases Basic Damage Received by 15%, and an additional 0.15% of total Instinct. (Up to 200%)"",""4★: Applies to: Self"",""4★: • Ignores target's Dodge Rate by 13%, and an additional 0.3% of total Instinct. (Up to 200%)"",""4★: • Decreases Basic Damage Received by 20%, and an additional 0.2% of total Instinct. (Up to 200%)"",""5★: Applies to: Self"",""5★: • Ignores target's Dodge Rate by 15%, and an additional 0.4% of total Instinct. (Up to 200%)"",""5★: • Decreases Basic Damage Received by 25%, and an additional 0.25% of total Instinct. (Up to 200%)"",""6★: Applies to: Self"",""6★: • Ignores target's Dodge Rate by 20%, and an additional 0.5% of total Instinct. (Up to 200%)"",""6★: • Decreases Basic Damage Received by 30%, and an additional 0.3% of total Instinct. (Up to 200%)""]",,Update 7.5,https://thanosvibs.money/images/artifacts/artifact_hyperion.png,/mff-assets/artifacts/artifacthyperion.webp,https://thanosvibs.money/api/artifacts
iceman,Absolute Zero,Frozen Armor,High,Low,"[""3★: Applies to: Self"",""3★: • Increases Cold Damage by 20% of Cold Resist, and an additional 0.2% of total Instinct. (Up to 200%)"",""3★: • Increases All Resistances by 10%, and an additional 0.2% of total Instinct. (Up to 200%)"",""4★: Applies to: Self"",""4★: • Increases Cold Damage by 23% of Cold Resist, and an additional 0.3% of total Instinct. (Up to 200%)"",""4★: • Increases All Resistances by 13%, and an additional 0.2% of total Instinct. (Up to 200%)"",""5★: Applies to: Self"",""5★: • Increases Cold Damage by 26% of Cold Resist, and an additional 0.4% of total Instinct. (Up to 200%)"",""5★: • Increases All Resistances by 16%, and an additional 0.2% of total Instinct. (Up to 200%)"",""6★: Applies to: Self"",""6★: • Increases Cold Damage by 30% of Cold Resist, and an additional 0.5% of total Instinct. (Up to 200%)"",""6★: • Increases All Resistances by 20%, and an additional 0.2% of total Instinct. (Up to 200%)""]",,Update 8.2.5,https://thanosvibs.money/images/artifacts/artifact_iceman.png,/mff-assets/artifacts/artifacticeman.webp,https://thanosvibs.money/api/artifacts
ikaris,Life Savior,Prime Stance,Medium,Medium,"[""3★: Activation Rate: when attacking"",""3★: Applies to: Self"",""3★: • Increases Basic Damage Dealt to SUPER VILLAIN faction by 5%, and an additional 0.2% of total Instinct. (Up to 200%) (6 sec.)"",""3★: (5.0 + Total Instinct * 0.2%) chance to activate:"",""3★: • Can attack enemies with Ignore Targeting"",""3★: • Cannot exceed a 100% chance. (6 sec.)"",""3★: Cooldown Time 17 seconds"",""4★: Activation Rate: when attacking"",""4★: Applies to: Self"",""4★: • Increases Basic Damage Dealt to SUPER VILLAIN faction by 8%, and an additional 0.3% of total Instinct. (Up to 200%) (7 sec.)"",""4★: (5.0 + Total Instinct * 0.3%) chance to activate:"",""4★: • Can attack enemies with Ignore Targeting"",""4★: • Cannot exceed a 100% chance. (7 sec.)"",""4★: Cooldown Time 17 seconds"",""5★: Activation Rate: when attacking"",""5★: Applies to: Self"",""5★: • Increases Basic Damage Dealt to SUPER VILLAIN faction by 11%, and an additional 0.4% of total Instinct. (Up to 200%) (8 sec.)"",""5★: (5.0 + Total Instinct * 0.4%) chance to activate:"",""5★: • Can attack enemies with Ignore Targeting"",""5★: • Cannot exceed a 100% chance. (8 sec.)"",""5★: Cooldown Time 17 seconds"",""6★: Activation Rate: when attacking"",""6★: Applies to: Self"",""6★: • Increases Basic Damage Dealt to SUPER VILLAIN faction by 15%, and an additional 0.5% of total Instinct. (Up to 200%) (9 sec.)"",""6★: (5.0 + Total Instinct * 0.5%) chance to activate:"",""6★: • Can attack enemies with Ignore Targeting"",""6★: • Cannot exceed a 100% chance. (9 sec.)"",""6★: Cooldown Time 17 seconds""]",Eternals Epic Quest Deluxe Mission (Madness Ensues) [3★],Update 7.5,https://thanosvibs.money/images/artifacts/artifact_ikaris.png,/mff-assets/artifacts/artifactikaris.webp,https://thanosvibs.money/api/artifacts
ikon,Galadorian Gallantry,Self Analysis,Low,High,"[""3★: Activation Rate: when HP is below 25%"",""3★: Applies to: Self"",""3★: • Recovers HP by 45%, and an additional 0.3% of total Instinct. (Up to 200%) (1 sec.)"",""3★: • Increases Max HP by 45%, and an additional 0.1% of total Instinct. (Up to 200%) (15 sec.)"",""3★: Cooldown Time 27 seconds"",""4★: Activation Rate: when HP is below 30%"",""4★: Applies to: Self"",""4★: • Recovers HP by 50%, and an additional 0.3% of total Instinct. (Up to 200%) (1 sec.)"",""4★: • Increases Max HP by 50%, and an additional 0.1% of total Instinct. (Up to 200%) (15 sec.)"",""4★: Cooldown Time 27 seconds"",""5★: Activation Rate: when HP is below 35%"",""5★: Applies to: Self"",""5★: • Recovers HP by 55%, and an additional 0.3% of total Instinct. (Up to 200%) (1 sec.)"",""5★: • Increases Max HP by 55%, and an additional 0.1% of total Instinct. (Up to 200%) (16 sec.)"",""5★: Cooldown Time 27 seconds"",""6★: Activation Rate: when HP is below 40%"",""6★: Applies to: Self"",""6★: • Recovers HP by 60%, and an additional 0.3% of total Instinct. (Up to 200%) (1 sec.)"",""6★: • Increases Max HP by 60%, and an additional 0.1% of total Instinct. (Up to 200%) (16 sec.)"",""6★: Cooldown Time 27 seconds""]",,Update 9.8,https://thanosvibs.money/images/artifacts/artifact_ikon.png,/mff-assets/artifacts/artifactikon.webp,https://thanosvibs.money/api/artifacts
inferno,The Flames of Attilan,Wrath of Attilan,High,Low,"[""3★: Applies to: Self"",""3★: • Increases Fire Damage by [P1]%, and an additional [P2]% of Total Instinct. (Up to 200%)"",""4★: Applies to: Self"",""4★: • Increases Fire Damage by [P1]%, and an additional [P2]% of Total Instinct. (Up to 200%)"",""5★: Applies to: Self"",""5★: • Increases Fire Damage by [P1]%, and an additional [P2]% of Total Instinct. (Up to 200%)"",""6★: Applies to: Self"",""6★: • Increases Fire Damage by 15%, and an additional 0.2% of Total Instinct. (Up to 200%)""]",,Update 11.8,https://thanosvibs.money/images/artifacts/artifact_inferno.png,/mff-assets/artifacts/artifactinferno.webp,https://thanosvibs.money/api/artifacts
invisiblewoman,Solid Force Field,Invisible Energy,High,Low,"[""3★: Applies to: Self"",""3★: • Ignores target's Dodge Rate by 10%, and an additional 0.2% of total Instinct. (Up to 200%)"",""3★: • Increases All Basic Attacks by 10%, and an additional 0.2% of Total Instinct. (Up to 200%)"",""4★: Applies to: Self"",""4★: • Ignores target's Dodge Rate by 13%, and an additional 0.3% of total Instinct. (Up to 200%)"",""4★: • Increases All Basic Attacks by 13%, and an additional 0.3% of Total Instinct. (Up to 200%)"",""5★: Applies to: Self"",""5★: • Ignores target's Dodge Rate by 16%, and an additional 0.4% of total Instinct. (Up to 200%)"",""5★: • Increases All Basic Attacks by 16%, and an additional 0.4% of Total Instinct. (Up to 200%)"",""6★: Applies to: Self"",""6★: • Ignores target's Dodge Rate by 20%, and an additional 0.5% of total Instinct. (Up to 200%)"",""6★: • Increases All Basic Attacks by 20%, and an additional 0.5% of Total Instinct. (Up to 200%)""]",10.1 Collector's Vault (General Vault) [6★],Update 10.1,https://thanosvibs.money/images/artifacts/artifact_invisiblewoman.png,/mff-assets/artifacts/artifactinvisiblewoman.webp,https://thanosvibs.money/api/artifacts
ironhammer,Asgardian Technology,Mystical Technology,High,Low,"[""3★: Applies to: Self"",""3★: • Increases Lightning Damage by 15% of Lightning Resist, and an additional 0.2% of total Instinct. (Up to 200%)"",""3★: • Increases Basic Damage Dealt to SUPER VILLAIN faction by 5%, and an additional 0.2% of total Instinct. (Up to 200%)"",""4★: Applies to: Self"",""4★: • Increases Lightning Damage by 20% of Lightning Resist, and an additional 0.3% of total Instinct. (Up to 200%)"",""4★: • Increases Basic Damage Dealt to SUPER VILLAIN faction by 8%, and an additional 0.3% of total Instinct. (Up to 200%)"",""5★: Applies to: Self"",""5★: • Increases Lightning Damage by 25% of Lightning Resist, and an additional 0.4% of total Instinct. (Up to 200%)"",""5★: • Increases Basic Damage Dealt to SUPER VILLAIN faction by 11%, and an additional 0.4% of total Instinct. (Up to 200%)"",""6★: Applies to: Self"",""6★: • Increases Lightning Damage by 30% of Lightning Resist, and an additional 0.5% of total Instinct. (Up to 200%)"",""6★: • Increases Basic Damage Dealt to SUPER VILLAIN faction by 15%, and an additional 0.5% of total Instinct. (Up to 200%)""]",,Update 8.7.5,https://thanosvibs.money/images/artifacts/artifact_ironhammer.png,/mff-assets/artifacts/artifactironhammer.webp,https://thanosvibs.money/api/artifacts
ironman,Genius Intelligence,Heroic Entrance,High,Low,"[""3★: Applies to: Self"",""3★: • Increases Basic Damage Dealt to bosses by 10%, and an additional 0.1% of total Instinct. (Up to 200%)"",""4★: Applies to: Self"",""4★: • Increases Basic Damage Dealt to bosses by 15%, and an additional 0.2% of total Instinct. (Up to 200%)"",""5★: Applies to: Self"",""5★: • Increases Basic Damage Dealt to bosses by 20%, and an additional 0.3% of total Instinct. (Up to 200%)"",""6★: Applies to: Self"",""6★: • Increases Basic Damage Dealt to bosses by 25%, and an additional 0.4% of total Instinct. (Up to 200%)""]",8.1 Collector's Vault (General Vault) [6★],Update 8.1,https://thanosvibs.money/images/artifacts/artifact_ironman.png,/mff-assets/artifacts/artifactironman.webp,https://thanosvibs.money/api/artifacts
ironheart,Genius Invention,Reactor Overdrive,High,Low,"[""3★: Applies to: Self"",""3★: • Increases Basic Damage Dealt to enemies with 50% HP or higher by 10%, and an additional 0.2% of total Instinct. (Up to 200%)"",""4★: Applies to: Self"",""4★: • Increases Basic Damage Dealt to enemies with 50% HP or higher by 15%, and an additional 0.3% of total Instinct. (Up to 200%)"",""5★: Applies to: Self"",""5★: • Increases Basic Damage Dealt to enemies with 50% HP or higher by 20%, and an additional 0.4% of total Instinct. (Up to 200%)"",""6★: Applies to: Self"",""6★: • Increases Basic Damage Dealt to enemies with 50% HP or higher by 25%, and an additional 0.5% of total Instinct. (Up to 200%)""]",,Update 8.5,https://thanosvibs.money/images/artifacts/artifact_ironheart.png,/mff-assets/artifacts/artifactironheart.webp,https://thanosvibs.money/api/artifacts
jeangrey,Phoenix Rising,Psionic Fortitude,High,Medium,"[""3★: Applies to: Self"",""3★: • Increases Basic Damage Dealt to SUPER HERO faction by 11%, and an additional 0.2% of total Instinct. (Up to 200%)"",""3★: • Increases Basic Damage Dealt to SUPER VILLAIN faction by 11%, and an additional 0.2% of total Instinct. (Up to 200%)"",""4★: Applies to: Self"",""4★: • Increases Basic Damage Dealt to SUPER HERO faction by 14%, and an additional 0.3% of total Instinct. (Up to 200%)"",""4★: • Increases Basic Damage Dealt to SUPER VILLAIN faction by 14%, and an additional 0.3% of total Instinct. (Up to 200%)"",""5★: Applies to: Self"",""5★: • Increases Basic Damage Dealt to SUPER HERO faction by 17%, and an additional 0.4% of total Instinct. (Up to 200%)"",""5★: • Increases Basic Damage Dealt to SUPER VILLAIN faction by 17%, and an additional 0.4% of total Instinct. (Up to 200%)"",""6★: Applies to: Self"",""6★: • Increases Basic Damage Dealt to SUPER HERO faction by 20%, and an additional 0.5% of total Instinct. (Up to 200%)"",""6★: • Increases Basic Damage Dealt to SUPER VILLAIN faction by 20%, and an additional 0.5% of total Instinct. (Up to 200%)""]",8.6 Collector's Vault (General Vault) [6★],Update 8.6,https://thanosvibs.money/images/artifacts/artifact_jeangrey.png,/mff-assets/artifacts/artifactjeangrey.webp,https://thanosvibs.money/api/artifacts
jeffthelandshark,Baby Land Shark,New Friends,High,Medium,"[""3★: Applies to: Super Hero Allies"",""3★: • Increases All Basic Attacks by 5%, and an additional 0.2% of total Instinct. (Up to 200%)"",""3★: • Increases Max HP by 8%, and an additional 0.1% of total Instinct. (Up to 200%)"",""4★: Applies to: Super Hero Allies"",""4★: • Increases All Basic Attacks by 10%, and an additional 0.3% of total Instinct. (Up to 200%)"",""4★: • Increases Max HP by 12%, and an additional 0.2% of total Instinct. (Up to 200%)"",""5★: Applies to: Super Hero Allies"",""5★: • Increases All Basic Attacks by 15%, and an additional 0.4% of total Instinct. (Up to 200%)"",""5★: • Increases Max HP by 16%, and an additional 0.3% of total Instinct. (Up to 200%)"",""6★: Applies to: Super Hero Allies"",""6★: • Increases All Basic Attacks by 20%, and an additional 0.5% of total Instinct. (Up to 200%)"",""6★: • Increases Max HP by 20%, and an additional 0.4% of total Instinct. (Up to 200%)""]",,Update 11.8,https://thanosvibs.money/images/artifacts/artifact_jeffthelandshark.png,/mff-assets/artifacts/artifactjeffthelandshark.webp,https://thanosvibs.money/api/artifacts
jubilee,Psionic Fireworks,Fireworks Launched,High,Low,"[""3★: Applies to: Self"",""3★: • Increases All Basic Attacks by 10%, and an additional 0.2% of total Instinct. (Up to 200%)"",""4★: Applies to: Self"",""4★: • Increases All Basic Attacks by 15%, and an additional 0.3% of total Instinct. (Up to 200%)"",""5★: Applies to: Self"",""5★: • Increases All Basic Attacks by 20%, and an additional 0.4% of total Instinct. (Up to 200%)"",""6★: Applies to: Self"",""6★: • Increases All Basic Attacks by 25%, and an additional 0.5% of total Instinct. (Up to 200%)""]",,Update 10.2,https://thanosvibs.money/images/artifacts/artifact_jubilee.png,/mff-assets/artifacts/artifactjubilee.webp,https://thanosvibs.money/api/artifacts
juggernaut,Unstoppable Anger,Helm of Cyttorak,Low,High,"[""3★: Activation Rate: when HP is below 25%"",""3★: Applies to: Self"",""3★: • Recovers HP by 40%, and an additional 0.3% of total Instinct. (Up to 200%) (1 sec.)"",""3★: • Increases Max HP by 40%, and an additional 0.1% of total Instinct. (Up to 200%) (15 sec.)"",""3★: Cooldown Time 25 seconds"",""4★: Activation Rate: when HP is below 30%"",""4★: Applies to: Self"",""4★: • Recovers HP by 50%, and an additional 0.3% of total Instinct. (Up to 200%) (1 sec.)"",""4★: • Increases Max HP by 50%, and an additional 0.1% of total Instinct. (Up to 200%) (15 sec.)"",""4★: Cooldown Time 25 seconds"",""5★: Activation Rate: when HP is below 35%"",""5★: Applies to: Self"",""5★: • Recovers HP by 60%, and an additional 0.3% of total Instinct. (Up to 200%) (1 sec.)"",""5★: • Increases Max HP by 60%, and an additional 0.1% of total Instinct. (Up to 200%) (15 sec.)"",""5★: Cooldown Time 25 seconds"",""6★: Activation Rate: when HP is below 40%"",""6★: Applies to: Self"",""6★: • Recovers HP by 70%, and an additional 0.3% of total Instinct. (Up to 200%) (1 sec.)"",""6★: • Increases Max HP by 70%, and an additional 0.1% of total Instinct. (Up to 200%) (15 sec.)"",""6★: Cooldown Time 25 seconds""]",,Update 8.3,https://thanosvibs.money/images/artifacts/artifact_juggernaut.png,/mff-assets/artifacts/artifactjuggernaut.webp,https://thanosvibs.money/api/artifacts
kaecilius,Spell of Vengeance,Evil Inside,Medium,Medium,"[""3★: Applies to: Self"",""3★: • Increases Basic Damage Dealt to SUPER HERO faction by 10%, and an additional 0.2% of total Instinct. (Up to 200%)"",""3★: • Decreases Basic Damage Received from SUPER HERO faction by 10%, and an additional 0.2% of total Instinct. (Up to 200%)"",""4★: Applies to: Self"",""4★: • Increases Basic Damage Dealt to SUPER HERO faction by 13%, and an additional 0.3% of total Instinct. (Up to 200%)"",""4★: • Decreases Basic Damage Received from SUPER HERO faction by 13%, and an additional 0.3% of total Instinct. (Up to 200%)"",""5★: Applies to: Self"",""5★: • Increases Basic Damage Dealt to SUPER HERO faction by 16%, and an additional 0.4% of total Instinct. (Up to 200%)"",""5★: • Decreases Basic Damage Received from SUPER HERO faction by 16%, and an additional 0.4% of total Instinct. (Up to 200%)"",""6★: Applies to: Self"",""6★: • Increases Basic Damage Dealt to SUPER HERO faction by 20%, and an additional 0.5% of total Instinct. (Up to 200%)"",""6★: • Decreases Basic Damage Received from SUPER HERO faction by 20%, and an additional 0.5% of total Instinct. (Up to 200%)""]",,Update 8.0.5,https://thanosvibs.money/images/artifacts/artifact_kaecilius.png,/mff-assets/artifacts/artifactkaecilius.webp,https://thanosvibs.money/api/artifacts
kahhori,Mohawk's Hope,Super Speed,Low,Medium,"[""3★: Applies to: Self"",""3★: • 11% chance to Dodge ALL Attacks, and an additional 0.2 of total Instinct. (Up to 200%)"",""4★: Applies to: Self"",""4★: • 14% chance to Dodge ALL Attacks, and an additional 0.3 of total Instinct. (Up to 200%)"",""5★: Applies to: Self"",""5★: • 17% chance to Dodge ALL Attacks, and an additional 0.4 of total Instinct. (Up to 200%)"",""6★: Applies to: Self"",""6★: • 20% chance to Dodge ALL Attacks, and an additional 0.5 of total Instinct. (Up to 200%)""]",9.6 Collector's Vault (Personal Vault) [4★],Update 9.6,https://thanosvibs.money/images/artifacts/artifact_kahhori.png,/mff-assets/artifacts/artifactkahhori.webp,https://thanosvibs.money/api/artifacts
kangtheconqueror,Infinite Identity,End of All Time,High,Medium,"[""3★: Applies to: Self"",""3★: • Increases Basic Damage Dealt to SUPER HERO faction by 10%, and an additional 0.2% of total Instinct. (Up to 200%)"",""3★: • Increases Basic Damage Dealt to SUPER VILLAIN faction by 10%, and an additional 0.2% of total Instinct. (Up to 200%)"",""4★: Applies to: Self"",""4★: • Increases Basic Damage Dealt to SUPER HERO faction by 13%, and an additional 0.3% of total Instinct. (Up to 200%)"",""4★: • Increases Basic Damage Dealt to SUPER VILLAIN faction by 13%, and an additional 0.3% of total Instinct. (Up to 200%)"",""5★: Applies to: Self"",""5★: • Increases Basic Damage Dealt to SUPER HERO faction by 16%, and an additional 0.4% of total Instinct. (Up to 200%)"",""5★: • Increases Basic Damage Dealt to SUPER VILLAIN faction by 16%, and an additional 0.4% of total Instinct. (Up to 200%)"",""6★: Applies to: Self"",""6★: • Increases Basic Damage Dealt to SUPER HERO faction by 20%, and an additional 0.5% of total Instinct. (Up to 200%)"",""6★: • Increases Basic Damage Dealt to SUPER VILLAIN faction by 20%, and an additional 0.5% of total Instinct. (Up to 200%)""]",9.2 Collector's Vault (General Vault) [6★],Update 9.2.5,https://thanosvibs.money/images/artifacts/artifact_kang.png,/mff-assets/artifacts/artifactkang.webp,https://thanosvibs.money/api/artifacts
karnak,Philosophical Warrior,Justice Strike,High,Medium,"[""3★: Applies to: Self"",""3★: • Increases Basic Damage Dealt to SUPER VILLAIN faction by 10%, and an additional 0.2% of total Instinct. (Up to 200%)"",""3★: • Decreases Basic Damage Received from SUPER VILLAIN faction by 10%, and an additional 0.2% of total Instinct. (Up to 200%)"",""4★: Applies to: Self"",""4★: • Increases Basic Damage Dealt to SUPER VILLAIN faction by 13%, and an additional 0.3% of total Instinct. (Up to 200%)"",""4★: • Decreases Basic Damage Received from SUPER VILLAIN faction by 13%, and an additional 0.3% of total Instinct. (Up to 200%)"",""5★: Applies to: Self"",""5★: • Increases Basic Damage Dealt to SUPER VILLAIN faction by 16%, and an additional 0.4% of total Instinct. (Up to 200%)"",""5★: • Decreases Basic Damage Received from SUPER VILLAIN faction by 16%, and an additional 0.4% of total Instinct. (Up to 200%)"",""6★: Applies to: Self"",""6★: • Increases Basic Damage Dealt to SUPER VILLAIN faction by 20%, and an additional 0.5% of total Instinct. (Up to 200%)"",""6★: • Decreases Basic Damage Received from SUPER VILLAIN faction by 20%, and an additional 0.5% of total Instinct. (Up to 200%)""]",,Update 11.1,https://thanosvibs.money/images/artifacts/artifact_karnak.png,/mff-assets/artifacts/artifactkarnak.webp,https://thanosvibs.money/api/artifacts
katy,Beginner's Luck,Righteous Shot,High,Low,"[""3★: Applies to: Self"",""3★: • Increases Basic Damage Dealt to SUPER VILLAIN faction by 9%, and an additional 0.2% of total Instinct. (Up to 200%)"",""3★: • Increases All Basic Attacks by 9%, and an additional 0.2% of total Instinct. (Up to 200%)"",""4★: Applies to: Self"",""4★: • Increases Basic Damage Dealt to SUPER VILLAIN faction by 11%, and an additional 0.3% of total Instinct. (Up to 200%)"",""4★: • Increases All Basic Attacks by 11%, and an additional 0.3% of total Instinct. (Up to 200%)"",""5★: Applies to: Self"",""5★: • Increases Basic Damage Dealt to SUPER VILLAIN faction by 13%, and an additional 0.4% of total Instinct. (Up to 200%)"",""5★: • Increases All Basic Attacks by 13%, and an additional 0.4% of total Instinct. (Up to 200%)"",""6★: Applies to: Self"",""6★: • Increases Basic Damage Dealt to SUPER VILLAIN faction by 15%, and an additional 0.5% of total Instinct. (Up to 200%)"",""6★: • Increases All Basic Attacks by 15%, and an additional 0.5% of total Instinct. (Up to 200%)""]",,Update 9.6,https://thanosvibs.money/images/artifacts/artifact_katy.png,/mff-assets/artifacts/artifactkaty.webp,https://thanosvibs.money/api/artifacts
kidkaiju,The Monster Drawing Artist,Inhuman Artist,High,Low,"[""3★: Applies to: Inhuman Allies"",""3★: • Increases Basic Damage Dealt to SUPER HERO faction by 9%, and an additional 0.2% of total Instinct. (Up to 200%)"",""3★: • Increases Basic Damage Dealt to SUPER VILLAIN faction by 9%, and an additional 0.2% of total Instinct. (Up to 200%)"",""4★: Applies to: Inhuman Allies"",""4★: • Increases Basic Damage Dealt to SUPER HERO faction by 11%, and an additional 0.3% of total Instinct. (Up to 200%)"",""4★: • Increases Basic Damage Dealt to SUPER VILLAIN faction by 11%, and an additional 0.3% of total Instinct. (Up to 200%)"",""5★: Applies to: Inhuman Allies"",""5★: • Increases Basic Damage Dealt to SUPER HERO faction by 13%, and an additional 0.4% of total Instinct. (Up to 200%)"",""5★: • Increases Basic Damage Dealt to SUPER VILLAIN faction by 13%, and an additional 0.4% of total Instinct. (Up to 200%)"",""6★: Applies to: Inhuman Allies"",""6★: • Increases Basic Damage Dealt to SUPER HERO faction by 15%, and an additional 0.5% of total Instinct. (Up to 200%)"",""6★: • Increases Basic Damage Dealt to SUPER VILLAIN faction by 15%, and an additional 0.5% of total Instinct. (Up to 200%)""]",,Update 11.8,https://thanosvibs.money/images/artifacts/artifact_kidkaiju.png,/mff-assets/artifacts/artifactkidkaiju.webp,https://thanosvibs.money/api/artifacts
kidomega,Omega Level Genius,Genius Ascendant,High,Low,"[""3★: Applies to: Self"",""3★: • Increases Basic Damage Dealt to SUPER VILLAIN faction by 6%, and an additional 0.2% of total Instinct. (Up to 200%)"",""3★: • Decreases Basic Damage Received from SUPER VILLAIN faction by 6%, and an additional 0.2% of total Instinct. (Up to 200%)"",""4★: Applies to: Self"",""4★: • Increases Basic Damage Dealt to SUPER VILLAIN faction by 9%, and an additional 0.3% of total Instinct. (Up to 200%)"",""4★: • Decreases Basic Damage Received from SUPER VILLAIN faction by 9%, and an additional 0.3% of total Instinct. (Up to 200%)"",""5★: Applies to: Self"",""5★: • Increases Basic Damage Dealt to SUPER VILLAIN faction by 12%, and an additional 0.4% of total Instinct. (Up to 200%)"",""5★: • Decreases Basic Damage Received from SUPER VILLAIN faction by 12%, and an additional 0.4% of total Instinct. (Up to 200%)"",""6★: Applies to: Self"",""6★: • Increases Basic Damage Dealt to SUPER VILLAIN faction by 15%, and an additional 0.5% of total Instinct. (Up to 200%)"",""6★: • Decreases Basic Damage Received from SUPER VILLAIN faction by 15%, and an additional 0.5% of total Instinct. (Up to 200%)""]",9.7 Collector's Vault (Personal Vault) [4★],Update 9.7,https://thanosvibs.money/images/artifacts/artifact_kidomega.png,/mff-assets/artifacts/artifactkidomega.webp,https://thanosvibs.money/api/artifacts
killmonger,N'Jadaka,False King,Medium,Medium,"[""3★: Applies to: Self"",""3★: • Increases All Basic Attacks by 10%, and an additional 0.2% of total Instinct. (Up to 200%)"",""3★: • Increases Max HP by 10%, and an additional 0.2% of total Instinct. (Up to 200%)"",""4★: Applies to: Self"",""4★: • Increases All Basic Attacks by 13%, and an additional 0.3% of total Instinct. (Up to 200%)"",""4★: • Increases Max HP by 13%, and an additional 0.3% of total Instinct. (Up to 200%)"",""5★: Applies to: Self"",""5★: • Increases All Basic Attacks by 16%, and an additional 0.4% of total Instinct. (Up to 200%)"",""5★: • Increases Max HP by 16%, and an additional 0.4% of total Instinct. (Up to 200%)"",""6★: Applies to: Self"",""6★: • Increases All Basic Attacks by 20%, and an additional 0.5% of total Instinct. (Up to 200%)"",""6★: • Increases Max HP by 20%, and an additional 0.5% of total Instinct. (Up to 200%)""]",,Update 10.4,https://thanosvibs.money/images/artifacts/artifact_killmonger.png,/mff-assets/artifacts/artifactkillmonger.webp,https://thanosvibs.money/api/artifacts
kingo,Eternal Sword,Eternal Accuracy,Medium,Low,"[""3★: Applies to: Self"",""3★: • Increases Basic Damage Dealt to enemies with 50% HP or below by 10%, and an additional 0.2% of total Instinct. (Up to 200%)"",""4★: Applies to: Self"",""4★: • Increases Basic Damage Dealt to enemies with 50% HP or below by 15%, and an additional 0.3% of total Instinct. (Up to 200%)"",""5★: Applies to: Self"",""5★: • Increases Basic Damage Dealt to enemies with 50% HP or below by 20%, and an additional 0.4% of total Instinct. (Up to 200%)"",""6★: Applies to: Self"",""6★: • Increases Basic Damage Dealt to enemies with 50% HP or below by 25%, and an additional 0.5% of total Instinct. (Up to 200%)""]",Eternals Epic Quest Deluxe Mission (Shock and Awe) [3★],Update 7.6,https://thanosvibs.money/images/artifacts/artifact_kingo.png,/mff-assets/artifacts/artifactkingo.webp,https://thanosvibs.money/api/artifacts
kingpin,King of the Criminal Underworld,Devil's Reign,High,Low,"[""3★: Activation Rate: when attacking"",""3★: Applies to: Self"",""3★: • Increases All Basic Attacks by 5%, and an additional 0.2% of total Instinct. (Stacks up to 30%) (15 sec.)"",""3★: Cooldown Time 10 seconds"",""4★: Activation Rate: when attacking"",""4★: Applies to: Self"",""4★: • Increases All Basic Attacks by 8%, and an additional 0.3% of total Instinct. (Stacks up to 40%) (15 sec.)"",""4★: Cooldown Time 10 seconds"",""5★: Activation Rate: when attacking"",""5★: Applies to: Self"",""5★: • Increases All Basic Attacks by 11%, and an additional 0.4% of total Instinct. (Stacks up to 50%) (15 sec.)"",""5★: Cooldown Time 10 seconds"",""6★: Activation Rate: when attacking"",""6★: Applies to: Self"",""6★: • Increases All Basic Attacks by 15%, and an additional 0.5% of total Instinct. (Stacks up to 60%) (15 sec.)"",""6★: Cooldown Time 10 seconds""]",,Update 7.7,https://thanosvibs.money/images/artifacts/artifact_kingpin.png,/mff-assets/artifacts/artifactkingpin.webp,https://thanosvibs.money/api/artifacts
kittypryde,The Marauder,Marauder's Mind,High,Low,"[""3★: Applies to: Self"",""3★: • Increases Basic Damage Dealt to SUPER VILLAIN faction by 10%, and an additional 0.2% of total Instinct. (Up to 200%)"",""3★: • Decreases Basic Damage Received from SUPER VILLAIN faction by 10%, and an additional 0.2% of total Instinct. (Up to 200%)"",""4★: Applies to: Self"",""4★: • Increases Basic Damage Dealt to SUPER VILLAIN faction by 13%, and an additional 0.3% of total Instinct. (Up to 200%)"",""4★: • Decreases Basic Damage Received from SUPER VILLAIN faction by 13%, and an additional 0.3% of total Instinct. (Up to 200%)"",""5★: Applies to: Self"",""5★: • Increases Basic Damage Dealt to SUPER VILLAIN faction by 16%, and an additional 0.4% of total Instinct. (Up to 200%)"",""5★: • Decreases Basic Damage Received from SUPER VILLAIN faction by 16%, and an additional 0.4% of total Instinct. (Up to 200%)"",""6★: Applies to: Self"",""6★: • Increases Basic Damage Dealt to SUPER VILLAIN faction by 20%, and an additional 0.5% of total Instinct. (Up to 200%)"",""6★: • Decreases Basic Damage Received from SUPER VILLAIN faction by 20%, and an additional 0.5% of total Instinct. (Up to 200%)""]",,Update 8.8.5,https://thanosvibs.money/images/artifacts/artifact_kittypryde.png,/mff-assets/artifacts/artifactkittypryde.webp,https://thanosvibs.money/api/artifacts
knull,Absolute Evil,Lord of the Abyss,High,Low,"[""3★: Applies to: Self"",""3★: • Increases Basic Damage Dealt to SUPER HERO faction by 11%, and an additional 0.2% of total Instinct. (Up to 200%)"",""3★: • Increases Basic Damage Dealt to SUPER VILLAIN faction by 11%, and an additional 0.2% of total Instinct. (Up to 200%)"",""4★: Applies to: Self"",""4★: • Increases Basic Damage Dealt to SUPER HERO faction by 14%, and an additional 0.3% of total Instinct. (Up to 200%)"",""4★: • Increases Basic Damage Dealt to SUPER VILLAIN faction by 14%, and an additional 0.3% of total Instinct. (Up to 200%)"",""5★: Applies to: Self"",""5★: • Increases Basic Damage Dealt to SUPER HERO faction by 17%, and an additional 0.4% of total Instinct. (Up to 200%)"",""5★: • Increases Basic Damage Dealt to SUPER VILLAIN faction by 17%, and an additional 0.4% of total Instinct. (Up to 200%)"",""6★: Applies to: Self"",""6★: • Increases Basic Damage Dealt to SUPER HERO faction by 20%, and an additional 0.5% of total Instinct. (Up to 200%)"",""6★: • Increases Basic Damage Dealt to SUPER VILLAIN faction by 20%, and an additional 0.5% of total Instinct. (Up to 200%)""]",10.5 Collector's Vault (General Vault) [6★],Update 10.5.5,https://thanosvibs.money/images/artifacts/artifact_knull.png,/mff-assets/artifacts/artifactknull.webp,https://thanosvibs.money/api/artifacts
korath,Starforce Deputy Commander,Kree Loyalty,High,Medium,"[""3★: Applies to: Self"",""3★: • Increases All Basic Attacks by 10%, and an additional 0.2% of total Instinct. (Up to 200%)"",""3★: • Increases Max HP by 10%, and an additional 0.2% of total Instinct. (Up to 200%)"",""4★: Applies to: Self"",""4★: • Increases All Basic Attacks by 13%, and an additional 0.3% of total Instinct. (Up to 200%)"",""4★: • Increases Max HP by 13%, and an additional 0.3% of total Instinct. (Up to 200%)"",""5★: Applies to: Self"",""5★: • Increases All Basic Attacks by 16%, and an additional 0.4% of total Instinct. (Up to 200%)"",""5★: • Increases Max HP by 16%, and an additional 0.4% of total Instinct. (Up to 200%)"",""6★: Applies to: Self"",""6★: • Increases All Basic Attacks by 20%, and an additional 0.5% of total Instinct. (Up to 200%)"",""6★: • Increases Max HP by 20%, and an additional 0.5% of total Instinct. (Up to 200%)""]",,Update 9.5,https://thanosvibs.money/images/artifacts/artifact_korath.png,/mff-assets/artifacts/artifactkorath.webp,https://thanosvibs.money/api/artifacts
kraventhehunter,Hunter's Spear,Legendary Hunter,High,Low,"[""3★: Applies to: Self"",""3★: • Increases Basic Damage Dealt to SUPER VILLAIN faction by 10%, and an additional 0.2% of total Instinct. (Up to 200%)"",""3★: • Increases Basic Damage Dealt to SUPER HERO faction by 10%, and an additional 0.2% of total Instinct. (Up to 200%)"",""4★: Applies to: Self"",""4★: • Increases Basic Damage Dealt to SUPER VILLAIN faction by 13%, and an additional 0.3% of total Instinct. (Up to 200%)"",""4★: • Increases Basic Damage Dealt to SUPER HERO faction by 13%, and an additional 0.3% of total Instinct. (Up to 200%)"",""5★: Applies to: Self"",""5★: • Increases Basic Damage Dealt to SUPER VILLAIN faction by 16%, and an additional 0.4% of total Instinct. (Up to 200%)"",""5★: • Increases Basic Damage Dealt to SUPER HERO faction by 16%, and an additional 0.4% of total Instinct. (Up to 200%)"",""6★: Applies to: Self"",""6★: • Increases Basic Damage Dealt to SUPER VILLAIN faction by 20%, and an additional 0.5% of total Instinct. (Up to 200%)"",""6★: • Increases Basic Damage Dealt to SUPER HERO faction by 20%, and an additional 0.5% of total Instinct. (Up to 200%)""]",8.9 Collector's Vault (Personal Vault) [4★],Update 8.9,https://thanosvibs.money/images/artifacts/artifact_kraventhehunter.png,/mff-assets/artifacts/artifactkraventhehunter.webp,https://thanosvibs.money/api/artifacts
lash,Terrigen's Judgement,Terrigenesis Power,High,Low,"[""3★: Applies to: Self"",""3★: • Ignores target's Dodge Rate by 10%, and an additional 0.2% of total Instinct. (Up to 200%)"",""3★: • Increases All Basic Attacks by 5%, and an additional 0.2% of total Instinct. (Up to 200%)"",""4★: Applies to: Self"",""4★: • Ignores target's Dodge Rate by 15%, and an additional 0.3% of total Instinct. (Up to 200%)"",""4★: • Increases All Basic Attacks by 10%, and an additional 0.3% of total Instinct. (Up to 200%)"",""5★: Applies to: Self"",""5★: • Ignores target's Dodge Rate by 20%, and an additional 0.4% of total Instinct. (Up to 200%)"",""5★: • Increases All Basic Attacks by 15%, and an additional 0.4% of total Instinct. (Up to 200%)"",""6★: Applies to: Self"",""6★: • Ignores target's Dodge Rate by 25%, and an additional 0.5% of total Instinct. (Up to 200%)"",""6★: • Increases All Basic Attacks by 20%, and an additional 0.5% of total Instinct. (Up to 200%)""]",,Update 11.6,https://thanosvibs.money/images/artifacts/artifact_lash.png,/mff-assets/artifacts/artifactlash.webp,https://thanosvibs.money/api/artifacts
leader,Gamma Intelligence,Evil Intelligence,Medium,Low,"[""3★: Applies to: Self"",""3★: • Increases Basic Damage Dealt to enemies with 50% HP or below by 10%, and an additional 0.2% of total Instinct. (Up to 200%)"",""4★: Applies to: Self"",""4★: • Increases Basic Damage Dealt to enemies with 50% HP or below by 13%, and an additional 0.3% of total Instinct. (Up to 200%)"",""5★: Applies to: Self"",""5★: • Increases Basic Damage Dealt to enemies with 50% HP or below by 16%, and an additional 0.4% of total Instinct. (Up to 200%)"",""6★: Applies to: Self"",""6★: • Increases Basic Damage Dealt to enemies with 50% HP or below by 20%, and an additional 0.5% of total Instinct. (Up to 200%)""]",,Update 10.7,https://thanosvibs.money/images/artifacts/artifact_leader.png,/mff-assets/artifacts/artifactleader.webp,https://thanosvibs.money/api/artifacts
lincolncampbell,Spark Release,Spark Booster,High,Low,"[""3★: Applies to: Self"",""3★: • Increases Lightning Damage by 15% of Lightning Resist, and an additional 0.2% of total Instinct. (Up to 200%)"",""3★: • Increases Basic Damage Dealt to SUPER VILLAIN faction by 9%, and an additional 0.2% of total Instinct. (Up to 200%)"",""4★: Applies to: Self"",""4★: • Increases Lightning Damage by 20% of Lightning Resist, and an additional 0.3% of total Instinct. (Up to 200%)"",""4★: • Increases Basic Damage Dealt to SUPER VILLAIN faction by 11%, and an additional 0.3% of total Instinct. (Up to 200%)"",""5★: Applies to: Self"",""5★: • Increases Lightning Damage by 25% of Lightning Resist, and an additional 0.4% of total Instinct. (Up to 200%)"",""5★: • Increases Basic Damage Dealt to SUPER VILLAIN faction by 13%, and an additional 0.4% of total Instinct. (Up to 200%)"",""6★: Applies to: Self"",""6★: • Increases Lightning Damage by 30% of Lightning Resist, and an additional 0.5% of total Instinct. (Up to 200%)"",""6★: • Increases Basic Damage Dealt to SUPER VILLAIN faction by 15%, and an additional 0.5% of total Instinct. (Up to 200%)""]",,Update 9.6,https://thanosvibs.money/images/artifacts/artifact_lincolncampbell.png,/mff-assets/artifacts/artifactlincolncampbell.webp,https://thanosvibs.money/api/artifacts
lizard,Reptile Scales,Enhanced Regenerative Ability,Medium,Medium,"[""3★: Applies to: Self"",""3★: • Increases All Basic Attacks by 10%, and an additional 0.2% of total Instinct. (Up to 200%)"",""3★: • Increases Max HP by 10%, and an additional 0.2% of total Instinct. (Up to 200%)"",""4★: Applies to: Self"",""4★: • Increases All Basic Attacks by 13%, and an additional 0.3% of total Instinct. (Up to 200%)"",""4★: • Increases Max HP by 13%, and an additional 0.3% of total Instinct. (Up to 200%)"",""5★: Applies to: Self"",""5★: • Increases All Basic Attacks by 16%, and an additional 0.4% of total Instinct. (Up to 200%)"",""5★: • Increases Max HP by 16%, and an additional 0.4% of total Instinct. (Up to 200%)"",""6★: Applies to: Self"",""6★: • Increases All Basic Attacks by 20%, and an additional 0.5% of total Instinct. (Up to 200%)"",""6★: • Increases Max HP by 20%, and an additional 0.5% of total Instinct. (Up to 200%)""]",,Update 8.9,https://thanosvibs.money/images/artifacts/artifact_lizard.png,/mff-assets/artifacts/artifactlizard.webp,https://thanosvibs.money/api/artifacts
loki,Multiversal Trickster,Timeless Being,Medium,Low,"[""3★: Activation Rate: when attacking"",""3★: Applies to: Self"",""3★: • Increases Basic Damage by 0.2% per 1% of Critical Rate, and an additional 0.5% of Total Instinct (Up to 20%) (9 sec.)"",""3★: Cooldown Time 15 seconds"",""4★: Activation Rate: when attacking"",""4★: Applies to: Self"",""4★: • Increases Basic Damage by 0.2% per 1% of Critical Rate, and an additional 0.6% of Total Instinct (Up to 25%) (9 sec.)"",""4★: Cooldown Time 15 seconds"",""5★: Activation Rate: when attacking"",""5★: Applies to: Self"",""5★: • Increases Basic Damage by 0.2% per 1% of Critical Rate, and an additional 0.7% of Total Instinct (Up to 30%) (10 sec.)"",""5★: Cooldown Time 15 seconds"",""6★: Activation Rate: when attacking"",""6★: Applies to: Self"",""6★: • Increases Basic Damage by 0.2% per 1% of Critical Rate, and an additional 0.8% of Total Instinct (Up to 35%) (10 sec.)"",""6★: Cooldown Time 15 seconds""]",9.5 Collector's Vault (General Vault) [6★],Update 9.5.5,https://thanosvibs.money/images/artifacts/artifact_loki.png,/mff-assets/artifacts/artifactloki.webp,https://thanosvibs.money/api/artifacts
lunasnow,Song of Light Ice,Victory Cheer,Medium,Low,"[""3★: Applies to: Self"",""3★: • Increases Cold Damage by 20% of Cold Resist, and an additional 0.2% of total Instinct. (Up to 200%)"",""4★: Applies to: Self"",""4★: • Increases Cold Damage by 30% of Cold Resist, and an additional 0.3% of total Instinct. (Up to 200%)"",""5★: Applies to: Self"",""5★: • Increases Cold Damage by 40% of Cold Resist, and an additional 0.4% of total Instinct. (Up to 200%)"",""6★: Applies to: Self"",""6★: • Increases Cold Damage by 50% of Cold Resist, and an additional 0.5% of total Instinct. (Up to 200%)""]","Dimension Rift Clear Reward (Round 7, Legendary / Mythic) [3★] | Dimension Rift Clear Reward (Round 7, Mythic) [4★] | Dimension Rift Progress Reward (Round 7, Legendary / Mythic) [3★] | Dimension Rift Progress Reward (Round 7, Mythic) [4★] | Dimension Rift Daily Progress Completion Reward [3★]",Update 7.5,https://thanosvibs.money/images/artifacts/artifact_lunasnow.png,/mff-assets/artifacts/artifactlunasnow.webp,https://thanosvibs.money/api/artifacts
modok,Broken Mind,Mental Precision,Medium,Low,"[""3★: Applies to: Self"",""3★: • Increases Basic Damage Dealt to ALIEN Characters by 10%, and an additional 0.2% of total Instinct. (Up to 200%)"",""3★: • Increases Basic Damage Dealt to CREATURE Characters by 10%, and an additional 0.2% of total Instinct. (Up to 200%)"",""4★: Applies to: Self"",""4★: • Increases Basic Damage Dealt to ALIEN Characters by 15%, and an additional 0.3% of total Instinct. (Up to 200%)"",""4★: • Increases Basic Damage Dealt to CREATURE Characters by 15%, and an additional 0.3% of total Instinct. (Up to 200%)"",""5★: Applies to: Self"",""5★: • Increases Basic Damage Dealt to ALIEN Characters by 20%, and an additional 0.4% of total Instinct. (Up to 200%)"",""5★: • Increases Basic Damage Dealt to CREATURE Characters by 20%, and an additional 0.4% of total Instinct. (Up to 200%)"",""6★: Applies to: Self"",""6★: • Increases Basic Damage Dealt to ALIEN Characters by 25%, and an additional 0.5% of total Instinct. (Up to 200%)"",""6★: • Increases Basic Damage Dealt to CREATURE Characters by 25%, and an additional 0.5% of total Instinct. (Up to 200%)""]",,Update 8.8,https://thanosvibs.money/images/artifacts/artifact_modok.png,/mff-assets/artifacts/artifactmodok.webp,https://thanosvibs.money/api/artifacts
mbaku,Glory of Hanuman,Gorilla's Call,High,Low,"[""3★: Applies to: All Allies"",""3★: • Ignores target's Dodge Rate by 5%, and an additional 0.2% of total Instinct. (Up to 200%)"",""3★: • Increases All Basic Attacks by 8%, and an additional 0.25% of total Instinct. (Up to 200%)"",""4★: Applies to: All Allies"",""4★: • Ignores target's Dodge Rate by 10%, and an additional 0.3% of total Instinct. (Up to 200%)"",""4★: • Increases All Basic Attacks by 10%, and an additional 0.3% of total Instinct. (Up to 200%)"",""5★: Applies to: All Allies"",""5★: • Ignores target's Dodge Rate by 15%, and an additional 0.4% of total Instinct. (Up to 200%)"",""5★: • Increases All Basic Attacks by 12%, and an additional 0.35% of total Instinct. (Up to 200%)"",""6★: Applies to: All Allies"",""6★: • Ignores target's Dodge Rate by 20%, and an additional 0.5% of total Instinct. (Up to 200%)"",""6★: • Increases All Basic Attacks by 15%, and an additional 0.4% of total Instinct. (Up to 200%)""]",8.5 Collector's Vault (Personal Vault) [4★],Update 8.5,https://thanosvibs.money/images/artifacts/artifact_mbaku1.png,/mff-assets/artifacts/artifactmbaku1.webp,https://thanosvibs.money/api/artifacts
madelynepryor,Identity Crisis,Unyielding Vengeance,Low,High,"[""3★: Activation Rate: when HP is below 5%"",""3★: Applies to: Self"",""3★: • Guard Break Immunity"",""3★: • HP does not drop to 1 or below. Recovers HP by 10% of Max HP when the buff ends."",""3★: • Recovers by an additional 0.5% of Total Instinct. (Up to 100% of HP Recovery) (4 sec.)"",""3★: Cooldown Time 180 seconds"",""4★: Activation Rate: when HP is below 5%"",""4★: Applies to: Self"",""4★: • Guard Break Immunity"",""4★: • HP does not drop to 1 or below. Recovers HP by 20% of Max HP when the buff ends."",""4★: • Recovers by an additional 0.5% of Total Instinct. (Up to 100% of HP Recovery) (5 sec.)"",""4★: Cooldown Time 180 seconds"",""5★: Activation Rate: when HP is below 5%"",""5★: Applies to: Self"",""5★: • Guard Break Immunity"",""5★: • HP does not drop to 1 or below. Recovers HP by 35% of Max HP when the buff ends."",""5★: • Recovers by an additional 0.5% of Total Instinct. (Up to 100% of HP Recovery) (6 sec.)"",""5★: Cooldown Time 180 seconds"",""6★: Activation Rate: when HP is below 5%"",""6★: Applies to: Self"",""6★: • Guard Break Immunity"",""6★: • HP does not drop to 1 or below. Recovers HP by 50% of Max HP when the buff ends."",""6★: • Recovers by an additional 0.5% of Total Instinct. (Up to 100% of HP Recovery) (7 sec.)"",""6★: Cooldown Time 180 seconds""]",9.7 Collector's Vault (General Vault) [6★],Update 9.7,https://thanosvibs.money/images/artifacts/artifact_madelynepryor.png,/mff-assets/artifacts/artifactmadelynepryor.webp,https://thanosvibs.money/api/artifacts
magik,Disc Dancer,Demonic Rebellion,Low,High,"[""3★: Activation Rate: when HP is below 5%"",""3★: Applies to: Self"",""3★: • Guard Break Immunity"",""3★: • HP does not drop to 1 or below. Recovers HP by 10% of Max HP when the buff ends."",""3★: • Recovers by an additional 0.5% of Total Instinct. (Up to 100% of HP Recovery) (4 sec.)"",""4★: Activation Rate: when HP is below 5%"",""4★: Applies to: Self"",""4★: • Guard Break Immunity"",""4★: • HP does not drop to 1 or below. Recovers HP by 20% of Max HP when the buff ends."",""4★: • Recovers by an additional 0.5% of Total Instinct. (Up to 100% of HP Recovery) (5 sec.)"",""5★: Activation Rate: when HP is below 5%"",""5★: Applies to: Self"",""5★: • Guard Break Immunity"",""5★: • HP does not drop to 1 or below. Recovers HP by 35% of Max HP when the buff ends."",""5★: • Recovers by an additional 0.5% of Total Instinct. (Up to 100% of HP Recovery) (6 sec.)"",""6★: Activation Rate: when HP is below 5%"",""6★: Applies to: Self"",""6★: • Guard Break Immunity"",""6★: • HP does not drop to 1 or below. Recovers HP by 50% of Max HP when the buff ends."",""6★: • Recovers by an additional 0.5% of Total Instinct. (Up to 100% of HP Recovery) (7 sec.)""]",10.6 Collector's Vault (General Vault) [6★],Update 8.6.5,https://thanosvibs.money/images/artifacts/artifact_magik.png,/mff-assets/artifacts/artifactmagik.webp,https://thanosvibs.money/api/artifacts
magneto,History of Resistance,Hand of Fate,High,Low,"[""3★: Applies to: Self"",""3★: • Ignores target's Dodge Rate by 11%, and an additional 0.2% of total Instinct. (Up to 200%)"",""3★: • Increases Basic Damage Dealt to bosses by 11%, and an additional 0.1% of total Instinct. (Up to 200%)"",""4★: Applies to: Self"",""4★: • Ignores target's Dodge Rate by 14%, and an additional 0.3% of total Instinct. (Up to 200%)"",""4★: • Increases Basic Damage Dealt to bosses by 14%, and an additional 0.15% of total Instinct. (Up to 200%)"",""5★: Applies to: Self"",""5★: • Ignores target's Dodge Rate by 17%, and an additional 0.4% of total Instinct. (Up to 200%)"",""5★: • Increases Basic Damage Dealt to bosses by 17%, and an additional 0.2% of total Instinct. (Up to 200%)"",""6★: Applies to: Self"",""6★: • Ignores target's Dodge Rate by 20%, and an additional 0.5% of total Instinct. (Up to 200%)"",""6★: • Increases Basic Damage Dealt to bosses by 20%, and an additional 0.25% of total Instinct. (Up to 200%)""]",8.6 Collector's Vault (General Vault) [6★],Update 8.6.5,https://thanosvibs.money/images/artifacts/artifact_magneto.png,/mff-assets/artifacts/artifactmagneto.webp,https://thanosvibs.money/api/artifacts
makkari,Extreme Speed,Beyond the Barrier,High,Low,"[""3★: Applies to: Self"",""3★: • Increases Basic Damage Dealt to enemies with 50% HP or higher by 10%, and an additional 0.2% of total Instinct. (Up to 200%)"",""4★: Applies to: Self"",""4★: • Increases Basic Damage Dealt to enemies with 50% HP or higher by 15%, and an additional 0.3% of total Instinct. (Up to 200%)"",""5★: Applies to: Self"",""5★: • Increases Basic Damage Dealt to enemies with 50% HP or higher by 20%, and an additional 0.4% of total Instinct. (Up to 200%)"",""6★: Applies to: Self"",""6★: • Increases Basic Damage Dealt to enemies with 50% HP or higher by 25%, and an additional 0.5% of total Instinct. (Up to 200%)""]",Eternals Epic Quest Deluxe Mission (Madness Ensues) [3★],Update 7.5,https://thanosvibs.money/images/artifacts/artifact_makkari.png,/mff-assets/artifacts/artifactmakkari.webp,https://thanosvibs.money/api/artifacts
malekith,Dark Elf Rage,Devil's Roar,Medium,Low,"[""3★: Applies to: Self"",""3★: • Increases Basic Damage Dealt to enemies with 50% HP or below by 10%, and an additional 0.2% of total Instinct. (Up to 200%)"",""4★: Applies to: Self"",""4★: • Increases Basic Damage Dealt to enemies with 50% HP or below by 13%, and an additional 0.3% of total Instinct. (Up to 200%)"",""5★: Applies to: Self"",""5★: • Increases Basic Damage Dealt to enemies with 50% HP or below by 16%, and an additional 0.4% of total Instinct. (Up to 200%)"",""6★: Applies to: Self"",""6★: • Increases Basic Damage Dealt to enemies with 50% HP or below by 20%, and an additional 0.5% of total Instinct. (Up to 200%)""]",9.2 Collector's Vault (Personal Vault) [4★],Update 9.2,https://thanosvibs.money/images/artifacts/artifact_malekith.png,/mff-assets/artifacts/artifactmalekith.webp,https://thanosvibs.money/api/artifacts
manthing,Swamp Protector,Swamp Regeneration,Low,High,"[""3★: Activation Rate: when HP is below 25%"",""3★: Applies to: Self"",""3★: • Recovers HP by 30%, and an additional 0.3% of total Instinct. (Up to 200%) (1 sec.)"",""3★: • Increases Max HP by 30%, and an additional 0.1% of total Instinct. (Up to 200%) (15 sec.)"",""3★: Cooldown Time 27 seconds"",""4★: Activation Rate: when HP is below 30%"",""4★: Applies to: Self"",""4★: • Recovers HP by 40%, and an additional 0.3% of total Instinct. (Up to 200%) (1 sec.)"",""4★: • Increases Max HP by 40%, and an additional 0.1% of total Instinct. (Up to 200%) (15 sec.)"",""4★: Cooldown Time 27 seconds"",""5★: Activation Rate: when HP is below 35%"",""5★: Applies to: Self"",""5★: • Recovers HP by 50%, and an additional 0.3% of total Instinct. (Up to 200%) (1 sec.)"",""5★: • Increases Max HP by 50%, and an additional 0.1% of total Instinct. (Up to 200%) (16 sec.)"",""5★: Cooldown Time 27 seconds"",""6★: Activation Rate: when HP is below 40%"",""6★: Applies to: Self"",""6★: • Recovers HP by 60%, and an additional 0.3% of total Instinct. (Up to 200%) (1 sec.)"",""6★: • Increases Max HP by 60%, and an additional 0.1% of total Instinct. (Up to 200%) (16 sec.)"",""6★: Cooldown Time 27 seconds""]",,Update 9.4,https://thanosvibs.money/images/artifacts/artifact_manthing.png,/mff-assets/artifacts/artifactmanthing.webp,https://thanosvibs.money/api/artifacts
mantis,Power of Emotion,Mind Control,High,Low,"[""3★: Applies to: Self"",""3★: • Increases Basic Damage Dealt to SUPER HERO faction by 10%, and an additional 0.2% of total Instinct. (Up to 200%)"",""3★: • Increases Basic Damage Dealt to SUPER VILLAIN faction by 10%, and an additional 0.2% of total Instinct. (Up to 200%)"",""4★: Applies to: Self"",""4★: • Increases Basic Damage Dealt to SUPER HERO faction by 13%, and an additional 0.3% of total Instinct. (Up to 200%)"",""4★: • Increases Basic Damage Dealt to SUPER VILLAIN faction by 13%, and an additional 0.3% of total Instinct. (Up to 200%)"",""5★: Applies to: Self"",""5★: • Increases Basic Damage Dealt to SUPER HERO faction by 16%, and an additional 0.4% of total Instinct. (Up to 200%)"",""5★: • Increases Basic Damage Dealt to SUPER VILLAIN faction by 16%, and an additional 0.4% of total Instinct. (Up to 200%)"",""6★: Applies to: Self"",""6★: • Increases Basic Damage Dealt to SUPER HERO faction by 20%, and an additional 0.5% of total Instinct. (Up to 200%)"",""6★: • Increases Basic Damage Dealt to SUPER VILLAIN faction by 20%, and an additional 0.5% of total Instinct. (Up to 200%)""]",,Update 9.0,https://thanosvibs.money/images/artifacts/artifact_mantis.png,/mff-assets/artifacts/artifactmantis.webp,https://thanosvibs.money/api/artifacts
marvelboy,Protector,Kree Tech Buff,High,Low,"[""3★: Applies to: Young Avengers Allies"",""3★: • Increases Basic Damage Dealt to SUPER VILLAIN faction by 10%, and an additional 0.2% of total Instinct. (Up to 200%)"",""3★: • Decreases Basic Damage Received from SUPER VILLAIN faction by 10%, and an additional 0.2% of total Instinct. (Up to 200%)"",""4★: Applies to: Young Avengers Allies"",""4★: • Increases Basic Damage Dealt to SUPER VILLAIN faction by 13%, and an additional 0.3% of total Instinct. (Up to 200%)"",""4★: • Decreases Basic Damage Received from SUPER VILLAIN faction by 13%, and an additional 0.3% of total Instinct. (Up to 200%)"",""5★: Applies to: Young Avengers Allies"",""5★: • Increases Basic Damage Dealt to SUPER VILLAIN faction by 16%, and an additional 0.4% of total Instinct. (Up to 200%)"",""5★: • Decreases Basic Damage Received from SUPER VILLAIN faction by 16%, and an additional 0.4% of total Instinct. (Up to 200%)"",""6★: Applies to: Young Avengers Allies"",""6★: • Increases Basic Damage Dealt to SUPER VILLAIN faction by 20%, and an additional 0.5% of total Instinct. (Up to 200%)"",""6★: • Decreases Basic Damage Received from SUPER VILLAIN faction by 20%, and an additional 0.5% of total Instinct. (Up to 200%)""]",,Update 11.5,https://thanosvibs.money/images/artifacts/artifact_marvelboy.png,/mff-assets/artifacts/artifactmarvelboy.webp,https://thanosvibs.money/api/artifacts
maximus,Mad Prince,Maximus the Magnificent,High,Low,"[""3★: Applies to: Self"",""3★: • Increases All Basic Attacks by 14%, and an additional 0.3% of total Instinct. (Up to 200%)"",""4★: Applies to: Self"",""4★: • Increases All Basic Attacks by 18%, and an additional 0.4% of total Instinct. (Up to 200%)"",""5★: Applies to: Self"",""5★: • Increases All Basic Attacks by 22%, and an additional 0.5% of total Instinct. (Up to 200%)"",""6★: Applies to: Self"",""6★: • Increases All Basic Attacks by 26%, and an additional 0.6% of total Instinct. (Up to 200%)""]",,Update 11.1,https://thanosvibs.money/images/artifacts/artifact_maximus.png,/mff-assets/artifacts/artifactmaximus.webp,https://thanosvibs.money/api/artifacts
medusa,Queen of the Inhumans,Light of The Queen,High,Low,"[""3★: Applies to: All Allies"",""3★: • Ignores target's Dodge Rate by 5%, and an additional 0.2% of total Instinct. (Up to 200%)"",""3★: • Increases Basic Damage Dealt to bosses by 5%, and an additional 0.1% of total Instinct. (Up to 200%)"",""4★: Applies to: All Allies"",""4★: • Ignores target's Dodge Rate by 8%, and an additional 0.3% of total Instinct. (Up to 200%)"",""4★: • Increases Basic Damage Dealt to bosses by 8%, and an additional 0.15% of total Instinct. (Up to 200%)"",""5★: Applies to: All Allies"",""5★: • Ignores target's Dodge Rate by 11%, and an additional 0.4% of total Instinct. (Up to 200%)"",""5★: • Increases Basic Damage Dealt to bosses by 11%, and an additional 0.2% of total Instinct. (Up to 200%)"",""6★: Applies to: All Allies"",""6★: • Ignores target's Dodge Rate by 15%, and an additional 0.5% of total Instinct. (Up to 200%)"",""6★: • Increases Basic Damage Dealt to bosses by 15%, and an additional 0.25% of total Instinct. (Up to 200%)""]",,Update 11.3.5,https://thanosvibs.money/images/artifacts/artifact_medusa.png,/mff-assets/artifacts/artifactmedusa.webp,https://thanosvibs.money/api/artifacts
mephisto,The Master of Lies,Weight of Sin,High,Low,"[""3★: Applies to: Self"",""3★: • Increases All Element Damage by 14%, and an additional 0.2% of total Instinct. (Up to 200%)"",""4★: Applies to: Self"",""4★: • Increases All Element Damage by 16%, and an additional 0.3% of total Instinct. (Up to 200%)"",""5★: Applies to: Self"",""5★: • Increases All Element Damage by 18%, and an additional 0.4% of total Instinct. (Up to 200%)"",""6★: Applies to: Self"",""6★: • Increases All Element Damage by 20%, and an additional 0.5% of total Instinct. (Up to 200%)""]",,Update 11.2.5,https://thanosvibs.money/images/artifacts/artifact_mephisto.png,/mff-assets/artifacts/artifactmephisto.webp,https://thanosvibs.money/api/artifacts
minnerva,Cosmic Sniper,Modified Physique,High,Low,"[""3★: Applies to: Self"",""3★: • Ignores target's Dodge Rate by 5%, and an additional 0.1% of total Instinct. (Up to 200%)"",""3★: • Increases All Basic Attacks by 10%, and an additional 0.2% of total Instinct. (Up to 200%)"",""4★: Applies to: Self"",""4★: • Ignores target's Dodge Rate by 10%, and an additional 0.2% of total Instinct. (Up to 200%)"",""4★: • Increases All Basic Attacks by 13%, and an additional 0.3% of total Instinct. (Up to 200%)"",""5★: Applies to: Self"",""5★: • Ignores target's Dodge Rate by 15%, and an additional 0.3% of total Instinct. (Up to 200%)"",""5★: • Increases All Basic Attacks by 16%, and an additional 0.4% of total Instinct. (Up to 200%)"",""6★: Applies to: Self"",""6★: • Ignores target's Dodge Rate by 20%, and an additional 0.4% of total Instinct. (Up to 200%)"",""6★: • Increases All Basic Attacks by 20%, and an additional 0.5% of total Instinct. (Up to 200%)""]",,Update 9.5,https://thanosvibs.money/images/artifacts/artifact_minn-erva.png,/mff-assets/artifacts/artifactminnerva.webp,https://thanosvibs.money/api/artifacts
misterfantastic,Multiversal Intellect,Weakness Research,High,Low,"[""3★: Applies to: Self"",""3★: • Increases Basic Damage Dealt to enemies with 50% HP or higher by 5%, and an additional 0.2% of total Instinct. (Up to 200%)"",""3★: • Ignores Non-Boss enemy Damage Decrease by 9%, and an additional 0.1% of Total Instinct. (Up to 200%)"",""4★: Applies to: Self"",""4★: • Increases Basic Damage Dealt to enemies with 50% HP or higher by 10%, and an additional 0.3% of total Instinct. (Up to 200%)"",""4★: • Ignores Non-Boss enemy Damage Decrease by 11%, and an additional 0.1% of Total Instinct. (Up to 200%)"",""5★: Applies to: Self"",""5★: • Increases Basic Damage Dealt to enemies with 50% HP or higher by 15%, and an additional 0.4% of total Instinct. (Up to 200%)"",""5★: • Ignores Non-Boss enemy Damage Decrease by 13%, and an additional 0.1% of Total Instinct. (Up to 200%)"",""6★: Applies to: Self"",""6★: • Increases Basic Damage Dealt to enemies with 50% HP or higher by 20%, and an additional 0.5% of total Instinct. (Up to 200%)"",""6★: • Ignores Non-Boss enemy Damage Decrease by 15%, and an additional 0.1% of Total Instinct. (Up to 200%)""]",,Update 10.1,https://thanosvibs.money/images/artifacts/artifact_misterfantastic.png,/mff-assets/artifacts/artifactmisterfantastic.webp,https://thanosvibs.money/api/artifacts
mistersinister,Genetic Mastermind,King of Clones,Low,High,"[""3★: Summons a clone when the effect has been activated."",""3★: Activation Rate: when HP is below 5%"",""3★: Applies to: Self"",""3★: • Immunity to Incapacitation effect. (4 sec.)"",""3★: • Guard Break Immunity"",""3★: • HP does not drop to 1 or below. Recovers HP by 10% of Max HP when the buff ends."",""3★: • Recovers by an additional 0.5% of Total Instinct. (Up to 100% of HP Recovery) (4 sec.)"",""3★: Cooldown Time 180 seconds"",""4★: Summons a clone when the effect has been activated."",""4★: Activation Rate: when HP is below 5%"",""4★: Applies to: Self"",""4★: • Immunity to Incapacitation effect. (5 sec.)"",""4★: • Guard Break Immunity"",""4★: • HP does not drop to 1 or below. Recovers HP by 20% of Max HP when the buff ends."",""4★: • Recovers by an additional 0.5% of Total Instinct. (Up to 100% of HP Recovery) (5 sec.)"",""4★: Cooldown Time 180 seconds"",""5★: Summons a clone when the effect has been activated."",""5★: Activation Rate: when HP is below 5%"",""5★: Applies to: Self"",""5★: • Immunity to Incapacitation effect. (6 sec.)"",""5★: • Guard Break Immunity"",""5★: • HP does not drop to 1 or below. Recovers HP by 35% of Max HP when the buff ends."",""5★: • Recovers by an additional 0.5% of Total Instinct. (Up to 100% of HP Recovery) (6 sec.)"",""5★: Cooldown Time 180 seconds"",""6★: Summons a clone when the effect has been activated."",""6★: Activation Rate: when HP is below 5%"",""6★: Applies to: Self"",""6★: • Immunity to Incapacitation effect. (7 sec.)"",""6★: • Guard Break Immunity"",""6★: • HP does not drop to 1 or below. Recovers HP by 50% of Max HP when the buff ends."",""6★: • Recovers by an additional 0.5% of Total Instinct. (Up to 100% of HP Recovery) (7 sec.)"",""6★: Cooldown Time 180 seconds""]",,Update 7.7,https://thanosvibs.money/images/artifacts/artifact_mistersinister.png,/mff-assets/artifacts/artifactmistersinister.webp,https://thanosvibs.money/api/artifacts
mistyknight,Artemis-5,Cold Punishment,High,Low,"[""3★: Applies to: Self"",""3★: • Increases Cold Damage by 15% of Cold Resist, and an additional 0.2% of total Instinct. (Up to 200%)"",""3★: • Increases Basic Damage Dealt to SUPER VILLAIN faction by 5%, and an additional 0.2% of total Instinct. (Up to 200%)"",""4★: Applies to: Self"",""4★: • Increases Cold Damage by 20% of Cold Resist, and an additional 0.3% of total Instinct. (Up to 200%)"",""4★: • Increases Basic Damage Dealt to SUPER VILLAIN faction by 8%, and an additional 0.3% of total Instinct. (Up to 200%)"",""5★: Applies to: Self"",""5★: • Increases Cold Damage by 25% of Cold Resist, and an additional 0.4% of total Instinct. (Up to 200%)"",""5★: • Increases Basic Damage Dealt to SUPER VILLAIN faction by 11%, and an additional 0.4% of total Instinct. (Up to 200%)"",""6★: Applies to: Self"",""6★: • Increases Cold Damage by 30% of Cold Resist, and an additional 0.5% of total Instinct. (Up to 200%)"",""6★: • Increases Basic Damage Dealt to SUPER VILLAIN faction by 15%, and an additional 0.5% of total Instinct. (Up to 200%)""]",,Update 10.8,https://thanosvibs.money/images/artifacts/artifact_mistyknight.png,/mff-assets/artifacts/artifactmistyknight.webp,https://thanosvibs.money/api/artifacts
mockingbird,Gaea-1,Veteran's Bo Staff,Medium,Medium,"[""3★: Applies to: Self"",""3★: • Increases All Basic Attacks by 8%, and an additional 0.25% of total Instinct. (Up to 200%)"",""3★: • 9% chance to Dodge ALL Attacks, and an additional 0.2% of total Instinct. (Up to 200%)"",""4★: Applies to: Self"",""4★: • Increases All Basic Attacks by 10%, and an additional 0.3% of total Instinct. (Up to 200%)"",""4★: • 11% chance to Dodge ALL Attacks, and an additional 0.3% of total Instinct. (Up to 200%)"",""5★: Applies to: Self"",""5★: • Increases All Basic Attacks by 12%, and an additional 0.35% of total Instinct. (Up to 200%)"",""5★: • 13% chance to Dodge ALL Attacks, and an additional 0.4% of total Instinct. (Up to 200%)"",""6★: Applies to: Self"",""6★: • Increases All Basic Attacks by 15%, and an additional 0.4% of total Instinct. (Up to 200%)"",""6★: • 15% chance to Dodge ALL Attacks, and an additional 0.5% of total Instinct. (Up to 200%)""]",,Update 11.2,https://thanosvibs.money/images/artifacts/artifact_mockingbird.png,/mff-assets/artifacts/artifactmockingbird.webp,https://thanosvibs.money/api/artifacts
moltenman,Hot Metal Liquid,Human Furnace,Medium,Medium,"[""3★: Applies to: Self"",""3★: • Increases All Basic Attacks by 5%, and an additional 0.2% of total Instinct. (Up to 200%)"",""3★: • Increases Max HP by 5%, and an additional 0.2% of total Instinct. (Up to 200%)"",""4★: Applies to: Self"",""4★: • Increases All Basic Attacks by 8%, and an additional 0.3% of total Instinct. (Up to 200%)"",""4★: • Increases Max HP by 8%, and an additional 0.3% of total Instinct. (Up to 200%)"",""5★: Applies to: Self"",""5★: • Increases All Basic Attacks by 11%, and an additional 0.4% of total Instinct. (Up to 200%)"",""5★: • Increases Max HP by 11%, and an additional 0.4% of total Instinct. (Up to 200%)"",""6★: Applies to: Self"",""6★: • Increases All Basic Attacks by 15%, and an additional 0.5% of total Instinct. (Up to 200%)"",""6★: • Increases Max HP by 15%, and an additional 0.5% of total Instinct. (Up to 200%)""]",,Update 10.5,https://thanosvibs.money/images/artifacts/artifact_moltenman.png,/mff-assets/artifacts/artifactmoltenman.webp,https://thanosvibs.money/api/artifacts
moongirl,Transcendent Friendship,Genius Idea,High,Low,"[""3★: Applies to: Self"",""3★: • Ignores target's Dodge Rate by 10%, and an additional 0.2% of total Instinct. (Up to 200%)"",""3★: • Increases Basic Damage Dealt to SUPER VILLAIN faction by 10%, and an additional 0.2% of total Instinct. (Up to 200%)"",""4★: Applies to: Self"",""4★: • Ignores target's Dodge Rate by 15%, and an additional 0.3% of total Instinct. (Up to 200%)"",""4★: • Increases Basic Damage Dealt to SUPER VILLAIN faction by 13%, and an additional 0.3% of total Instinct. (Up to 200%)"",""5★: Applies to: Self"",""5★: • Ignores target's Dodge Rate by 20%, and an additional 0.4% of total Instinct. (Up to 200%)"",""5★: • Increases Basic Damage Dealt to SUPER VILLAIN faction by 16%, and an additional 0.4% of total Instinct. (Up to 200%)"",""6★: Applies to: Self"",""6★: • Ignores target's Dodge Rate by 25%, and an additional 0.5% of total Instinct. (Up to 200%)"",""6★: • Increases Basic Damage Dealt to SUPER VILLAIN faction by 20%, and an additional 0.5% of total Instinct. (Up to 200%)""]",,Update 8.5,https://thanosvibs.money/images/artifacts/artifact_moongirl.png,/mff-assets/artifacts/artifactmoongirl.webp,https://thanosvibs.money/api/artifacts
moonknight,Lunar Fist,Khonshu's Judgement,High,Low,"[""3★: Applies to: Self"",""3★: • Increases Basic Damage Dealt to enemies with 50% HP or higher by 10%, and an additional 0.2% of total Instinct. (Up to 200%)"",""4★: Applies to: Self"",""4★: • Increases Basic Damage Dealt to enemies with 50% HP or higher by 15%, and an additional 0.3% of total Instinct. (Up to 200%)"",""5★: Applies to: Self"",""5★: • Increases Basic Damage Dealt to enemies with 50% HP or higher by 20%, and an additional 0.4% of total Instinct. (Up to 200%)"",""6★: Applies to: Self"",""6★: • Increases Basic Damage Dealt to enemies with 50% HP or higher by 25%, and an additional 0.5% of total Instinct. (Up to 200%)""]",8.1 Collector's Vault (General Vault) [6★],Update 8.1.5,https://thanosvibs.money/images/artifacts/artifact_moonknight.png,/mff-assets/artifacts/artifactmoonknight.webp,https://thanosvibs.money/api/artifacts
morganlefay,Dark Knowledge,Medieval Mystic,Medium,Low,"[""3★: Applies to: Self"",""3★: • Increases Basic Damage Dealt to enemies with 50% HP or below by 10%, and an additional 0.3% of total Instinct. (Up to 200%)"",""4★: Applies to: Self"",""4★: • Increases Basic Damage Dealt to enemies with 50% HP or below by 15%, and an additional 0.4% of total Instinct. (Up to 200%)"",""5★: Applies to: Self"",""5★: • Increases Basic Damage Dealt to enemies with 50% HP or below by 20%, and an additional 0.5% of total Instinct. (Up to 200%)"",""6★: Applies to: Self"",""6★: • Increases Basic Damage Dealt to enemies with 50% HP or below by 25%, and an additional 0.6% of total Instinct. (Up to 200%)""]",,Update 8.4.5b,https://thanosvibs.money/images/artifacts/artifact_morganlefay.png,/mff-assets/artifacts/artifactmorganlefay.webp,https://thanosvibs.money/api/artifacts
morph,Master of Shapeshifting,Various Transformations,High,Low,"[""3★: Applies to: Self"",""3★: • Ignores target's Dodge Rate by 8%, and an additional 0.2% of total Instinct. (Up to 200%)"",""3★: • Increases All Basic Attacks by 5%, and an additional 0.2% of total Instinct. (Up to 200%)"",""4★: Applies to: Self"",""4★: • Ignores target's Dodge Rate by 12%, and an additional 0.3% of total Instinct. (Up to 200%)"",""4★: • Increases All Basic Attacks by 10%, and an additional 0.3% of total Instinct. (Up to 200%)"",""5★: Applies to: Self"",""5★: • Ignores target's Dodge Rate by 16%, and an additional 0.4% of total Instinct. (Up to 200%)"",""5★: • Increases All Basic Attacks by 15%, and an additional 0.4% of total Instinct. (Up to 200%)"",""6★: Applies to: Self"",""6★: • Ignores target's Dodge Rate by 20%, and an additional 0.5% of total Instinct. (Up to 200%)"",""6★: • Increases All Basic Attacks by 20%, and an additional 0.5% of total Instinct. (Up to 200%)""]",,Update 12.0,https://thanosvibs.money/images/artifacts/artifact_morph.png,/mff-assets/artifacts/artifactmorph.webp,https://thanosvibs.money/api/artifacts
msmarvelkamalakhan,Rise of a Champion,Bangle of Heroism,High,Low,"[""3★: Applies to: Self"",""3★: • Increases Basic Damage Dealt to SUPER VILLAIN faction by 10%, and an additional 0.2% of total Instinct. (Up to 200%)"",""3★: • Decreases Basic Damage Received from SUPER VILLAIN faction by 10%, and an additional 0.2% of total Instinct. (Up to 200%)"",""4★: Applies to: Self"",""4★: • Increases Basic Damage Dealt to SUPER VILLAIN faction by 13%, and an additional 0.3% of total Instinct. (Up to 200%)"",""4★: • Decreases Basic Damage Received from SUPER VILLAIN faction by 13%, and an additional 0.3% of total Instinct. (Up to 200%)"",""5★: Applies to: Self"",""5★: • Increases Basic Damage Dealt to SUPER VILLAIN faction by 16%, and an additional 0.4% of total Instinct. (Up to 200%)"",""5★: • Decreases Basic Damage Received from SUPER VILLAIN faction by 16%, and an additional 0.4% of total Instinct. (Up to 200%)"",""6★: Applies to: Self"",""6★: • Increases Basic Damage Dealt to SUPER VILLAIN faction by 20%, and an additional 0.5% of total Instinct. (Up to 200%)"",""6★: • Decreases Basic Damage Received from SUPER VILLAIN faction by 20%, and an additional 0.5% of total Instinct. (Up to 200%)""]",,Update 8.3.5a,https://thanosvibs.money/images/artifacts/artifact_kamalakhan.png,/mff-assets/artifacts/artifactkamalakhan.webp,https://thanosvibs.money/api/artifacts
mysterio,Master Illusionist,Embodiment of Imagination,High,Low,"[""3★: Applies to: Self"",""3★: • Ignores target's Dodge Rate by 5%, and an additional 0.1% of total Instinct. (Up to 200%)"",""3★: • Increases Basic Damage Dealt to SUPER HERO faction by 10%, and an additional 0.2% of total Instinct. (Up to 200%)"",""4★: Applies to: Self"",""4★: • Ignores target's Dodge Rate by 10%, and an additional 0.2% of total Instinct. (Up to 200%)"",""4★: • Increases Basic Damage Dealt to SUPER HERO faction by 13%, and an additional 0.3% of total Instinct. (Up to 200%)"",""5★: Applies to: Self"",""5★: • Ignores target's Dodge Rate by 15%, and an additional 0.3% of total Instinct. (Up to 200%)"",""5★: • Increases Basic Damage Dealt to SUPER HERO faction by 16%, and an additional 0.4% of total Instinct. (Up to 200%)"",""6★: Applies to: Self"",""6★: • Ignores target's Dodge Rate by 20%, and an additional 0.4% of total Instinct. (Up to 200%)"",""6★: • Increases Basic Damage Dealt to SUPER HERO faction by 20%, and an additional 0.5% of total Instinct. (Up to 200%)""]",,Update 7.9.5b,https://thanosvibs.money/images/artifacts/artifact_mysterio.png,/mff-assets/artifacts/artifactmysterio.webp,https://thanosvibs.money/api/artifacts
mystique,Genius Camouflage,Untouchable Threat,High,Low,"[""3★: Applies to: Self"",""3★: • Ignores target's Dodge Rate by 10%, and an additional 0.2% of total Instinct. (Up to 200%)"",""3★: • Increases All Basic Attacks by 11%, and an additional 0.2% of Total Instinct. (Up to 200%)"",""4★: Applies to: Self"",""4★: • Ignores target's Dodge Rate by 15%, and an additional 0.3% of total Instinct. (Up to 200%)"",""4★: • Increases All Basic Attacks by 14%, and an additional 0.3% of Total Instinct. (Up to 200%)"",""5★: Applies to: Self"",""5★: • Ignores target's Dodge Rate by 20%, and an additional 0.4% of total Instinct. (Up to 200%)"",""5★: • Increases All Basic Attacks by 17%, and an additional 0.4% of Total Instinct. (Up to 200%)"",""6★: Applies to: Self"",""6★: • Ignores target's Dodge Rate by 25%, and an additional 0.5% of total Instinct. (Up to 200%)"",""6★: • Increases All Basic Attacks by 20%, and an additional 0.5% of Total Instinct. (Up to 200%)""]",,Update 9.7.5,https://thanosvibs.money/images/artifacts/artifact_mystique.png,/mff-assets/artifacts/artifactmystique.webp,https://thanosvibs.money/api/artifacts
namor,Fury of the Depths,King's Rebuke,High,Low,"[""3★: Applies to: Self"",""3★: • Increases Basic Damage Dealt to bosses by 10%, and an additional 0.1% of total Instinct. (Up to 200%)"",""4★: Applies to: Self"",""4★: • Increases Basic Damage Dealt to bosses by 15%, and an additional 0.2% of total Instinct. (Up to 200%)"",""5★: Applies to: Self"",""5★: • Increases Basic Damage Dealt to bosses by 20%, and an additional 0.3% of total Instinct. (Up to 200%)"",""6★: Applies to: Self"",""6★: • Increases Basic Damage Dealt to bosses by 25%, and an additional 0.4% of total Instinct. (Up to 200%)""]",8.5 Collector's Vault (General Vault) [6★],Update 8.5,https://thanosvibs.money/images/artifacts/artifact_namor.png,/mff-assets/artifacts/artifactnamor.webp,https://thanosvibs.money/api/artifacts
nebula,Bionic Anatomy,Merciless Justice,High,Low,"[""3★: Applies to: Self"",""3★: • Increases All Element Damage by 14%, and an additional 0.2% of total Instinct. (Up to 200%)"",""4★: Applies to: Self"",""4★: • Increases All Element Damage by 16%, and an additional 0.3% of total Instinct. (Up to 200%)"",""5★: Applies to: Self"",""5★: • Increases All Element Damage by 18%, and an additional 0.4% of total Instinct. (Up to 200%)"",""6★: Applies to: Self"",""6★: • Increases All Element Damage by 20%, and an additional 0.5% of total Instinct. (Up to 200%)""]",,Update 9.0,https://thanosvibs.money/images/artifacts/artifact_nebula.png,/mff-assets/artifacts/artifactnebula.webp,https://thanosvibs.money/api/artifacts
negasonicteenagewarhead,Nightmare Precognition,Negasonic Fire,Medium,Low,"[""3★: Applies to: Self"",""3★: • Increases Instinct Critical Rate by 10%, and an additional 0.2% of total Instinct. (Up to 200%)"",""3★: • Increases Instinct Critical Damage by 5%, and an additional 0.2% of total Instinct. (Up to 200%)"",""4★: Applies to: Self"",""4★: • Increases Instinct Critical Rate by 12%, and an additional 0.3% of total Instinct. (Up to 200%)"",""4★: • Increases Instinct Critical Damage by 10%, and an additional 0.3% of total Instinct. (Up to 200%)"",""5★: Applies to: Self"",""5★: • Increases Instinct Critical Rate by 14%, and an additional 0.4% of total Instinct. (Up to 200%)"",""5★: • Increases Instinct Critical Damage by 15%, and an additional 0.4% of total Instinct. (Up to 200%)"",""6★: Applies to: Self"",""6★: • Increases Instinct Critical Rate by 16%, and an additional 0.5% of total Instinct. (Up to 200%)"",""6★: • Increases Instinct Critical Damage by 20%, and an additional 0.5% of total Instinct. (Up to 200%)""]",,Update 10.2,https://thanosvibs.money/images/artifacts/artifact_negasonicteenagewarhead.png,/mff-assets/artifacts/artifactnegasonicteenagewarhead.webp,https://thanosvibs.money/api/artifacts
nickfury,Director Fury,Will of S.H.I.E.L.D.,High,Low,"[""3★: Applies to: Super Hero Allies"",""3★: • Ignores target's Dodge Rate by 4%, and an additional 0.2% of total Instinct. (Up to 200%)"",""3★: • Increases Basic Damage Dealt to bosses by 5%, and an additional 0.1% of total Instinct. (Up to 200%)"",""4★: Applies to: Super Hero Allies"",""4★: • Ignores target's Dodge Rate by 6%, and an additional 0.3% of total Instinct. (Up to 200%)"",""4★: • Increases Basic Damage Dealt to bosses by 8%, and an additional 0.15% of total Instinct. (Up to 200%)"",""5★: Applies to: Super Hero Allies"",""5★: • Ignores target's Dodge Rate by 8%, and an additional 0.4% of total Instinct. (Up to 200%)"",""5★: • Increases Basic Damage Dealt to bosses by 11%, and an additional 0.2% of total Instinct. (Up to 200%)"",""6★: Applies to: Super Hero Allies"",""6★: • Ignores target's Dodge Rate by 10%, and an additional 0.5% of total Instinct. (Up to 200%)"",""6★: • Increases Basic Damage Dealt to bosses by 15%, and an additional 0.25% of total Instinct. (Up to 200%)""]",9.5 Collector's Vault (General Vault) [6★] | 10.7 Collector's Vault (General Vault) [6★],Update 9.5,https://thanosvibs.money/images/artifacts/artifact_nickfury1.png,/mff-assets/artifacts/artifactnickfury1.webp,https://thanosvibs.money/api/artifacts
novarichardrider,Bucket-Head,Nova Power,High,Low,"[""3★: Applies to: All Allies"",""3★: • Increases Basic Damage Dealt to SUPER HERO faction by 6%, and an additional 0.2% of total Instinct. (Up to 200%)"",""3★: • Increases Basic Damage Dealt to SUPER VILLAIN faction by 6%, and an additional 0.2% of total Instinct. (Up to 200%)"",""4★: Applies to: All Allies"",""4★: • Increases Basic Damage Dealt to SUPER HERO faction by 9%, and an additional 0.3% of total Instinct. (Up to 200%)"",""4★: • Increases Basic Damage Dealt to SUPER VILLAIN faction by 9%, and an additional 0.3% of total Instinct. (Up to 200%)"",""5★: Applies to: All Allies"",""5★: • Increases Basic Damage Dealt to SUPER HERO faction by 12%, and an additional 0.4% of total Instinct. (Up to 200%)"",""5★: • Increases Basic Damage Dealt to SUPER VILLAIN faction by 12%, and an additional 0.4% of total Instinct. (Up to 200%)"",""6★: Applies to: All Allies"",""6★: • Increases Basic Damage Dealt to SUPER HERO faction by 15%, and an additional 0.5% of total Instinct. (Up to 200%)"",""6★: • Increases Basic Damage Dealt to SUPER VILLAIN faction by 15%, and an additional 0.5% of total Instinct. (Up to 200%)""]",,Update 10.9,https://thanosvibs.money/images/artifacts/artifact_nova.png,/mff-assets/artifacts/artifactnova.webp,https://thanosvibs.money/api/artifacts
novasamalexander,Youthful Flight,Worldmind Energy,Medium,Medium,"[""3★: Applies to: Self"",""3★: • Decreases Basic Damage Received by 10%, and an additional 0.2% of total Instinct. (Up to 200%)"",""3★: • Ignores Non-Boss enemy Damage Decrease by 9%, and an additional 0.1% of Total Instinct. (Up to 200%)"",""4★: Applies to: Self"",""4★: • Decreases Basic Damage Received by 13%, and an additional 0.2% of total Instinct. (Up to 200%)"",""4★: • Ignores Non-Boss enemy Damage Decrease by 11%, and an additional 0.1% of Total Instinct. (Up to 200%)"",""5★: Applies to: Self"",""5★: • Decreases Basic Damage Received by 16%, and an additional 0.2% of total Instinct. (Up to 200%)"",""5★: • Ignores Non-Boss enemy Damage Decrease by 13%, and an additional 0.1% of Total Instinct. (Up to 200%)"",""6★: Applies to: Self"",""6★: • Decreases Basic Damage Received by 20%, and an additional 0.2% of total Instinct. (Up to 200%)"",""6★: • Ignores Non-Boss enemy Damage Decrease by 15%, and an additional 0.1% of Total Instinct. (Up to 200%)""]",Alliance Battle Legend 2.5m Reward (Round 2 & 9) [3★] | Alliance Battle Legend 2.5m Reward (Round 2 & 9) [4★],Update 8.1,https://thanosvibs.money/images/artifacts/artifact_samalexander.png,/mff-assets/artifacts/artifactsamalexander.webp,https://thanosvibs.money/api/artifacts
odin,Sky Ruler,Odin's Wrath,High,Medium,"[""3★: Applies to: Self"",""3★: • Increases Basic Damage Dealt to SUPER VILLAIN faction by 10%, and an additional 0.2% of total Instinct. (Up to 200%)"",""3★: • Decreases Basic Damage Received from SUPER VILLAIN faction by 10%, and an additional 0.2% of total Instinct. (Up to 200%)"",""4★: Applies to: Self"",""4★: • Increases Basic Damage Dealt to SUPER VILLAIN faction by 13%, and an additional 0.3% of total Instinct. (Up to 200%)"",""4★: • Decreases Basic Damage Received from SUPER VILLAIN faction by 13%, and an additional 0.3% of total Instinct. (Up to 200%)"",""5★: Applies to: Self"",""5★: • Increases Basic Damage Dealt to SUPER VILLAIN faction by 16%, and an additional 0.4% of total Instinct. (Up to 200%)"",""5★: • Decreases Basic Damage Received from SUPER VILLAIN faction by 16%, and an additional 0.4% of total Instinct. (Up to 200%)"",""6★: Applies to: Self"",""6★: • Increases Basic Damage Dealt to SUPER VILLAIN faction by 20%, and an additional 0.5% of total Instinct. (Up to 200%)"",""6★: • Decreases Basic Damage Received from SUPER VILLAIN faction by 20%, and an additional 0.5% of total Instinct. (Up to 200%)""]",9.2 Collector's Vault (General Vault) [6★],Update 9.2,https://thanosvibs.money/images/artifacts/artifact_odin.png,/mff-assets/artifacts/artifactodin.webp,https://thanosvibs.money/api/artifacts
okoye,Dora Milaje,Agility,Low,Medium,"[""3★: Applies to: Self"",""3★: • 11% chance to Dodge ALL Attacks, and an additional 0.2 of total Instinct. (Up to 200%)"",""4★: Applies to: Self"",""4★: • 14% chance to Dodge ALL Attacks, and an additional 0.3 of total Instinct. (Up to 200%)"",""5★: Applies to: Self"",""5★: • 17% chance to Dodge ALL Attacks, and an additional 0.4 of total Instinct. (Up to 200%)"",""6★: Applies to: Self"",""6★: • 20% chance to Dodge ALL Attacks, and an additional 0.5 of total Instinct. (Up to 200%)""]",10.4 Collector's Vault (Personal Vault) [4★],Update 10.4,https://thanosvibs.money/images/artifacts/artifact_okoye.png,/mff-assets/artifacts/artifactokoye.webp,https://thanosvibs.money/api/artifacts
omegared,Tentacle Terror,Thorn Wind,High,Low,"[""3★: Activation Rate: when attacking"",""3★: Applies to: Self"",""3★: • Increases All Basic Attacks by 2% and an additional 0.5% of total Instinct. (Stacks up to 30%) (10 sec.)"",""3★: Cooldown Time 3 seconds"",""4★: Activation Rate: when attacking"",""4★: Applies to: Self"",""4★: • Increases All Basic Attacks by 3% and an additional 0.5% of total Instinct. (Stacks up to 40%) (11 sec.)"",""4★: Cooldown Time 3 seconds"",""5★: Activation Rate: when attacking"",""5★: Applies to: Self"",""5★: • Increases All Basic Attacks by 4% and an additional 0.5% of total Instinct. (Stacks up to 50%) (12 sec.)"",""5★: Cooldown Time 3 seconds"",""6★: Activation Rate: when attacking"",""6★: Applies to: Self"",""6★: • Increases All Basic Attacks by 5% and an additional 0.5% of total Instinct. (Stacks up to 60%) (13 sec.)"",""6★: Cooldown Time 3 seconds""]",,Update 9.3,https://thanosvibs.money/images/artifacts/artifact_omegared.png,/mff-assets/artifacts/artifactomegared.webp,https://thanosvibs.money/api/artifacts
philcoulson,Everyday Hero,Mission Accomplished,High,Low,"[""3★: Applies to: Super Hero Allies"",""3★: • Ignores target's Dodge Rate by 9%, and an additional 0.2% of total Instinct. (Up to 200%)"",""3★: • Increases Basic Damage Dealt to bosses by 5%, and an additional 0.1% of total Instinct. (Up to 200%)"",""4★: Applies to: Super Hero Allies"",""4★: • Ignores target's Dodge Rate by 11%, and an additional 0.3% of total Instinct. (Up to 200%)"",""4★: • Increases Basic Damage Dealt to bosses by 8%, and an additional 0.15% of total Instinct. (Up to 200%)"",""5★: Applies to: Super Hero Allies"",""5★: • Ignores target's Dodge Rate by 13%, and an additional 0.4% of total Instinct. (Up to 200%)"",""5★: • Increases Basic Damage Dealt to bosses by 11%, and an additional 0.2% of total Instinct. (Up to 200%)"",""6★: Applies to: Super Hero Allies"",""6★: • Ignores target's Dodge Rate by 15%, and an additional 0.5% of total Instinct. (Up to 200%)"",""6★: • Increases Basic Damage Dealt to bosses by 15%, and an additional 0.25% of total Instinct. (Up to 200%)""]",9.6 Collector's Vault (General Vault) [6★],Update 9.6.5,https://thanosvibs.money/images/artifacts/artifact_philcoulson.png,/mff-assets/artifacts/artifactphilcoulson.webp,https://thanosvibs.money/api/artifacts
phylavell,Martyr,Quantum Hero,High,Low,"[""3★: Applies to: Self"",""3★: • Increases Basic Damage Dealt to SUPER HERO faction by 11%, and an additional 0.2% of total Instinct. (Up to 200%)"",""3★: • Increases Basic Damage Dealt to SUPER VILLAIN faction by 11%, and an additional 0.2% of total Instinct. (Up to 200%)"",""4★: Applies to: Self"",""4★: • Increases Basic Damage Dealt to SUPER HERO faction by 14%, and an additional 0.3% of total Instinct. (Up to 200%)"",""4★: • Increases Basic Damage Dealt to SUPER VILLAIN faction by 14%, and an additional 0.3% of total Instinct. (Up to 200%)"",""5★: Applies to: Self"",""5★: • Increases Basic Damage Dealt to SUPER HERO faction by 17%, and an additional 0.4% of total Instinct. (Up to 200%)"",""5★: • Increases Basic Damage Dealt to SUPER VILLAIN faction by 17%, and an additional 0.4% of total Instinct. (Up to 200%)"",""6★: Applies to: Self"",""6★: • Increases Basic Damage Dealt to SUPER HERO faction by 20%, and an additional 0.5% of total Instinct. (Up to 200%)"",""6★: • Increases Basic Damage Dealt to SUPER VILLAIN faction by 20%, and an additional 0.5% of total Instinct. (Up to 200%)""]",,Update 10.9,https://thanosvibs.money/images/artifacts/artifact_phylavell.png,/mff-assets/artifacts/artifactphylavell.webp,https://thanosvibs.money/api/artifacts
polaris,Polarity Control,Inescapable Magnetism,Medium,Low,"[""3★: Applies to: Self"",""3★: • Increases Basic Damage Dealt to enemies with 50% HP or below by 11%, and an additional 0.3% of total Instinct. (Up to 200%)"",""4★: Applies to: Self"",""4★: • Increases Basic Damage Dealt to enemies with 50% HP or below by 14%, and an additional 0.4% of total Instinct. (Up to 200%)"",""5★: Applies to: Self"",""5★: • Increases Basic Damage Dealt to enemies with 50% HP or below by 17%, and an additional 0.5% of total Instinct. (Up to 200%)"",""6★: Applies to: Self"",""6★: • Increases Basic Damage Dealt to enemies with 50% HP or below by 20%, and an additional 0.6% of total Instinct. (Up to 200%)""]",,Update 8.6,https://thanosvibs.money/images/artifacts/artifact_polaris.png,/mff-assets/artifacts/artifactpolaris.webp,https://thanosvibs.money/api/artifacts
professorx,Mutant Utopia,Cerebro Upgrade,Medium,Low,"[""3★: Applies to: Self"",""3★: • Increases Mind Damage by 15% of Mind Resist, and an additional 0.2% of Total Instinct. (Up to 200%)"",""3★: • Increases Basic Damage Dealt to ALIEN Characters by 5%, and an additional 0.2% of total Instinct. (Up to 200%)"",""4★: Applies to: Self"",""4★: • Increases Mind Damage by 20% of Mind Resist, and an additional 0.3% of Total Instinct. (Up to 200%)"",""4★: • Increases Basic Damage Dealt to ALIEN Characters by 8%, and an additional 0.3% of total Instinct. (Up to 200%)"",""5★: Applies to: Self"",""5★: • Increases Mind Damage by 25% of Mind Resist, and an additional 0.4% of Total Instinct. (Up to 200%)"",""5★: • Increases Basic Damage Dealt to ALIEN Characters by 11%, and an additional 0.4% of total Instinct. (Up to 200%)"",""6★: Applies to: Self"",""6★: • Increases Mind Damage by 30% of Mind Resist, and an additional 0.5% of Total Instinct. (Up to 200%)"",""6★: • Increases Basic Damage Dealt to ALIEN Characters by 15%, and an additional 0.5% of total Instinct. (Up to 200%)""]",8.8 Collector's Vault (General Vault) [6★],Update 8.8.5,https://thanosvibs.money/images/artifacts/artifact_professorx.png,/mff-assets/artifacts/artifactprofessorx.webp,https://thanosvibs.money/api/artifacts
psylocke,Psionic Sword,Psionic Precision,High,Low,"[""3★: Applies to: Self"",""3★: • 70% chance to increase Basic Critical Damage by 20% on Critical Attacks, and an additional 0.2% of total Instinct. (Up to 200%)"",""4★: Applies to: Self"",""4★: • 70% chance to increase Basic Critical Damage by 25% on Critical Attacks, and an additional 0.3% of total Instinct. (Up to 200%)"",""5★: Applies to: Self"",""5★: • 80% chance to increase Basic Critical Damage by 30% on Critical Attacks, and an additional 0.4% of total Instinct. (Up to 200%)"",""6★: Applies to: Self"",""6★: • 80% chance to increase Basic Critical Damage by 35% on Critical Attacks, and an additional 0.5% of total Instinct. (Up to 200%)""]",,Update 7.7,https://thanosvibs.money/images/artifacts/artifact_psylocke.png,/mff-assets/artifacts/artifactpsylocke.webp,https://thanosvibs.money/api/artifacts
punisher,Hunter's Conviction,Eternal Pain,Medium,Medium,"[""3★: Activation Rate: when debuffed"",""3★: Applies to: Self"",""3★: • 20% chance to ignore all debuffs received, and an additional 0.5% of Total Instinct. (Up to 200%) (8 sec.)"",""3★: • Ignores Non-Boss enemy Damage Decrease by 11%, and an additional 0.1% of Total Instinct. (Up to 200%) (8 sec.)"",""3★: Cooldown Time 25 seconds"",""4★: Activation Rate: when debuffed"",""4★: Applies to: Self"",""4★: • 30% chance to ignore all debuffs received, and an additional 0.5% of Total Instinct. (Up to 200%) (10 sec.)"",""4★: • Ignores Non-Boss enemy Damage Decrease by 14%, and an additional 0.13% of Total Instinct. (Up to 200%) (10 sec.)"",""4★: Cooldown Time 25 seconds"",""5★: Activation Rate: when debuffed"",""5★: Applies to: Self"",""5★: • 40% chance to ignore all debuffs received, and an additional 0.5% of Total Instinct. (Up to 200%) (12 sec.)"",""5★: • Ignores Non-Boss enemy Damage Decrease by 17%, and an additional 0.16% of Total Instinct. (Up to 200%) (12 sec.)"",""5★: Cooldown Time 25 seconds"",""6★: Activation Rate: when debuffed"",""6★: Applies to: Self"",""6★: • 50% chance to ignore all debuffs received, and an additional 0.5% of Total Instinct. (Up to 200%) (14 sec.)"",""6★: • Ignores Non-Boss enemy Damage Decrease by 20%, and an additional 0.2% of Total Instinct. (Up to 200%) (14 sec.)"",""6★: Cooldown Time 25 seconds""]",,Update 8.5.5,https://thanosvibs.money/images/artifacts/artifact_punisher.png,/mff-assets/artifacts/artifactpunisher.webp,https://thanosvibs.money/api/artifacts
quasarwendellvaughn,Quantum Protector,Annihilators All-Out,Medium,Low,"[""3★: Applies to: Allies with Annihilators Ability"",""3★: • Ignores Non-Boss enemy Damage Decrease by 9%, and an additional 0.15% of Total Instinct. (Up to 200%)"",""4★: Applies to: Allies with Annihilators Ability"",""4★: • Ignores Non-Boss enemy Damage Decrease by 11%, and an additional 0.2% of Total Instinct. (Up to 200%)"",""5★: Applies to: Allies with Annihilators Ability"",""5★: • Ignores Non-Boss enemy Damage Decrease by 13%, and an additional 0.25% of Total Instinct. (Up to 200%)"",""6★: Applies to: Allies with Annihilators Ability"",""6★: • Ignores Non-Boss enemy Damage Decrease by 15%, and an additional 0.3% of Total Instinct. (Up to 200%)""]",9.8 Collector's Vault (Personal Vault) [4★],Update 9.8,https://thanosvibs.money/images/artifacts/artifact_wendellvaughn.png,/mff-assets/artifacts/artifactwendellvaughn.webp,https://thanosvibs.money/api/artifacts
quicksilver,Speed Star,You're Too Slow!,Low,Medium,"[""3★: Applies to: Self"",""3★: • 11% chance to Dodge ALL Attacks, and an additional 0.2 of total Instinct. (Up to 200%)"",""4★: Applies to: Self"",""4★: • 14% chance to Dodge ALL Attacks, and an additional 0.3 of total Instinct. (Up to 200%)"",""5★: Applies to: Self"",""5★: • 17% chance to Dodge ALL Attacks, and an additional 0.4 of total Instinct. (Up to 200%)"",""6★: Applies to: Self"",""6★: • 20% chance to Dodge ALL Attacks, and an additional 0.5 of total Instinct. (Up to 200%)""]",10.0 Collector's Vault (General Vault) [6★],Update 10.0.5,https://thanosvibs.money/images/artifacts/artifact_quicksilver.png,/mff-assets/artifacts/artifactquicksilver.webp,https://thanosvibs.money/api/artifacts
rachelsummers,Time Traveler,Phoenix Reborn,Low,High,"[""3★: Activation Rate: when dead"",""3★: Applies to: Self"",""3★: • Revives with 20% of Max HP, increases by an additional 0.5% of total Instinct. (Up to 100%)"",""3★: Cooldown Time 300 seconds"",""4★: Activation Rate: when dead"",""4★: Applies to: Self"",""4★: • Revives with 30% of Max HP, increases by an additional 0.5% of total Instinct. (Up to 100%)"",""4★: Cooldown Time 300 seconds"",""5★: Activation Rate: when dead"",""5★: Applies to: Self"",""5★: • Revives with 40% of Max HP, increases by an additional 0.5% of total Instinct. (Up to 100%)"",""5★: Cooldown Time 300 seconds"",""6★: Activation Rate: when dead"",""6★: Applies to: Self"",""6★: • Revives with 50% of Max HP, increases by an additional 0.5% of total Instinct. (Up to 100%)"",""6★: Cooldown Time 300 seconds""]",9.7 Collector's Vault (General Vault) [6★],Update 9.7,https://thanosvibs.money/images/artifacts/artifact_rachelsummers.png,/mff-assets/artifacts/artifactrachelsummers.webp,https://thanosvibs.money/api/artifacts
redguardian,Red Shield,Guardian's Praxis,Medium,Medium,"[""3★: Applies to: Self"",""3★: • Increases All Basic Attacks by 10%, and an additional 0.2% of total Instinct. (Up to 200%)"",""3★: • Increases Max HP by 10%, and an additional 0.1% of total Instinct. (Up to 200%)"",""4★: Applies to: Self"",""4★: • Increases All Basic Attacks by 13%, and an additional 0.3% of total Instinct. (Up to 200%)"",""4★: • Increases Max HP by 15%, and an additional 0.2% of total Instinct. (Up to 200%)"",""5★: Applies to: Self"",""5★: • Increases All Basic Attacks by 16%, and an additional 0.4% of total Instinct. (Up to 200%)"",""5★: • Increases Max HP by 20%, and an additional 0.3% of total Instinct. (Up to 200%)"",""6★: Applies to: Self"",""6★: • Increases All Basic Attacks by 20%, and an additional 0.5% of total Instinct. (Up to 200%)"",""6★: • Increases Max HP by 25%, and an additional 0.4% of total Instinct. (Up to 200%)""]",,Update 10.9,https://thanosvibs.money/images/artifacts/artifact_redguardian.png,/mff-assets/artifacts/artifactredguardian.webp,https://thanosvibs.money/api/artifacts
redhulk,Red Anger,Heat Of Anger,High,Low,"[""3★: Applies to: Self"",""3★: • Increases All Element Damage by 14%, and an additional 0.2% of total Instinct. (Up to 200%)"",""4★: Applies to: Self"",""4★: • Increases All Element Damage by 16%, and an additional 0.3% of total Instinct. (Up to 200%)"",""5★: Applies to: Self"",""5★: • Increases All Element Damage by 18%, and an additional 0.4% of total Instinct. (Up to 200%)"",""6★: Applies to: Self"",""6★: • Increases All Element Damage by 20%, and an additional 0.5% of total Instinct. (Up to 200%)""]",,Update 10.7,https://thanosvibs.money/images/artifacts/artifact_redhulk.png,/mff-assets/artifacts/artifactredhulk.webp,https://thanosvibs.money/api/artifacts
redshehulk,Wrath of The Harpy,Gamma Harpy,High,Low,"[""3★: Applies to: Self"",""3★: • Increases All Element Damage by 14%, and an additional 0.2% of total Instinct. (Up to 200%)"",""4★: Applies to: Self"",""4★: • Increases All Element Damage by 16%, and an additional 0.3% of total Instinct. (Up to 200%)"",""5★: Applies to: Self"",""5★: • Increases All Element Damage by 18%, and an additional 0.4% of total Instinct. (Up to 200%)"",""6★: Applies to: Self"",""6★: • Increases All Element Damage by 20%, and an additional 0.5% of total Instinct. (Up to 200%)""]",,Update 10.7,https://thanosvibs.money/images/artifacts/artifact_redshehulk.png,/mff-assets/artifacts/artifactredshehulk.webp,https://thanosvibs.money/api/artifacts
rescue,Rescue Expert,Risk Elimination,Low,Medium,"[""3★: Applies to: Self"",""3★: • Ignores Non-Boss enemy Damage Decrease by 15%, and an additional 0.15% of Total Instinct. (Up to 200%)"",""4★: Applies to: Self"",""4★: • Ignores Non-Boss enemy Damage Decrease by 20%, and an additional 0.2% of Total Instinct. (Up to 200%)"",""5★: Applies to: Self"",""5★: • Ignores Non-Boss enemy Damage Decrease by 25%, and an additional 0.25% of Total Instinct. (Up to 200%)"",""6★: Applies to: Self"",""6★: • Ignores Non-Boss enemy Damage Decrease by 30%, and an additional 0.3% of Total Instinct. (Up to 200%)""]",,Update 10.3,https://thanosvibs.money/images/artifacts/artifact_rescue.png,/mff-assets/artifacts/artifactrescue.webp,https://thanosvibs.money/api/artifacts
rhino,Charging Horn,Gamma Skin,Low,Medium,"[""3★: Activation Rate: when HP is below 25%"",""3★: Applies to: Self"",""3★: • Recovers HP by 40%, and an additional 0.2% of total Instinct. (Up to 200%) (1 sec.)"",""3★: • Increases Max HP by 40%, and an additional 0.2% of total Instinct. (Up to 200%) (15 sec.)"",""3★: Cooldown Time 25 seconds"",""4★: Activation Rate: when HP is below 30%"",""4★: Applies to: Self"",""4★: • Recovers HP by 50%, and an additional 0.3% of total Instinct. (Up to 200%) (1 sec.)"",""4★: • Increases Max HP by 50%, and an additional 0.3% of total Instinct. (Up to 200%) (15 sec.)"",""4★: Cooldown Time 25 seconds"",""5★: Activation Rate: when HP is below 35%"",""5★: Applies to: Self"",""5★: • Recovers HP by 60%, and an additional 0.4% of total Instinct. (Up to 200%) (1 sec.)"",""5★: • Increases Max HP by 60%, and an additional 0.4% of total Instinct. (Up to 200%) (15 sec.)"",""5★: Cooldown Time 25 seconds"",""6★: Activation Rate: when HP is below 40%"",""6★: Applies to: Self"",""6★: • Recovers HP by 70%, and an additional 0.5% of total Instinct. (Up to 200%) (1 sec.)"",""6★: • Increases Max HP by 70%, and an additional 0.5% of total Instinct. (Up to 200%) (15 sec.)"",""6★: Cooldown Time 25 seconds""]",,Update 8.9,https://thanosvibs.money/images/artifacts/artifact_rhino.png,/mff-assets/artifacts/artifactrhino.webp,https://thanosvibs.money/api/artifacts
rocketraccoon,Bounty Hunter,Crisis Counter,High,Low,"[""3★: Applies to: Self"",""3★: • Increases Basic Damage Dealt to SUPER VILLAIN faction by 8%, and an additional 0.2% of total Instinct. (Up to 200%)"",""3★: • Increases All Basic Attacks by 8%, and an additional 0.2% of total Instinct. (Up to 200%)"",""4★: Applies to: Self"",""4★: • Increases Basic Damage Dealt to SUPER VILLAIN faction by 10%, and an additional 0.3% of total Instinct. (Up to 200%)"",""4★: • Increases All Basic Attacks by 10%, and an additional 0.3% of total Instinct. (Up to 200%)"",""5★: Applies to: Self"",""5★: • Increases Basic Damage Dealt to SUPER VILLAIN faction by 12%, and an additional 0.4% of total Instinct. (Up to 200%)"",""5★: • Increases All Basic Attacks by 12%, and an additional 0.4% of total Instinct. (Up to 200%)"",""6★: Applies to: Self"",""6★: • Increases Basic Damage Dealt to SUPER VILLAIN faction by 15%, and an additional 0.5% of total Instinct. (Up to 200%)"",""6★: • Increases All Basic Attacks by 15%, and an additional 0.5% of total Instinct. (Up to 200%)""]",,Update 9.0,https://thanosvibs.money/images/artifacts/artifact_rocketraccoon.png,/mff-assets/artifacts/artifactrocketraccoon.webp,https://thanosvibs.money/api/artifacts
rogue,Power Steal,Equal Absorption,High,Low,"[""3★: Applies to: Self"",""3★: • Increases Basic Damage Dealt to SUPER VILLAIN faction by 9%, and an additional 0.2% of total Instinct. (Up to 200%)"",""3★: • Increases Basic Damage Dealt to ALIEN Characters by 9%, and an additional 0.2% of total Instinct. (Up to 200%)"",""4★: Applies to: Self"",""4★: • Increases Basic Damage Dealt to SUPER VILLAIN faction by 11%, and an additional 0.3% of total Instinct. (Up to 200%)"",""4★: • Increases Basic Damage Dealt to ALIEN Characters by 11%, and an additional 0.3% of total Instinct. (Up to 200%)"",""5★: Applies to: Self"",""5★: • Increases Basic Damage Dealt to SUPER VILLAIN faction by 13%, and an additional 0.4% of total Instinct. (Up to 200%)"",""5★: • Increases Basic Damage Dealt to ALIEN Characters by 13%, and an additional 0.4% of total Instinct. (Up to 200%)"",""6★: Applies to: Self"",""6★: • Increases Basic Damage Dealt to SUPER VILLAIN faction by 15%, and an additional 0.5% of total Instinct. (Up to 200%)"",""6★: • Increases Basic Damage Dealt to ALIEN Characters by 15%, and an additional 0.5% of total Instinct. (Up to 200%)""]",,Update 9.6.5,https://thanosvibs.money/images/artifacts/artifact_rogue.png,/mff-assets/artifacts/artifactrogue.webp,https://thanosvibs.money/api/artifacts
ronan,Universal Enforcer,Commence Accusation,High,Low,"[""3★: Applies to: All Allies"",""3★: • Increases All Basic Attacks by 14%, and an additional 0.2% of total Instinct. (Up to 200%)"",""4★: Applies to: All Allies"",""4★: • Increases All Basic Attacks by 16%, and an additional 0.3% of total Instinct. (Up to 200%)"",""5★: Applies to: All Allies"",""5★: • Increases All Basic Attacks by 18%, and an additional 0.4% of total Instinct. (Up to 200%)"",""6★: Applies to: All Allies"",""6★: • Increases All Basic Attacks by 20%, and an additional 0.5% of total Instinct. (Up to 200%)""]",,Update 9.8.5,https://thanosvibs.money/images/artifacts/artifact_ronan.png,/mff-assets/artifacts/artifactronan.webp,https://thanosvibs.money/api/artifacts
sabretooth,Devil Teeth,Seething Anger,Low,High,"[""3★: Activation Rate: when HP is below 5%"",""3★: Applies to: Self"",""3★: • Guard Break Immunity"",""3★: • HP does not drop to 1 or below. Recovers HP by 10% of Max HP when the buff ends."",""3★: • Recovers by an additional 0.1% of Total Instinct. (Up to 100% of HP Recovery) (4 sec.)"",""3★: Cooldown Time 180 seconds"",""4★: Activation Rate: when HP is below 5%"",""4★: Applies to: Self"",""4★: • Guard Break Immunity"",""4★: • HP does not drop to 1 or below. Recovers HP by 20% of Max HP when the buff ends."",""4★: • Recovers by an additional 0.2% of Total Instinct. (Up to 100% of HP Recovery) (5 sec.)"",""4★: Cooldown Time 180 seconds"",""5★: Activation Rate: when HP is below 5%"",""5★: Applies to: Self"",""5★: • Guard Break Immunity"",""5★: • HP does not drop to 1 or below. Recovers HP by 35% of Max HP when the buff ends."",""5★: • Recovers by an additional 0.35% of Total Instinct. (Up to 100% of HP Recovery) (6 sec.)"",""5★: Cooldown Time 180 seconds"",""6★: Activation Rate: when HP is below 5%"",""6★: Applies to: Self"",""6★: • Guard Break Immunity"",""6★: • HP does not drop to 1 or below. Recovers HP by 50% of Max HP when the buff ends."",""6★: • Recovers by an additional 0.5% of Total Instinct. (Up to 100% of HP Recovery) (7 sec.)"",""6★: Cooldown Time 180 seconds""]",9.1 Collector's Vault (General Vault) [6★],Update 9.1.5a,https://thanosvibs.money/images/artifacts/artifact_sabretooth.png,/mff-assets/artifacts/artifactsabretooth.webp,https://thanosvibs.money/api/artifacts
sandman,Immortal Element,Sand Hell,Low,Medium,"[""3★: Applies to: Self"",""3★: • Decreases Basic Damage Received from SUPER HERO faction by 10%, and an additional 0.2% of total Instinct. (Up to 200%)"",""3★: • Increases Max HP by 9%, and an additional 0.1% of total Instinct. (Up to 200%)"",""4★: Applies to: Self"",""4★: • Decreases Basic Damage Received from SUPER HERO faction by 13%, and an additional 0.3% of total Instinct. (Up to 200%)"",""4★: • Increases Max HP by 11%, and an additional 0.1% of total Instinct. (Up to 200%)"",""5★: Applies to: Self"",""5★: • Decreases Basic Damage Received from SUPER HERO faction by 16%, and an additional 0.4% of total Instinct. (Up to 200%)"",""5★: • Increases Max HP by 13%, and an additional 0.1% of total Instinct. (Up to 200%)"",""6★: Applies to: Self"",""6★: • Decreases Basic Damage Received from SUPER HERO faction by 20%, and an additional 0.5% of total Instinct. (Up to 200%)"",""6★: • Increases Max HP by 15%, and an additional 0.1% of total Instinct. (Up to 200%)""]",,Update 7.9.5b,https://thanosvibs.money/images/artifacts/artifact_sandman.png,/mff-assets/artifacts/artifactsandman.webp,https://thanosvibs.money/api/artifacts
satana,Painful Temptation,Angelic Inferno,High,Low,"[""3★: Applies to: Universal Allies"",""3★: • Increases All Basic Attacks by 14%, and an additional 0.2% of total Instinct. (Up to 200%)"",""3★: • Increases Basic Damage Dealt to bosses by 4%, and an additional 0.1% of total Instinct. (Up to 200%)"",""4★: Applies to: Universal Allies"",""4★: • Increases All Basic Attacks by 16%, and an additional 0.3% of total Instinct. (Up to 200%)"",""4★: • Increases Basic Damage Dealt to bosses by 6%, and an additional 0.15% of total Instinct. (Up to 200%)"",""5★: Applies to: Universal Allies"",""5★: • Increases All Basic Attacks by 18%, and an additional 0.4% of total Instinct. (Up to 200%)"",""5★: • Increases Basic Damage Dealt to bosses by 8%, and an additional 0.2% of total Instinct. (Up to 200%)"",""6★: Applies to: Universal Allies"",""6★: • Increases All Basic Attacks by 20%, and an additional 0.5% of total Instinct. (Up to 200%)"",""6★: • Increases Basic Damage Dealt to bosses by 10%, and an additional 0.25% of total Instinct. (Up to 200%)""]",9.9 Collector's Vault (General Vault) [6★],Update 9.9,https://thanosvibs.money/images/artifacts/artifact_satana.png,/mff-assets/artifacts/artifactsatana.webp,https://thanosvibs.money/api/artifacts
scarletspider,Dissociated Power,Lost Self,Medium,Medium,"[""3★: Activation Rate: when debuffed"",""3★: Applies to: Allies with Spider-Sense Ability"",""3★: • 20% chance to ignore all debuffs received, and an additional 0.5% of Total Instinct. (Up to 200%) (9 sec.)"",""3★: • Increases All Basic Attacks by 5%, and an additional 0.2% of total Instinct. (Up to 200%) (9 sec.)"",""3★: Cooldown Time 25 seconds"",""4★: Activation Rate: when debuffed"",""4★: Applies to: Allies with Spider-Sense Ability"",""4★: • 30% chance to ignore all debuffs received, and an additional 0.5% of Total Instinct. (Up to 200%) (11 sec.)"",""4★: • Increases All Basic Attacks by 6.5%, and an additional 0.3% of total Instinct. (Up to 200%) (11 sec.)"",""4★: Cooldown Time 25 seconds"",""5★: Activation Rate: when debuffed"",""5★: Applies to: Allies with Spider-Sense Ability"",""5★: • 40% chance to ignore all debuffs received, and an additional 0.5% of Total Instinct. (Up to 200%) (13 sec.)"",""5★: • Increases All Basic Attacks by 8%, and an additional 0.4% of total Instinct. (Up to 200%) (13 sec.)"",""5★: Cooldown Time 25 seconds"",""6★: Activation Rate: when debuffed"",""6★: Applies to: Allies with Spider-Sense Ability"",""6★: • 50% chance to ignore all debuffs received, and an additional 0.5% of Total Instinct. (Up to 200%) (15 sec.)"",""6★: • Increases All Basic Attacks by 10%, and an additional 0.5% of total Instinct. (Up to 200%) (15 sec.)"",""6★: Cooldown Time 25 seconds""]",8.7 Collector's Vault (General Vault) [6★],Update 8.7.5,https://thanosvibs.money/images/artifacts/artifact_scarletspider.png,/mff-assets/artifacts/artifactscarletspider.webp,https://thanosvibs.money/api/artifacts
scarletwitch,Love and Chaos,Chaos Explosion,High,Low,"[""3★: Applies to: Self"",""3★: • Increases Basic Damage Dealt to SUPER HERO faction by 10%, and an additional 0.2% of total Instinct. (Up to 200%)"",""3★: • Increases Basic Damage Dealt to SUPER VILLAIN faction by 10%, and an additional 0.2% of total Instinct. (Up to 200%)"",""4★: Applies to: Self"",""4★: • Increases Basic Damage Dealt to SUPER HERO faction by 13%, and an additional 0.3% of total Instinct. (Up to 200%)"",""4★: • Increases Basic Damage Dealt to SUPER VILLAIN faction by 13%, and an additional 0.3% of total Instinct. (Up to 200%)"",""5★: Applies to: Self"",""5★: • Increases Basic Damage Dealt to SUPER HERO faction by 16%, and an additional 0.4% of total Instinct. (Up to 200%)"",""5★: • Increases Basic Damage Dealt to SUPER VILLAIN faction by 16%, and an additional 0.4% of total Instinct. (Up to 200%)"",""6★: Applies to: Self"",""6★: • Increases Basic Damage Dealt to SUPER HERO faction by 20%, and an additional 0.5% of total Instinct. (Up to 200%)"",""6★: • Increases Basic Damage Dealt to SUPER VILLAIN faction by 20%, and an additional 0.5% of total Instinct. (Up to 200%)""]",8.0 Collector's Vault (General Vault) [6★],Update 8.0,https://thanosvibs.money/images/artifacts/artifact_scarletwitch.png,/mff-assets/artifacts/artifactscarletwitch.webp,https://thanosvibs.money/api/artifacts
scorpion,Ever-Changing,Ultimate Cruelty,High,Medium,"[""3★: Applies to: Self"",""3★: • Increases All Basic Attacks by 10%, and an additional 0.2% of total Instinct. (Up to 200%)"",""3★: • Increases Max HP by 10%, and an additional 0.2% of total Instinct. (Up to 200%)"",""4★: Applies to: Self"",""4★: • Increases All Basic Attacks by 13%, and an additional 0.3% of total Instinct. (Up to 200%)"",""4★: • Increases Max HP by 13%, and an additional 0.3% of total Instinct. (Up to 200%)"",""5★: Applies to: Self"",""5★: • Increases All Basic Attacks by 16%, and an additional 0.4% of total Instinct. (Up to 200%)"",""5★: • Increases Max HP by 16%, and an additional 0.4% of total Instinct. (Up to 200%)"",""6★: Applies to: Self"",""6★: • Increases All Basic Attacks by 20%, and an additional 0.5% of total Instinct. (Up to 200%)"",""6★: • Increases Max HP by 20%, and an additional 0.5% of total Instinct. (Up to 200%)""]",,Update 9.1,https://thanosvibs.money/images/artifacts/artifact_scorpion.png,/mff-assets/artifacts/artifactscorpion.webp,https://thanosvibs.money/api/artifacts
scream,Silent Screech,Price of Silence,Medium,Low,"[""3★: Applies to: Self"",""3★: • 70% chance to increase Basic Critical Damage by 20% on Critical Attacks, and an additional 0.2% of total Instinct. (Up to 200%)"",""4★: Applies to: Self"",""4★: • 70% chance to increase Basic Critical Damage by 25% on Critical Attacks, and an additional 0.3% of total Instinct. (Up to 200%)"",""5★: Applies to: Self"",""5★: • 80% chance to increase Basic Critical Damage by 30% on Critical Attacks, and an additional 0.4% of total Instinct. (Up to 200%)"",""6★: Applies to: Self"",""6★: • 80% chance to increase Basic Critical Damage by 35% on Critical Attacks, and an additional 0.5% of total Instinct. (Up to 200%)""]",8.4 Collector's Vault (Personal Vault) [4★],Update 8.4,https://thanosvibs.money/images/artifacts/artifact_scream.png,/mff-assets/artifacts/artifactscream.webp,https://thanosvibs.money/api/artifacts
sentinel,Mutant Slaughter Weapon,Mutant Countermeasures,Low,Medium,"[""3★: Applies to: Self"",""3★: • Increases Max HP by 10%, and an additional 0.2% of total Instinct. (Up to 200%)"",""3★: • Ignores Non-Boss enemy Damage Decrease by 15%, and an additional 0.15% of Total Instinct. (Up to 200%)"",""4★: Applies to: Self"",""4★: • Increases Max HP by 13%, and an additional 0.3% of total Instinct. (Up to 200%)"",""4★: • Ignores Non-Boss enemy Damage Decrease by 20%, and an additional 0.2% of Total Instinct. (Up to 200%)"",""5★: Applies to: Self"",""5★: • Increases Max HP by 16%, and an additional 0.4% of total Instinct. (Up to 200%)"",""5★: • Ignores Non-Boss enemy Damage Decrease by 25%, and an additional 0.25% of Total Instinct. (Up to 200%)"",""6★: Applies to: Self"",""6★: • Increases Max HP by 20%, and an additional 0.5% of total Instinct. (Up to 200%)"",""6★: • Ignores Non-Boss enemy Damage Decrease by 30%, and an additional 0.3% of Total Instinct. (Up to 200%)""]",,Update 11.6,https://thanosvibs.money/images/artifacts/artifact_sentinel.png,/mff-assets/artifacts/artifactsentinel.webp,https://thanosvibs.money/api/artifacts
sentry,Life in Death,Light of the Sun,High,High,"[""3★: Applies to: Self"",""3★: • Increases Basic Damage Dealt to SUPER VILLAIN faction by 10%, and an additional 0.2% of total Instinct. (Up to 200%)"",""3★: • Increases Max HP by 10%, and an additional 0.2% of total Instinct. (Up to 200%)"",""4★: Applies to: Self"",""4★: • Increases Basic Damage Dealt to SUPER VILLAIN faction by 13%, and an additional 0.3% of total Instinct. (Up to 200%)"",""4★: • Increases Max HP by 13%, and an additional 0.3% of total Instinct. (Up to 200%)"",""5★: Applies to: Self"",""5★: • Increases Basic Damage Dealt to SUPER VILLAIN faction by 16%, and an additional 0.4% of total Instinct. (Up to 200%)"",""5★: • Increases Max HP by 16%, and an additional 0.4% of total Instinct. (Up to 200%)"",""6★: Applies to: Self"",""6★: • Increases Basic Damage Dealt to SUPER VILLAIN faction by 20%, and an additional 0.5% of total Instinct. (Up to 200%)"",""6★: • Increases Max HP by 20%, and an additional 0.5% of total Instinct. (Up to 200%)""]",10.0 Collector's Vault (General Vault) [6★],Update 10.0,https://thanosvibs.money/images/artifacts/artifact_sentry.png,/mff-assets/artifacts/artifactsentry.webp,https://thanosvibs.money/api/artifacts
sersi,Vision of the Ancients,Eternal Resurrection,Low,High,"[""3★: Activation Rate: when dead"",""3★: Applies to: Self"",""3★: • Revives with 20% of Max HP, increases by an additional 0.5% of total Instinct. (Up to 100%)"",""3★: Cooldown Time 300 seconds"",""4★: Activation Rate: when dead"",""4★: Applies to: Self"",""4★: • Revives with 30% of Max HP, increases by an additional 0.5% of total Instinct. (Up to 100%)"",""4★: Cooldown Time 300 seconds"",""5★: Activation Rate: when dead"",""5★: Applies to: Self"",""5★: • Revives with 40% of Max HP, increases by an additional 0.5% of total Instinct. (Up to 100%)"",""5★: Cooldown Time 300 seconds"",""6★: Activation Rate: when dead"",""6★: Applies to: Self"",""6★: • Revives with 50% of Max HP, increases by an additional 0.5% of total Instinct. (Up to 100%)"",""6★: Cooldown Time 300 seconds""]",Eternals Epic Quest Deluxe Mission (Madness Ensues) [3★],Update 7.5,https://thanosvibs.money/images/artifacts/artifact_sersi.png,/mff-assets/artifacts/artifactsersi.webp,https://thanosvibs.money/api/artifacts
shadowshell,Shadow Shell's Will,Venom Assault,High,Low,"[""3★: Applies to: Self"",""3★: • Ignores target's Dodge Rate by 11%, and an additional 0.2% of Total Instinct. (Up to 200%)"",""3★: • Increases All Basic Attacks by 10%, and an additional 20% of Total Instinct. (Up to 200%)"",""4★: Applies to: Self"",""4★: • Ignores target's Dodge Rate by 14%, and an additional 0.3% of Total Instinct. (Up to 200%)"",""4★: • Increases All Basic Attacks by 13%, and an additional 0.3% of Total Instinct. (Up to 200%)"",""5★: Applies to: Self"",""5★: • Ignores target's Dodge Rate by 17%, and an additional 0.4% of Total Instinct. (Up to 200%)"",""5★: • Increases All Basic Attacks by 16%, and an additional 0.4% of Total Instinct. (Up to 200%)"",""6★: Applies to: Self"",""6★: • Ignores target's Dodge Rate by 20%, and an additional 0.5% of Total Instinct. (Up to 200%)"",""6★: • Increases All Basic Attacks by 20%, and an additional 0.5% of Total Instinct. (Up to 200%)""]",8.7 Collector's Vault (General Vault) [6★],Update 8.7,https://thanosvibs.money/images/artifacts/artifact_shadowshell.png,/mff-assets/artifacts/artifactshadowshell.webp,https://thanosvibs.money/api/artifacts
shangchi,Absolute Strength,Unmatched Will,Medium,Low,"[""3★: Applies to: Self"",""3★: • Ignores target's Dodge Rate by 10%, and an additional 0.2% of total Instinct. (Up to 200%)"",""3★: • Increases All Basic Attacks by 5%, and an additional 0.2% of total Instinct. (Up to 200%)"",""4★: Applies to: Self"",""4★: • Ignores target's Dodge Rate by 15%, and an additional 0.3% of total Instinct. (Up to 200%)"",""4★: • Increases All Basic Attacks by 10%, and an additional 0.3% of total Instinct. (Up to 200%)"",""5★: Applies to: Self"",""5★: • Ignores target's Dodge Rate by 20%, and an additional 0.4% of total Instinct. (Up to 200%)"",""5★: • Increases All Basic Attacks by 15%, and an additional 0.4% of total Instinct. (Up to 200%)"",""6★: Applies to: Self"",""6★: • Ignores target's Dodge Rate by 25%, and an additional 0.5% of total Instinct. (Up to 200%)"",""6★: • Increases All Basic Attacks by 20%, and an additional 0.5% of total Instinct. (Up to 200%)""]","Dimension Rift Clear Reward (Round 2, Legendary / Mythic) [3★] | Dimension Rift Clear Reward (Round 2, Mythic) [4★] | Dimension Rift Progress Reward (Round 2, Legendary / Mythic) [3★] | Dimension Rift Progress Reward (Round 2, Mythic) [4★] | Dimension Rift Daily Progress Completion Reward [3★]",Update 7.5,https://thanosvibs.money/images/artifacts/artifact_shangchi.png,/mff-assets/artifacts/artifactshangchi.webp,https://thanosvibs.money/api/artifacts
shehulk,Courtroom Challenge,Gamma Energy Release,High,Low,"[""3★: Activation Rate: when attacking"",""3★: Applies to: Allies with Gamma Radiation Ability"",""3★: • Increases All Basic Attacks by 3% and an additional 0.1% of total Instinct. (Stacks up to 15%) (27 sec.)"",""3★: Cooldown Time 3 seconds"",""4★: Activation Rate: when attacking"",""4★: Applies to: Allies with Gamma Radiation Ability"",""4★: • Increases All Basic Attacks by 4% and an additional 0.2% of total Instinct. (Stacks up to 20%) (28 sec.)"",""4★: Cooldown Time 3 seconds"",""5★: Activation Rate: when attacking"",""5★: Applies to: Allies with Gamma Radiation Ability"",""5★: • Increases All Basic Attacks by 5% and an additional 0.3% of total Instinct. (Stacks up to 30%) (29 sec.)"",""5★: Cooldown Time 3 seconds"",""6★: Activation Rate: when attacking"",""6★: Applies to: Allies with Gamma Radiation Ability"",""6★: • Increases All Basic Attacks by 6% and an additional 0.4% of total Instinct. (Stacks up to 40%) (30 sec.)"",""6★: Cooldown Time 3 seconds""]",8.3 Collector's Vault (General Vault) [6★],Update 8.3.5b,https://thanosvibs.money/images/artifacts/artifact_shehulk.png,/mff-assets/artifacts/artifactshehulk.webp,https://thanosvibs.money/api/artifacts
shuri,Blossoming Talent,Queen Regent,High,Low,"[""3★: Applies to: Self"",""3★: • Ignores target's Dodge Rate by 10%, and an additional 0.2% of total Instinct. (Up to 200%)"",""3★: • Increases All Basic Attacks by 10%, and an additional 0.2% of total Instinct. (Up to 200%)"",""4★: Applies to: Self"",""4★: • Ignores target's Dodge Rate by 15%, and an additional 0.3% of total Instinct. (Up to 200%)"",""4★: • Increases All Basic Attacks by 13%, and an additional 0.3% of total Instinct. (Up to 200%)"",""5★: Applies to: Self"",""5★: • Ignores target's Dodge Rate by 20%, and an additional 0.4% of total Instinct. (Up to 200%)"",""5★: • Increases All Basic Attacks by 16%, and an additional 0.4% of total Instinct. (Up to 200%)"",""6★: Applies to: Self"",""6★: • Ignores target's Dodge Rate by 25%, and an additional 0.5% of total Instinct. (Up to 200%)"",""6★: • Increases All Basic Attacks by 20%, and an additional 0.5% of total Instinct. (Up to 200%)""]",Legendary Battle Extreme (Black Panther: Wakanda Forever) [4★],Update 8.5,https://thanosvibs.money/images/artifacts/artifact_shuri.png,/mff-assets/artifacts/artifactshuri.webp,https://thanosvibs.money/api/artifacts
sif,Goddess of Victory,Sword of Honor,High,Medium,"[""3★: Applies to: Self"",""3★: • Increases Basic Damage Dealt to SUPER VILLAIN faction by 10%, and an additional 0.2% of total Instinct. (Up to 200%)"",""3★: • Decreases Basic Damage Received from SUPER VILLAIN faction by 10%, and an additional 0.2% of total Instinct. (Up to 200%)"",""4★: Applies to: Self"",""4★: • Increases Basic Damage Dealt to SUPER VILLAIN faction by 13%, and an additional 0.3% of total Instinct. (Up to 200%)"",""4★: • Decreases Basic Damage Received from SUPER VILLAIN faction by 13%, and an additional 0.3% of total Instinct. (Up to 200%)"",""5★: Applies to: Self"",""5★: • Increases Basic Damage Dealt to SUPER VILLAIN faction by 16%, and an additional 0.4% of total Instinct. (Up to 200%)"",""5★: • Decreases Basic Damage Received from SUPER VILLAIN faction by 16%, and an additional 0.4% of total Instinct. (Up to 200%)"",""6★: Applies to: Self"",""6★: • Increases Basic Damage Dealt to SUPER VILLAIN faction by 20%, and an additional 0.5% of total Instinct. (Up to 200%)"",""6★: • Decreases Basic Damage Received from SUPER VILLAIN faction by 20%, and an additional 0.5% of total Instinct. (Up to 200%)""]",,Update 7.6,https://thanosvibs.money/images/artifacts/artifact_sif.png,/mff-assets/artifacts/artifactsif.webp,https://thanosvibs.money/api/artifacts
silversamurai,Silver Shogun,Cursed Blade Muramasa,Medium,Low,"[""3★: Applies to: Self"",""3★: • Ignores Non-Boss enemy Damage Decrease by 15%, and an additional 0.15% of Total Instinct. (Up to 200%)"",""4★: Applies to: Self"",""4★: • Ignores Non-Boss enemy Damage Decrease by 20%, and an additional 0.2% of Total Instinct. (Up to 200%)"",""5★: Applies to: Self"",""5★: • Ignores Non-Boss enemy Damage Decrease by 25%, and an additional 0.25% of Total Instinct. (Up to 200%)"",""6★: Applies to: Self"",""6★: • Ignores Non-Boss enemy Damage Decrease by 30%, and an additional 0.3% of Total Instinct. (Up to 200%)""]",,Update 11.7,https://thanosvibs.money/images/artifacts/artifact_silversamurai.png,/mff-assets/artifacts/artifactsilversamurai.webp,https://thanosvibs.money/api/artifacts
silversurfer,True Power Cosmic,Herald's Perception,High,Low,"[""3★: Applies to: Self"",""3★: • Increases Basic Damage Dealt to SUPER HERO faction by 11%, and an additional 0.2% of total Instinct. (Up to 200%)"",""3★: • Increases Basic Damage Dealt to SUPER VILLAIN faction by 11%, and an additional 0.2% of total Instinct. (Up to 200%)"",""4★: Applies to: Self"",""4★: • Increases Basic Damage Dealt to SUPER HERO faction by 14%, and an additional 0.3% of total Instinct. (Up to 200%)"",""4★: • Increases Basic Damage Dealt to SUPER VILLAIN faction by 14%, and an additional 0.3% of total Instinct. (Up to 200%)"",""5★: Applies to: Self"",""5★: • Increases Basic Damage Dealt to SUPER HERO faction by 17%, and an additional 0.4% of total Instinct. (Up to 200%)"",""5★: • Increases Basic Damage Dealt to SUPER VILLAIN faction by 17%, and an additional 0.4% of total Instinct. (Up to 200%)"",""6★: Applies to: Self"",""6★: • Increases Basic Damage Dealt to SUPER HERO faction by 20%, and an additional 0.5% of total Instinct. (Up to 200%)"",""6★: • Increases Basic Damage Dealt to SUPER VILLAIN faction by 20%, and an additional 0.5% of total Instinct. (Up to 200%)""]",9.8 Collector's Vault (General Vault) [6★],Update 9.8.5,https://thanosvibs.money/images/artifacts/artifact_silversurfer.png,/mff-assets/artifacts/artifactsilversurfer.webp,https://thanosvibs.money/api/artifacts
silversurfershallabal,Keeper of the Great Truth,Cosmic Life Force,Low,High,"[""3★: Activation Rate: when dead"",""3★: Applies to: Self"",""3★: • Revives with 50% of Max HP, increases by an additional 0.5% of total Instinct. (Up to 100%)"",""3★: Cooldown Time 300 seconds"",""4★: Activation Rate: when dead"",""4★: Applies to: Self"",""4★: • Revives with 60% of Max HP, increases by an additional 0.5% of total Instinct. (Up to 100%)"",""4★: Cooldown Time 300 seconds"",""5★: Activation Rate: when dead"",""5★: Applies to: Self"",""5★: • Revives with 70% of Max HP, increases by an additional 0.5% of total Instinct. (Up to 100%)"",""5★: Cooldown Time 300 seconds"",""6★: Activation Rate: when dead"",""6★: Applies to: Self"",""6★: • Revives with 80% of Max HP, increases by an additional 0.5% of total Instinct. (Up to 100%)"",""6★: Cooldown Time 300 seconds""]",,Update 11.1.5,https://thanosvibs.money/images/artifacts/artifact_shallabal.png,/mff-assets/artifacts/artifactshallabal.webp,https://thanosvibs.money/api/artifacts
sin,Descendant of Evil,Frantic Revenge,High,Medium,"[""3★: Applies to: Super Villain Allies"",""3★: • Increases Basic Damage Dealt to SUPER HERO faction by 6%, and an additional 0.2% of total Instinct. (Up to 200%)"",""3★: • Increases Basic Damage Dealt to SUPER VILLAIN faction by 6%, and an additional 0.2% of total Instinct. (Up to 200%)"",""4★: Applies to: Super Villain Allies"",""4★: • Increases Basic Damage Dealt to SUPER HERO faction by 9%, and an additional 0.3% of total Instinct. (Up to 200%)"",""4★: • Increases Basic Damage Dealt to SUPER VILLAIN faction by 9%, and an additional 0.3% of total Instinct. (Up to 200%)"",""5★: Applies to: Super Villain Allies"",""5★: • Increases Basic Damage Dealt to SUPER HERO faction by 12%, and an additional 0.4% of total Instinct. (Up to 200%)"",""5★: • Increases Basic Damage Dealt to SUPER VILLAIN faction by 12%, and an additional 0.4% of total Instinct. (Up to 200%)"",""6★: Applies to: Super Villain Allies"",""6★: • Increases Basic Damage Dealt to SUPER HERO faction by 15%, and an additional 0.5% of total Instinct. (Up to 200%)"",""6★: • Increases Basic Damage Dealt to SUPER VILLAIN faction by 15%, and an additional 0.5% of total Instinct. (Up to 200%)""]",9.4 Collector's Vault (General Vault) [6★],Update 9.4.5,https://thanosvibs.money/images/artifacts/artifact_sin.png,/mff-assets/artifacts/artifactsin.webp,https://thanosvibs.money/api/artifacts
sistergrimm,Mystic Lineage,Power Control,Medium,Low,"[""3★: Applies to: Self"",""3★: • Ignores target's Dodge Rate by 5%, and an additional 0.1% of total Instinct. (Up to 200%)"",""3★: • Increases Basic Damage Dealt to enemies with 50% HP or below by 10%, and an additional 0.2% of total Instinct. (Up to 200%)"",""4★: Applies to: Self"",""4★: • Ignores target's Dodge Rate by 10%, and an additional 0.2% of total Instinct. (Up to 200%)"",""4★: • Increases Basic Damage Dealt to enemies with 50% HP or below by 15%, and an additional 0.3% of total Instinct. (Up to 200%)"",""5★: Applies to: Self"",""5★: • Ignores target's Dodge Rate by 15%, and an additional 0.3% of total Instinct. (Up to 200%)"",""5★: • Increases Basic Damage Dealt to enemies with 50% HP or below by 20%, and an additional 0.4% of total Instinct. (Up to 200%)"",""6★: Applies to: Self"",""6★: • Ignores target's Dodge Rate by 20%, and an additional 0.4% of total Instinct. (Up to 200%)"",""6★: • Increases Basic Damage Dealt to enemies with 50% HP or below by 25%, and an additional 0.5% of total Instinct. (Up to 200%)""]",9.4 Collector's Vault (Personal Vault) [4★],Update 9.4,https://thanosvibs.money/images/artifacts/artifact_sistergrimm.png,/mff-assets/artifacts/artifactsistergrimm.webp,https://thanosvibs.money/api/artifacts
skurge,Bloodaxe,The Last Stand,Medium,Low,"[""3★: Applies to: Self"",""3★: • Increases All Basic Attacks by 10%, and an additional 0.2% of total Instinct. (Up to 200%)"",""4★: Applies to: Self"",""4★: • Increases All Basic Attacks by 15%, and an additional 0.3% of total Instinct. (Up to 200%)"",""5★: Applies to: Self"",""5★: • Increases All Basic Attacks by 20%, and an additional 0.4% of total Instinct. (Up to 200%)"",""6★: Applies to: Self"",""6★: • Increases All Basic Attacks by 25%, and an additional 0.5% of total Instinct. (Up to 200%)""]",,Update 8.2,https://thanosvibs.money/images/artifacts/artifact_skurge.png,/mff-assets/artifacts/artifactskurge.webp,https://thanosvibs.money/api/artifacts
slapstick,Living Comic Book Character,Just Kidding!,Low,Medium,"[""3★: Applies to: Self"",""3★: • 11% chance to Dodge ALL Attacks, and an additional 0.2 of total Instinct. (Up to 200%)"",""4★: Applies to: Self"",""4★: • 14% chance to Dodge ALL Attacks, and an additional 0.3 of total Instinct. (Up to 200%)"",""5★: Applies to: Self"",""5★: • 17% chance to Dodge ALL Attacks, and an additional 0.4 of total Instinct. (Up to 200%)"",""6★: Applies to: Self"",""6★: • 20% chance to Dodge ALL Attacks, and an additional 0.5 of total Instinct. (Up to 200%)""]",,Update 11.3,https://thanosvibs.money/images/artifacts/artifact_slapstick.png,/mff-assets/artifacts/artifactslapstick.webp,https://thanosvibs.money/api/artifacts
sleeper,Symbiote of Justice,Chemical Treatment,Low,High,"[""3★: Activation Rate: when HP is below 25%"",""3★: Applies to: Self"",""3★: • Recovers HP by 40%, and an additional 0.3% of total Instinct. (Up to 200%) (1 sec.)"",""3★: • Increases Max HP by 30%, and an additional 0.1% of total Instinct. (Up to 200%) (15 sec.)"",""3★: Cooldown Time 27 seconds"",""4★: Activation Rate: when HP is below 30%"",""4★: Applies to: Self"",""4★: • Recovers HP by 50%, and an additional 0.3% of total Instinct. (Up to 200%) (1 sec.)"",""4★: • Increases Max HP by 40%, and an additional 0.1% of total Instinct. (Up to 200%) (15 sec.)"",""4★: Cooldown Time 27 seconds"",""5★: Activation Rate: when HP is below 35%"",""5★: Applies to: Self"",""5★: • Recovers HP by 60%, and an additional 0.3% of total Instinct. (Up to 200%) (1 sec.)"",""5★: • Increases Max HP by 50%, and an additional 0.1% of total Instinct. (Up to 200%) (16 sec.)"",""5★: Cooldown Time 27 seconds"",""6★: Activation Rate: when HP is below 40%"",""6★: Applies to: Self"",""6★: • Recovers HP by 70%, and an additional 0.3% of total Instinct. (Up to 200%) (1 sec.)"",""6★: • Increases Max HP by 60%, and an additional 0.1% of total Instinct. (Up to 200%) (16 sec.)"",""6★: Cooldown Time 27 seconds""]",10.5 Collector's Vault (Personal Vault) [4★],Update 10.5,https://thanosvibs.money/images/artifacts/artifact_sleeper.png,/mff-assets/artifacts/artifactsleeper.webp,https://thanosvibs.money/api/artifacts
spectrum,Energy Perception,Maximum Spectrum,High,Medium,"[""3★: Applies to: Self"",""3★: • Increases Basic Damage Dealt to SUPER VILLAIN faction by 6%, and an additional 0.2% of total Instinct. (Up to 200%)"",""3★: • Ignores Non-Boss enemy Damage Decrease by 9%, and an additional 0.1% of Total Instinct. (Up to 200%)"",""4★: Applies to: Self"",""4★: • Increases Basic Damage Dealt to SUPER VILLAIN faction by 9%, and an additional 0.3% of total Instinct. (Up to 200%)"",""4★: • Ignores Non-Boss enemy Damage Decrease by 11%, and an additional 0.15% of Total Instinct. (Up to 200%)"",""5★: Applies to: Self"",""5★: • Increases Basic Damage Dealt to SUPER VILLAIN faction by 12%, and an additional 0.4% of total Instinct. (Up to 200%)"",""5★: • Ignores Non-Boss enemy Damage Decrease by 13%, and an additional 0.2% of Total Instinct. (Up to 200%)"",""6★: Applies to: Self"",""6★: • Increases Basic Damage Dealt to SUPER VILLAIN faction by 15%, and an additional 0.5% of total Instinct. (Up to 200%)"",""6★: • Ignores Non-Boss enemy Damage Decrease by 15%, and an additional 0.25% of Total Instinct. (Up to 200%)""]",Legendary Battle Extreme (The Marvels) [4★],Update 9.5,https://thanosvibs.money/images/artifacts/artifact_spectrum.png,/mff-assets/artifacts/artifactspectrum.webp,https://thanosvibs.money/api/artifacts
spidergwen,Firm Responsibility,Dimension Travel,Low,Medium,"[""3★: Activation Rate: 5% chance when dodging"",""3★: Applies to: Self"",""3★: • Ignores target's Dodge Rate by 14%, and an additional 0.2% of Total Instinct. (Up to 200%) (5 sec.)"",""3★: (20.0% + Total Instinct * 0.2%) chance to activate:"",""3★: • Can attack enemies with Ignore Targeting."",""3★: • Cannot exceed a 100% chance. (5 sec.)"",""3★: Cooldown Time 10 seconds"",""4★: Activation Rate: 10% chance when dodging"",""4★: Applies to: Self"",""4★: • Ignores target's Dodge Rate by 16%, and an additional 0.3% of Total Instinct. (Up to 200%) (5 sec.)"",""4★: (20.0% + Total Instinct * 0.3%) chance to activate:"",""4★: • Can attack enemies with Ignore Targeting."",""4★: • Cannot exceed a 100% chance. (5 sec.)"",""4★: Cooldown Time 10 seconds"",""5★: Activation Rate: 15% chance when dodging"",""5★: Applies to: Self"",""5★: • Ignores target's Dodge Rate by 18%, and an additional 0.4% of Total Instinct. (Up to 200%) (5 sec.)"",""5★: (20.0% + Total Instinct * 0.4%) chance to activate:"",""5★: • Can attack enemies with Ignore Targeting."",""5★: • Cannot exceed a 100% chance. (5 sec.)"",""5★: Cooldown Time 10 seconds"",""6★: Activation Rate: 20% chance when dodging"",""6★: Applies to: Self"",""6★: • Ignores target's Dodge Rate by 20%, and an additional 0.5% of Total Instinct. (Up to 200%) (5 sec.)"",""6★: (20.0% + Total Instinct * 0.5%) chance to activate:"",""6★: • Can attack enemies with Ignore Targeting."",""6★: • Cannot exceed a 100% chance. (5 sec.)"",""6★: Cooldown Time 10 seconds""]",9.1 Collector's Vault (General Vault) [6★],Update 9.1.5b,https://thanosvibs.money/images/artifacts/artifact_spidergwen.png,/mff-assets/artifacts/artifactspidergwen.webp,https://thanosvibs.money/api/artifacts
spiderman,Great Power & Responsibility,Life and Destiny,Low,Medium,"[""3★: Applies to: Self"",""3★: • 11% chance to Dodge ALL Attacks, and an additional 0.2 of total Instinct. (Up to 200%)"",""4★: Applies to: Self"",""4★: • 14% chance to Dodge ALL Attacks, and an additional 0.3 of total Instinct. (Up to 200%)"",""5★: Applies to: Self"",""5★: • 17% chance to Dodge ALL Attacks, and an additional 0.4 of total Instinct. (Up to 200%)"",""6★: Applies to: Self"",""6★: • 20% chance to Dodge ALL Attacks, and an additional 0.5 of total Instinct. (Up to 200%)""]",,Update 7.7,https://thanosvibs.money/images/artifacts/artifact_spiderman.png,/mff-assets/artifacts/artifactspiderman.webp,https://thanosvibs.money/api/artifacts
spidermanmilesmorales,Exaggerated Swagger,Untouchable Arachnid,Low,Medium,"[""3★: Applies to: Self"",""3★: • 11% chance to Dodge ALL Attacks, and an additional 0.2 of total Instinct. (Up to 200%)"",""4★: Applies to: Self"",""4★: • 14% chance to Dodge ALL Attacks, and an additional 0.3 of total Instinct. (Up to 200%)"",""5★: Applies to: Self"",""5★: • 17% chance to Dodge ALL Attacks, and an additional 0.4 of total Instinct. (Up to 200%)"",""6★: Applies to: Self"",""6★: • 20% chance to Dodge ALL Attacks, and an additional 0.5 of total Instinct. (Up to 200%)""]",,Update 8.7,https://thanosvibs.money/images/artifacts/artifact_milesmorales.png,/mff-assets/artifacts/artifactmilesmorales.webp,https://thanosvibs.money/api/artifacts
spiderman2099,Future Warrior,Future Tech,Medium,Low,"[""3★: Applies to: Self"",""3★: • Increases Basic Damage Dealt to ALIEN Characters by 10%, and an additional 0.2% of total Instinct. (Up to 200%)"",""3★: • Increases Basic Damage Dealt to CREATURE Characters by 10%, and an additional 0.2% of total Instinct. (Up to 200%)"",""4★: Applies to: Self"",""4★: • Increases Basic Damage Dealt to ALIEN Characters by 15%, and an additional 0.3% of total Instinct. (Up to 200%)"",""4★: • Increases Basic Damage Dealt to CREATURE Characters by 15%, and an additional 0.3% of total Instinct. (Up to 200%)"",""5★: Applies to: Self"",""5★: • Increases Basic Damage Dealt to ALIEN Characters by 20%, and an additional 0.4% of total Instinct. (Up to 200%)"",""5★: • Increases Basic Damage Dealt to CREATURE Characters by 20%, and an additional 0.4% of total Instinct. (Up to 200%)"",""6★: Applies to: Self"",""6★: • Increases Basic Damage Dealt to ALIEN Characters by 25%, and an additional 0.5% of total Instinct. (Up to 200%)"",""6★: • Increases Basic Damage Dealt to CREATURE Characters by 25%, and an additional 0.5% of total Instinct. (Up to 200%)""]",,Update 9.1,https://thanosvibs.money/images/artifacts/artifact_spiderman2099.png,/mff-assets/artifacts/artifactspiderman2099.webp,https://thanosvibs.money/api/artifacts
spiderwoman,Maternal Love,Bioelectric Discharge,High,Low,"[""3★: Applies to: Self"",""3★: • Increases All Element Damage by 14%, and an additional 0.2% of total Instinct. (Up to 200%)"",""4★: Applies to: Self"",""4★: • Increases All Element Damage by 16%, and an additional 0.3% of total Instinct. (Up to 200%)"",""5★: Applies to: Self"",""5★: • Increases All Element Damage by 18%, and an additional 0.4% of total Instinct. (Up to 200%)"",""6★: Applies to: Self"",""6★: • Increases All Element Damage by 20%, and an additional 0.5% of total Instinct. (Up to 200%)""]",,Update 9.1,https://thanosvibs.money/images/artifacts/artifact_spiderwoman.png,/mff-assets/artifacts/artifactspiderwoman.webp,https://thanosvibs.money/api/artifacts
spot,Black and White,Flabbergasted,Medium,Low,"[""3★: Applies to: Self"",""3★: • Ignores Non-Boss enemy Damage Decrease by 10%, and an additional 0.1% of Total Instinct. (Up to 200%)"",""4★: Applies to: Self"",""4★: • Ignores Non-Boss enemy Damage Decrease by 15%, and an additional 0.15% of Total Instinct. (Up to 200%)"",""5★: Applies to: Self"",""5★: • Ignores Non-Boss enemy Damage Decrease by 20%, and an additional 0.2% of Total Instinct. (Up to 200%)"",""6★: Applies to: Self"",""6★: • Ignores Non-Boss enemy Damage Decrease by 25%, and an additional 0.25% of Total Instinct. (Up to 200%)""]",9.1 Collector's Vault (Personal Vault) [4★],Update 9.1,https://thanosvibs.money/images/artifacts/artifact_spot.png,/mff-assets/artifacts/artifactspot.webp,https://thanosvibs.money/api/artifacts
squirrelgirl,Fated Victory,Furry Fighter,High,Low,"[""3★: Applies to: Self"",""3★: • Ignores target's Dodge Rate by 8%, and an additional 0.2% of total Instinct. (Up to 200%)"",""3★: • Increases Basic Damage Dealt to bosses by 8%, and an additional 0.1% of total Instinct. (Up to 200%)"",""4★: Applies to: Self"",""4★: • Ignores target's Dodge Rate by 10%, and an additional 0.3% of total Instinct. (Up to 200%)"",""4★: • Increases Basic Damage Dealt to bosses by 10%, and an additional 0.15% of total Instinct. (Up to 200%)"",""5★: Applies to: Self"",""5★: • Ignores target's Dodge Rate by 12%, and an additional 0.4% of total Instinct. (Up to 200%)"",""5★: • Increases Basic Damage Dealt to bosses by 12%, and an additional 0.2% of total Instinct. (Up to 200%)"",""6★: Applies to: Self"",""6★: • Ignores target's Dodge Rate by 15%, and an additional 0.5% of total Instinct. (Up to 200%)"",""6★: • Increases Basic Damage Dealt to bosses by 15%, and an additional 0.25% of total Instinct. (Up to 200%)""]",,Update 8.9.5a,https://thanosvibs.money/images/artifacts/artifact_squirrelgirl.png,/mff-assets/artifacts/artifactsquirrelgirl.webp,https://thanosvibs.money/api/artifacts
starlord,Legendary Hero,Spartax Pedigree,Medium,Low,"[""3★: Applies to: Self"",""3★: • Decreases Basic Damage Received from SUPER VILLAIN faction by 10%, and an additional 0.2% of total Instinct. (Up to 200%)"",""3★: • Increases Basic Damage Dealt to ALIEN Characters by 10%, and an additional 0.2% of total Instinct. (Up to 200%)"",""4★: Applies to: Self"",""4★: • Decreases Basic Damage Received from SUPER VILLAIN faction by 13%, and an additional 0.3% of total Instinct. (Up to 200%)"",""4★: • Increases Basic Damage Dealt to ALIEN Characters by 15%, and an additional 0.3% of total Instinct. (Up to 200%)"",""5★: Applies to: Self"",""5★: • Decreases Basic Damage Received from SUPER VILLAIN faction by 16%, and an additional 0.4% of total Instinct. (Up to 200%)"",""5★: • Increases Basic Damage Dealt to ALIEN Characters by 20%, and an additional 0.4% of total Instinct. (Up to 200%)"",""6★: Applies to: Self"",""6★: • Decreases Basic Damage Received from SUPER VILLAIN faction by 20%, and an additional 0.5% of total Instinct. (Up to 200%)"",""6★: • Increases Basic Damage Dealt to ALIEN Characters by 25%, and an additional 0.5% of total Instinct. (Up to 200%)""]",9.0 Collector's Vault (Personal Vault) [4★],Update 9.0,https://thanosvibs.money/images/artifacts/artifact_starlord.png,/mff-assets/artifacts/artifactstarlord.webp,https://thanosvibs.money/api/artifacts
storm,Regent of Mars,Complete Weather Control,High,Low,"[""3★: Applies to: Self"",""3★: • Increases All Element Damage by 14%, and an additional 0.2% of total Instinct. (Up to 200%)"",""4★: Applies to: Self"",""4★: • Increases All Element Damage by 16%, and an additional 0.3% of total Instinct. (Up to 200%)"",""5★: Applies to: Self"",""5★: • Increases All Element Damage by 18%, and an additional 0.4% of total Instinct. (Up to 200%)"",""6★: Applies to: Self"",""6★: • Increases All Element Damage by 20%, and an additional 0.5% of total Instinct. (Up to 200%)""]",8.2 Collector's Vault (General Vault) [6★],Update 8.2.5,https://thanosvibs.money/images/artifacts/artifact_storm.png,/mff-assets/artifacts/artifactstorm.webp,https://thanosvibs.money/api/artifacts
stryfe,Limit Breaker,Cloned Healing,Medium,High,"[""3★: Activation Rate: when HP is below 99%"",""3★: Applies to: Self"",""3★: • Recovers HP by 1%, and an additional 0.1% of total Instinct. (Up to 200%) (1 sec.)"",""3★: Cooldown Time 1 second"",""4★: Activation Rate: when HP is below 99%"",""4★: Applies to: Self"",""4★: • Recovers HP by 1.5%, and an additional 0.1% of total Instinct. (Up to 200%) (1 sec.)"",""4★: Cooldown Time 1 second"",""5★: Activation Rate: when HP is below 99%"",""5★: Applies to: Self"",""5★: • Recovers HP by 2%, and an additional 0.1% of total Instinct. (Up to 200%) (1 sec.)"",""5★: Cooldown Time 1 second"",""6★: Activation Rate: when HP is below 99%"",""6★: Applies to: Self"",""6★: • Recovers HP by 2.5%, and an additional 0.1% of total Instinct. (Up to 200%) (1 sec.)"",""6★: Cooldown Time 1 second""]",9.3 Collector's Vault (General Vault) [6★],Update 9.3,https://thanosvibs.money/images/artifacts/artifact_stryfe.png,/mff-assets/artifacts/artifactstryfe.webp,https://thanosvibs.money/api/artifacts
sunbird,Will of the Sun,Wrath of the Sun,Low,High,"[""3★: Applies to: Allies with Warriors of the Sky Ability"",""3★: • Decreases Basic Damage Received from SUPER VILLAIN faction by 10%, and an additional 0.2% of total Instinct. (Up to 200%)"",""3★: • Increases HP by 10%, and an additional 0.1% of total Instinct. (Up to 200%)"",""4★: Applies to: Allies with Warriors of the Sky Ability"",""4★: • Decreases Basic Damage Received from SUPER VILLAIN faction by 13%, and an additional 0.3% of total Instinct. (Up to 200%)"",""4★: • Increases HP by 13%, and an additional 0.2% of total Instinct. (Up to 200%)"",""5★: Applies to: Allies with Warriors of the Sky Ability"",""5★: • Decreases Basic Damage Received from SUPER VILLAIN faction by 16%, and an additional 0.4% of total Instinct. (Up to 200%)"",""5★: • Increases HP by 16%, and an additional 0.3% of total Instinct. (Up to 200%)"",""6★: Applies to: Allies with Warriors of the Sky Ability"",""6★: • Decreases Basic Damage Received from SUPER VILLAIN faction by 20%, and an additional 0.5% of total Instinct. (Up to 200%)"",""6★: • Increases HP by 20%, and an additional 0.4% of total Instinct. (Up to 200%)""]",8.3 Collector's Vault (General Vault) [6★],Update 8.3.5a,https://thanosvibs.money/images/artifacts/artifact_sunbird.png,/mff-assets/artifacts/artifactsunbird.webp,https://thanosvibs.money/api/artifacts
sunspot,Solar,Sun of Justice,High,Low,"[""3★: Applies to: Self"",""3★: • Increases Basic Damage Dealt to SUPER VILLAIN faction by [P1]%, and an additional [P2]% of total Instinct. (Up to 200%)"",""4★: Applies to: Self"",""4★: • Increases Basic Damage Dealt to SUPER VILLAIN faction by [P1]%, and an additional [P2]% of total Instinct. (Up to 200%)"",""5★: Applies to: Self"",""5★: • Increases Basic Damage Dealt to SUPER VILLAIN faction by [P1]%, and an additional [P2]% of total Instinct. (Up to 200%)"",""6★: Applies to: Self"",""6★: • Increases Basic Damage Dealt to SUPER VILLAIN faction by 25%, and an additional 0.5% of total Instinct. (Up to 200%)""]",,Update 11.0,https://thanosvibs.money/images/artifacts/artifact_sunspot.png,/mff-assets/artifacts/artifactsunspot.webp,https://thanosvibs.money/api/artifacts
swordmaster,Sword of Judgement,Sword of Heroes,Low,High,"[""3★: Activation Rate: 20% chance when attacking"",""3★: Applies to: Self"",""3★: (20.0% + Total Instinct * 0.2%) chance to activate:"",""3★: • Can attack enemies with Ignore Targeting."",""3★: • Cannot exceed a 100% chance. (5 sec.)"",""3★: • Increases All Basic Attacks by 3%, and an additional 0.2% of total Instinct. (Up to 200%) (5 sec.)"",""3★: Cooldown Time 16 seconds"",""4★: Activation Rate: 20% chance when attacking"",""4★: Applies to: Self"",""4★: (20.0% + Total Instinct * 0.3%) chance to activate:"",""4★: • Can attack enemies with Ignore Targeting."",""4★: • Cannot exceed a 100% chance. (6 sec.)"",""4★: • Increases All Basic Attacks by 6%, and an additional 0.3% of total Instinct. (Up to 200%) (6 sec.)"",""4★: Cooldown Time 16 seconds"",""5★: Activation Rate: 20% chance when attacking"",""5★: Applies to: Self"",""5★: (20.0% + Total Instinct * 0.4%) chance to activate:"",""5★: • Can attack enemies with Ignore Targeting."",""5★: • Cannot exceed a 100% chance. (7 sec.)"",""5★: • Increases All Basic Attacks by 9%, and an additional 0.4% of total Instinct. (Up to 200%) (7 sec.)"",""5★: Cooldown Time 16 seconds"",""6★: Activation Rate: 20% chance when attacking"",""6★: Applies to: Self"",""6★: (20.0% + Total Instinct * 0.5%) chance to activate:"",""6★: • Can attack enemies with Ignore Targeting."",""6★: • Cannot exceed a 100% chance. (8 sec.)"",""6★: • Increases All Basic Attacks by 12%, and an additional 0.5% of total Instinct. (Up to 200%) (8 sec.)"",""6★: Cooldown Time 16 seconds""]",,Update 7.5,https://thanosvibs.money/images/artifacts/artifact_swordmaster.png,/mff-assets/artifacts/artifactswordmaster.webp,https://thanosvibs.money/api/artifacts
sylvie,Tenacious Goddess,Quest for Home,Low,Medium,"[""3★: Applies to: Self"",""3★: • Ignores Non-Boss enemy Damage Decrease by 10%, and an additional 0.1% of Total Instinct. (Up to 200%)"",""4★: Applies to: Self"",""4★: • Ignores Non-Boss enemy Damage Decrease by 15%, and an additional 0.15% of Total Instinct. (Up to 200%)"",""5★: Applies to: Self"",""5★: • Ignores Non-Boss enemy Damage Decrease by 20%, and an additional 0.2% of Total Instinct. (Up to 200%)"",""6★: Applies to: Self"",""6★: • Ignores Non-Boss enemy Damage Decrease by 25%, and an additional 0.25% of Total Instinct. (Up to 200%)""]",,Update 9.5.5,https://thanosvibs.money/images/artifacts/artifact_sylvie.png,/mff-assets/artifacts/artifactsylvie.webp,https://thanosvibs.money/api/artifacts
taskmaster,Tasky,passivenamehere,Medium,Low,"[""3★: Activation Rate: when attacking"",""3★: Applies to: Self"",""3★: • Increases Basic Damage by 0.2% per 1% of Critical Rate regardless of Guaranteed Critical Rate, and an additional 0.5% of Total Instinct (up to 20%) (9 sec.)"",""3★: Cooldown Time 15 seconds"",""4★: Activation Rate: when attacking"",""4★: Applies to: Self"",""4★: • Increases Basic Damage by 0.2% per 1% of Critical Rate regardless of Guaranteed Critical Rate, and an additional 0.6% of Total Instinct (up to 25%) (9 sec.)"",""4★: Cooldown Time 15 seconds"",""5★: Activation Rate: when attacking"",""5★: Applies to: Self"",""5★: • Increases Basic Damage by 0.2% per 1% of Critical Rate regardless of Guaranteed Critical Rate, and an additional 0.7% of Total Instinct (up to 30%) (10 sec.)"",""5★: Cooldown Time 15 seconds"",""6★: Activation Rate: when attacking"",""6★: Applies to: Self"",""6★: • Increases Basic Damage by 0.2% per 1% of Critical Rate regardless of Guaranteed Critical Rate, and an additional 0.8% of Total Instinct (up to 35%) (10 sec.)"",""6★: Cooldown Time 15 seconds""]",,Update 10.9.5,https://thanosvibs.money/images/artifacts/artifact_taskmaster.png,/mff-assets/artifacts/artifacttaskmaster.webp,https://thanosvibs.money/api/artifacts
thane,Unstable Force,Slayer's Son,Low,Medium,"[""3★: Applies to: Self"",""3★: • Ignores Non-Boss enemy Damage Decrease by 10%, and an additional 0.15% of Total Instinct. (Up to 200%)"",""4★: Applies to: Self"",""4★: • Ignores Non-Boss enemy Damage Decrease by 15%, and an additional 0.2% of Total Instinct. (Up to 200%)"",""5★: Applies to: Self"",""5★: • Ignores Non-Boss enemy Damage Decrease by 20%, and an additional 0.25% of Total Instinct. (Up to 200%)"",""6★: Applies to: Self"",""6★: • Ignores Non-Boss enemy Damage Decrease by 25%, and an additional 0.3% of Total Instinct. (Up to 200%)""]",,Update 9.9.5a,https://thanosvibs.money/images/artifacts/artifact_thane.png,/mff-assets/artifacts/artifactthane.webp,https://thanosvibs.money/api/artifacts
thanos,Ruler of the Universe,Dark Titan's Command,Medium,Low,"[""3★: Applies to: Self"",""3★: • Increases Basic Damage Dealt to SUPER HERO faction by 11%, and an additional 0.2% of total Instinct. (Up to 200%)"",""3★: • Increases Basic Damage Dealt to SUPER VILLAIN faction by 11%, and an additional 0.2% of total Instinct. (Up to 200%)"",""3★: • Increases HP by 9%, and an additional 0.1% of total Instinct. (Up to 200%)"",""4★: Applies to: Self"",""4★: • Increases Basic Damage Dealt to SUPER HERO faction by 14%, and an additional 0.3% of total Instinct. (Up to 200%)"",""4★: • Increases Basic Damage Dealt to SUPER VILLAIN faction by 14%, and an additional 0.3% of total Instinct. (Up to 200%)"",""4★: • Increases HP by 11%, and an additional 0.2% of total Instinct. (Up to 200%)"",""5★: Applies to: Self"",""5★: • Increases Basic Damage Dealt to SUPER HERO faction by 17%, and an additional 0.4% of total Instinct. (Up to 200%)"",""5★: • Increases Basic Damage Dealt to SUPER VILLAIN faction by 17%, and an additional 0.4% of total Instinct. (Up to 200%)"",""5★: • Increases HP by 13%, and an additional 0.3% of total Instinct. (Up to 200%)"",""6★: Applies to: Self"",""6★: • Increases Basic Damage Dealt to SUPER HERO faction by 20%, and an additional 0.5% of total Instinct. (Up to 200%)"",""6★: • Increases Basic Damage Dealt to SUPER VILLAIN faction by 20%, and an additional 0.5% of total Instinct. (Up to 200%)"",""6★: • Increases HP by 15%, and an additional 0.4% of total Instinct. (Up to 200%)""]",8.9 Collector's Vault (General Vault) [6★] | 9.9 Collector's Vault (General Vault) [6★],Update 7.8,https://thanosvibs.money/images/artifacts/artifact_thanos.png,/mff-assets/artifacts/artifactthanos.webp,https://thanosvibs.money/api/artifacts
thehood,Lord Hood,Witnesses Elimination,Medium,Low,"[""3★: Applies to: Self"",""3★: • Increases Basic Damage Dealt to enemies with 50% HP or below by 10%, and an additional 0.2% of total Instinct. (Up to 200%)"",""4★: Applies to: Self"",""4★: • Increases Basic Damage Dealt to enemies with 50% HP or below by 15%, and an additional 0.3% of total Instinct. (Up to 200%)"",""5★: Applies to: Self"",""5★: • Increases Basic Damage Dealt to enemies with 50% HP or below by 20%, and an additional 0.4% of total Instinct. (Up to 200%)"",""6★: Applies to: Self"",""6★: • Increases Basic Damage Dealt to enemies with 50% HP or below by 25%, and an additional 0.5% of total Instinct. (Up to 200%)""]",,Update 11.0.5b,https://thanosvibs.money/images/artifacts/artifact_thehood.png,/mff-assets/artifacts/artifactthehood.webp,https://thanosvibs.money/api/artifacts
thething,Cosmic Vanguard,Break Everything!,High,Low,"[""3★: Applies to: Self"",""3★: • Increases Basic Damage Dealt to SUPER HERO faction by 11%, and an additional 0.2% of total Instinct. (Up to 200%)"",""3★: • Increases Basic Damage Dealt to SUPER VILLAIN faction by 11%, and an additional 0.2% of total Instinct. (Up to 200%)"",""4★: Applies to: Self"",""4★: • Increases Basic Damage Dealt to SUPER HERO faction by 14%, and an additional 0.3% of total Instinct. (Up to 200%)"",""4★: • Increases Basic Damage Dealt to SUPER VILLAIN faction by 14%, and an additional 0.3% of total Instinct. (Up to 200%)"",""5★: Applies to: Self"",""5★: • Increases Basic Damage Dealt to SUPER HERO faction by 17%, and an additional 0.4% of total Instinct. (Up to 200%)"",""5★: • Increases Basic Damage Dealt to SUPER VILLAIN faction by 17%, and an additional 0.4% of total Instinct. (Up to 200%)"",""6★: Applies to: Self"",""6★: • Increases Basic Damage Dealt to SUPER HERO faction by 20%, and an additional 0.5% of total Instinct. (Up to 200%)"",""6★: • Increases Basic Damage Dealt to SUPER VILLAIN faction by 20%, and an additional 0.5% of total Instinct. (Up to 200%)""]",,Update 10.1.5a,https://thanosvibs.money/images/artifacts/artifact_thing.png,/mff-assets/artifacts/artifactthing.webp,https://thanosvibs.money/api/artifacts
thena,Cosmic Arsenal,Eternal Spear,High,Low,"[""3★: Applies to: Self"",""3★: • Ignores target's Dodge Rate by 10%, and an additional 0.2% of total Instinct. (Up to 200%)"",""3★: • Increases Basic Damage Dealt to SUPER VILLAIN faction by 10%, and an additional 0.2% of total Instinct. (Up to 200%)"",""4★: Applies to: Self"",""4★: • Ignores target's Dodge Rate by 15%, and an additional 0.3% of total Instinct. (Up to 200%)"",""4★: • Increases Basic Damage Dealt to SUPER VILLAIN faction by 13%, and an additional 0.3% of total Instinct. (Up to 200%)"",""5★: Applies to: Self"",""5★: • Ignores target's Dodge Rate by 20%, and an additional 0.4% of total Instinct. (Up to 200%)"",""5★: • Increases Basic Damage Dealt to SUPER VILLAIN faction by 16%, and an additional 0.4% of total Instinct. (Up to 200%)"",""6★: Applies to: Self"",""6★: • Ignores target's Dodge Rate by 25%, and an additional 0.5% of total Instinct. (Up to 200%)"",""6★: • Increases Basic Damage Dealt to SUPER VILLAIN faction by 20%, and an additional 0.5% of total Instinct. (Up to 200%)""]",Eternals Epic Quest Deluxe Mission (Shock and Awe) [3★],Update 7.6,https://thanosvibs.money/images/artifacts/artifact_thena.png,/mff-assets/artifacts/artifactthena.webp,https://thanosvibs.money/api/artifacts
thor,Mark of the Odinson,Asgard's Protector,Medium,Low,"[""3★: Applies to: Self"",""3★: • Increases Lightning Damage by 15% of Lightning Resist, and an additional 0.2% of total Instinct. (Up to 200%)"",""3★: • Increases Basic Damage Dealt to SUPER VILLAIN faction by 5%, and an additional 0.2% of total Instinct. (Up to 200%)"",""4★: Applies to: Self"",""4★: • Increases Lightning Damage by 20% of Lightning Resist, and an additional 0.3% of total Instinct. (Up to 200%)"",""4★: • Increases Basic Damage Dealt to SUPER VILLAIN faction by 8%, and an additional 0.3% of total Instinct. (Up to 200%)"",""5★: Applies to: Self"",""5★: • Increases Lightning Damage by 25% of Lightning Resist, and an additional 0.4% of total Instinct. (Up to 200%)"",""5★: • Increases Basic Damage Dealt to SUPER VILLAIN faction by 11%, and an additional 0.4% of total Instinct. (Up to 200%)"",""6★: Applies to: Self"",""6★: • Increases Lightning Damage by 30% of Lightning Resist, and an additional 0.5% of total Instinct. (Up to 200%)"",""6★: • Increases Basic Damage Dealt to SUPER VILLAIN faction by 15%, and an additional 0.5% of total Instinct. (Up to 200%)""]",Legendary Battle Extreme (Thor: Love and Thunder) [4★] | 10.0 Collector's Vault (Personal Vault) [4★],Update 8.2,https://thanosvibs.money/images/artifacts/artifact_thor.png,/mff-assets/artifacts/artifactthor.webp,https://thanosvibs.money/api/artifacts
thorjanefoster,Hero's Secret,Will of the Worthy,High,Low,"[""3★: Applies to: Self"",""3★: Increases Basic Damage Dealt to enemies with 50% HP or higher by 10%, and an additional 0.2% of total Instinct. (Up to 200%)"",""4★: Applies to: Self"",""4★: Increases Basic Damage Dealt to enemies with 50% HP or higher by 15%, and an additional 0.3% of total Instinct. (Up to 200%)"",""5★: Applies to: Self"",""5★: Increases Basic Damage Dealt to enemies with 50% HP or higher by 20%, and an additional 0.4% of total Instinct. (Up to 200%)"",""6★: Applies to: Self"",""6★: Increases Basic Damage Dealt to enemies with 50% HP or higher by 25%, and an additional 0.5% of total Instinct. (Up to 200%)""]",8.2 Collector's Vault (Personal Vault) [4★],Update 8.2,https://thanosvibs.money/images/artifacts/artifact_janefoster.png,/mff-assets/artifacts/artifactjanefoster.webp,https://thanosvibs.money/api/artifacts
titania,Pursuit of Power,Body Building,Low,Medium,"[""3★: Applies to: Self"",""3★: • Ignores Non-Boss enemy Damage Decrease by 15%, and an additional 0.15% of Total Instinct. (Up to 200%)"",""4★: Applies to: Self"",""4★: • Ignores Non-Boss enemy Damage Decrease by 20%, and an additional 0.2% of Total Instinct. (Up to 200%)"",""5★: Applies to: Self"",""5★: • Ignores Non-Boss enemy Damage Decrease by 25%, and an additional 0.25% of Total Instinct. (Up to 200%)"",""6★: Applies to: Self"",""6★: • Ignores Non-Boss enemy Damage Decrease by 30%, and an additional 0.3% of Total Instinct. (Up to 200%)""]",,Update 8.3,https://thanosvibs.money/images/artifacts/artifact_titania.png,/mff-assets/artifacts/artifacttitania.webp,https://thanosvibs.money/api/artifacts
toxin,Twisted Lineage,Legacy's Power,Medium,Low,"[""3★: Applies to: Self"",""3★: • Ignores target's Dodge Rate by 10%, and an additional 0.2% of total Instinct. (Up to 200%)"",""3★: • Increases All Basic Attacks by 10%, and an additional 0.2% of total Instinct. (Up to 200%)"",""4★: Applies to: Self"",""4★: • Ignores target's Dodge Rate by 15%, and an additional 0.3% of total Instinct. (Up to 200%)"",""4★: • Increases All Basic Attacks by 13%, and an additional 0.3% of total Instinct. (Up to 200%)"",""5★: Applies to: Self"",""5★: • Ignores target's Dodge Rate by 20%, and an additional 0.4% of total Instinct. (Up to 200%)"",""5★: • Increases All Basic Attacks by 16%, and an additional 0.4% of total Instinct. (Up to 200%)"",""6★: Applies to: Self"",""6★: • Ignores target's Dodge Rate by 25%, and an additional 0.5% of total Instinct. (Up to 200%)"",""6★: • Increases All Basic Attacks by 20%, and an additional 0.5% of total Instinct. (Up to 200%)""]",,Update 8.4,https://thanosvibs.money/images/artifacts/artifact_toxin.png,/mff-assets/artifacts/artifacttoxin.webp,https://thanosvibs.money/api/artifacts
usagent,Super-Patriot,Patriotic Devotion,Medium,Low,"[""3★: Applies to: Self"",""3★: • Increases All Basic Attacks by 10%, and an additional 0.2% of total Instinct. (Up to 200%)"",""3★: • Ignores Non-Boss enemy Damage Decrease by 11%, and an additional 0.1% of Total Instinct. (Up to 200%)"",""4★: Applies to: Self"",""4★: • Increases All Basic Attacks by 13%, and an additional 0.3% of total Instinct. (Up to 200%)"",""4★: • Ignores Non-Boss enemy Damage Decrease by 14%, and an additional 0.13% of Total Instinct. (Up to 200%)"",""5★: Applies to: Self"",""5★: • Increases All Basic Attacks by 16%, and an additional 0.4% of total Instinct. (Up to 200%)"",""5★: • Ignores Non-Boss enemy Damage Decrease by 17%, and an additional 0.16% of Total Instinct. (Up to 200%)"",""6★: Applies to: Self"",""6★: • Increases All Basic Attacks by 20%, and an additional 0.5% of total Instinct. (Up to 200%)"",""6★: • Ignores Non-Boss enemy Damage Decrease by 20%, and an additional 0.2% of Total Instinct. (Up to 200%)""]",,Update 10.9,https://thanosvibs.money/images/artifacts/artifact_usagent.png,/mff-assets/artifacts/artifactusagent.webp,https://thanosvibs.money/api/artifacts
ulik,Troll's Madness,Law of the Wild,Low,High,"[""3★: Activation Rate: when HP is below 25%"",""3★: Applies to: Self"",""3★: • Recovers HP by 50%, and an additional 0.3% of total Instinct. (Up to 200%) (1 sec.)"",""3★: • Increases Max HP by 45%, and an additional 0.1% of total Instinct. (Up to 200%) (15 sec.)"",""3★: Cooldown Time 27 seconds"",""4★: Activation Rate: when HP is below 30%"",""4★: Applies to: Self"",""4★: • Recovers HP by 60%, and an additional 0.3% of total Instinct. (Up to 200%) (1 sec.)"",""4★: • Increases Max HP by 55%, and an additional 0.1% of total Instinct. (Up to 200%) (15 sec.)"",""4★: Cooldown Time 27 seconds"",""5★: Activation Rate: when HP is below 35%"",""5★: Applies to: Self"",""5★: • Recovers HP by 70%, and an additional 0.3% of total Instinct. (Up to 200%) (1 sec.)"",""5★: • Increases Max HP by 65%, and an additional 0.1% of total Instinct. (Up to 200%) (16 sec.)"",""5★: Cooldown Time 27 seconds"",""6★: Activation Rate: when HP is below 40%"",""6★: Applies to: Self"",""6★: • Recovers HP by 80%, and an additional 0.3% of total Instinct. (Up to 200%) (1 sec.)"",""6★: • Increases Max HP by 75%, and an additional 0.1% of total Instinct. (Up to 200%) (16 sec.)"",""6★: Cooldown Time 27 seconds""]",,Update 9.2,https://thanosvibs.money/images/artifacts/artifact_ulik.png,/mff-assets/artifacts/artifactulik.webp,https://thanosvibs.money/api/artifacts
ultron,Ultimate Lifeform,Rise of the Machine,Medium,Medium,"[""3★: Activation Rate: 15% chance when attacking"",""3★: Applies to: Self"",""3★: (15.0% + Total Instinct * 0.15%) chance to activate:"",""3★: • Can attack enemies with Ignore Targeting."",""3★: • Cannot exceed a 100% chance. (4 sec.)"",""3★: • Increases All Basic Attacks by 15%, and an additional 0.2% of total Instinct. (Up to 200%) (4 sec.)"",""3★: Cooldown Time 10 seconds"",""4★: Activation Rate: 15% chance when attacking"",""4★: Applies to: Self"",""4★: (15.0% + Total Instinct * 0.2%) chance to activate:"",""4★: • Can attack enemies with Ignore Targeting."",""4★: • Cannot exceed a 100% chance. (4 sec.)"",""4★: • Increases All Basic Attacks by 20%, and an additional 0.3% of total Instinct. (Up to 200%) (4 sec.)"",""4★: Cooldown Time 10 seconds"",""5★: Activation Rate: 15% chance when attacking"",""5★: Applies to: Self"",""5★: (15.0% + Total Instinct * 0.25%) chance to activate:"",""5★: • Can attack enemies with Ignore Targeting."",""5★: • Cannot exceed a 100% chance. (4 sec.)"",""5★: • Increases All Basic Attacks by 25%, and an additional 0.4% of total Instinct. (Up to 200%) (4 sec.)"",""5★: Cooldown Time 9 seconds"",""6★: Activation Rate: 15% chance when attacking"",""6★: Applies to: Self"",""6★: (15.0% + Total Instinct * 0.3%) chance to activate:"",""6★: • Can attack enemies with Ignore Targeting."",""6★: • Cannot exceed a 100% chance. (4 sec.)"",""6★: • Increases All Basic Attacks by 30%, and an additional 0.5% of total Instinct. (Up to 200%) (4 sec.)"",""6★: Cooldown Time 9 seconds""]","World Boss Legend First Clear Reward (Infinity Ultron Stage 10, 20, 30) [4★] | World Boss Legend First Clear Reward (Infinity Ultron Stage 40, 50, 60) [5★] | World Boss Legend First Clear Reward (Infinity Ultron Stage 70, 80, 90) [6★]",Update 7.8,https://thanosvibs.money/images/artifacts/artifact_ultron.png,/mff-assets/artifacts/artifactultron.webp,https://thanosvibs.money/api/artifacts
ulyssesklaue,Master of Sound,Painful Sonic Waves,High,Low,"[""3★: Applies to: Self"",""3★: • Ignores target's Dodge Rate by 8%, and an additional 0.2% of total Instinct. (Up to 200%)"",""3★: • Increases All Basic Attacks by 5%, and an additional 0.2% of total Instinct. (Up to 200%)"",""4★: Applies to: Self"",""4★: • Ignores target's Dodge Rate by 12%, and an additional 0.3% of total Instinct. (Up to 200%)"",""4★: • Increases All Basic Attacks by 10%, and an additional 0.3% of total Instinct. (Up to 200%)"",""5★: Applies to: Self"",""5★: • Ignores target's Dodge Rate by 16%, and an additional 0.4% of total Instinct. (Up to 200%)"",""5★: • Increases All Basic Attacks by 15%, and an additional 0.4% of total Instinct. (Up to 200%)"",""6★: Applies to: Self"",""6★: • Ignores target's Dodge Rate by 20%, and an additional 0.5% of total Instinct. (Up to 200%)"",""6★: • Increases All Basic Attacks by 20%, and an additional 0.5% of total Instinct. (Up to 200%)""]",,Update 12.1,https://thanosvibs.money/images/artifacts/artifact_ulyssesklaue.png,/mff-assets/artifacts/artifactulyssesklaue.webp,https://thanosvibs.money/api/artifacts
valeriarichards,Inherited Intellect,Family Unity,High,Low,"[""3★: Applies to: Fantastic Four Allies"",""3★: • Increases Basic Damage Dealt to SUPER VILLAIN faction by 8%, and an additional 0.2% of total Instinct. (Up to 200%)"",""3★: • Increases All Basic Attacks by 5%, and an additional 0.2% of total Instinct. (Up to 200%)"",""3★: • Increases Basic Damage Dealt to bosses by 10%, and an additional 0.1% of total Instinct. (Up to 200%)"",""4★: Applies to: Fantastic Four Allies"",""4★: • Increases Basic Damage Dealt to SUPER VILLAIN faction by 12%, and an additional 0.2% of total Instinct. (Up to 200%)"",""4★: • Increases All Basic Attacks by 8%, and an additional 0.3% of total Instinct. (Up to 200%)"",""4★: • Increases Basic Damage Dealt to bosses by 13%, and an additional 0.15% of total Instinct. (Up to 200%)"",""5★: Applies to: Fantastic Four Allies"",""5★: • Increases Basic Damage Dealt to SUPER VILLAIN faction by 16%, and an additional 0.2% of total Instinct. (Up to 200%)"",""5★: • Increases All Basic Attacks by 11%, and an additional 0.4% of total Instinct. (Up to 200%)"",""5★: • Increases Basic Damage Dealt to bosses by 16%, and an additional 0.2% of total Instinct. (Up to 200%)"",""6★: Applies to: Fantastic Four Allies"",""6★: • Increases Basic Damage Dealt to SUPER VILLAIN faction by 20%, and an additional 0.2% of total Instinct. (Up to 200%)"",""6★: • Increases All Basic Attacks by 15%, and an additional 0.5% of total Instinct. (Up to 200%)"",""6★: • Increases Basic Damage Dealt to bosses by 20%, and an additional 0.25% of total Instinct. (Up to 200%)""]",10.1 Collector's Vault (Personal Vault) [4★],Update 10.1,https://thanosvibs.money/images/artifacts/artifact_valeriarichards.png,/mff-assets/artifacts/artifactvaleriarichards.webp,https://thanosvibs.money/api/artifacts
valkyrie,Warrior's Soul,Flight of the Valkyrie,High,Low,"[""3★: Applies to: All Allies"",""3★: • Increases Basic Damage Dealt to bosses by 5%, and an additional 0.1% of total Instinct. (Up to 200%)"",""4★: Applies to: All Allies"",""4★: • Increases Basic Damage Dealt to bosses by 8%, and an additional 0.15% of total Instinct. (Up to 200%)"",""5★: Applies to: All Allies"",""5★: • Increases Basic Damage Dealt to bosses by 11%, and an additional 0.2% of total Instinct. (Up to 200%)"",""6★: Applies to: All Allies"",""6★: • Increases Basic Damage Dealt to bosses by 15%, and an additional 0.25% of total Instinct. (Up to 200%)""]",8.2 Collector's Vault (General Vault) [6★],Update 8.2,https://thanosvibs.money/images/artifacts/artifact_valkyrie.png,/mff-assets/artifacts/artifactvalkyrie.webp,https://thanosvibs.money/api/artifacts
venom,Kingly Liberator,Liberation of Darkness,High,Medium,"[""3★: Applies to: Self"",""3★: • Increases All Basic Attacks by 10%, and an additional 0.2% of total Instinct. (Up to 200%)"",""3★: • Increases Max HP by 10%, and an additional 0.1% of total Instinct. (Up to 200%)"",""4★: Applies to: Self"",""4★: • Increases All Basic Attacks by 13%, and an additional 0.3% of total Instinct. (Up to 200%)"",""4★: • Increases Max HP by 15%, and an additional 0.2% of total Instinct. (Up to 200%)"",""5★: Applies to: Self"",""5★: • Increases All Basic Attacks by 16%, and an additional 0.4% of total Instinct. (Up to 200%)"",""5★: • Increases Max HP by 20%, and an additional 0.3% of total Instinct. (Up to 200%)"",""6★: Applies to: Self"",""6★: • Increases All Basic Attacks by 20%, and an additional 0.5% of total Instinct. (Up to 200%)"",""6★: • Increases Max HP by 25%, and an additional 0.4% of total Instinct. (Up to 200%)""]",,Update 8.4,https://thanosvibs.money/images/artifacts/artifact_venom.png,/mff-assets/artifacts/artifactvenom.webp,https://thanosvibs.money/api/artifacts
venusaphrodite,The Beauty of Olympus,Captivating Glance,High,Low,"[""3★: Applies to: Self"",""3★: • Ignores target's Dodge Rate by 10%, and an additional 0.2% of total Instinct. (Up to 200%)"",""3★: • Increases All Basic Attacks by 10%, and an additional 0.2% of total Instinct. (Up to 200%)"",""4★: Applies to: Self"",""4★: • Ignores target's Dodge Rate by 13%, and an additional 0.3% of total Instinct. (Up to 200%)"",""4★: • Increases All Basic Attacks by 13%, and an additional 0.3% of total Instinct. (Up to 200%)"",""5★: Applies to: Self"",""5★: • Ignores target's Dodge Rate by 16%, and an additional 0.4% of total Instinct. (Up to 200%)"",""5★: • Increases All Basic Attacks by 16%, and an additional 0.4% of total Instinct. (Up to 200%)"",""6★: Applies to: Self"",""6★: • Ignores target's Dodge Rate by 20%, and an additional 0.5% of total Instinct. (Up to 200%)"",""6★: • Increases All Basic Attacks by 20%, and an additional 0.5% of total Instinct. (Up to 200%)""]",,Update 11.4,https://thanosvibs.money/images/artifacts/artifact_venus.png,/mff-assets/artifacts/artifactvenus.webp,https://thanosvibs.money/api/artifacts
victorious,Latverian Loyalist,Cosmic Gladiator,High,Low,"[""3★: Applies to: Universal Allies"",""3★: • Ignores target's Dodge Rate by 6%, and an additional 0.2% of total Instinct. (Up to 200%)"",""3★: • Increases All Basic Attacks by 10%, and an additional 0.2% of total Instinct. (Up to 200%)"",""4★: Applies to: Universal Allies"",""4★: • Ignores target's Dodge Rate by 9%, and an additional 0.3% of total Instinct. (Up to 200%)"",""4★: • Increases All Basic Attacks by 13%, and an additional 0.3% of total Instinct. (Up to 200%)"",""5★: Applies to: Universal Allies"",""5★: • Ignores target's Dodge Rate by 12%, and an additional 0.4% of total Instinct. (Up to 200%)"",""5★: • Increases All Basic Attacks by 16%, and an additional 0.4% of total Instinct. (Up to 200%)"",""6★: Applies to: Universal Allies"",""6★: • Ignores target's Dodge Rate by 15%, and an additional 0.5% of total Instinct. (Up to 200%)"",""6★: • Increases All Basic Attacks by 20%, and an additional 0.5% of total Instinct. (Up to 200%)""]",,Update 10.1.5b,https://thanosvibs.money/images/artifacts/artifact_victorious.png,/mff-assets/artifacts/artifactvictorious.webp,https://thanosvibs.money/api/artifacts
vision,Humane Android,Ultimate Artificial Lifeform,Low,High,"[""3★: Activation Rate: when HP is below 25%"",""3★: Applies to: Allies with Machine Ability"",""3★: • Recovers HP by 40%, and an additional 0.3% of total Instinct. (Up to 200%) (1 sec.)"",""3★: Cooldown Time 300 seconds"",""4★: Activation Rate: when HP is below 30%"",""4★: Applies to: Allies with Machine Ability"",""4★: • Recovers HP by 50%, and an additional 0.3% of total Instinct. (Up to 200%) (1 sec.)"",""4★: Cooldown Time 300 seconds"",""5★: Activation Rate: when HP is below 35%"",""5★: Applies to: Allies with Machine Ability"",""5★: • Recovers HP by 60%, and an additional 0.3% of total Instinct. (Up to 200%) (1 sec.)"",""5★: Cooldown Time 300 seconds"",""6★: Activation Rate: when HP is below 40%"",""6★: Applies to: Allies with Machine Ability"",""6★: • Recovers HP by 70%, and an additional 0.3% of total Instinct. (Up to 200%) (1 sec.)"",""6★: Cooldown Time 300 seconds""]",,Update 11.6,https://thanosvibs.money/images/artifacts/artifact_vision.png,/mff-assets/artifacts/artifactvision.webp,https://thanosvibs.money/api/artifacts
volstagg,Appetite for Destruction,Appetite for Battle,High,High,"[""3★: Applies to: Self"",""3★: • Increases All Basic Attacks by 10%, and an additional 0.2% of total Instinct. (Up to 200%)"",""3★: • Increases Max HP by 10%, and an additional 0.2% of total Instinct. (Up to 200%)"",""4★: Applies to: Self"",""4★: • Increases All Basic Attacks by 13%, and an additional 0.3% of total Instinct. (Up to 200%)"",""4★: • Increases Max HP by 13%, and an additional 0.3% of total Instinct. (Up to 200%)"",""5★: Applies to: Self"",""5★: • Increases All Basic Attacks by 16%, and an additional 0.4% of total Instinct. (Up to 200%)"",""5★: • Increases Max HP by 16%, and an additional 0.4% of total Instinct. (Up to 200%)"",""6★: Applies to: Self"",""6★: • Increases All Basic Attacks by 20%, and an additional 0.5% of total Instinct. (Up to 200%)"",""6★: • Increases Max HP by 20%, and an additional 0.5% of total Instinct. (Up to 200%)""]",,Update 10.0,https://thanosvibs.money/images/artifacts/artifact_volstagg.png,/mff-assets/artifacts/artifactvolstagg.webp,https://thanosvibs.money/api/artifacts
vulture,Ruthless Hunter,Talons of Terror,Medium,Low,"[""3★: Applies to: Self"",""3★: • Increases Instinct Critical Rate by 5%, and an additional 0.2% of total Instinct. (Up to 200%)"",""3★: • Increases All Basic Attacks by 14%, and an additional 0.2% of total Instinct. (Up to 200%)"",""4★: Applies to: Self"",""4★: • Increases Instinct Critical Rate by 7%, and an additional 0.3% of total Instinct. (Up to 200%)"",""4★: • Increases All Basic Attacks by 16%, and an additional 0.3% of total Instinct. (Up to 200%)"",""5★: Applies to: Self"",""5★: • Increases Instinct Critical Rate by 9%, and an additional 0.4% of total Instinct. (Up to 200%)"",""5★: • Increases All Basic Attacks by 18%, and an additional 0.4% of total Instinct. (Up to 200%)"",""6★: Applies to: Self"",""6★: • Increases Instinct Critical Rate by 12%, and an additional 0.5% of total Instinct. (Up to 200%)"",""6★: • Increases All Basic Attacks by 20%, and an additional 0.5% of total Instinct. (Up to 200%)""]",,Update 7.9.5b,https://thanosvibs.money/images/artifacts/artifact_vulture.png,/mff-assets/artifacts/artifactvulture.webp,https://thanosvibs.money/api/artifacts
warmachine,Allegiance to Country,Fire Suppression,High,Low,"[""3★: Applies to: Self"",""3★: • Increases Basic Damage Dealt to enemies with 50% HP or higher by 8%, and an additional 0.2% of total Instinct. (Up to 200%)"",""4★: Applies to: Self"",""4★: • Increases Basic Damage Dealt to enemies with 50% HP or higher by 12%, and an additional 0.3% of total Instinct. (Up to 200%)"",""5★: Applies to: Self"",""5★: • Increases Basic Damage Dealt to enemies with 50% HP or higher by 16%, and an additional 0.4% of total Instinct. (Up to 200%)"",""6★: Applies to: Self"",""6★: • Increases Basic Damage Dealt to enemies with 50% HP or higher by 20%, and an additional 0.5% of total Instinct. (Up to 200%)""]",10.3 Collector's Vault (Personal Vault) [4★],Update 10.3,https://thanosvibs.money/images/artifacts/artifact_warmachine.png,/mff-assets/artifacts/artifactwarmachine.webp,https://thanosvibs.money/api/artifacts
wartiger,Will of the Earth,Echo of the Earth,Medium,Medium,"[""3★: Applies to: Self"",""3★: • Increases Basic Damage Dealt to SUPER VILLAIN faction by 10%, and an additional 0.2% of total Instinct. (Up to 200%)"",""3★: • Decreases Basic Damage Received from SUPER VILLAIN faction by 10%, and an additional 0.2% of total Instinct. (Up to 200%)"",""4★: Applies to: Self"",""4★: • Increases Basic Damage Dealt to SUPER VILLAIN faction by 13%, and an additional 0.3% of total Instinct. (Up to 200%)"",""4★: • Decreases Basic Damage Received from SUPER VILLAIN faction by 13%, and an additional 0.3% of total Instinct. (Up to 200%)"",""5★: Applies to: Self"",""5★: • Increases Basic Damage Dealt to SUPER VILLAIN faction by 16%, and an additional 0.4% of total Instinct. (Up to 200%)"",""5★: • Decreases Basic Damage Received from SUPER VILLAIN faction by 16%, and an additional 0.4% of total Instinct. (Up to 200%)"",""6★: Applies to: Self"",""6★: • Increases Basic Damage Dealt to SUPER VILLAIN faction by 20%, and an additional 0.5% of total Instinct. (Up to 200%)"",""6★: • Decreases Basic Damage Received from SUPER VILLAIN faction by 20%, and an additional 0.5% of total Instinct. (Up to 200%)""]",8.7 Collector's Vault (Personal Vault) [4★],Update 8.7,https://thanosvibs.money/images/artifacts/artifact_wartiger.png,/mff-assets/artifacts/artifactwartiger.webp,https://thanosvibs.money/api/artifacts
warpath,Ancestral Rage,Razor Sharp,High,Low,"[""3★: Applies to: Self"",""3★: • Increases Basic Damage Dealt to enemies with 50% HP or higher by 10%, and an additional 0.2% of total Instinct. (Up to 200%)"",""4★: Applies to: Self"",""4★: • Increases Basic Damage Dealt to enemies with 50% HP or higher by 15%, and an additional 0.3% of total Instinct. (Up to 200%)"",""5★: Applies to: Self"",""5★: • Increases Basic Damage Dealt to enemies with 50% HP or higher by 20%, and an additional 0.4% of total Instinct. (Up to 200%)"",""6★: Applies to: Self"",""6★: • Increases Basic Damage Dealt to enemies with 50% HP or higher by 25%, and an additional 0.5% of total Instinct. (Up to 200%)""]",9.3 Collector's Vault (Personal Vault) [4★],Update 9.3,https://thanosvibs.money/images/artifacts/artifact_warpath.png,/mff-assets/artifacts/artifactwarpath.webp,https://thanosvibs.money/api/artifacts
warwolf,Werewolf,Hungry Wolf,High,Low,"[""3★: Applies to: Super Hero Allies"",""3★: • Increases Basic Damage Dealt to SUPER HERO faction by 6%, and an additional 0.2% of total Instinct. (Up to 200%)"",""3★: • Increases Basic Damage Dealt to SUPER VILLAIN faction by 6%, and an additional 0.2% of total Instinct. (Up to 200%)"",""4★: Applies to: Super Hero Allies"",""4★: • Increases Basic Damage Dealt to SUPER HERO faction by 9%, and an additional 0.3% of total Instinct. (Up to 200%)"",""4★: • Increases Basic Damage Dealt to SUPER VILLAIN faction by 9%, and an additional 0.3% of total Instinct. (Up to 200%)"",""5★: Applies to: Super Hero Allies"",""5★: • Increases Basic Damage Dealt to SUPER HERO faction by 12%, and an additional 0.4% of total Instinct. (Up to 200%)"",""5★: • Increases Basic Damage Dealt to SUPER VILLAIN faction by 12%, and an additional 0.4% of total Instinct. (Up to 200%)"",""6★: Applies to: Super Hero Allies"",""6★: • Increases Basic Damage Dealt to SUPER HERO faction by 15%, and an additional 0.5% of total Instinct. (Up to 200%)"",""6★: • Increases Basic Damage Dealt to SUPER VILLAIN faction by 15%, and an additional 0.5% of total Instinct. (Up to 200%)""]",,Update 11.3,https://thanosvibs.money/images/artifacts/artifact_warwolf.png,/mff-assets/artifacts/artifactwarwolf.webp,https://thanosvibs.money/api/artifacts
wasp,Rapid Wings,Quick Judgement,High,Low,"[""3★: Applies to: Self"",""3★: • Increases Basic Damage Dealt to SUPER VILLAIN faction by 10%, and an additional 0.2% of total Instinct. (Up to 200%)"",""3★: • Increases Basic Damage Dealt to SUPER HERO faction by 10%, and an additional 0.2% of total Instinct. (Up to 200%)"",""4★: Applies to: Self"",""4★: • Increases Basic Damage Dealt to SUPER VILLAIN faction by 13%, and an additional 0.3% of total Instinct. (Up to 200%)"",""4★: • Increases Basic Damage Dealt to SUPER HERO faction by 13%, and an additional 0.3% of total Instinct. (Up to 200%)"",""5★: Applies to: Self"",""5★: • Increases Basic Damage Dealt to SUPER VILLAIN faction by 16%, and an additional 0.4% of total Instinct. (Up to 200%)"",""5★: • Increases Basic Damage Dealt to SUPER HERO faction by 16%, and an additional 0.4% of total Instinct. (Up to 200%)"",""6★: Applies to: Self"",""6★: • Increases Basic Damage Dealt to SUPER VILLAIN faction by 20%, and an additional 0.5% of total Instinct. (Up to 200%)"",""6★: • Increases Basic Damage Dealt to SUPER HERO faction by 20%, and an additional 0.5% of total Instinct. (Up to 200%)""]",Legendary Battle Extreme (Ant-Man and the Wasp: Quantumania) [4★],Update 8.8,https://thanosvibs.money/images/artifacts/artifact_wasp.png,/mff-assets/artifacts/artifactwasp.webp,https://thanosvibs.money/api/artifacts
waspnadiavandyne,Red Room Wings,Wasp's Will,Medium,Medium,"[""3★: Activation Rate: when skill (regular attacks excluded) is used"",""3★: Applies to: All Allies"",""3★: • Recovers HP by 5%, and an additional 0.2% of total Instinct. (Up to 200%) (1 sec.)"",""3★: Cooldown Time 10 seconds"",""4★: Activation Rate: when skill (regular attacks excluded) is used"",""4★: Applies to: All Allies"",""4★: • Recovers HP by 6.5%, and an additional 0.3% of total Instinct. (Up to 200%) (1 sec.)"",""4★: Cooldown Time 10 seconds"",""5★: Activation Rate: when skill (regular attacks excluded) is used"",""5★: Applies to: All Allies"",""5★: • Recovers HP by 8%, and an additional 0.4% of total Instinct. (Up to 200%) (1 sec.)"",""5★: Cooldown Time 10 seconds"",""6★: Activation Rate: when skill (regular attacks excluded) is used"",""6★: Applies to: All Allies"",""6★: • Recovers HP by 10%, and an additional 0.5% of total Instinct. (Up to 200%) (1 sec.)"",""6★: Cooldown Time 10 seconds""]",,Update 8.1,https://thanosvibs.money/images/artifacts/artifact_nadiavandyne.png,/mff-assets/artifacts/artifactnadiavandyne.webp,https://thanosvibs.money/api/artifacts
wave,Rippling Waters,Rage of the Sea,Medium,Low,"[""3★: Applies to: Self"",""3★: • Increases All Basic Attacks by 10%, and an additional 0.2% of total Instinct. (Up to 200%)"",""4★: Applies to: Self"",""4★: • Increases All Basic Attacks by 15%, and an additional 0.3% of total Instinct. (Up to 200%)"",""5★: Applies to: Self"",""5★: • Increases All Basic Attacks by 20%, and an additional 0.4% of total Instinct. (Up to 200%)"",""6★: Applies to: Self"",""6★: • Increases All Basic Attacks by 25%, and an additional 0.5% of total Instinct. (Up to 200%)""]","Dimension Rift Clear Reward (Round 6, Legendary / Mythic) [3★] | Dimension Rift Clear Reward (Round 6, Mythic) [4★] | Dimension Rift Progress Reward (Round 6, Legendary / Mythic) [3★] | Dimension Rift Progress Reward (Round 6, Mythic) [4★] | Dimension Rift Daily Progress Completion Reward [3★]",Update 7.5,https://thanosvibs.money/images/artifacts/artifact_wave.png,/mff-assets/artifacts/artifactwave.webp,https://thanosvibs.money/api/artifacts
weaponhex,Claws of Chaos,Chaos Hunter,High,Low,"[""3★: Applies to: Self"",""3★: • Ignores target's Dodge Rate by 5%, and an additional 0.2% of total Instinct. (Up to 200%)"",""3★: • Increases Basic Damage Dealt to SUPER VILLAIN faction by 10%, and an additional 0.2% of total Instinct. (Up to 200%)"",""4★: Applies to: Self"",""4★: • Ignores target's Dodge Rate by 10%, and an additional 0.3% of total Instinct. (Up to 200%)"",""4★: • Increases Basic Damage Dealt to SUPER VILLAIN faction by 13%, and an additional 0.3% of total Instinct. (Up to 200%)"",""5★: Applies to: Self"",""5★: • Ignores target's Dodge Rate by 15%, and an additional 0.4% of total Instinct. (Up to 200%)"",""5★: • Increases Basic Damage Dealt to SUPER VILLAIN faction by 16%, and an additional 0.4% of total Instinct. (Up to 200%)"",""6★: Applies to: Self"",""6★: • Ignores target's Dodge Rate by 20%, and an additional 0.5% of total Instinct. (Up to 200%)"",""6★: • Increases Basic Damage Dealt to SUPER VILLAIN faction by 20%, and an additional 0.5% of total Instinct. (Up to 200%)""]",10.4 Collector's Vault (General Vault) [6★],Update 8.7.5,https://thanosvibs.money/images/artifacts/artifact_weaponhex.png,/mff-assets/artifacts/artifactweaponhex.webp,https://thanosvibs.money/api/artifacts
wenwu,King of Warriors,Ten Rings Master,High,Low,"[""3★: Applies to: Self"",""3★: • Increases Basic Damage Dealt to SUPER HERO faction by 10%, and an additional 0.2% of total Instinct. (Up to 200%)"",""3★: • Increases Basic Damage Dealt to SUPER VILLAIN faction by 10%, and an additional 0.2% of total Instinct. (Up to 200%)"",""4★: Applies to: Self"",""4★: • Increases Basic Damage Dealt to SUPER HERO faction by 13%, and an additional 0.3% of total Instinct. (Up to 200%)"",""4★: • Increases Basic Damage Dealt to SUPER VILLAIN faction by 13%, and an additional 0.3% of total Instinct. (Up to 200%)"",""5★: Applies to: Self"",""5★: • Increases Basic Damage Dealt to SUPER HERO faction by 16%, and an additional 0.4% of total Instinct. (Up to 200%)"",""5★: • Increases Basic Damage Dealt to SUPER VILLAIN faction by 16%, and an additional 0.4% of total Instinct. (Up to 200%)"",""6★: Applies to: Self"",""6★: • Increases Basic Damage Dealt to SUPER HERO faction by 20%, and an additional 0.5% of total Instinct. (Up to 200%)"",""6★: • Increases Basic Damage Dealt to SUPER VILLAIN faction by 20%, and an additional 0.5% of total Instinct. (Up to 200%)""]",,Update 9.6,https://thanosvibs.money/images/artifacts/artifact_wenwu.png,/mff-assets/artifacts/artifactwenwu.webp,https://thanosvibs.money/api/artifacts
whiplash,Whip of Vengeance,Whiplash Armor,High,Medium,"[""3★: Applies to: Self"",""3★: • Increases All Basic Attacks by 5%, and an additional 0.2% of total Instinct. (Up to 200%)"",""3★: • Increases Max HP by 8%, and an additional 0.1% of total Instinct. (Up to 200%)"",""4★: Applies to: Self"",""4★: • Increases All Basic Attacks by 10%, and an additional 0.3% of total Instinct. (Up to 200%)"",""4★: • Increases Max HP by 12%, and an additional 0.2% of total Instinct. (Up to 200%)"",""5★: Applies to: Self"",""5★: • Increases All Basic Attacks by 15%, and an additional 0.4% of total Instinct. (Up to 200%)"",""5★: • Increases Max HP by 16%, and an additional 0.3% of total Instinct. (Up to 200%)"",""6★: Applies to: Self"",""6★: • Increases All Basic Attacks by 20%, and an additional 0.5% of total Instinct. (Up to 200%)"",""6★: • Increases Max HP by 20%, and an additional 0.4% of total Instinct. (Up to 200%)""]",,Update 12.1,https://thanosvibs.money/images/artifacts/artifact_whiplash.png,/mff-assets/artifacts/artifactwhiplash.webp,https://thanosvibs.money/api/artifacts
whitefox,Kumiho's Claw,Wit of the Fox,Low,Low,"[""3★: Activation Rate: 25% chance when attacking"",""3★: Applies to: Self"",""3★: • Recovers HP by 10%, and an additional 0.2% of total Instinct. (Up to 200%) (1 sec.)"",""3★: Cooldown Time 14 seconds"",""4★: Activation Rate: 25% chance when attacking"",""4★: Applies to: Self"",""4★: • Recovers HP by 13%, and an additional 0.3% of total Instinct. (Up to 200%) (1 sec.)"",""4★: Cooldown Time 14 seconds"",""5★: Activation Rate: 25% chance when attacking"",""5★: Applies to: Self"",""5★: • Recovers HP by 16%, and an additional 0.4% of total Instinct. (Up to 200%) (1 sec.)"",""5★: Cooldown Time 14 seconds"",""6★: Activation Rate: 25% chance when attacking"",""6★: Applies to: Self"",""6★: • Recovers HP by 20%, and an additional 0.5% of total Instinct. (Up to 200%) (1 sec.)"",""6★: Cooldown Time 14 seconds""]","Dimension Rift Clear Reward (Round 5, Legendary / Mythic) [3★] | Dimension Rift Clear Reward (Round 5, Mythic) [4★] | Dimension Rift Progress Reward (Round 5, Legendary / Mythic) [3★] | Dimension Rift Progress Reward (Round 5, Mythic) [4★] | Dimension Rift Daily Progress Completion Reward [3★]",Update 7.5,https://thanosvibs.money/images/artifacts/artifact_whitefox.png,/mff-assets/artifacts/artifactwhitefox.webp,https://thanosvibs.money/api/artifacts
whitetiger,Beast in the Dark,A Nimble Beast,Low,Medium,"[""3★: Applies to: Self"",""3★: • 11% chance to Dodge ALL Attacks, and an additional 0.2 of total Instinct. (Up to 200%)"",""4★: Applies to: Self"",""4★: • 14% chance to Dodge ALL Attacks, and an additional 0.3 of total Instinct. (Up to 200%)"",""5★: Applies to: Self"",""5★: • 17% chance to Dodge ALL Attacks, and an additional 0.4 of total Instinct. (Up to 200%)"",""6★: Applies to: Self"",""6★: • 20% chance to Dodge ALL Attacks, and an additional 0.5 of total Instinct. (Up to 200%)""]",,Update 10.8,https://thanosvibs.money/images/artifacts/artifact_whitetiger.png,/mff-assets/artifacts/artifactwhitetiger.webp,https://thanosvibs.money/api/artifacts
wiccan,Future Demiurge,Creator's Power,High,Low,"[""3★: Applies to: Self"",""3★: • Increases Basic Damage Dealt to SUPER HERO faction by 8%, and an additional 0.2% of total Instinct. (Up to 200%)"",""3★: • Increases Basic Damage Dealt to SUPER VILLAIN faction by [P3]%, and an additional [P4]% of total Instinct. (Up to 200%)"",""4★: Applies to: Self"",""4★: • Increases Basic Damage Dealt to SUPER HERO faction by 10%, and an additional 0.3% of total Instinct. (Up to 200%)"",""4★: • Increases Basic Damage Dealt to SUPER VILLAIN faction by [P3]%, and an additional [P4]% of total Instinct. (Up to 200%)"",""5★: Applies to: Self"",""5★: • Increases Basic Damage Dealt to SUPER HERO faction by 12%, and an additional 0.4% of total Instinct. (Up to 200%)"",""5★: • Increases Basic Damage Dealt to SUPER VILLAIN faction by [P3]%, and an additional [P4]% of total Instinct. (Up to 200%)"",""6★: Applies to: Self"",""6★: • Increases Basic Damage Dealt to SUPER HERO faction by 15%, and an additional 0.5% of total Instinct. (Up to 200%)"",""6★: • Increases Basic Damage Dealt to SUPER VILLAIN faction by [P3]%, and an additional [P4]% of total Instinct. (Up to 200%)""]",,Update 10.3,https://thanosvibs.money/images/artifacts/artifact_wiccan.png,/mff-assets/artifacts/artifactwiccan.webp,https://thanosvibs.money/api/artifacts
wintersoldier,Cold Bionic Arm,Stone Cold Assassin,High,Low,"[""3★: Applies to: Self"",""3★: • Increases Basic Damage Dealt to SUPER HERO faction by 11%, and an additional 0.2% of total Instinct. (Up to 200%)"",""3★: • Increases Basic Damage Dealt to SUPER VILLAIN faction by 11%, and an additional 0.2% of total Instinct. (Up to 200%)"",""4★: Applies to: Self"",""4★: • Increases Basic Damage Dealt to SUPER HERO faction by 14%, and an additional 0.3% of total Instinct. (Up to 200%)"",""4★: • Increases Basic Damage Dealt to SUPER VILLAIN faction by 14%, and an additional 0.3% of total Instinct. (Up to 200%)"",""5★: Applies to: Self"",""5★: • Increases Basic Damage Dealt to SUPER HERO faction by 17%, and an additional 0.4% of total Instinct. (Up to 200%)"",""5★: • Increases Basic Damage Dealt to SUPER VILLAIN faction by 17%, and an additional 0.4% of total Instinct. (Up to 200%)"",""6★: Applies to: Self"",""6★: • Increases Basic Damage Dealt to SUPER HERO faction by 20%, and an additional 0.5% of total Instinct. (Up to 200%)"",""6★: • Increases Basic Damage Dealt to SUPER VILLAIN faction by 20%, and an additional 0.5% of total Instinct. (Up to 200%)""]",10.7 Collector's Vault (Personal Vault) [4★],Update 10.7.5a,https://thanosvibs.money/images/artifacts/artifact_wintersoldier.png,/mff-assets/artifacts/artifactwintersoldier.webp,https://thanosvibs.money/api/artifacts
wolverine,The Immortal Warrior,Ageless Healing,Low,High,"[""3★: Activation Rate: when HP is below 5%"",""3★: Applies to: Self"",""3★: • Guard Break Immunity"",""3★: • HP does not drop to 1 or below. Recovers HP by 10% of Max HP when the buff ends."",""3★: • Recovers by an additional 0.5% of Total Instinct. (Up to 100% of HP Recovery) (4 sec.)"",""3★: Cooldown Time 180 seconds"",""4★: Activation Rate: when HP is below 5%"",""4★: Applies to: Self"",""4★: • Guard Break Immunity"",""4★: • HP does not drop to 1 or below. Recovers HP by 20% of Max HP when the buff ends."",""4★: • Recovers by an additional 0.5% of Total Instinct. (Up to 100% of HP Recovery) (5 sec.)"",""4★: Cooldown Time 180 seconds"",""5★: Activation Rate: when HP is below 5%"",""5★: Applies to: Self"",""5★: • Guard Break Immunity"",""5★: • HP does not drop to 1 or below. Recovers HP by 35% of Max HP when the buff ends."",""5★: • Recovers by an additional 0.5% of Total Instinct. (Up to 100% of HP Recovery) (6 sec.)"",""5★: Cooldown Time 180 seconds"",""6★: Activation Rate: when HP is below 5%"",""6★: Applies to: Self"",""6★: • Guard Break Immunity"",""6★: • HP does not drop to 1 or below. Recovers HP by 50% of Max HP when the buff ends."",""6★: • Recovers by an additional 0.5% of Total Instinct. (Up to 100% of HP Recovery) (7 sec.)"",""6★: Cooldown Time 180 seconds""]",Alliance Battle Legend 2.5m Reward (Round 1 & 8) [3★] | Alliance Battle Legend 2.5m Reward (Round 1 & 8) [4★] | 10.2 Collector's Vault (General Vault) [6★],Update 7.5,https://thanosvibs.money/images/artifacts/artifact_wolverine.png,/mff-assets/artifacts/artifactwolverine.webp,https://thanosvibs.money/api/artifacts
wong,Last of the Sorcerers,Will of Loyalty,Medium,Low,"[""3★: Applies to: Self"",""3★: • Increases All Basic Attacks by 10%, and an additional 0.2% of total Instinct. (Up to 200%)"",""4★: Applies to: Self"",""4★: • Increases All Basic Attacks by 15%, and an additional 0.3% of total Instinct. (Up to 200%)"",""5★: Applies to: Self"",""5★: • Increases All Basic Attacks by 20%, and an additional 0.4% of total Instinct. (Up to 200%)"",""6★: Applies to: Self"",""6★: • Increases All Basic Attacks by 25%, and an additional 0.5% of total Instinct. (Up to 200%)""]",,Update 8.0,https://thanosvibs.money/images/artifacts/artifact_wong.png,/mff-assets/artifacts/artifactwong.webp,https://thanosvibs.money/api/artifacts
x23,Fully Trained Assassin,Trigger Activated,Low,High,"[""3★: Activation Rate: when HP is below 20%"",""3★: Applies to: Self"",""3★: • Ignores Basic Damage for 2 seconds"",""3★: • Increases Basic Damage by 5% for each instance of damage ignored up to 10%, and an additional 0.2% of total Instinct. (Up to 200%)"",""3★: • Decreases All Damage Received by 5% for each instance of damage ignored up to 10%, and an additional 0.2% of total Instinct. (Up to 200%)"",""3★: Cooldown Time 180 seconds"",""4★: Activation Rate: when HP is below 30%"",""4★: Applies to: Self"",""4★: • Ignores Basic Damage for 3 seconds"",""4★: • Increases Basic Damage by 5% for each instance of damage ignored up to 15%, and an additional 0.3% of total Instinct. (Up to 200%)"",""4★: • Decreases All Damage Received by 5% for each instance of damage ignored up to 15%, and an additional 0.3% of total Instinct. (Up to 200%)"",""4★: Cooldown Time 180 seconds"",""5★: Activation Rate: when HP is below 40%"",""5★: Applies to: Self"",""5★: • Ignores Basic Damage for 4 seconds"",""5★: • Increases Basic Damage by 5% for each instance of damage ignored up to 20%, and an additional 0.4% of total Instinct. (Up to 200%)"",""5★: • Decreases All Damage Received by 5% for each instance of damage ignored up to 20%, and an additional 0.4% of total Instinct. (Up to 200%)"",""5★: Cooldown Time 180 seconds"",""6★: Activation Rate: when HP is below 50%"",""6★: Applies to: Self"",""6★: • Ignores Basic Damage for 5 seconds"",""6★: • Increases Basic Damage by 5% for each instance of damage ignored up to 25%, and an additional 0.5% of total Instinct. (Up to 200%)"",""6★: • Decreases All Damage Received by 5% for each instance of damage ignored up to 25%, and an additional 0.5% of total Instinct. (Up to 200%)"",""6★: Cooldown Time 180 seconds""]",10.3 Collector's Vault (General Vault) [6★],Update 10.3.5a,https://thanosvibs.money/images/artifacts/artifact_x-23.png,/mff-assets/artifacts/artifactx23.webp,https://thanosvibs.money/api/artifacts
yelenabelova,White Widow,Widow's Countermeasure,Low,Medium,"[""3★: Activation Rate: when debuffed"",""3★: Applies to: Self"",""3★: • 20% chance to ignore all debuffs received, and an additional 0.5% of Total Instinct. (Up to 200%) (9 sec.)"",""3★: • Increases All Basic Attacks by 5%, and an additional 0.2% of total Instinct. (Up to 200%) (9 sec.)"",""3★: Cooldown Time 25 seconds"",""4★: Activation Rate: when debuffed"",""4★: Applies to: Self"",""4★: • 30% chance to ignore all debuffs received, and an additional 0.5% of Total Instinct. (Up to 200%) (11 sec.)"",""4★: • Increases All Basic Attacks by 10%, and an additional 0.3% of total Instinct. (Up to 200%) (11 sec.)"",""4★: Cooldown Time 25 seconds"",""5★: Activation Rate: when debuffed"",""5★: Applies to: Self"",""5★: • 40% chance to ignore all debuffs received, and an additional 0.5% of Total Instinct. (Up to 200%) (13 sec.)"",""5★: • Increases All Basic Attacks by 15%, and an additional 0.4% of total Instinct. (Up to 200%) (13 sec.)"",""5★: Cooldown Time 25 seconds"",""6★: Activation Rate: when debuffed"",""6★: Applies to: Self"",""6★: • 50% chance to ignore all debuffs received, and an additional 0.5% of Total Instinct. (Up to 200%) (15 sec.)"",""6★: • Increases All Basic Attacks by 20%, and an additional 0.5% of total Instinct. (Up to 200%) (15 sec.)"",""6★: Cooldown Time 25 seconds""]",,Update 10.9,https://thanosvibs.money/images/artifacts/artifact_yelenabelova.png,/mff-assets/artifacts/artifactyelenabelova.webp,https://thanosvibs.money/api/artifacts
yellowjacket,Cross Technology,Uncertainty Principle,Low,Medium,"[""3★: Applies to: Self"",""3★: • 11% chance to Dodge ALL Attacks, and an additional 0.2 of total Instinct. (Up to 200%)"",""4★: Applies to: Self"",""4★: • 14% chance to Dodge ALL Attacks, and an additional 0.3 of total Instinct. (Up to 200%)"",""5★: Applies to: Self"",""5★: • 17% chance to Dodge ALL Attacks, and an additional 0.4 of total Instinct. (Up to 200%)"",""6★: Applies to: Self"",""6★: • 20% chance to Dodge ALL Attacks, and an additional 0.5 of total Instinct. (Up to 200%)""]",,Update 11.0,https://thanosvibs.money/images/artifacts/artifact_yellowjacket.png,/mff-assets/artifacts/artifactyellowjacket.webp,https://thanosvibs.money/api/artifacts
yondu,Space Hunter,Captain of the Ravagers,High,Low,"[""3★: Applies to: Self"",""3★: • Increases All Basic Attacks by 10%, and an additional 0.2% of total Instinct. (Up to 200%)"",""4★: Applies to: Self"",""4★: • Increases All Basic Attacks by 15%, and an additional 0.3% of total Instinct. (Up to 200%)"",""5★: Applies to: Self"",""5★: • Increases All Basic Attacks by 20%, and an additional 0.4% of total Instinct. (Up to 200%)"",""6★: Applies to: Self"",""6★: • Increases All Basic Attacks by 25%, and an additional 0.5% of total Instinct. (Up to 200%)""]",,Update 10.2.5a,https://thanosvibs.money/images/artifacts/artifact_yondu.png,/mff-assets/artifacts/artifactyondu.webp,https://thanosvibs.money/api/artifacts
zeus,The King of the Gods,Law of Olympus,High,Low,"[""3★: Applies to: Self"",""3★: • Ignores target's Dodge Rate by 10%, and an additional 0.2% of total Instinct. (Up to 200%)"",""3★: • Increases Basic Damage Dealt to SUPER VILLAIN faction by 10%, and an additional 0.2% of total Instinct. (Up to 200%)"",""4★: Applies to: Self"",""4★: • Ignores target's Dodge Rate by 13%, and an additional 0.3% of total Instinct. (Up to 200%)"",""4★: • Increases Basic Damage Dealt to SUPER VILLAIN faction by 13%, and an additional 0.3% of total Instinct. (Up to 200%)"",""5★: Applies to: Self"",""5★: • Ignores target's Dodge Rate by 16%, and an additional 0.4% of total Instinct. (Up to 200%)"",""5★: • Increases Basic Damage Dealt to SUPER VILLAIN faction by 16%, and an additional 0.4% of total Instinct. (Up to 200%)"",""6★: Applies to: Self"",""6★: • Ignores target's Dodge Rate by 20%, and an additional 0.5% of total Instinct. (Up to 200%)"",""6★: • Increases Basic Damage Dealt to SUPER VILLAIN faction by 20%, and an additional 0.5% of total Instinct. (Up to 200%)""]",,Update 11.4,https://thanosvibs.money/images/artifacts/artifact_zeus.png,/mff-assets/artifacts/artifactzeus.webp,https://thanosvibs.money/api/artifacts
