id,character_id,name,is_default,sort_order,image_url,image_local_url,combat_type,side,gender,species,tags,source_url
abomination,abomination,Default,true,0,https://thanosvibs.money/images-thumbnails/portraits/md/abomination.png,/mff-assets/uniforms/abomination.webp,Combat,Villain,Male,Human,"{""Gamma Radiation"",""Durability"",""Physical"",""Instinct:Cruelty"",""Source:Comic"",""Tier-3""}",https://thanosvibs.money/api/characters/abomination/skills
abomination1,abomination,Infected Bioweapon,false,1,https://thanosvibs.money/images-thumbnails/portraits/md/abomination1.png,/mff-assets/uniforms/abomination1.webp,Combat,Villain,Male,Human,"{""Gamma Radiation"",""Durability"",""Zombie"",""Physical"",""Instinct:Cruelty"",""Source:Original"",""Tier-3""}",https://thanosvibs.money/api/characters/abomination1/skills
absorbingman,absorbingman,Default,true,0,https://thanosvibs.money/images-thumbnails/portraits/md/absorbingman.png,/mff-assets/uniforms/absorbingman.webp,Combat,Villain,Male,Human,"{""Strong"",""Physical"",""Instinct:Cruelty"",""Source:Comic"",""Transcended""}",https://thanosvibs.money/api/characters/absorbingman/skills
absorbingman1,absorbingman,Fear Itself,false,1,https://thanosvibs.money/images-thumbnails/portraits/md/absorbingman1.png,/mff-assets/uniforms/absorbingman1.webp,Combat,Villain,Male,Human,"{""Strong"",""Physical"",""Instinct:Cruelty"",""Source:Comic"",""Transcended""}",https://thanosvibs.money/api/characters/absorbingman1/skills
adamwarlock,adamwarlock,Default,true,0,https://thanosvibs.money/images-thumbnails/portraits/md/adamwarlock.png,/mff-assets/uniforms/adamwarlock.webp,Blast,Hero,Male,Creature,"{""Magic"",""Time Freezing Immunity"",""Energy"",""Instinct:Order"",""Source:Comic"",""Tier-4"",""Tier-3""}",https://thanosvibs.money/api/characters/adamwarlock/skills
adamwarlock1,adamwarlock,Infinity Countdown,false,1,https://thanosvibs.money/images-thumbnails/portraits/md/adamwarlock1.png,/mff-assets/uniforms/adamwarlock1.webp,Blast,Hero,Male,Creature,"{""Magic"",""Time Freezing Immunity"",""Energy"",""Instinct:Order"",""Source:Comic"",""Tier-4"",""Tier-3""}",https://thanosvibs.money/api/characters/adamwarlock1/skills
adamwarlock2,adamwarlock,Marvel Studios' Guardians of the Galaxy 3,false,2,https://thanosvibs.money/images-thumbnails/portraits/md/adamwarlock2.png,/mff-assets/uniforms/adamwarlock2.webp,Blast,Hero,Male,Creature,"{""Magic"",""Time Freezing Immunity"",""Energy"",""Instinct:Order"",""Source:Mcu"",""Tier-4"",""Tier-3""}",https://thanosvibs.money/api/characters/adamwarlock2/skills
aero,aero,Default,true,0,https://thanosvibs.money/images-thumbnails/portraits/md/aero.png,/mff-assets/uniforms/aero.webp,Speed,Hero,Female,Human,"{""Leadership"",""Fast Movement"",""Energy"",""Instinct:Justice"",""Source:Comic"",""Transcended""}",https://thanosvibs.money/api/characters/aero/skills
aero1,aero,Classic,false,1,https://thanosvibs.money/images-thumbnails/portraits/md/aero1.png,/mff-assets/uniforms/aero1.webp,Speed,Hero,Female,Human,"{""Leadership"",""Fast Movement"",""Energy"",""Instinct:Justice"",""Source:Original"",""Transcended""}",https://thanosvibs.money/api/characters/aero1/skills
sharoncarter,agent13,Default,true,0,https://thanosvibs.money/images-thumbnails/portraits/md/sharoncarter.png,/mff-assets/uniforms/sharoncarter.webp,Speed,Hero,Female,Human,"{""Agent"",""Physical"",""Energy"",""Instinct:Justice"",""Source:Comic"",""Transcended""}",https://thanosvibs.money/api/characters/sharoncarter/skills
sharoncarter1,agent13,Marvel Studios' Captain America: Civil War,false,1,https://thanosvibs.money/images-thumbnails/portraits/md/sharoncarter1.png,/mff-assets/uniforms/sharoncarter1.webp,Speed,Hero,Female,Human,"{""Agent"",""Physical"",""Energy"",""Instinct:Justice"",""Source:Mcu"",""Transcended""}",https://thanosvibs.money/api/characters/sharoncarter1/skills
agentvenom,agentvenom,Default,true,0,https://thanosvibs.money/images-thumbnails/portraits/md/agentvenom.png,/mff-assets/uniforms/agentvenom.webp,Combat,Hero,Male,Human,"{""Symbiote"",""Leadership"",""Agent"",""Physical"",""Instinct:Justice"",""Source:Comic"",""Tier-4"",""Transcended""}",https://thanosvibs.money/api/characters/agentvenom/skills
agentvenom1,agentvenom,Agent Anti-Venom,false,1,https://thanosvibs.money/images-thumbnails/portraits/md/agentvenom1.png,/mff-assets/uniforms/agentvenom1.webp,Combat,Hero,Male,Human,"{""Symbiote"",""Leadership"",""Agent"",""Physical"",""Instinct:Justice"",""Source:Comic"",""Tier-4"",""Transcended""}",https://thanosvibs.money/api/characters/agentvenom1/skills
agentvenom2,agentvenom,Classic,false,2,https://thanosvibs.money/images-thumbnails/portraits/md/agentvenom2.png,/mff-assets/uniforms/agentvenom2.webp,Combat,Hero,Male,Human,"{""Symbiote"",""Leadership"",""Agent"",""Physical"",""Instinct:Justice"",""Source:Comic"",""Tier-4"",""Transcended""}",https://thanosvibs.money/api/characters/agentvenom2/skills
agentvenom3,agentvenom,Guardians of the Galaxy,false,3,https://thanosvibs.money/images-thumbnails/portraits/md/agentvenom3.png,/mff-assets/uniforms/agentvenom3.webp,Combat,Hero,Male,Human,"{""Symbiote"",""Leadership"",""Agent"",""Physical"",""Instinct:Justice"",""Source:Comic"",""Tier-4"",""Transcended""}",https://thanosvibs.money/api/characters/agentvenom3/skills
americachavez,americachavez,Default,true,0,https://thanosvibs.money/images-thumbnails/portraits/md/americachavez.png,/mff-assets/uniforms/americachavez.webp,Combat,Hero,Female,Human,"{""Strong"",""Fast Movement"",""Physical"",""Instinct:Justice"",""Source:Comic"",""Tier-4"",""Transcended""}",https://thanosvibs.money/api/characters/americachavez/skills
americachavez1,americachavez,Classic,false,1,https://thanosvibs.money/images-thumbnails/portraits/md/americachavez1.png,/mff-assets/uniforms/americachavez1.webp,Combat,Hero,Female,Human,"{""Strong"",""Fast Movement"",""Physical"",""Instinct:Justice"",""Source:Comic"",""Tier-4"",""Transcended""}",https://thanosvibs.money/api/characters/americachavez1/skills
americachavez2,americachavez,Marvel Studios' Doctor Strange 2,false,2,https://thanosvibs.money/images-thumbnails/portraits/md/americachavez2.png,/mff-assets/uniforms/americachavez2.webp,Combat,Hero,Female,Human,"{""Strong"",""Fast Movement"",""Physical"",""Instinct:Justice"",""Source:Mcu"",""Tier-4"",""Transcended""}",https://thanosvibs.money/api/characters/americachavez2/skills
americachavez3,americachavez,Young Avengers,false,3,https://thanosvibs.money/images-thumbnails/portraits/md/americachavez3.png,/mff-assets/uniforms/americachavez3.webp,Combat,Hero,Female,Human,"{""Strong"",""Fast Movement"",""Young Avengers"",""Physical"",""Instinct:Justice"",""Source:Comic"",""Tier-4"",""Transcended""}",https://thanosvibs.money/api/characters/americachavez3/skills
ancientone,ancientone,Default,true,0,https://thanosvibs.money/images-thumbnails/portraits/md/ancientone.png,/mff-assets/uniforms/ancientone.webp,Blast,Hero,Male,Human,"{""Magic"",""Leadership"",""Energy"",""Instinct:Justice"",""Source:Comic"",""Tier-4"",""Tier-3""}",https://thanosvibs.money/api/characters/ancientone/skills
ancientone1,ancientone,Marvel Studios' Doctor Strange,false,1,https://thanosvibs.money/images-thumbnails/portraits/md/ancientone1.png,/mff-assets/uniforms/ancientone1.webp,Blast,Hero,Female,Human,"{""Magic"",""Leadership"",""Energy"",""Instinct:Justice"",""Source:Mcu"",""Tier-4"",""Tier-3""}",https://thanosvibs.money/api/characters/ancientone1/skills
ancientone3,ancientone,The Monk of Kamar-Taj,false,2,https://thanosvibs.money/images-thumbnails/portraits/md/ancientone3.png,/mff-assets/uniforms/ancientone3.webp,Blast,Hero,Male,Human,"{""Magic"",""Leadership"",""Energy"",""Instinct:Justice"",""Source:Original"",""Tier-4"",""Tier-3""}",https://thanosvibs.money/api/characters/ancientone3/skills
ancientone2,ancientone,Unleashed Mystic,false,3,https://thanosvibs.money/images-thumbnails/portraits/md/ancientone2.png,/mff-assets/uniforms/ancientone2.webp,Blast,Hero,Female,Human,"{""Magic"",""Leadership"",""Energy"",""Instinct:Justice"",""Source:Original"",""Tier-4"",""Tier-3""}",https://thanosvibs.money/api/characters/ancientone2/skills
angel,angel,Default,true,0,https://thanosvibs.money/images-thumbnails/portraits/md/angel.png,/mff-assets/uniforms/angel.webp,Speed,Hero,Male,Mutant,"{""Fast Movement"",""Leadership"",""Energy"",""Physical"",""Instinct:Order"",""Source:Comic"",""Tier-4"",""Transcended""}",https://thanosvibs.money/api/characters/angel/skills
angel2,angel,All-New X-Men,false,1,https://thanosvibs.money/images-thumbnails/portraits/md/angel2.png,/mff-assets/uniforms/angel2.webp,Speed,Hero,Male,Mutant,"{""Fast Movement"",""Leadership"",""Physical"",""Instinct:Order"",""Source:Comic"",""Tier-4"",""Transcended""}",https://thanosvibs.money/api/characters/angel2/skills
angel3,angel,Fallen One,false,2,https://thanosvibs.money/images-thumbnails/portraits/md/angel3.png,/mff-assets/uniforms/angel3.webp,Speed,Hero,Male,Mutant,"{""Fast Movement"",""Leadership"",""Physical"",""Instinct:Order"",""Source:Original"",""Tier-4"",""Transcended""}",https://thanosvibs.money/api/characters/angel3/skills
angel1,angel,X-Force,false,3,https://thanosvibs.money/images-thumbnails/portraits/md/angel1.png,/mff-assets/uniforms/angel1.webp,Speed,Hero,Male,Mutant,"{""Fast Movement"",""Leadership"",""Energy"",""Physical"",""Instinct:Order"",""Source:Comic"",""Tier-4"",""Transcended"",""Alias:Archangel""}",https://thanosvibs.money/api/characters/angel1/skills
angela,angela,Default,true,0,https://thanosvibs.money/images-thumbnails/portraits/md/angela.png,/mff-assets/uniforms/angela.webp,Universal,Hero,Female,Alien,"{""Weapons Master"",""Physical"",""Instinct:Order"",""Source:Comic"",""Transcended""}",https://thanosvibs.money/api/characters/angela/skills
angela2,angela,"All-New, All-Different",false,1,https://thanosvibs.money/images-thumbnails/portraits/md/angela2.png,/mff-assets/uniforms/angela2.webp,Universal,Hero,Female,Alien,"{""Weapons Master"",""Flame"",""Physical"",""Fire"",""Instinct:Order"",""Source:Comic"",""Transcended""}",https://thanosvibs.money/api/characters/angela2/skills
angela3,angela,Asgard's Assassin,false,2,https://thanosvibs.money/images-thumbnails/portraits/md/angela3.png,/mff-assets/uniforms/angela3.webp,Universal,Hero,Female,Alien,"{""Weapons Master"",""Physical"",""Instinct:Order"",""Source:Comic"",""Transcended""}",https://thanosvibs.money/api/characters/angela3/skills
angela1,angela,Secret Wars: 1602 Witch Hunter Angela,false,3,https://thanosvibs.money/images-thumbnails/portraits/md/angela1.png,/mff-assets/uniforms/angela1.webp,Universal,Hero,Female,Alien,"{""Weapons Master"",""Physical"",""Instinct:Order"",""Source:Comic"",""Transcended""}",https://thanosvibs.money/api/characters/angela1/skills
antman,antman,Default,true,0,https://thanosvibs.money/images-thumbnails/portraits/md/antman.png,/mff-assets/uniforms/antman.webp,Speed,Hero,Male,Human,"{""Agility"",""Physical"",""Instinct:Justice"",""Source:Comic"",""Tier-4"",""Tier-3""}",https://thanosvibs.money/api/characters/antman/skills
antman6,antman,Ant-Man and the Wasp: Quantumania,false,1,https://thanosvibs.money/images-thumbnails/portraits/md/antman6.png,/mff-assets/uniforms/antman6.webp,Speed,Hero,Male,Human,"{""Agility"",""Physical"",""Instinct:Justice"",""Source:Mcu"",""Tier-4"",""Tier-3""}",https://thanosvibs.money/api/characters/antman6/skills
antman1,antman,Marvel Studios' Ant-Man,false,2,https://thanosvibs.money/images-thumbnails/portraits/md/antman1.png,/mff-assets/uniforms/antman1.webp,Speed,Hero,Male,Human,"{""Agility"",""Physical"",""Instinct:Justice"",""Source:Mcu"",""Tier-4"",""Tier-3""}",https://thanosvibs.money/api/characters/antman1/skills
antman3,antman,Marvel Studios' Ant-Man and the Wasp,false,3,https://thanosvibs.money/images-thumbnails/portraits/md/antman3.png,/mff-assets/uniforms/antman3.webp,Speed,Hero,Male,Human,"{""Agility"",""Physical"",""Instinct:Justice"",""Source:Mcu"",""Tier-4"",""Tier-3""}",https://thanosvibs.money/api/characters/antman3/skills
antman4,antman,Marvel Studios' Avengers: Endgame,false,4,https://thanosvibs.money/images-thumbnails/portraits/md/antman4.png,/mff-assets/uniforms/antman4.webp,Speed,Hero,Male,Human,"{""Agility"",""Physical"",""Instinct:Justice"",""Source:Mcu"",""Tier-4"",""Tier-3""}",https://thanosvibs.money/api/characters/antman4/skills
antman2,antman,Marvel Studios' Captain America: Civil War,false,5,https://thanosvibs.money/images-thumbnails/portraits/md/antman2.png,/mff-assets/uniforms/antman2.webp,Speed,Hero,Male,Human,"{""Agility"",""Physical"",""Instinct:Justice"",""Source:Mcu"",""Tier-4"",""Tier-3""}",https://thanosvibs.money/api/characters/antman2/skills
antman5,antman,Team Suit,false,6,https://thanosvibs.money/images-thumbnails/portraits/md/antman5.png,/mff-assets/uniforms/antman5.webp,Speed,Hero,Male,Human,"{""Agility"",""Physical"",""Instinct:Justice"",""Source:Mcu"",""Tier-4"",""Tier-3""}",https://thanosvibs.money/api/characters/antman5/skills
antiman,antiman,Default,true,0,https://thanosvibs.money/images-thumbnails/portraits/md/antiman.png,/mff-assets/uniforms/antiman.webp,Universal,Villain,Male,Human,"{""Fast Movement"",""Energy Projection"",""Energy"",""Instinct:Cruelty"",""Source:Comic"",""Tier-3""}",https://thanosvibs.money/api/characters/antiman/skills
antiman1,antiman,Ultimates,false,1,https://thanosvibs.money/images-thumbnails/portraits/md/antiman1.png,/mff-assets/uniforms/antiman1.webp,Universal,Villain,Male,Human,"{""Fast Movement"",""Energy Projection"",""Energy"",""Instinct:Cruelty"",""Source:Comic"",""Tier-3""}",https://thanosvibs.money/api/characters/antiman1/skills
apocalypse,apocalypse,Default,true,0,https://thanosvibs.money/images-thumbnails/portraits/md/apocalypse.png,/mff-assets/uniforms/apocalypse.webp,Combat,Villain,Male,Mutant,"{""Fast Movement"",""Pure Evil"",""Durability"",""Energy"",""Physical"",""Fire"",""Mind"",""Instinct:Destruction"",""Source:Comic"",""Tier-4"",""Tier-3""}",https://thanosvibs.money/api/characters/apocalypse/skills
apocalypse2,apocalypse,Heralds of Apocalypse,false,1,https://thanosvibs.money/images-thumbnails/portraits/md/apocalypse2.png,/mff-assets/uniforms/apocalypse2.webp,Combat,Villain,Male,Mutant,"{""Fast Movement"",""Pure Evil"",""Durability"",""Energy"",""Mind"",""Instinct:Destruction"",""Source:Comic"",""Tier-4"",""Tier-3""}",https://thanosvibs.money/api/characters/apocalypse2/skills
apocalypse3,apocalypse,Marvel Animation's X-Men '97,false,2,https://thanosvibs.money/images-thumbnails/portraits/md/apocalypse3.png,/mff-assets/uniforms/apocalypse3.webp,Combat,Villain,Male,Mutant,"{""Fast Movement"",""Pure Evil"",""Durability"",""Energy"",""Mind"",""Instinct:Destruction"",""Source:Animation"",""Tier-4"",""Tier-3"",""Alias:Young Apocalypse""}",https://thanosvibs.money/api/characters/apocalypse3/skills
apocalypse1,apocalypse,Messiah Complex,false,3,https://thanosvibs.money/images-thumbnails/portraits/md/apocalypse1.png,/mff-assets/uniforms/apocalypse1.webp,Combat,Villain,Male,Mutant,"{""Fast Movement"",""Pure Evil"",""Durability"",""Energy"",""Physical"",""Mind"",""Instinct:Destruction"",""Source:Comic"",""Tier-4"",""Tier-3""}",https://thanosvibs.money/api/characters/apocalypse1/skills
arachknight,arachknight,Default,true,0,https://thanosvibs.money/images-thumbnails/portraits/md/arachknight.png,/mff-assets/uniforms/arachknight.webp,Speed,Hero,Male,Human,"{""Leadership"",""Infinity Warps"",""Spider-Sense"",""Physical"",""Instinct:Justice"",""Source:Comic"",""Transcended""}",https://thanosvibs.money/api/characters/arachknight/skills
arachknight1,arachknight,Arachknight 2099,false,1,https://thanosvibs.money/images-thumbnails/portraits/md/arachknight1.png,/mff-assets/uniforms/arachknight1.webp,Speed,Hero,Male,Human,"{""Leadership"",""Infinity Warps"",""Spider-Sense"",""Physical"",""Instinct:Justice"",""Source:Comic"",""Transcended""}",https://thanosvibs.money/api/characters/arachknight1/skills
ares,ares,Default,true,0,https://thanosvibs.money/images-thumbnails/portraits/md/ares.png,/mff-assets/uniforms/ares.webp,Combat,Hero,Male,Alien,"{""Dark Avengers"",""Weapons Master"",""Strong"",""Physical"",""Instinct:Order"",""Source:Comic"",""Tier-4"",""Transcended""}",https://thanosvibs.money/api/characters/ares/skills
ares1,ares,Punisher,false,1,https://thanosvibs.money/images-thumbnails/portraits/md/ares1.png,/mff-assets/uniforms/ares1.webp,Combat,Villain,Male,Alien,"{""Weapons Master"",""Strong"",""Olympus"",""Physical"",""Instinct:Order"",""Source:Comic"",""Tier-4"",""Transcended""}",https://thanosvibs.money/api/characters/ares1/skills
athena,athena,Default,true,0,https://thanosvibs.money/images-thumbnails/portraits/md/athena.png,/mff-assets/uniforms/athena.webp,Combat,Hero,Female,Alien,"{""Agility"",""Healing"",""Olympus"",""Physical"",""Instinct:Order"",""Source:Comic"",""Transcended""}",https://thanosvibs.money/api/characters/athena/skills
baronmordo,baronmordo,Default,true,0,https://thanosvibs.money/images-thumbnails/portraits/md/baronmordo.png,/mff-assets/uniforms/baronmordo.webp,Blast,Villain,Male,Human,"{""Magic"",""Pure Evil"",""Energy"",""Fire"",""Physical"",""Instinct:Cruelty"",""Source:Comic"",""Transcended""}",https://thanosvibs.money/api/characters/baronmordo/skills
baronmordo1,baronmordo,Marvel Studios' Doctor Strange,false,1,https://thanosvibs.money/images-thumbnails/portraits/md/baronmordo1.png,/mff-assets/uniforms/baronmordo1.webp,Speed,Hero,Male,Human,"{""Agility"",""Heightened Senses"",""Magic"",""Physical"",""Instinct:Cruelty"",""Source:Mcu"",""Transcended"",""Alias:Mordo""}",https://thanosvibs.money/api/characters/baronmordo1/skills
baronmordo2,baronmordo,Marvel Studios' Doctor Strange 2,false,2,https://thanosvibs.money/images-thumbnails/portraits/md/baronmordo2.png,/mff-assets/uniforms/baronmordo2.webp,Speed,Hero,Male,Human,"{""Agility"",""Heightened Senses"",""Magic"",""Physical"",""Instinct:Cruelty"",""Source:Mcu"",""Transcended"",""Alias:Mordo""}",https://thanosvibs.money/api/characters/baronmordo2/skills
baronzemo,baronzemo,Default,true,0,https://thanosvibs.money/images-thumbnails/portraits/md/baronzemo.png,/mff-assets/uniforms/baronzemo.webp,Speed,Villain,Male,Human,"{""Agility"",""Pure Evil"",""Physical"",""Instinct:Cruelty"",""Source:Comic"",""Transcended""}",https://thanosvibs.money/api/characters/baronzemo/skills
baronzemo1,baronzemo,Marvel Studios' The Falcon and the Winter Soldier,false,1,https://thanosvibs.money/images-thumbnails/portraits/md/baronzemo1.png,/mff-assets/uniforms/baronzemo1.webp,Speed,Villain,Male,Human,"{""Agility"",""Pure Evil"",""Physical"",""Instinct:Cruelty"",""Source:Mcu"",""Transcended""}",https://thanosvibs.money/api/characters/baronzemo1/skills
beast,beast,Default,true,0,https://thanosvibs.money/images-thumbnails/portraits/md/beast.png,/mff-assets/uniforms/beast.webp,Combat,Hero,Male,Mutant,"{""Strong"",""Agility"",""Physical"",""Lightning"",""Instinct:Order"",""Source:Comic"",""Tier-4"",""Transcended""}",https://thanosvibs.money/api/characters/beast/skills
beast1,beast,Age of Apocalypse,false,1,https://thanosvibs.money/images-thumbnails/portraits/md/beast1.png,/mff-assets/uniforms/beast1.webp,Combat,Villain,Male,Mutant,"{""Strong"",""Agility"",""Physical"",""Lightning"",""Instinct:Order"",""Source:Comic"",""Tier-4"",""Transcended""}",https://thanosvibs.money/api/characters/beast1/skills
beast3,beast,All-New X-Men,false,2,https://thanosvibs.money/images-thumbnails/portraits/md/beast3.png,/mff-assets/uniforms/beast3.webp,Combat,Hero,Male,Mutant,"{""Strong"",""Agility"",""Physical"",""Instinct:Order"",""Source:Comic"",""Tier-4"",""Transcended""}",https://thanosvibs.money/api/characters/beast3/skills
beast4,beast,Marvel Animation's X-Men '97,false,3,https://thanosvibs.money/images-thumbnails/portraits/md/beast4.png,/mff-assets/uniforms/beast4.webp,Combat,Hero,Male,Mutant,"{""Strong"",""Agility"",""Physical"",""Instinct:Order"",""Source:Animation"",""Tier-4"",""Transcended""}",https://thanosvibs.money/api/characters/beast4/skills
beast2,beast,Uncanny X-Men,false,4,https://thanosvibs.money/images-thumbnails/portraits/md/beast2.png,/mff-assets/uniforms/beast2.webp,Combat,Hero,Male,Mutant,"{""Strong"",""Agility"",""Physical"",""Energy"",""Lightning"",""Instinct:Order"",""Source:Comic"",""Tier-4"",""Transcended""}",https://thanosvibs.money/api/characters/beast2/skills
betaraybill,betaraybill,Default,true,0,https://thanosvibs.money/images-thumbnails/portraits/md/betaraybill.png,/mff-assets/uniforms/betaraybill.webp,Universal,Hero,Male,Alien,"{""Shock"",""Leadership"",""Annihilators"",""Energy"",""Lightning"",""Instinct:Order"",""Source:Comic"",""Tier-4"",""Transcended""}",https://thanosvibs.money/api/characters/betaraybill/skills
betaraybill1,betaraybill,Beta Ray Bill,false,1,https://thanosvibs.money/images-thumbnails/portraits/md/betaraybill1.png,/mff-assets/uniforms/betaraybill1.webp,Universal,Hero,Male,Alien,"{""Flame"",""Leadership"",""Annihilators"",""Energy"",""Fire"",""Lightning"",""Instinct:Order"",""Source:Comic"",""Tier-4"",""Transcended""}",https://thanosvibs.money/api/characters/betaraybill1/skills
bishop,bishop,Default,true,0,https://thanosvibs.money/images-thumbnails/portraits/md/bishop.png,/mff-assets/uniforms/bishop.webp,Blast,Hero,Male,Mutant,"{""Energy Projection"",""Energy"",""Instinct:Order"",""Source:Comic"",""Tier-4"",""Transcended""}",https://thanosvibs.money/api/characters/bishop/skills
bishop1,bishop,Marvel Animation's X-Men '97,false,1,https://thanosvibs.money/images-thumbnails/portraits/md/bishop1.png,/mff-assets/uniforms/bishop1.webp,Blast,Hero,Male,Mutant,"{""Energy Projection"",""Energy"",""Instinct:Order"",""Source:Animation"",""Tier-4"",""Transcended""}",https://thanosvibs.money/api/characters/bishop1/skills
blackbolt,blackbolt,Default,true,0,https://thanosvibs.money/images-thumbnails/portraits/md/blackbolt.png,/mff-assets/uniforms/blackbolt.webp,Universal,Hero,Male,Inhuman,"{""Fast Movement"",""Energy Projection"",""Energy"",""Physical"",""Instinct:Order"",""Source:Comic"",""Tier-4"",""Tier-3""}",https://thanosvibs.money/api/characters/blackbolt/skills
blackbolt1,blackbolt,"All-New, All-Different",false,1,https://thanosvibs.money/images-thumbnails/portraits/md/blackbolt1.png,/mff-assets/uniforms/blackbolt1.webp,Universal,Hero,Male,Inhuman,"{""Fast Movement"",""Energy Projection"",""Energy"",""Physical"",""Instinct:Order"",""Source:Comic"",""Tier-4"",""Tier-3""}",https://thanosvibs.money/api/characters/blackbolt1/skills
blackbolt4,blackbolt,Fallen Soul,false,2,https://thanosvibs.money/images-thumbnails/portraits/md/blackbolt4.png,/mff-assets/uniforms/blackbolt4.webp,Universal,Villain,Male,Inhuman,"{""Fast Movement"",""Energy Projection"",""Energy"",""Instinct:Order"",""Source:Comic"",""Tier-4"",""Tier-3""}",https://thanosvibs.money/api/characters/blackbolt4/skills
blackbolt2,blackbolt,Inhumans: Attilan Rising,false,3,https://thanosvibs.money/images-thumbnails/portraits/md/blackbolt2.png,/mff-assets/uniforms/blackbolt2.webp,Universal,Hero,Male,Inhuman,"{""Fast Movement"",""Energy Projection"",""Energy"",""Physical"",""Instinct:Order"",""Source:Comic"",""Tier-4"",""Tier-3""}",https://thanosvibs.money/api/characters/blackbolt2/skills
blackbolt3,blackbolt,Marvels X,false,4,https://thanosvibs.money/images-thumbnails/portraits/md/blackbolt3.png,/mff-assets/uniforms/blackbolt3.webp,Universal,Hero,Male,Inhuman,"{""Fast Movement"",""Energy Projection"",""Energy"",""Instinct:Order"",""Source:Comic"",""Tier-4"",""Tier-3""}",https://thanosvibs.money/api/characters/blackbolt3/skills
blackcat,blackcat,Default,true,0,https://thanosvibs.money/images-thumbnails/portraits/md/blackcat.png,/mff-assets/uniforms/blackcat.webp,Speed,Villain,Female,Human,"{""Agility"",""Physical"",""Instinct:Cruelty"",""Source:Comic"",""Tier-4"",""Transcended""}",https://thanosvibs.money/api/characters/blackcat/skills
blackcat2,blackcat,"All-New, All-Different",false,1,https://thanosvibs.money/images-thumbnails/portraits/md/blackcat2.png,/mff-assets/uniforms/blackcat2.webp,Speed,Villain,Female,Human,"{""Agility"",""Physical"",""Instinct:Cruelty"",""Source:Comic"",""Tier-4"",""Transcended""}",https://thanosvibs.money/api/characters/blackcat2/skills
blackcat1,blackcat,Claws,false,2,https://thanosvibs.money/images-thumbnails/portraits/md/blackcat1.png,/mff-assets/uniforms/blackcat1.webp,Speed,Villain,Female,Human,"{""Agility"",""Physical"",""Instinct:Cruelty"",""Source:Comic"",""Tier-4"",""Transcended""}",https://thanosvibs.money/api/characters/blackcat1/skills
blackcat4,blackcat,Queen in Black,false,3,https://thanosvibs.money/images-thumbnails/portraits/md/blackcat4.png,/mff-assets/uniforms/blackcat4.webp,Universal,Hero,Female,Human,"{""Agility"",""Physical"",""Instinct:Cruelty"",""Source:Comic"",""Tier-4"",""Transcended""}",https://thanosvibs.money/api/characters/blackcat4/skills
blackcat3,blackcat,Winter Criminal,false,4,https://thanosvibs.money/images-thumbnails/portraits/md/blackcat3.png,/mff-assets/uniforms/blackcat3.webp,Speed,Villain,Female,Human,"{""Agility"",""Physical"",""Instinct:Cruelty"",""Source:Original"",""Tier-4"",""Transcended""}",https://thanosvibs.money/api/characters/blackcat3/skills
blackdwarf,blackdwarf,Default,true,0,https://thanosvibs.money/images-thumbnails/portraits/md/blackdwarf.png,/mff-assets/uniforms/blackdwarf.webp,Universal,Villain,Male,Alien,"{""Strong"",""Durability"",""Black Order"",""Physical"",""Mind"",""Instinct:Destruction"",""Source:Comic"",""Transcended""}",https://thanosvibs.money/api/characters/blackdwarf/skills
blackdwarf2,blackdwarf,Dark Obsidian Armor,false,1,https://thanosvibs.money/images-thumbnails/portraits/md/blackdwarf2.png,/mff-assets/uniforms/blackdwarf2.webp,Combat,Villain,Male,Alien,"{""Strong"",""Durability"",""Black Order"",""Physical"",""Mind"",""Instinct:Destruction"",""Source:Original"",""Transcended""}",https://thanosvibs.money/api/characters/blackdwarf2/skills
blackdwarf1,blackdwarf,Marvel Studios' Avengers: Infinity War,false,2,https://thanosvibs.money/images-thumbnails/portraits/md/blackdwarf1.png,/mff-assets/uniforms/blackdwarf1.webp,Universal,Villain,Male,Alien,"{""Strong"",""Durability"",""Black Order"",""Physical"",""Mind"",""Instinct:Destruction"",""Source:Mcu"",""Transcended"",""Alias:Cull Obsidian""}",https://thanosvibs.money/api/characters/blackdwarf1/skills
blackknight,blackknight,Default,true,0,https://thanosvibs.money/images-thumbnails/portraits/md/blackknight.png,/mff-assets/uniforms/blackknight.webp,Combat,Hero,Male,Human,"{""Weapons Master"",""Physical"",""Instinct:Justice"",""Source:Comic"",""Tier-3""}",https://thanosvibs.money/api/characters/blackknight/skills
blackpanther,blackpanther,Default,true,0,https://thanosvibs.money/images-thumbnails/portraits/md/blackpanther.png,/mff-assets/uniforms/blackpanther.webp,Combat,Hero,Male,Human,"{""Agility"",""Command"",""Physical"",""Instinct:Justice"",""Source:Comic"",""Tier-4"",""Tier-3""}",https://thanosvibs.money/api/characters/blackpanther/skills
blackpanther3,blackpanther,3099,false,1,https://thanosvibs.money/images-thumbnails/portraits/md/blackpanther3.png,/mff-assets/uniforms/blackpanther3.webp,Combat,Hero,Male,Human,"{""Agility"",""Command"",""Physical"",""Instinct:Justice"",""Source:Original"",""Tier-4"",""Tier-3""}",https://thanosvibs.money/api/characters/blackpanther3/skills
blackpanther4,blackpanther,King Without a Crown,false,2,https://thanosvibs.money/images-thumbnails/portraits/md/blackpanther4.png,/mff-assets/uniforms/blackpanther4.webp,Combat,Hero,Male,Human,"{""Agility"",""Command"",""Physical"",""Instinct:Justice"",""Source:Original"",""Tier-4"",""Tier-3""}",https://thanosvibs.money/api/characters/blackpanther4/skills
blackpanther2,blackpanther,Marvel Studios' Black Panther,false,3,https://thanosvibs.money/images-thumbnails/portraits/md/blackpanther2.png,/mff-assets/uniforms/blackpanther2.webp,Combat,Hero,Male,Human,"{""Agility"",""Command"",""Physical"",""Energy"",""Instinct:Justice"",""Source:Mcu"",""Tier-4"",""Tier-3""}",https://thanosvibs.money/api/characters/blackpanther2/skills
blackpanther1,blackpanther,Marvel Studios' Captain America: Civil War,false,4,https://thanosvibs.money/images-thumbnails/portraits/md/blackpanther1.png,/mff-assets/uniforms/blackpanther1.webp,Combat,Hero,Male,Human,"{""Agility"",""Command"",""Physical"",""Instinct:Justice"",""Source:Mcu"",""Tier-4"",""Tier-3""}",https://thanosvibs.money/api/characters/blackpanther1/skills
blackswan,blackswan,Default,true,0,https://thanosvibs.money/images-thumbnails/portraits/md/blackswan.png,/mff-assets/uniforms/blackswan.webp,Speed,Villain,Female,Alien,"{""Pure Evil"",""Black Order"",""Energy"",""Instinct:Destruction"",""Source:Comic"",""Tier-3""}",https://thanosvibs.money/api/characters/blackswan/skills
blackwidow,blackwidow,Default,true,0,https://thanosvibs.money/images-thumbnails/portraits/md/blackwidow.png,/mff-assets/uniforms/blackwidow.webp,Speed,Hero,Female,Human,"{""Agility"",""Agent"",""Energy"",""Lightning"",""Physical"",""Instinct:Justice"",""Source:Mcu"",""Tier-4"",""Tier-3""}",https://thanosvibs.money/api/characters/blackwidow/skills
blackwidow7,blackwidow,Avengers 3099,false,1,https://thanosvibs.money/images-thumbnails/portraits/md/blackwidow7.png,/mff-assets/uniforms/blackwidow7.webp,Speed,Hero,Female,Human,"{""Agility"",""Agent"",""Physical"",""Lightning"",""Instinct:Justice"",""Source:Original"",""Tier-4"",""Tier-3""}",https://thanosvibs.money/api/characters/blackwidow7/skills
blackwidow1,blackwidow,Avengers: Age of Ultron,false,2,https://thanosvibs.money/images-thumbnails/portraits/md/blackwidow1.png,/mff-assets/uniforms/blackwidow1.webp,Speed,Hero,Female,Human,"{""Agility"",""Agent"",""Energy"",""Lightning"",""Physical"",""Instinct:Justice"",""Source:Mcu"",""Tier-4"",""Tier-3""}",https://thanosvibs.money/api/characters/blackwidow1/skills
blackwidow10,blackwidow,Golden Gate Vigilante,false,3,https://thanosvibs.money/images-thumbnails/portraits/md/blackwidow10.png,/mff-assets/uniforms/blackwidow10.webp,Speed,Hero,Female,Human,"{""Agility"",""Agent"",""Physical"",""Lightning"",""Instinct:Justice"",""Source:Comic"",""Tier-4"",""Tier-3""}",https://thanosvibs.money/api/characters/blackwidow10/skills
blackwidow5,blackwidow,Marvel Studios' Avengers: Endgame,false,4,https://thanosvibs.money/images-thumbnails/portraits/md/blackwidow5.png,/mff-assets/uniforms/blackwidow5.webp,Speed,Hero,Female,Human,"{""Agility"",""Agent"",""Energy"",""Lightning"",""Physical"",""Instinct:Justice"",""Source:Mcu"",""Tier-4"",""Tier-3""}",https://thanosvibs.money/api/characters/blackwidow5/skills
blackwidow4,blackwidow,Marvel Studios' Avengers: Infinity War,false,5,https://thanosvibs.money/images-thumbnails/portraits/md/blackwidow4.png,/mff-assets/uniforms/blackwidow4.webp,Speed,Hero,Female,Human,"{""Agility"",""Agent"",""Energy"",""Lightning"",""Physical"",""Instinct:Justice"",""Source:Mcu"",""Tier-4"",""Tier-3""}",https://thanosvibs.money/api/characters/blackwidow4/skills
blackwidow8,blackwidow,Marvel Studios' Black Widow,false,6,https://thanosvibs.money/images-thumbnails/portraits/md/blackwidow8.png,/mff-assets/uniforms/blackwidow8.webp,Speed,Hero,Female,Human,"{""Agility"",""Agent"",""Physical"",""Lightning"",""Instinct:Justice"",""Source:Mcu"",""Tier-4"",""Tier-3""}",https://thanosvibs.money/api/characters/blackwidow8/skills
blackwidow9,blackwidow,Marvel Studios' Black Widow (Snow Suit),false,7,https://thanosvibs.money/images-thumbnails/portraits/md/blackwidow9.png,/mff-assets/uniforms/blackwidow9.webp,Speed,Hero,Female,Human,"{""Agility"",""Agent"",""Physical"",""Lightning"",""Instinct:Justice"",""Source:Mcu"",""Tier-4"",""Tier-3""}",https://thanosvibs.money/api/characters/blackwidow9/skills
blackwidow3,blackwidow,Marvel Studios' Captain America: Civil War,false,8,https://thanosvibs.money/images-thumbnails/portraits/md/blackwidow3.png,/mff-assets/uniforms/blackwidow3.webp,Speed,Hero,Female,Human,"{""Agility"",""Agent"",""Energy"",""Lightning"",""Physical"",""Instinct:Justice"",""Source:Mcu"",""Tier-4"",""Tier-3""}",https://thanosvibs.money/api/characters/blackwidow3/skills
blackwidow2,blackwidow,Secret Wars: 2099,false,9,https://thanosvibs.money/images-thumbnails/portraits/md/blackwidow2.png,/mff-assets/uniforms/blackwidow2.webp,Speed,Hero,Female,Human,"{""Agility"",""Agent"",""Energy"",""Lightning"",""Physical"",""Instinct:Justice"",""Source:Comic"",""Tier-4"",""Tier-3""}",https://thanosvibs.money/api/characters/blackwidow2/skills
blackwidow6,blackwidow,Team Suit,false,10,https://thanosvibs.money/images-thumbnails/portraits/md/blackwidow6.png,/mff-assets/uniforms/blackwidow6.webp,Speed,Hero,Female,Human,"{""Agility"",""Agent"",""Energy"",""Lightning"",""Physical"",""Instinct:Justice"",""Source:Mcu"",""Tier-4"",""Tier-3""}",https://thanosvibs.money/api/characters/blackwidow6/skills
blackwidow11,blackwidow,Venomous,false,11,https://thanosvibs.money/images-thumbnails/portraits/md/blackwidow11.png,/mff-assets/uniforms/blackwidow11.webp,Speed,Hero,Female,Human,"{""Agility"",""Agent"",""Symbiote"",""Physical"",""Instinct:Justice"",""Source:Comic"",""Tier-4"",""Tier-3""}",https://thanosvibs.money/api/characters/blackwidow11/skills
blade,blade,Default,true,0,https://thanosvibs.money/images-thumbnails/portraits/md/blade.png,/mff-assets/uniforms/blade.webp,Combat,Hero,Male,Human,"{""Healing"",""Weapons Master"",""Physical"",""Instinct:Justice"",""Source:Comic"",""Tier-3""}",https://thanosvibs.money/api/characters/blade/skills
blade1,blade,70's Classic,false,1,https://thanosvibs.money/images-thumbnails/portraits/md/blade1.png,/mff-assets/uniforms/blade1.webp,Combat,Hero,Male,Human,"{""Healing"",""Weapons Master"",""Physical"",""Instinct:Justice"",""Source:Comic"",""Tier-3""}",https://thanosvibs.money/api/characters/blade1/skills
blade2,blade,Avengers,false,2,https://thanosvibs.money/images-thumbnails/portraits/md/blade2.png,/mff-assets/uniforms/blade2.webp,Combat,Hero,Male,Human,"{""Healing"",""Weapons Master"",""Physical"",""Instinct:Justice"",""Source:Comic"",""Tier-3""}",https://thanosvibs.money/api/characters/blade2/skills
blade3,blade,Vampire Slayer,false,3,https://thanosvibs.money/images-thumbnails/portraits/md/blade3.png,/mff-assets/uniforms/blade3.webp,Combat,Hero,Male,Human,"{""Healing"",""Weapons Master"",""Physical"",""Instinct:Justice"",""Source:Original"",""Tier-3""}",https://thanosvibs.money/api/characters/blade3/skills
bluedragon,bluedragon,Default,true,0,https://thanosvibs.money/images-thumbnails/portraits/md/bluedragon.png,/mff-assets/uniforms/bluedragon.webp,Blast,Hero,Female,Human,"{""Warriors of the Sky"",""Leadership"",""Shock"",""Energy"",""Lightning"",""Instinct:Justice"",""Source:Original"",""Tier-4"",""Transcended""}",https://thanosvibs.money/api/characters/bluedragon/skills
bluedragon1,bluedragon,Moon Temple Defenders,false,1,https://thanosvibs.money/images-thumbnails/portraits/md/bluedragon1.png,/mff-assets/uniforms/bluedragon1.webp,Blast,Hero,Female,Human,"{""Warriors of the Sky"",""Leadership"",""Shock"",""Energy"",""Lightning"",""Instinct:Justice"",""Source:Original"",""Tier-4"",""Transcended""}",https://thanosvibs.money/api/characters/bluedragon1/skills
bluemarvel,bluemarvel,Default,true,0,https://thanosvibs.money/images-thumbnails/portraits/md/bluemarvel.png,/mff-assets/uniforms/bluemarvel.webp,Universal,Hero,Male,Human,"{""Leadership"",""Energy Projection"",""Energy"",""Instinct:Justice"",""Source:Comic"",""Tier-3""}",https://thanosvibs.money/api/characters/bluemarvel/skills
bluemarvel1,bluemarvel,Classic,false,1,https://thanosvibs.money/images-thumbnails/portraits/md/bluemarvel1.png,/mff-assets/uniforms/bluemarvel1.webp,Universal,Hero,Male,Human,"{""Leadership"",""Energy Projection"",""Energy"",""Instinct:Justice"",""Source:Comic"",""Tier-3""}",https://thanosvibs.money/api/characters/bluemarvel1/skills
bullseye,bullseye,Default,true,0,https://thanosvibs.money/images-thumbnails/portraits/md/bullseye.png,/mff-assets/uniforms/bullseye.webp,Combat,Villain,Male,Human,"{""Weapons Master"",""Pure Evil"",""Physical"",""Instinct:Cruelty"",""Source:Comic"",""Tier-4"",""Transcended""}",https://thanosvibs.money/api/characters/bullseye/skills
bullseye2,bullseye,Dark Avengers,false,1,https://thanosvibs.money/images-thumbnails/portraits/md/bullseye2.png,/mff-assets/uniforms/bullseye2.webp,Speed,Villain,Male,Human,"{""Dark Avengers"",""Weapons Master"",""Physical"",""Instinct:Cruelty"",""Source:Comic"",""Tier-4"",""Transcended""}",https://thanosvibs.money/api/characters/bullseye2/skills
bullseye1,bullseye,Secret Wars: 1872,false,2,https://thanosvibs.money/images-thumbnails/portraits/md/bullseye1.png,/mff-assets/uniforms/bullseye1.webp,Combat,Villain,Male,Human,"{""Weapons Master"",""Pure Evil"",""Physical"",""Instinct:Cruelty"",""Source:Comic"",""Tier-4"",""Transcended""}",https://thanosvibs.money/api/characters/bullseye1/skills
bullseye3,bullseye,Wastelanders,false,3,https://thanosvibs.money/images-thumbnails/portraits/md/bullseye3.png,/mff-assets/uniforms/bullseye3.webp,Speed,Villain,Male,Human,"{""Weapons Master"",""Pure Evil"",""Physical"",""Instinct:Cruelty"",""Source:Comic"",""Tier-4"",""Transcended""}",https://thanosvibs.money/api/characters/bullseye3/skills
cable,cable,Default,true,0,https://thanosvibs.money/images-thumbnails/portraits/md/cable.png,/mff-assets/uniforms/cable.webp,Blast,Hero,Male,Mutant,"{""Weapons Master"",""Leadership"",""Machine"",""Energy"",""Instinct:Order"",""Source:Comic"",""Tier-4"",""Tier-3""}",https://thanosvibs.money/api/characters/cable/skills
cable2,cable,Cable & Deadpool,false,1,https://thanosvibs.money/images-thumbnails/portraits/md/cable2.png,/mff-assets/uniforms/cable2.webp,Blast,Hero,Male,Mutant,"{""Weapons Master"",""Leadership"",""Machine"",""Energy"",""Instinct:Order"",""Source:Comic"",""Tier-4"",""Tier-3""}",https://thanosvibs.money/api/characters/cable2/skills
cable5,cable,Heart of Darkness,false,2,https://thanosvibs.money/images-thumbnails/portraits/md/cable5.png,/mff-assets/uniforms/cable5.webp,Blast,Hero,Male,Mutant,"{""Weapons Master"",""Leadership"",""Machine"",""Energy"",""Instinct:Order"",""Source:Comic"",""Tier-4"",""Tier-3""}",https://thanosvibs.money/api/characters/cable5/skills
cable3,cable,Summer Days,false,3,https://thanosvibs.money/images-thumbnails/portraits/md/cable3.png,/mff-assets/uniforms/cable3.webp,Blast,Hero,Male,Mutant,"{""Weapons Master"",""Leadership"",""Machine"",""Energy"",""Instinct:Order"",""Source:Original"",""Tier-4"",""Tier-3""}",https://thanosvibs.money/api/characters/cable3/skills
cable4,cable,X of Swords,false,4,https://thanosvibs.money/images-thumbnails/portraits/md/cable4.png,/mff-assets/uniforms/cable4.webp,Blast,Hero,Male,Mutant,"{""Weapons Master"",""Leadership"",""Machine"",""Energy"",""Instinct:Order"",""Source:Comic"",""Tier-4"",""Tier-3""}",https://thanosvibs.money/api/characters/cable4/skills
cable1,cable,X-Force,false,5,https://thanosvibs.money/images-thumbnails/portraits/md/cable1.png,/mff-assets/uniforms/cable1.webp,Blast,Hero,Male,Mutant,"{""Weapons Master"",""Leadership"",""Machine"",""Energy"",""Instinct:Order"",""Source:Comic"",""Tier-4"",""Tier-3""}",https://thanosvibs.money/api/characters/cable1/skills
captainamerica,captainamerica,Default,true,0,https://thanosvibs.money/images-thumbnails/portraits/md/captainamerica.png,/mff-assets/uniforms/captainamerica.webp,Combat,Hero,Male,Human,"{""Leadership"",""Command"",""Physical"",""Instinct:Justice"",""Source:Mcu"",""Tier-4"",""Tier-3""}",https://thanosvibs.money/api/characters/captainamerica/skills
captainamerica10,captainamerica,Avengers 3099,false,1,https://thanosvibs.money/images-thumbnails/portraits/md/captainamerica10.png,/mff-assets/uniforms/captainamerica10.webp,Combat,Hero,Male,Human,"{""Leadership"",""Command"",""Physical"",""Instinct:Justice"",""Source:Original"",""Tier-4"",""Tier-3""}",https://thanosvibs.money/api/characters/captainamerica10/skills
captainamerica1,captainamerica,Avengers: Age of Ultron,false,2,https://thanosvibs.money/images-thumbnails/portraits/md/captainamerica1.png,/mff-assets/uniforms/captainamerica1.webp,Combat,Hero,Male,Human,"{""Leadership"",""Command"",""Physical"",""Instinct:Justice"",""Source:Mcu"",""Tier-4"",""Tier-3""}",https://thanosvibs.money/api/characters/captainamerica1/skills
captainamerica13,captainamerica,Back to Basics,false,3,https://thanosvibs.money/images-thumbnails/portraits/md/captainamerica13.png,/mff-assets/uniforms/captainamerica13.webp,Combat,Hero,Male,Human,"{""Leadership"",""Command"",""Physical"",""Instinct:Justice"",""Source:Comic"",""Tier-4"",""Tier-3""}",https://thanosvibs.money/api/characters/captainamerica13/skills
captainamerica12,captainamerica,Enter the Phoenix,false,4,https://thanosvibs.money/images-thumbnails/portraits/md/captainamerica12.png,/mff-assets/uniforms/captainamerica12.webp,Combat,Hero,Male,Human,"{""Leadership"",""Command"",""Phoenix Force"",""Physical"",""Fire"",""Energy"",""Instinct:Justice"",""Source:Comic"",""Tier-4"",""Tier-3""}",https://thanosvibs.money/api/characters/captainamerica12/skills
captainamerica15,captainamerica,Galactic Talon,false,5,https://thanosvibs.money/images-thumbnails/portraits/md/captainamerica15.png,/mff-assets/uniforms/captainamerica15.webp,Combat,Hero,Male,Human,"{""Leadership"",""Command"",""Physical"",""Instinct:Justice"",""Source:Collab"",""Tier-4"",""Tier-3""}",https://thanosvibs.money/api/characters/captainamerica15/skills
captainamerica11,captainamerica,Hydra Supreme,false,6,https://thanosvibs.money/images-thumbnails/portraits/md/captainamerica11.png,/mff-assets/uniforms/captainamerica11.webp,Blast,Villain,Male,Human,"{""Command"",""Cosmic Cube"",""Physical"",""Energy"",""Instinct:Justice"",""Source:Comic"",""Tier-4"",""Tier-3""}",https://thanosvibs.money/api/characters/captainamerica11/skills
captainamerica5,captainamerica,Marvel NOW!,false,7,https://thanosvibs.money/images-thumbnails/portraits/md/captainamerica5.png,/mff-assets/uniforms/captainamerica5.webp,Combat,Hero,Male,Human,"{""Leadership"",""Command"",""Physical"",""Instinct:Justice"",""Source:Comic"",""Tier-4"",""Tier-3""}",https://thanosvibs.money/api/characters/captainamerica5/skills
captainamerica9,captainamerica,Marvel Studios' Avengers: Endgame,false,8,https://thanosvibs.money/images-thumbnails/portraits/md/captainamerica9.png,/mff-assets/uniforms/captainamerica9.webp,Combat,Hero,Male,Human,"{""Leadership"",""Command"",""Physical"",""Energy"",""Instinct:Justice"",""Source:Mcu"",""Tier-4"",""Tier-3""}",https://thanosvibs.money/api/characters/captainamerica9/skills
captainamerica6,captainamerica,Marvel Studios' Avengers: Infinity War,false,9,https://thanosvibs.money/images-thumbnails/portraits/md/captainamerica6.png,/mff-assets/uniforms/captainamerica6.webp,Combat,Hero,Male,Human,"{""Leadership"",""Command"",""Physical"",""Energy"",""Instinct:Justice"",""Source:Mcu"",""Tier-4"",""Tier-3""}",https://thanosvibs.money/api/characters/captainamerica6/skills
captainamerica4,captainamerica,Marvel Studios' Captain America: Civil War,false,10,https://thanosvibs.money/images-thumbnails/portraits/md/captainamerica4.png,/mff-assets/uniforms/captainamerica4.webp,Combat,Hero,Male,Human,"{""Leadership"",""Command"",""Physical"",""Instinct:Justice"",""Source:Mcu"",""Tier-4"",""Tier-3""}",https://thanosvibs.money/api/characters/captainamerica4/skills
captainamerica3,captainamerica,Marvel Studios' Captain America: The Winter Soldier,false,11,https://thanosvibs.money/images-thumbnails/portraits/md/captainamerica3.png,/mff-assets/uniforms/captainamerica3.webp,Combat,Hero,Male,Human,"{""Leadership"",""Command"",""Physical"",""Instinct:Justice"",""Source:Mcu"",""Tier-4"",""Tier-3""}",https://thanosvibs.money/api/characters/captainamerica3/skills
captainamerica2,captainamerica,Secret Wars: 2099,false,12,https://thanosvibs.money/images-thumbnails/portraits/md/captainamerica2.png,/mff-assets/uniforms/captainamerica2.webp,Combat,Hero,Female,Human,"{""Leadership"",""Command"",""Physical"",""Instinct:Justice"",""Source:Comic"",""Tier-4"",""Tier-3""}",https://thanosvibs.money/api/characters/captainamerica2/skills
captainamerica8,captainamerica,Team Suit,false,13,https://thanosvibs.money/images-thumbnails/portraits/md/captainamerica8.png,/mff-assets/uniforms/captainamerica8.webp,Combat,Hero,Male,Human,"{""Leadership"",""Command"",""Physical"",""Energy"",""Instinct:Justice"",""Source:Mcu"",""Tier-4"",""Tier-3""}",https://thanosvibs.money/api/characters/captainamerica8/skills
captainamerica14,captainamerica,What If... Zombies?!,false,14,https://thanosvibs.money/images-thumbnails/portraits/md/captainamerica14.png,/mff-assets/uniforms/captainamerica14.webp,Combat,Villain,Male,Human,"{""Leadership"",""Command"",""Zombie"",""Physical"",""Instinct:Justice"",""Source:Mcu"",""Tier-4"",""Tier-3""}",https://thanosvibs.money/api/characters/captainamerica14/skills
sharonrogers,captainamericasharonrogers,Default,true,0,https://thanosvibs.money/images-thumbnails/portraits/md/sharonrogers.png,/mff-assets/uniforms/sharonrogers.webp,Blast,Hero,Female,Human,"{""Leadership"",""Energy Projection"",""Physical"",""Energy"",""Instinct:Justice"",""Source:Original"",""Tier-4"",""Tier-3""}",https://thanosvibs.money/api/characters/sharonrogers/skills
sharonrogers6,captainamericasharonrogers,Arctic Warrior,false,1,https://thanosvibs.money/images-thumbnails/portraits/md/sharonrogers6.png,/mff-assets/uniforms/sharonrogers6.webp,Blast,Hero,Female,Human,"{""Leadership"",""Energy Projection"",""Energy"",""Instinct:Justice"",""Source:Original"",""Tier-4"",""Tier-3""}",https://thanosvibs.money/api/characters/sharonrogers6/skills
sharonrogers2,captainamericasharonrogers,Dark Star Armor,false,2,https://thanosvibs.money/images-thumbnails/portraits/md/sharonrogers2.png,/mff-assets/uniforms/sharonrogers2.webp,Blast,Hero,Female,Human,"{""Leadership"",""Energy Projection"",""Energy"",""Physical"",""Instinct:Justice"",""Source:Original"",""Tier-4"",""Tier-3""}",https://thanosvibs.money/api/characters/sharonrogers2/skills
sharonrogers4,captainamericasharonrogers,Light Sirius Armor,false,3,https://thanosvibs.money/images-thumbnails/portraits/md/sharonrogers4.png,/mff-assets/uniforms/sharonrogers4.webp,Blast,Hero,Female,Human,"{""Leadership"",""Energy Projection"",""Energy"",""Instinct:Justice"",""Source:Original"",""Tier-4"",""Tier-3""}",https://thanosvibs.money/api/characters/sharonrogers4/skills
sharonrogers5,captainamericasharonrogers,Poseidon Armor,false,4,https://thanosvibs.money/images-thumbnails/portraits/md/sharonrogers5.png,/mff-assets/uniforms/sharonrogers5.webp,Blast,Hero,Female,Human,"{""Leadership"",""Energy Projection"",""Energy"",""Instinct:Justice"",""Source:Original"",""Tier-4"",""Tier-3""}",https://thanosvibs.money/api/characters/sharonrogers5/skills
sharonrogers1,captainamericasharonrogers,Star Light Armor,false,5,https://thanosvibs.money/images-thumbnails/portraits/md/sharonrogers1.png,/mff-assets/uniforms/sharonrogers1.webp,Blast,Hero,Female,Human,"{""Leadership"",""Energy Projection"",""Physical"",""Energy"",""Instinct:Justice"",""Source:Original"",""Tier-4"",""Tier-3""}",https://thanosvibs.money/api/characters/sharonrogers1/skills
sharonrogers3,captainamericasharonrogers,Star Night Armor,false,6,https://thanosvibs.money/images-thumbnails/portraits/md/sharonrogers3.png,/mff-assets/uniforms/sharonrogers3.webp,Blast,Hero,Female,Human,"{""Leadership"",""Energy Projection"",""Energy"",""Instinct:Justice"",""Source:Original"",""Tier-4"",""Tier-3""}",https://thanosvibs.money/api/characters/sharonrogers3/skills
captainmarvel,captainmarvel,Default,true,0,https://thanosvibs.money/images-thumbnails/portraits/md/captainmarvel.png,/mff-assets/uniforms/captainmarvel.webp,Universal,Hero,Female,Human,"{""Fast Movement"",""Leadership"",""Energy Projection"",""Energy"",""Instinct:Justice"",""Source:Comic"",""Tier-4"",""Tier-3""}",https://thanosvibs.money/api/characters/captainmarvel/skills
captainmarvel7,captainmarvel,Marvel Animation's Marvel Zombies,false,1,https://thanosvibs.money/images-thumbnails/portraits/md/captainmarvel7.png,/mff-assets/uniforms/captainmarvel7.webp,Universal,Villain,Female,Human,"{""Zombie"",""Leadership"",""Energy Projection"",""Energy"",""Instinct:Justice"",""Source:Animation"",""Tier-4"",""Tier-3""}",https://thanosvibs.money/api/characters/captainmarvel7/skills
captainmarvel4,captainmarvel,Marvel Studios' Avengers: Endgame,false,2,https://thanosvibs.money/images-thumbnails/portraits/md/captainmarvel4.png,/mff-assets/uniforms/captainmarvel4.webp,Universal,Hero,Female,Human,"{""Fast Movement"",""Leadership"",""Energy Projection"",""Energy"",""Instinct:Justice"",""Source:Mcu"",""Tier-4"",""Tier-3""}",https://thanosvibs.money/api/characters/captainmarvel4/skills
captainmarvel3,captainmarvel,Marvel Studios' Captain Marvel,false,3,https://thanosvibs.money/images-thumbnails/portraits/md/captainmarvel3.png,/mff-assets/uniforms/captainmarvel3.webp,Universal,Hero,Female,Human,"{""Fast Movement"",""Leadership"",""Energy Projection"",""Energy"",""Instinct:Justice"",""Source:Mcu"",""Tier-4"",""Tier-3""}",https://thanosvibs.money/api/characters/captainmarvel3/skills
captainmarvel6,captainmarvel,Marvel Studios' The Marvels,false,4,https://thanosvibs.money/images-thumbnails/portraits/md/captainmarvel6.png,/mff-assets/uniforms/captainmarvel6.webp,Universal,Hero,Female,Human,"{""Fast Movement"",""Leadership"",""Energy Projection"",""Energy"",""Instinct:Justice"",""Source:Mcu"",""Tier-4"",""Tier-3""}",https://thanosvibs.money/api/characters/captainmarvel6/skills
captainmarvel2,captainmarvel,Ms. Marvel,false,5,https://thanosvibs.money/images-thumbnails/portraits/md/captainmarvel2.png,/mff-assets/uniforms/captainmarvel2.webp,Universal,Hero,Female,Human,"{""Fast Movement"",""Leadership"",""Energy Projection"",""Energy"",""Instinct:Justice"",""Source:Comic"",""Tier-4"",""Tier-3""}",https://thanosvibs.money/api/characters/captainmarvel2/skills
captainmarvel1,captainmarvel,Secret Wars: Captain Marvel & The Carol Corps,false,6,https://thanosvibs.money/images-thumbnails/portraits/md/captainmarvel1.png,/mff-assets/uniforms/captainmarvel1.webp,Universal,Hero,Female,Human,"{""Fast Movement"",""Leadership"",""Energy Projection"",""Energy"",""Instinct:Justice"",""Source:Comic"",""Tier-4"",""Tier-3""}",https://thanosvibs.money/api/characters/captainmarvel1/skills
captainmarvel5,captainmarvel,The Last Avenger,false,7,https://thanosvibs.money/images-thumbnails/portraits/md/captainmarvel5.png,/mff-assets/uniforms/captainmarvel5.webp,Universal,Villain,Female,Human,"{""Fast Movement"",""Leadership"",""Energy Projection"",""Energy"",""Instinct:Justice"",""Source:Comic"",""Tier-4"",""Tier-3""}",https://thanosvibs.money/api/characters/captainmarvel5/skills
carnage,carnage,Default,true,0,https://thanosvibs.money/images-thumbnails/portraits/md/carnage.png,/mff-assets/uniforms/carnage.webp,Combat,Villain,Male,Human,"{""Pure Evil"",""Healing"",""Symbiote"",""Physical"",""Instinct:Cruelty"",""Source:Comic"",""Tier-4"",""Tier-3""}",https://thanosvibs.money/api/characters/carnage/skills
carnage1,carnage,Absolute Carnage,false,1,https://thanosvibs.money/images-thumbnails/portraits/md/carnage1.png,/mff-assets/uniforms/carnage1.webp,Combat,Villain,Male,Human,"{""Pure Evil"",""Healing"",""Symbiote"",""Physical"",""Instinct:Cruelty"",""Source:Comic"",""Tier-4"",""Tier-3""}",https://thanosvibs.money/api/characters/carnage1/skills
carnage2,carnage,Fallen Soul,false,2,https://thanosvibs.money/images-thumbnails/portraits/md/carnage2.png,/mff-assets/uniforms/carnage2.webp,Combat,Villain,Male,Human,"{""Pure Evil"",""Healing"",""Symbiote"",""Physical"",""Instinct:Cruelty"",""Source:Comic"",""Tier-4"",""Tier-3""}",https://thanosvibs.money/api/characters/carnage2/skills
carnage3,carnage,Superior Carnage,false,3,https://thanosvibs.money/images-thumbnails/portraits/md/carnage3.png,/mff-assets/uniforms/carnage3.webp,Combat,Villain,Male,Human,"{""Pure Evil"",""Healing"",""Symbiote"",""Physical"",""Instinct:Cruelty"",""Source:Comic"",""Tier-4"",""Tier-3""}",https://thanosvibs.money/api/characters/carnage3/skills
cassandranova,cassandranova,Default,true,0,https://thanosvibs.money/images-thumbnails/portraits/md/cassandranova.png,/mff-assets/uniforms/cassandranova.webp,Blast,Villain,Female,Mutant,"{""Mind"",""Mind Resist"",""Pure Evil"",""Energy"",""Instinct:Destruction"",""Source:Mcu"",""Tier-3""}",https://thanosvibs.money/api/characters/cassandranova/skills
cassielang,cassielang,Default,true,0,https://thanosvibs.money/images-thumbnails/portraits/md/cassielang.png,/mff-assets/uniforms/cassielang.webp,Speed,Hero,Female,Human,"{""Fast Movement"",""Agility"",""Energy"",""Instinct:Justice"",""Source:Mcu"",""Transcended""}",https://thanosvibs.money/api/characters/cassielang/skills
clea,clea,Default,true,0,https://thanosvibs.money/images-thumbnails/portraits/md/clea.png,/mff-assets/uniforms/clea.webp,Universal,Hero,Female,Alien,"{""Magic"",""Fast Movement"",""Energy"",""Instinct:Order"",""Source:Comic"",""Transcended""}",https://thanosvibs.money/api/characters/clea/skills
colossus,colossus,Default,true,0,https://thanosvibs.money/images-thumbnails/portraits/md/colossus.png,/mff-assets/uniforms/colossus.webp,Combat,Hero,Male,Mutant,"{""Strong"",""Leadership"",""Physical"",""Instinct:Order"",""Source:Comic"",""Transcended""}",https://thanosvibs.money/api/characters/colossus/skills
colossus3,colossus,Hellfire Gala,false,1,https://thanosvibs.money/images-thumbnails/portraits/md/colossus3.png,/mff-assets/uniforms/colossus3.webp,Combat,Hero,Male,Mutant,"{""Strong"",""Leadership"",""Physical"",""Instinct:Order"",""Source:Comic"",""Transcended""}",https://thanosvibs.money/api/characters/colossus3/skills
colossus2,colossus,Phoenix Five,false,2,https://thanosvibs.money/images-thumbnails/portraits/md/colossus2.png,/mff-assets/uniforms/colossus2.webp,Combat,Villain,Male,Mutant,"{""Strong"",""Leadership"",""Phoenix Force"",""Physical"",""Fire"",""Instinct:Order"",""Source:Comic"",""Transcended""}",https://thanosvibs.money/api/characters/colossus2/skills
colossus1,colossus,X-Force,false,3,https://thanosvibs.money/images-thumbnails/portraits/md/colossus1.png,/mff-assets/uniforms/colossus1.webp,Combat,Hero,Male,Mutant,"{""Strong"",""Leadership"",""Physical"",""Instinct:Order"",""Source:Comic"",""Transcended""}",https://thanosvibs.money/api/characters/colossus1/skills
corvusglaive,corvusglaive,Default,true,0,https://thanosvibs.money/images-thumbnails/portraits/md/corvusglaive.png,/mff-assets/uniforms/corvusglaive.webp,Universal,Villain,Male,Alien,"{""Agility"",""Fast Movement"",""Black Order"",""Physical"",""Energy"",""Mind"",""Instinct:Destruction"",""Source:Comic"",""Transcended""}",https://thanosvibs.money/api/characters/corvusglaive/skills
corvusglaive2,corvusglaive,Dark Obsidian Armor,false,1,https://thanosvibs.money/images-thumbnails/portraits/md/corvusglaive2.png,/mff-assets/uniforms/corvusglaive2.webp,Speed,Villain,Male,Alien,"{""Agility"",""Fast Movement"",""Black Order"",""Physical"",""Mind"",""Instinct:Destruction"",""Source:Original"",""Transcended""}",https://thanosvibs.money/api/characters/corvusglaive2/skills
corvusglaive1,corvusglaive,Marvel Studios' Avengers: Infinity War,false,2,https://thanosvibs.money/images-thumbnails/portraits/md/corvusglaive1.png,/mff-assets/uniforms/corvusglaive1.webp,Universal,Villain,Male,Alien,"{""Agility"",""Fast Movement"",""Black Order"",""Physical"",""Energy"",""Mind"",""Instinct:Destruction"",""Source:Mcu"",""Transcended""}",https://thanosvibs.money/api/characters/corvusglaive1/skills
crescent,crescent,Default,true,0,https://thanosvibs.money/images-thumbnails/portraits/md/crescent.png,/mff-assets/uniforms/crescent.webp,Combat,Hero,Female,Human,"{""Leadership"",""Durability"",""Strong"",""Physical"",""Instinct:Justice"",""Source:Original"",""Tier-4"",""Tier-3""}",https://thanosvibs.money/api/characters/crescent/skills
crescent3,crescent,B-Girl Crew,false,1,https://thanosvibs.money/images-thumbnails/portraits/md/crescent3.png,/mff-assets/uniforms/crescent3.webp,Combat,Hero,Female,Human,"{""Leadership"",""Durability"",""Strong"",""Physical"",""Instinct:Justice"",""Source:Original"",""Tier-4"",""Tier-3""}",https://thanosvibs.money/api/characters/crescent3/skills
crescent1,crescent,Lifestyle Series 1,false,2,https://thanosvibs.money/images-thumbnails/portraits/md/crescent1.png,/mff-assets/uniforms/crescent1.webp,Combat,Hero,Female,Human,"{""Leadership"",""Durability"",""Strong"",""Physical"",""Instinct:Justice"",""Source:Original"",""Tier-4"",""Tier-3""}",https://thanosvibs.money/api/characters/crescent1/skills
crescent2,crescent,Light Sirius Armor,false,3,https://thanosvibs.money/images-thumbnails/portraits/md/crescent2.png,/mff-assets/uniforms/crescent2.webp,Combat,Hero,Female,Human,"{""Leadership"",""Durability"",""Strong"",""Physical"",""Instinct:Justice"",""Source:Original"",""Tier-4"",""Tier-3""}",https://thanosvibs.money/api/characters/crescent2/skills
crossbones,crossbones,Default,true,0,https://thanosvibs.money/images-thumbnails/portraits/md/crossbones.png,/mff-assets/uniforms/crossbones.webp,Combat,Villain,Male,Human,"{""Weapons Master"",""Physical"",""Instinct:Cruelty"",""Source:Mcu"",""Transcended""}",https://thanosvibs.money/api/characters/crossbones/skills
crossbones1,crossbones,Modern,false,1,https://thanosvibs.money/images-thumbnails/portraits/md/crossbones1.png,/mff-assets/uniforms/crossbones1.webp,Combat,Villain,Male,Human,"{""Weapons Master"",""Physical"",""Energy"",""Fire"",""Instinct:Cruelty"",""Source:Comic"",""Transcended""}",https://thanosvibs.money/api/characters/crossbones1/skills
crossbones2,crossbones,Secret Empire,false,2,https://thanosvibs.money/images-thumbnails/portraits/md/crossbones2.png,/mff-assets/uniforms/crossbones2.webp,Combat,Villain,Male,Human,"{""Weapons Master"",""Physical"",""Instinct:Cruelty"",""Source:Comic"",""Transcended""}",https://thanosvibs.money/api/characters/crossbones2/skills
crystal,crystal,Default,true,0,https://thanosvibs.money/images-thumbnails/portraits/md/crystal.png,/mff-assets/uniforms/crystal.webp,Blast,Hero,Female,Inhuman,"{""Command"",""Energy Projection"",""Physical"",""Energy"",""Fire"",""Cold"",""Lightning"",""Instinct:Order"",""Source:Comic"",""Tier-4"",""Transcended""}",https://thanosvibs.money/api/characters/crystal/skills
crystal2,crystal,Fantastic Four,false,1,https://thanosvibs.money/images-thumbnails/portraits/md/crystal2.png,/mff-assets/uniforms/crystal2.webp,Blast,Hero,Female,Inhuman,"{""Command"",""Energy Projection"",""Fantastic Four"",""Physical"",""Energy"",""Fire"",""Cold"",""Lightning"",""Instinct:Order"",""Source:Comic"",""Tier-4"",""Transcended""}",https://thanosvibs.money/api/characters/crystal2/skills
crystal1,crystal,Royal Suit,false,2,https://thanosvibs.money/images-thumbnails/portraits/md/crystal1.png,/mff-assets/uniforms/crystal1.webp,Blast,Hero,Female,Inhuman,"{""Command"",""Energy Projection"",""Physical"",""Energy"",""Fire"",""Cold"",""Lightning"",""Instinct:Order"",""Source:Comic"",""Tier-4"",""Transcended""}",https://thanosvibs.money/api/characters/crystal1/skills
crystal3,crystal,Spring Lady,false,3,https://thanosvibs.money/images-thumbnails/portraits/md/crystal3.png,/mff-assets/uniforms/crystal3.webp,Blast,Hero,Female,Inhuman,"{""Command"",""Energy Projection"",""Energy"",""Cold"",""Instinct:Order"",""Source:Original"",""Tier-4"",""Transcended""}",https://thanosvibs.money/api/characters/crystal3/skills
cyclops,cyclops,Default,true,0,https://thanosvibs.money/images-thumbnails/portraits/md/cyclops.png,/mff-assets/uniforms/cyclops.webp,Blast,Hero,Male,Mutant,"{""Energy Projection"",""Command"",""Energy"",""Instinct:Order"",""Source:Comic"",""Tier-4"",""Tier-3""}",https://thanosvibs.money/api/characters/cyclops/skills
cyclops1,cyclops,Age of Apocalypse,false,1,https://thanosvibs.money/images-thumbnails/portraits/md/cyclops1.png,/mff-assets/uniforms/cyclops1.webp,Blast,Villain,Male,Mutant,"{""Energy Projection"",""Command"",""Energy"",""Instinct:Order"",""Source:Comic"",""Tier-4"",""Tier-3""}",https://thanosvibs.money/api/characters/cyclops1/skills
cyclops5,cyclops,Marvel Animation's X-Men '97,false,2,https://thanosvibs.money/images-thumbnails/portraits/md/cyclops5.png,/mff-assets/uniforms/cyclops5.webp,Blast,Hero,Male,Mutant,"{""Energy Projection"",""Command"",""Energy"",""Instinct:Order"",""Source:Animation"",""Tier-4"",""Tier-3""}",https://thanosvibs.money/api/characters/cyclops5/skills
cyclops2,cyclops,Marvel NOW!,false,3,https://thanosvibs.money/images-thumbnails/portraits/md/cyclops2.png,/mff-assets/uniforms/cyclops2.webp,Blast,Hero,Male,Mutant,"{""Energy Projection"",""Command"",""Energy"",""Instinct:Order"",""Source:Comic"",""Tier-4"",""Tier-3""}",https://thanosvibs.money/api/characters/cyclops2/skills
cyclops4,cyclops,Modern,false,4,https://thanosvibs.money/images-thumbnails/portraits/md/cyclops4.png,/mff-assets/uniforms/cyclops4.webp,Blast,Hero,Male,Mutant,"{""Energy Projection"",""Command"",""Energy"",""Instinct:Order"",""Source:Comic"",""Tier-4"",""Tier-3""}",https://thanosvibs.money/api/characters/cyclops4/skills
cyclops3,cyclops,Phoenix Five,false,5,https://thanosvibs.money/images-thumbnails/portraits/md/cyclops3.png,/mff-assets/uniforms/cyclops3.webp,Blast,Villain,Male,Mutant,"{""Energy Projection"",""Command"",""Phoenix Force"",""Energy"",""Fire"",""Instinct:Order"",""Source:Comic"",""Tier-4"",""Tier-3""}",https://thanosvibs.money/api/characters/cyclops3/skills
daisyjohnson,daisyjohnson,Default,true,0,https://thanosvibs.money/images-thumbnails/portraits/md/daisyjohnson.png,/mff-assets/uniforms/daisyjohnson.webp,Blast,Hero,Female,Inhuman,"{""Mind Resist"",""Agent"",""Physical"",""Energy"",""Instinct:Order"",""Source:Tv"",""Transcended""}",https://thanosvibs.money/api/characters/daisyjohnson/skills
daisyjohnson2,daisyjohnson,Marvel Studios' Agents of S.H.I.E.L.D. (Quake),false,1,https://thanosvibs.money/images-thumbnails/portraits/md/daisyjohnson2.png,/mff-assets/uniforms/daisyjohnson2.webp,Blast,Hero,Female,Inhuman,"{""Mind Resist"",""Agent"",""Physical"",""Energy"",""Instinct:Order"",""Source:Tv"",""Transcended""}",https://thanosvibs.money/api/characters/daisyjohnson2/skills
daisyjohnson1,daisyjohnson,Modern,false,2,https://thanosvibs.money/images-thumbnails/portraits/md/daisyjohnson1.png,/mff-assets/uniforms/daisyjohnson1.webp,Blast,Hero,Female,Inhuman,"{""Command"",""Agent"",""Physical"",""Energy"",""Instinct:Order"",""Source:Comic"",""Transcended"",""Alias:Quake""}",https://thanosvibs.money/api/characters/daisyjohnson1/skills
daken,daken,Default,true,0,https://thanosvibs.money/images-thumbnails/portraits/md/daken.png,/mff-assets/uniforms/daken.webp,Combat,Villain,Male,Mutant,"{""Weapons Master"",""Healing"",""Physical"",""Instinct:Destruction"",""Source:Comic"",""Tier-3""}",https://thanosvibs.money/api/characters/daken/skills
daken1,daken,Dark Wolverine,false,1,https://thanosvibs.money/images-thumbnails/portraits/md/daken1.png,/mff-assets/uniforms/daken1.webp,Combat,Villain,Male,Mutant,"{""Weapons Master"",""Healing"",""Physical"",""Instinct:Destruction"",""Source:Comic"",""Tier-3""}",https://thanosvibs.money/api/characters/daken1/skills
daredevil,daredevil,Default,true,0,https://thanosvibs.money/images-thumbnails/portraits/md/daredevil.png,/mff-assets/uniforms/daredevil.webp,Speed,Hero,Male,Human,"{""Heightened Senses"",""Defenders"",""Leadership"",""Physical"",""Instinct:Justice"",""Source:Comic"",""Tier-4"",""Tier-3""}",https://thanosvibs.money/api/characters/daredevil/skills
daredevil2,daredevil,"All-New, All-Different",false,1,https://thanosvibs.money/images-thumbnails/portraits/md/daredevil2.png,/mff-assets/uniforms/daredevil2.webp,Speed,Hero,Male,Human,"{""Heightened Senses"",""Defenders"",""Leadership"",""Physical"",""Instinct:Justice"",""Source:Comic"",""Tier-4"",""Tier-3""}",https://thanosvibs.money/api/characters/daredevil2/skills
daredevil1,daredevil,Devil of Hell's Kitchen,false,2,https://thanosvibs.money/images-thumbnails/portraits/md/daredevil1.png,/mff-assets/uniforms/daredevil1.webp,Speed,Hero,Male,Human,"{""Heightened Senses"",""Defenders"",""Leadership"",""Physical"",""Instinct:Justice"",""Source:Tv"",""Tier-4"",""Tier-3""}",https://thanosvibs.money/api/characters/daredevil1/skills
daredevil3,daredevil,Fall From Grace,false,3,https://thanosvibs.money/images-thumbnails/portraits/md/daredevil3.png,/mff-assets/uniforms/daredevil3.webp,Speed,Hero,Male,Human,"{""Heightened Senses"",""Defenders"",""Leadership"",""Physical"",""Instinct:Justice"",""Source:Comic"",""Tier-4"",""Tier-3""}",https://thanosvibs.money/api/characters/daredevil3/skills
daredevil4,daredevil,Marvel Television's Daredevil: Born Again,false,4,https://thanosvibs.money/images-thumbnails/portraits/md/daredevil4.png,/mff-assets/uniforms/daredevil4.webp,Speed,Hero,Male,Human,"{""Heightened Senses"",""Defenders"",""Leadership"",""Physical"",""Instinct:Justice"",""Source:Mcu"",""Tier-4"",""Tier-3""}",https://thanosvibs.money/api/characters/daredevil4/skills
darkhawk,darkhawk,Default,true,0,https://thanosvibs.money/images-thumbnails/portraits/md/darkhawk.png,/mff-assets/uniforms/darkhawk.webp,Speed,Hero,Male,Human,"{""Leadership"",""Fast Movement"",""Instinct:Justice"",""Source:Comic""}",https://thanosvibs.money/api/characters/darkhawk/skills
dazzler,dazzler,Default,true,0,https://thanosvibs.money/images-thumbnails/portraits/md/dazzler.png,/mff-assets/uniforms/dazzler.webp,Blast,Hero,Female,Mutant,"{""Energy Projection"",""Energy"",""Instinct:Order"",""Source:Comic"",""Tier-4"",""Transcended""}",https://thanosvibs.money/api/characters/dazzler/skills
dazzler1,dazzler,X-Song,false,1,https://thanosvibs.money/images-thumbnails/portraits/md/dazzler1.png,/mff-assets/uniforms/dazzler1.webp,Blast,Hero,Female,Mutant,"{""Energy Projection"",""Energy"",""Instinct:Order"",""Source:Comic"",""Tier-4"",""Transcended""}",https://thanosvibs.money/api/characters/dazzler1/skills
deadpool,deadpool,Default,true,0,https://thanosvibs.money/images-thumbnails/portraits/md/deadpool.png,/mff-assets/uniforms/deadpool.webp,Speed,Hero,Male,Mutant,"{""Healing"",""Weapons Master"",""Physical"",""Instinct:Order"",""Source:Comic"",""Tier-4"",""Tier-3""}",https://thanosvibs.money/api/characters/deadpool/skills
deadpool4,deadpool,30th Anniversary Black Version,false,1,https://thanosvibs.money/images-thumbnails/portraits/md/deadpool4.png,/mff-assets/uniforms/deadpool4.webp,Speed,Hero,Male,Mutant,"{""Healing"",""Weapons Master"",""Physical"",""Instinct:Order"",""Source:Original"",""Tier-4"",""Tier-3""}",https://thanosvibs.money/api/characters/deadpool4/skills
deadpool5,deadpool,30th Anniversary White Version,false,2,https://thanosvibs.money/images-thumbnails/portraits/md/deadpool5.png,/mff-assets/uniforms/deadpool5.webp,Speed,Hero,Male,Mutant,"{""Healing"",""Weapons Master"",""Physical"",""Instinct:Order"",""Source:Original"",""Tier-4"",""Tier-3""}",https://thanosvibs.money/api/characters/deadpool5/skills
deadpool6,deadpool,April Pools,false,3,https://thanosvibs.money/images-thumbnails/portraits/md/deadpool6.png,/mff-assets/uniforms/deadpool6.webp,Speed,Hero,Male,Mutant,"{""Healing"",""Weapons Master"",""Physical"",""Instinct:Order"",""Source:Original"",""Tier-4"",""Tier-3""}",https://thanosvibs.money/api/characters/deadpool6/skills
deadpool3,deadpool,Holiday Party,false,4,https://thanosvibs.money/images-thumbnails/portraits/md/deadpool3.png,/mff-assets/uniforms/deadpool3.webp,Speed,Hero,Female,Mutant,"{""Healing"",""Weapons Master"",""Physical"",""Instinct:Order"",""Source:Original"",""Tier-4"",""Tier-3""}",https://thanosvibs.money/api/characters/deadpool3/skills
deadpool2,deadpool,Lady Deadpool,false,5,https://thanosvibs.money/images-thumbnails/portraits/md/deadpool2.png,/mff-assets/uniforms/deadpool2.webp,Speed,Hero,Female,Mutant,"{""Healing"",""Weapons Master"",""Physical"",""Instinct:Order"",""Source:Comic"",""Tier-4"",""Tier-3""}",https://thanosvibs.money/api/characters/deadpool2/skills
deadpool8,deadpool,Marvel Studios' Deadpool & Wolverine,false,6,https://thanosvibs.money/images-thumbnails/portraits/md/deadpool8.png,/mff-assets/uniforms/deadpool8.webp,Speed,Hero,Male,Mutant,"{""Healing"",""Weapons Master"",""Physical"",""Instinct:Order"",""Source:Mcu"",""Tier-4"",""Tier-3""}",https://thanosvibs.money/api/characters/deadpool8/skills
deadpool7,deadpool,Marvel Studios' Deadpool & Wolverine · Nicepool,false,7,https://thanosvibs.money/images-thumbnails/portraits/md/deadpool7.png,/mff-assets/uniforms/deadpool7.webp,Speed,Hero,Male,Mutant,"{""Healing"",""Weapons Master"",""Physical"",""Instinct:Order"",""Source:Mcu"",""Tier-4"",""Tier-3"",""Alias:Nicepool""}",https://thanosvibs.money/api/characters/deadpool7/skills
deadpool1,deadpool,X-Force,false,8,https://thanosvibs.money/images-thumbnails/portraits/md/deadpool1.png,/mff-assets/uniforms/deadpool1.webp,Speed,Hero,Male,Mutant,"{""Healing"",""Weapons Master"",""Physical"",""Instinct:Order"",""Source:Comic"",""Tier-4"",""Tier-3""}",https://thanosvibs.money/api/characters/deadpool1/skills
deathlok,deathlok,Default,true,0,https://thanosvibs.money/images-thumbnails/portraits/md/deathlok.png,/mff-assets/uniforms/deathlok.webp,Combat,Hero,Male,Human,"{""Machine"",""Agent"",""Physical"",""Energy"",""Instinct:Justice"",""Source:Tv""}",https://thanosvibs.money/api/characters/deathlok/skills
deathlok1,deathlok,Modern,false,1,https://thanosvibs.money/images-thumbnails/portraits/md/deathlok1.png,/mff-assets/uniforms/deathlok1.webp,Blast,Hero,Male,Human,"{""Machine"",""Agent"",""Physical"",""Energy"",""Instinct:Justice"",""Source:Comic""}",https://thanosvibs.money/api/characters/deathlok1/skills
destroyer,destroyer,Default,true,0,https://thanosvibs.money/images-thumbnails/portraits/md/destroyer.png,/mff-assets/uniforms/destroyer.webp,Universal,Neutral,Neutral,Creature,"{""Flame"",""Machine"",""Energy"",""Physical"",""Fire"",""Instinct:Destruction"",""Source:Mcu"",""Tier-4"",""Transcended""}",https://thanosvibs.money/api/characters/destroyer/skills
destroyer1,destroyer,Prometheus,false,1,https://thanosvibs.money/images-thumbnails/portraits/md/destroyer1.png,/mff-assets/uniforms/destroyer1.webp,Universal,Neutral,Neutral,Creature,"{""Energy Projection"",""Machine"",""Energy"",""Physical"",""Instinct:Destruction"",""Source:Comic"",""Tier-4"",""Transcended""}",https://thanosvibs.money/api/characters/destroyer1/skills
destroyer2,destroyer,The Mighty Thor,false,2,https://thanosvibs.money/images-thumbnails/portraits/md/destroyer2.png,/mff-assets/uniforms/destroyer2.webp,Universal,Neutral,Neutral,Creature,"{""Energy Projection"",""Machine"",""Energy"",""Lightning"",""Instinct:Destruction"",""Source:Comic"",""Tier-4"",""Transcended""}",https://thanosvibs.money/api/characters/destroyer2/skills
doctordoom,doctordoom,Default,true,0,https://thanosvibs.money/images-thumbnails/portraits/md/doctordoom.png,/mff-assets/uniforms/doctordoom.webp,Universal,Villain,Male,Human,"{""Pure Evil"",""Magic"",""Energy"",""Fire"",""Instinct:Cruelty"",""Source:Comic"",""Tier-4"",""Tier-3""}",https://thanosvibs.money/api/characters/doctordoom/skills
doctordoom1,doctordoom,3099,false,1,https://thanosvibs.money/images-thumbnails/portraits/md/doctordoom1.png,/mff-assets/uniforms/doctordoom1.webp,Universal,Villain,Male,Human,"{""Pure Evil"",""Magic"",""Energy"",""Instinct:Cruelty"",""Source:Original"",""Tier-4"",""Tier-3""}",https://thanosvibs.money/api/characters/doctordoom1/skills
doctordoom2,doctordoom,God Emperor,false,2,https://thanosvibs.money/images-thumbnails/portraits/md/doctordoom2.png,/mff-assets/uniforms/doctordoom2.webp,Universal,Villain,Male,Human,"{""Pure Evil"",""Magic"",""Energy"",""Instinct:Cruelty"",""Source:Comic"",""Tier-4"",""Tier-3""}",https://thanosvibs.money/api/characters/doctordoom2/skills
doctoroctopus,doctoroctopus,Default,true,0,https://thanosvibs.money/images-thumbnails/portraits/md/doctoroctopus.png,/mff-assets/uniforms/doctoroctopus.webp,Combat,Villain,Male,Human,"{""Machine"",""Durability"",""Sinister Six"",""Physical"",""Lightning"",""Mind"",""Instinct:Cruelty"",""Source:Comic"",""Tier-4"",""Transcended""}",https://thanosvibs.money/api/characters/doctoroctopus/skills
doctoroctopus4,doctoroctopus,Ends of the Earth,false,1,https://thanosvibs.money/images-thumbnails/portraits/md/doctoroctopus4.png,/mff-assets/uniforms/doctoroctopus4.webp,Combat,Villain,Male,Human,"{""Machine"",""Durability"",""Sinister Six"",""Physical"",""Lightning"",""Mind"",""Instinct:Cruelty"",""Source:Comic"",""Tier-4"",""Transcended""}",https://thanosvibs.money/api/characters/doctoroctopus4/skills
doctoroctopus3,doctoroctopus,Spider-Man: No Way Home,false,2,https://thanosvibs.money/images-thumbnails/portraits/md/doctoroctopus3.png,/mff-assets/uniforms/doctoroctopus3.webp,Combat,Villain,Male,Human,"{""Machine"",""Durability"",""Sinister Six"",""Physical"",""Lightning"",""Mind"",""Instinct:Cruelty"",""Source:Mcu"",""Tier-4"",""Transcended""}",https://thanosvibs.money/api/characters/doctoroctopus3/skills
doctoroctopus2,doctoroctopus,Superior Octopus,false,3,https://thanosvibs.money/images-thumbnails/portraits/md/doctoroctopus2.png,/mff-assets/uniforms/doctoroctopus2.webp,Speed,Villain,Male,Human,"{""Machine"",""Agility"",""Sinister Six"",""Physical"",""Lightning"",""Mind"",""Instinct:Cruelty"",""Source:Comic"",""Tier-4"",""Transcended""}",https://thanosvibs.money/api/characters/doctoroctopus2/skills
doctoroctopus1,doctoroctopus,Superior Spider-Man,false,4,https://thanosvibs.money/images-thumbnails/portraits/md/doctoroctopus1.png,/mff-assets/uniforms/doctoroctopus1.webp,Combat,Hero,Male,Human,"{""Machine"",""Spider-Sense"",""Agility"",""Physical"",""Energy"",""Lightning"",""Mind"",""Instinct:Cruelty"",""Source:Comic"",""Tier-4"",""Transcended""}",https://thanosvibs.money/api/characters/doctoroctopus1/skills
doctorstrange,doctorstrange,Default,true,0,https://thanosvibs.money/images-thumbnails/portraits/md/doctorstrange.png,/mff-assets/uniforms/doctorstrange.webp,Blast,Hero,Male,Human,"{""Magic"",""Fast Movement"",""Energy"",""Instinct:Justice"",""Source:Comic"",""Tier-4"",""Tier-3""}",https://thanosvibs.money/api/characters/doctorstrange/skills
doctorstrange5,doctorstrange,Death of Doctor Strange,false,1,https://thanosvibs.money/images-thumbnails/portraits/md/doctorstrange5.png,/mff-assets/uniforms/doctorstrange5.webp,Blast,Hero,Male,Human,"{""Magic"",""Fast Movement"",""Energy"",""Instinct:Justice"",""Source:Comic"",""Tier-4"",""Tier-3""}",https://thanosvibs.money/api/characters/doctorstrange5/skills
doctorstrange2,doctorstrange,Marvel Studios' Avengers: Infinity War,false,2,https://thanosvibs.money/images-thumbnails/portraits/md/doctorstrange2.png,/mff-assets/uniforms/doctorstrange2.webp,Blast,Hero,Male,Human,"{""Magic"",""Fast Movement"",""Energy"",""Instinct:Justice"",""Source:Mcu"",""Tier-4"",""Tier-3""}",https://thanosvibs.money/api/characters/doctorstrange2/skills
doctorstrange1,doctorstrange,Marvel Studios' Doctor Strange,false,3,https://thanosvibs.money/images-thumbnails/portraits/md/doctorstrange1.png,/mff-assets/uniforms/doctorstrange1.webp,Blast,Hero,Male,Human,"{""Magic"",""Fast Movement"",""Energy"",""Instinct:Justice"",""Source:Mcu"",""Tier-4"",""Tier-3""}",https://thanosvibs.money/api/characters/doctorstrange1/skills
doctorstrange4,doctorstrange,Marvel Studios' Doctor Strange 2,false,4,https://thanosvibs.money/images-thumbnails/portraits/md/doctorstrange4.png,/mff-assets/uniforms/doctorstrange4.webp,Blast,Hero,Male,Human,"{""Magic"",""Fast Movement"",""Energy"",""Instinct:Justice"",""Source:Mcu"",""Tier-4"",""Tier-3""}",https://thanosvibs.money/api/characters/doctorstrange4/skills
doctorstrange3,doctorstrange,Space Suit,false,5,https://thanosvibs.money/images-thumbnails/portraits/md/doctorstrange3.png,/mff-assets/uniforms/doctorstrange3.webp,Blast,Hero,Male,Human,"{""Magic"",""Fast Movement"",""Energy"",""Instinct:Justice"",""Source:Comic"",""Tier-4"",""Tier-3""}",https://thanosvibs.money/api/characters/doctorstrange3/skills
doctorstrange6,doctorstrange,What If... Zombies?!,false,6,https://thanosvibs.money/images-thumbnails/portraits/md/doctorstrange6.png,/mff-assets/uniforms/doctorstrange6.webp,Blast,Villain,Male,Human,"{""Magic"",""Fast Movement"",""Zombie"",""Energy"",""Instinct:Justice"",""Source:Mcu"",""Tier-4"",""Tier-3""}",https://thanosvibs.money/api/characters/doctorstrange6/skills
doctorvoodoo,doctorvoodoo,Default,true,0,https://thanosvibs.money/images-thumbnails/portraits/md/doctorvoodoo.png,/mff-assets/uniforms/doctorvoodoo.webp,Universal,Hero,Male,Human,"{""Magic"",""Command"",""Energy"",""Instinct:Justice"",""Source:Comic"",""Tier-4"",""Transcended""}",https://thanosvibs.money/api/characters/doctorvoodoo/skills
doctorvoodoo2,doctorvoodoo,Savage Avengers,false,1,https://thanosvibs.money/images-thumbnails/portraits/md/doctorvoodoo2.png,/mff-assets/uniforms/doctorvoodoo2.webp,Universal,Hero,Male,Human,"{""Magic"",""Command"",""Energy"",""Instinct:Justice"",""Source:Comic"",""Tier-4"",""Transcended""}",https://thanosvibs.money/api/characters/doctorvoodoo2/skills
doctorvoodoo1,doctorvoodoo,Strange Academy,false,2,https://thanosvibs.money/images-thumbnails/portraits/md/doctorvoodoo1.png,/mff-assets/uniforms/doctorvoodoo1.webp,Universal,Hero,Male,Human,"{""Magic"",""Command"",""Energy"",""Instinct:Justice"",""Source:Comic"",""Tier-4"",""Transcended""}",https://thanosvibs.money/api/characters/doctorvoodoo1/skills
domino,domino,Default,true,0,https://thanosvibs.money/images-thumbnails/portraits/md/domino.png,/mff-assets/uniforms/domino.webp,Speed,Hero,Female,Mutant,"{""Agility"",""Weapons Master"",""Physical"",""Instinct:Order"",""Source:Comic"",""Transcended""}",https://thanosvibs.money/api/characters/domino/skills
domino2,domino,Krakoa X-Force,false,1,https://thanosvibs.money/images-thumbnails/portraits/md/domino2.png,/mff-assets/uniforms/domino2.webp,Speed,Hero,Female,Mutant,"{""Agility"",""Weapons Master"",""Physical"",""Instinct:Order"",""Source:Comic"",""Transcended""}",https://thanosvibs.money/api/characters/domino2/skills
domino1,domino,Marvel NOW!,false,2,https://thanosvibs.money/images-thumbnails/portraits/md/domino1.png,/mff-assets/uniforms/domino1.webp,Speed,Hero,Female,Mutant,"{""Agility"",""Weapons Master"",""Physical"",""Instinct:Order"",""Source:Comic"",""Transcended""}",https://thanosvibs.money/api/characters/domino1/skills
dormammu,dormammu,Default,true,0,https://thanosvibs.money/images-thumbnails/portraits/md/dormammu.png,/mff-assets/uniforms/dormammu.webp,Universal,Villain,Male,Other,"{""Magic"",""Pure Evil"",""Energy"",""Fire"",""Instinct:Destruction"",""Source:Comic"",""Tier-3""}",https://thanosvibs.money/api/characters/dormammu/skills
dormammu1,dormammu,Damnation,false,1,https://thanosvibs.money/images-thumbnails/portraits/md/dormammu1.png,/mff-assets/uniforms/dormammu1.webp,Universal,Villain,Male,Other,"{""Magic"",""Pure Evil"",""Energy"",""Fire"",""Instinct:Destruction"",""Source:Comic"",""Tier-3""}",https://thanosvibs.money/api/characters/dormammu1/skills
drax,drax,Default,true,0,https://thanosvibs.money/images-thumbnails/portraits/md/drax.png,/mff-assets/uniforms/drax.webp,Combat,Hero,Male,Alien,"{""Healing"",""Physical"",""Instinct:Order"",""Source:Mcu"",""Transcended""}",https://thanosvibs.money/api/characters/drax/skills
drax1,drax,"All-New, All-Different",false,1,https://thanosvibs.money/images-thumbnails/portraits/md/drax1.png,/mff-assets/uniforms/drax1.webp,Combat,Hero,Male,Alien,"{""Healing"",""Physical"",""Instinct:Order"",""Source:Comic"",""Transcended""}",https://thanosvibs.money/api/characters/drax1/skills
drax2,drax,Classic,false,2,https://thanosvibs.money/images-thumbnails/portraits/md/drax2.png,/mff-assets/uniforms/drax2.webp,Combat,Hero,Male,Alien,"{""Healing"",""Physical"",""Instinct:Order"",""Source:Comic"",""Transcended""}",https://thanosvibs.money/api/characters/drax2/skills
ebonymaw,ebonymaw,Default,true,0,https://thanosvibs.money/images-thumbnails/portraits/md/ebonymaw.png,/mff-assets/uniforms/ebonymaw.webp,Universal,Villain,Male,Alien,"{""Pure Evil"",""Mind Resist"",""Black Order"",""Physical"",""Energy"",""Mind"",""Instinct:Destruction"",""Source:Comic"",""Tier-4"",""Tier-3""}",https://thanosvibs.money/api/characters/ebonymaw/skills
ebonymaw2,ebonymaw,Dark Obsidian Armor,false,1,https://thanosvibs.money/images-thumbnails/portraits/md/ebonymaw2.png,/mff-assets/uniforms/ebonymaw2.webp,Blast,Villain,Male,Alien,"{""Pure Evil"",""Mind Resist"",""Black Order"",""Energy"",""Mind"",""Instinct:Destruction"",""Source:Original"",""Tier-4"",""Tier-3""}",https://thanosvibs.money/api/characters/ebonymaw2/skills
ebonymaw3,ebonymaw,General's Hand,false,2,https://thanosvibs.money/images-thumbnails/portraits/md/ebonymaw3.png,/mff-assets/uniforms/ebonymaw3.webp,Blast,Villain,Male,Alien,"{""Pure Evil"",""Mind Resist"",""Black Order"",""Energy"",""Mind"",""Instinct:Destruction"",""Source:Original"",""Tier-4"",""Tier-3""}",https://thanosvibs.money/api/characters/ebonymaw3/skills
ebonymaw1,ebonymaw,Marvel Studios' Avengers: Infinity War,false,3,https://thanosvibs.money/images-thumbnails/portraits/md/ebonymaw1.png,/mff-assets/uniforms/ebonymaw1.webp,Universal,Villain,Male,Alien,"{""Pure Evil"",""Mind Resist"",""Black Order"",""Physical"",""Energy"",""Mind"",""Instinct:Destruction"",""Source:Mcu"",""Tier-4"",""Tier-3""}",https://thanosvibs.money/api/characters/ebonymaw1/skills
echo,echo,Default,true,0,https://thanosvibs.money/images-thumbnails/portraits/md/echo.png,/mff-assets/uniforms/echo.webp,Blast,Hero,Female,Human,"{""Phoenix Force"",""Agility"",""Physical"",""Fire"",""Instinct:Justice"",""Source:Comic"",""Tier-4"",""Transcended""}",https://thanosvibs.money/api/characters/echo/skills
echo2,echo,Marvel Studios' Echo,false,1,https://thanosvibs.money/images-thumbnails/portraits/md/echo2.png,/mff-assets/uniforms/echo2.webp,Speed,Hero,Female,Human,"{""Agility"",""Physical"",""Instinct:Justice"",""Source:Mcu"",""Tier-4"",""Transcended"",""Alias:Maya Lopez (Echo)""}",https://thanosvibs.money/api/characters/echo2/skills
echo1,echo,Marvel Studios' Hawkeye,false,2,https://thanosvibs.money/images-thumbnails/portraits/md/echo1.png,/mff-assets/uniforms/echo1.webp,Speed,Hero,Female,Human,"{""Agility"",""Physical"",""Instinct:Justice"",""Source:Mcu"",""Tier-4"",""Transcended"",""Alias:Maya Lopez""}",https://thanosvibs.money/api/characters/echo1/skills
electro,electro,Default,true,0,https://thanosvibs.money/images-thumbnails/portraits/md/electro.png,/mff-assets/uniforms/electro.webp,Speed,Villain,Male,Human,"{""Pure Evil"",""Shock"",""Sinister Six"",""Energy"",""Lightning"",""Mind"",""Instinct:Cruelty"",""Source:Comic"",""Transcended""}",https://thanosvibs.money/api/characters/electro/skills
electro1,electro,Spider-Man: No Way Home,false,1,https://thanosvibs.money/images-thumbnails/portraits/md/electro1.png,/mff-assets/uniforms/electro1.webp,Speed,Villain,Male,Human,"{""Pure Evil"",""Shock"",""Sinister Six"",""Energy"",""Lightning"",""Mind"",""Instinct:Cruelty"",""Source:Mcu"",""Transcended""}",https://thanosvibs.money/api/characters/electro1/skills
elektra,elektra,Default,true,0,https://thanosvibs.money/images-thumbnails/portraits/md/elektra.png,/mff-assets/uniforms/elektra.webp,Speed,Hero,Female,Human,"{""Weapons Master"",""Physical"",""Instinct:Justice"",""Source:Comic"",""Tier-4"",""Tier-3""}",https://thanosvibs.money/api/characters/elektra/skills
elektra3,elektra,Elektra,false,1,https://thanosvibs.money/images-thumbnails/portraits/md/elektra3.png,/mff-assets/uniforms/elektra3.webp,Speed,Hero,Female,Human,"{""Weapons Master"",""Physical"",""Instinct:Justice"",""Source:Comic"",""Tier-4"",""Tier-3""}",https://thanosvibs.money/api/characters/elektra3/skills
elektra1,elektra,Marvel Studios' Daredevil,false,2,https://thanosvibs.money/images-thumbnails/portraits/md/elektra1.png,/mff-assets/uniforms/elektra1.webp,Speed,Hero,Female,Human,"{""Weapons Master"",""Physical"",""Instinct:Justice"",""Source:Tv"",""Tier-4"",""Tier-3""}",https://thanosvibs.money/api/characters/elektra1/skills
elektra2,elektra,Woman Without Fear,false,3,https://thanosvibs.money/images-thumbnails/portraits/md/elektra2.png,/mff-assets/uniforms/elektra2.webp,Speed,Hero,Female,Human,"{""Weapons Master"",""Physical"",""Instinct:Justice"",""Source:Comic"",""Tier-4"",""Tier-3""}",https://thanosvibs.money/api/characters/elektra2/skills
elsabloodstone,elsabloodstone,Default,true,0,https://thanosvibs.money/images-thumbnails/portraits/md/elsabloodstone.png,/mff-assets/uniforms/elsabloodstone.webp,Speed,Hero,Female,Human,"{""Weapons Master"",""Physical"",""Instinct:Justice"",""Source:Comic"",""Transcended""}",https://thanosvibs.money/api/characters/elsabloodstone/skills
elsabloodstone2,elsabloodstone,Monsters Unleashed! (MFF Variant),false,1,https://thanosvibs.money/images-thumbnails/portraits/md/elsabloodstone2.png,/mff-assets/uniforms/elsabloodstone2.webp,Speed,Hero,Female,Human,"{""Weapons Master"",""Physical"",""Energy"",""Instinct:Justice"",""Source:Original"",""Transcended""}",https://thanosvibs.money/api/characters/elsabloodstone2/skills
elsabloodstone1,elsabloodstone,Secret Wars: Marvel Zombies,false,2,https://thanosvibs.money/images-thumbnails/portraits/md/elsabloodstone1.png,/mff-assets/uniforms/elsabloodstone1.webp,Speed,Hero,Female,Human,"{""Weapons Master"",""Physical"",""Energy"",""Instinct:Justice"",""Source:Comic"",""Transcended""}",https://thanosvibs.money/api/characters/elsabloodstone1/skills
emmafrost,emmafrost,Default,true,0,https://thanosvibs.money/images-thumbnails/portraits/md/emmafrost.png,/mff-assets/uniforms/emmafrost.webp,Blast,Hero,Female,Mutant,"{""Mind Resist"",""Durability"",""Energy"",""Mind"",""Instinct:Order"",""Source:Comic"",""Tier-4"",""Tier-3""}",https://thanosvibs.money/api/characters/emmafrost/skills
emmafrost3,emmafrost,Hellfire Gala,false,1,https://thanosvibs.money/images-thumbnails/portraits/md/emmafrost3.png,/mff-assets/uniforms/emmafrost3.webp,Blast,Hero,Female,Mutant,"{""Mind Resist"",""Durability"",""Energy"",""Mind"",""Instinct:Order"",""Source:Comic"",""Tier-4"",""Tier-3""}",https://thanosvibs.money/api/characters/emmafrost3/skills
emmafrost1,emmafrost,Marvel NOW!,false,2,https://thanosvibs.money/images-thumbnails/portraits/md/emmafrost1.png,/mff-assets/uniforms/emmafrost1.webp,Blast,Hero,Female,Mutant,"{""Mind Resist"",""Durability"",""Energy"",""Mind"",""Instinct:Order"",""Source:Comic"",""Tier-4"",""Tier-3""}",https://thanosvibs.money/api/characters/emmafrost1/skills
emmafrost2,emmafrost,Phoenix Five,false,3,https://thanosvibs.money/images-thumbnails/portraits/md/emmafrost2.png,/mff-assets/uniforms/emmafrost2.webp,Blast,Villain,Female,Mutant,"{""Mind Resist"",""Durability"",""Phoenix Force"",""Energy"",""Mind"",""Fire"",""Instinct:Order"",""Source:Comic"",""Tier-4"",""Tier-3""}",https://thanosvibs.money/api/characters/emmafrost2/skills
emmafrost4,emmafrost,Summer Queen,false,4,https://thanosvibs.money/images-thumbnails/portraits/md/emmafrost4.png,/mff-assets/uniforms/emmafrost4.webp,Blast,Hero,Female,Mutant,"{""Mind Resist"",""Durability"",""Energy"",""Mind"",""Instinct:Order"",""Source:Original"",""Tier-4"",""Tier-3""}",https://thanosvibs.money/api/characters/emmafrost4/skills
enchantress,enchantress,Default,true,0,https://thanosvibs.money/images-thumbnails/portraits/md/enchantress.png,/mff-assets/uniforms/enchantress.webp,Blast,Villain,Female,Alien,"{""Magic"",""Mind"",""Energy"",""Instinct:Destruction"",""Source:Comic"",""Tier-3""}",https://thanosvibs.money/api/characters/enchantress/skills
enchantress1,enchantress,Summer Days,false,1,https://thanosvibs.money/images-thumbnails/portraits/md/enchantress1.png,/mff-assets/uniforms/enchantress1.webp,Blast,Villain,Female,Alien,"{""Magic"",""Mind"",""Energy"",""Instinct:Destruction"",""Source:Original"",""Tier-3""}",https://thanosvibs.money/api/characters/enchantress1/skills
enchantress2,enchantress,War of the Realms,false,2,https://thanosvibs.money/images-thumbnails/portraits/md/enchantress2.png,/mff-assets/uniforms/enchantress2.webp,Blast,Villain,Female,Alien,"{""Magic"",""Mind"",""Energy"",""Instinct:Destruction"",""Source:Comic"",""Tier-3""}",https://thanosvibs.money/api/characters/enchantress2/skills
exodus,exodus,Default,true,0,https://thanosvibs.money/images-thumbnails/portraits/md/exodus.png,/mff-assets/uniforms/exodus.webp,Universal,Hero,Male,Mutant,"{""Energy Projection"",""Command"",""Energy"",""Instinct:Order"",""Source:Comic"",""Transcended""}",https://thanosvibs.money/api/characters/exodus/skills
falcon,falcon,Default,true,0,https://thanosvibs.money/images-thumbnails/portraits/md/falcon.png,/mff-assets/uniforms/falcon.webp,Speed,Hero,Male,Human,"{""Fast Movement"",""Leadership"",""Physical"",""Instinct:Justice"",""Source:Mcu"",""Tier-4"",""Tier-3""}",https://thanosvibs.money/api/characters/falcon/skills
falcon1,falcon,All-New Captain America,false,1,https://thanosvibs.money/images-thumbnails/portraits/md/falcon1.png,/mff-assets/uniforms/falcon1.webp,Speed,Hero,Male,Human,"{""Fast Movement"",""Leadership"",""Physical"",""Instinct:Justice"",""Source:Comic"",""Tier-4"",""Tier-3""}",https://thanosvibs.money/api/characters/falcon1/skills
falcon3,falcon,Marvel Legacy,false,2,https://thanosvibs.money/images-thumbnails/portraits/md/falcon3.png,/mff-assets/uniforms/falcon3.webp,Speed,Hero,Male,Human,"{""Fast Movement"",""Leadership"",""Physical"",""Instinct:Justice"",""Source:Comic"",""Tier-4"",""Tier-3""}",https://thanosvibs.money/api/characters/falcon3/skills
falcon6,falcon,Marvel Studios' Captain America: Brave New World,false,3,https://thanosvibs.money/images-thumbnails/portraits/md/falcon6.png,/mff-assets/uniforms/falcon6.webp,Speed,Hero,Male,Human,"{""Fast Movement"",""Leadership"",""Command"",""Physical"",""Instinct:Justice"",""Source:Mcu"",""Tier-4"",""Tier-3"",""Alias:Captain America (Sam Wilson)""}",https://thanosvibs.money/api/characters/falcon6/skills
falcon2,falcon,Marvel Studios' Captain America: Civil War,false,4,https://thanosvibs.money/images-thumbnails/portraits/md/falcon2.png,/mff-assets/uniforms/falcon2.webp,Speed,Hero,Male,Human,"{""Fast Movement"",""Leadership"",""Physical"",""Instinct:Justice"",""Source:Mcu"",""Tier-4"",""Tier-3""}",https://thanosvibs.money/api/characters/falcon2/skills
falcon4,falcon,Marvel Studios' The Falcon and the Winter Soldier,false,5,https://thanosvibs.money/images-thumbnails/portraits/md/falcon4.png,/mff-assets/uniforms/falcon4.webp,Speed,Hero,Male,Human,"{""Fast Movement"",""Leadership"",""Command"",""Physical"",""Instinct:Justice"",""Source:Mcu"",""Tier-4"",""Tier-3"",""Alias:Captain America (Sam Wilson)""}",https://thanosvibs.money/api/characters/falcon4/skills
falcon5,falcon,What If... Zombies?!,false,6,https://thanosvibs.money/images-thumbnails/portraits/md/falcon5.png,/mff-assets/uniforms/falcon5.webp,Speed,Villain,Male,Human,"{""Fast Movement"",""Leadership"",""Zombie"",""Physical"",""Instinct:Justice"",""Source:Mcu"",""Tier-4"",""Tier-3""}",https://thanosvibs.money/api/characters/falcon5/skills
joaquintorres,falconjoaquintorres,Default,true,0,https://thanosvibs.money/images-thumbnails/portraits/md/joaquintorres.png,/mff-assets/uniforms/joaquintorres.webp,Speed,Hero,Male,Human,"{""Fast Movement"",""Leadership"",""Physical"",""Instinct:Justice"",""Source:Mcu"",""Tier-3""}",https://thanosvibs.money/api/characters/joaquintorres/skills
fandral,fandral,Default,true,0,https://thanosvibs.money/images-thumbnails/portraits/md/fandral.png,/mff-assets/uniforms/fandral.webp,Speed,Hero,Male,Alien,"{""Agility"",""Physical"",""Instinct:Order"",""Source:Comic"",""Transcended""}",https://thanosvibs.money/api/characters/fandral/skills
fantomex,fantomex,Default,true,0,https://thanosvibs.money/images-thumbnails/portraits/md/fantomex.png,/mff-assets/uniforms/fantomex.webp,Speed,Hero,Male,Mutant,"{""Agility"",""Weapons Master"",""Physical"",""Instinct:Order"",""Source:Comic"",""Transcended""}",https://thanosvibs.money/api/characters/fantomex/skills
franklinrichards,franklinrichards,Default,true,0,https://thanosvibs.money/images-thumbnails/portraits/md/franklinrichards.png,/mff-assets/uniforms/franklinrichards.webp,Universal,Hero,Male,Human,"{""Energy Projection"",""Mind"",""Fantastic Four"",""Energy"",""Instinct:Justice"",""Source:Comic"",""Transcended""}",https://thanosvibs.money/api/characters/franklinrichards/skills
gambit,gambit,Default,true,0,https://thanosvibs.money/images-thumbnails/portraits/md/gambit.png,/mff-assets/uniforms/gambit.webp,Blast,Hero,Male,Mutant,"{""Agility"",""Mind"",""Energy"",""Physical"",""Instinct:Order"",""Source:Comic"",""Tier-4"",""Transcended""}",https://thanosvibs.money/api/characters/gambit/skills
gambit1,gambit,Excalibur,false,1,https://thanosvibs.money/images-thumbnails/portraits/md/gambit1.png,/mff-assets/uniforms/gambit1.webp,Blast,Hero,Male,Mutant,"{""Agility"",""Mind"",""Energy"",""Instinct:Order"",""Source:Comic"",""Tier-4"",""Transcended""}",https://thanosvibs.money/api/characters/gambit1/skills
gambit2,gambit,X-Men Year-End Party,false,2,https://thanosvibs.money/images-thumbnails/portraits/md/gambit2.png,/mff-assets/uniforms/gambit2.webp,Blast,Hero,Male,Mutant,"{""Agility"",""Mind"",""Energy"",""Instinct:Order"",""Source:Original"",""Tier-4"",""Transcended""}",https://thanosvibs.money/api/characters/gambit2/skills
gamora,gamora,Default,true,0,https://thanosvibs.money/images-thumbnails/portraits/md/gamora.png,/mff-assets/uniforms/gamora.webp,Speed,Hero,Female,Alien,"{""Agility"",""Weapons Master"",""Physical"",""Instinct:Order"",""Source:Mcu"",""Tier-4"",""Transcended""}",https://thanosvibs.money/api/characters/gamora/skills
gamora1,gamora,"All-New, All-Different",false,1,https://thanosvibs.money/images-thumbnails/portraits/md/gamora1.png,/mff-assets/uniforms/gamora1.webp,Speed,Hero,Female,Alien,"{""Agility"",""Weapons Master"",""Physical"",""Instinct:Order"",""Source:Comic"",""Tier-4"",""Transcended""}",https://thanosvibs.money/api/characters/gamora1/skills
gamora2,gamora,Guardians of the Galaxy 2,false,2,https://thanosvibs.money/images-thumbnails/portraits/md/gamora2.png,/mff-assets/uniforms/gamora2.webp,Speed,Hero,Female,Alien,"{""Agility"",""Weapons Master"",""Physical"",""Energy"",""Instinct:Order"",""Source:Mcu"",""Tier-4"",""Transcended""}",https://thanosvibs.money/api/characters/gamora2/skills
gamora4,gamora,Marvel Studios' Guardians of the Galaxy 3,false,3,https://thanosvibs.money/images-thumbnails/portraits/md/gamora4.png,/mff-assets/uniforms/gamora4.webp,Speed,Hero,Female,Alien,"{""Agility"",""Weapons Master"",""Guardians of the Galaxy"",""Physical"",""Instinct:Order"",""Source:Mcu"",""Tier-4"",""Transcended""}",https://thanosvibs.money/api/characters/gamora4/skills
gamora3,gamora,Requiem,false,4,https://thanosvibs.money/images-thumbnails/portraits/md/gamora3.png,/mff-assets/uniforms/gamora3.webp,Speed,Villain,Female,Alien,"{""Agility"",""Weapons Master"",""Physical"",""Instinct:Order"",""Source:Comic"",""Tier-4"",""Transcended""}",https://thanosvibs.money/api/characters/gamora3/skills
gamora5,gamora,Wastelanders,false,5,https://thanosvibs.money/images-thumbnails/portraits/md/gamora5.png,/mff-assets/uniforms/gamora5.webp,Speed,Hero,Female,Alien,"{""Agility"",""Weapons Master"",""Guardians of the Galaxy"",""Physical"",""Instinct:Order"",""Source:Comic"",""Tier-4"",""Transcended""}",https://thanosvibs.money/api/characters/gamora5/skills
ghost,ghost,Default,true,0,https://thanosvibs.money/images-thumbnails/portraits/md/ghost.png,/mff-assets/uniforms/ghost.webp,Speed,Villain,Male,Human,"{""Weapons Master"",""Machine"",""Energy"",""Instinct:Cruelty"",""Source:Comic"",""Tier-3""}",https://thanosvibs.money/api/characters/ghost/skills
ghost1,ghost,Marvel Studios' Ant-Man and the Wasp,false,1,https://thanosvibs.money/images-thumbnails/portraits/md/ghost1.png,/mff-assets/uniforms/ghost1.webp,Speed,Villain,Female,Human,"{""Weapons Master"",""Machine"",""Physical"",""Energy"",""Instinct:Cruelty"",""Source:Mcu"",""Tier-3""}",https://thanosvibs.money/api/characters/ghost1/skills
ghost2,ghost,Marvel Studios' Thunderbolts*,false,2,https://thanosvibs.money/images-thumbnails/portraits/md/ghost2.png,/mff-assets/uniforms/ghost2.webp,Speed,Hero,Female,Human,"{""Weapons Master"",""Machine"",""Thunderbolts"",""Energy"",""Instinct:Cruelty"",""Source:Mcu"",""Tier-3""}",https://thanosvibs.money/api/characters/ghost2/skills
ghostpanther,ghostpanther,Default,true,0,https://thanosvibs.money/images-thumbnails/portraits/md/ghostpanther.png,/mff-assets/uniforms/ghostpanther.webp,Universal,Hero,Male,Human,"{""Agility"",""Flame"",""Infinity Warps"",""Physical"",""Fire"",""Instinct:Justice"",""Source:Comic"",""Transcended""}",https://thanosvibs.money/api/characters/ghostpanther/skills
ghostrider,ghostrider,Default,true,0,https://thanosvibs.money/images-thumbnails/portraits/md/ghostrider.png,/mff-assets/uniforms/ghostrider.webp,Universal,Hero,Male,Human,"{""Leadership"",""Flame"",""Energy"",""Fire"",""Physical"",""Instinct:Justice"",""Source:Comic"",""Tier-4"",""Tier-3""}",https://thanosvibs.money/api/characters/ghostrider/skills
ghostrider1,ghostrider,70's Classic,false,1,https://thanosvibs.money/images-thumbnails/portraits/md/ghostrider1.png,/mff-assets/uniforms/ghostrider1.webp,Universal,Hero,Male,Human,"{""Leadership"",""Flame"",""Energy"",""Fire"",""Physical"",""Instinct:Justice"",""Source:Comic"",""Tier-4"",""Tier-3""}",https://thanosvibs.money/api/characters/ghostrider1/skills
ghostrider2,ghostrider,Inhumans: Attilan Rising,false,2,https://thanosvibs.money/images-thumbnails/portraits/md/ghostrider2.png,/mff-assets/uniforms/ghostrider2.webp,Universal,Hero,Male,Human,"{""Leadership"",""Flame"",""Energy"",""Fire"",""Physical"",""Instinct:Justice"",""Source:Comic"",""Tier-4"",""Tier-3""}",https://thanosvibs.money/api/characters/ghostrider2/skills
ghostrider3,ghostrider,King of Hell,false,3,https://thanosvibs.money/images-thumbnails/portraits/md/ghostrider3.png,/mff-assets/uniforms/ghostrider3.webp,Universal,Hero,Male,Human,"{""Leadership"",""Flame"",""Energy"",""Fire"",""Instinct:Justice"",""Source:Comic"",""Tier-4"",""Tier-3""}",https://thanosvibs.money/api/characters/ghostrider3/skills
ghostrider4,ghostrider,Rage Returned,false,4,https://thanosvibs.money/images-thumbnails/portraits/md/ghostrider4.png,/mff-assets/uniforms/ghostrider4.webp,Universal,Hero,Male,Human,"{""Leadership"",""Flame"",""Energy"",""Fire"",""Instinct:Justice"",""Source:Comic"",""Tier-4"",""Tier-3""}",https://thanosvibs.money/api/characters/ghostrider4/skills
ghostrider5,ghostrider,Savage Avengers,false,5,https://thanosvibs.money/images-thumbnails/portraits/md/ghostrider5.png,/mff-assets/uniforms/ghostrider5.webp,Universal,Hero,Male,Human,"{""Leadership"",""Flame"",""Energy"",""Fire"",""Instinct:Justice"",""Source:Comic"",""Tier-4"",""Tier-3""}",https://thanosvibs.money/api/characters/ghostrider5/skills
robbiereyes,ghostriderrobbiereyes,Default,true,0,https://thanosvibs.money/images-thumbnails/portraits/md/robbiereyes.png,/mff-assets/uniforms/robbiereyes.webp,Universal,Hero,Male,Human,"{""Fast Movement"",""Flame"",""Energy"",""Fire"",""Instinct:Justice"",""Source:Comic"",""Transcended""}",https://thanosvibs.money/api/characters/robbiereyes/skills
robbiereyes1,ghostriderrobbiereyes,Lord of Vengeance,false,1,https://thanosvibs.money/images-thumbnails/portraits/md/robbiereyes1.png,/mff-assets/uniforms/robbiereyes1.webp,Universal,Hero,Male,Human,"{""Fast Movement"",""Flame"",""Energy"",""Fire"",""Instinct:Justice"",""Source:Comic"",""Transcended""}",https://thanosvibs.money/api/characters/robbiereyes1/skills
giantman,giantman,Default,true,0,https://thanosvibs.money/images-thumbnails/portraits/md/giantman.png,/mff-assets/uniforms/giantman.webp,Combat,Hero,Male,Human,"{""Strong"",""Physical"",""Instinct:Justice"",""Source:Comic"",""Transcended""}",https://thanosvibs.money/api/characters/giantman/skills
giantman1,giantman,Modern · Goliath,false,1,https://thanosvibs.money/images-thumbnails/portraits/md/giantman1.png,/mff-assets/uniforms/giantman1.webp,Combat,Hero,Male,Human,"{""Strong"",""Physical"",""Instinct:Justice"",""Source:Comic"",""Transcended"",""Alias:Goliath""}",https://thanosvibs.money/api/characters/giantman1/skills
giantman2,giantman,Ultron Pym,false,2,https://thanosvibs.money/images-thumbnails/portraits/md/giantman2.png,/mff-assets/uniforms/giantman2.webp,Universal,Villain,Male,Human,"{""Strong"",""Energy"",""Physical"",""Instinct:Justice"",""Source:Comic"",""Transcended""}",https://thanosvibs.money/api/characters/giantman2/skills
gilgamesh,gilgamesh,Default,true,0,https://thanosvibs.money/images-thumbnails/portraits/md/gilgamesh.png,/mff-assets/uniforms/gilgamesh.webp,Combat,Hero,Male,Alien,"{""Strong"",""Eternals"",""Physical"",""Instinct:Order"",""Source:Comic"",""Transcended""}",https://thanosvibs.money/api/characters/gilgamesh/skills
gilgamesh1,gilgamesh,Marvel Studios' Eternals,false,1,https://thanosvibs.money/images-thumbnails/portraits/md/gilgamesh1.png,/mff-assets/uniforms/gilgamesh1.webp,Combat,Hero,Male,Alien,"{""Strong"",""Eternals"",""Physical"",""Instinct:Order"",""Source:Mcu"",""Transcended""}",https://thanosvibs.money/api/characters/gilgamesh1/skills
gladiator,gladiator,Default,true,0,https://thanosvibs.money/images-thumbnails/portraits/md/gladiator.png,/mff-assets/uniforms/gladiator.webp,Combat,Hero,Male,Alien,"{""Annihilators"",""Strong"",""Leadership"",""Physical"",""Cold"",""Fire"",""Instinct:Order"",""Source:Comic"",""Tier-4"",""Tier-3""}",https://thanosvibs.money/api/characters/gladiator/skills
gladiator1,gladiator,Thanos: The Infinity Revelation,false,1,https://thanosvibs.money/images-thumbnails/portraits/md/gladiator1.png,/mff-assets/uniforms/gladiator1.webp,Combat,Hero,Male,Alien,"{""Annihilators"",""Strong"",""Leadership"",""Physical"",""Instinct:Order"",""Source:Comic"",""Tier-4"",""Tier-3""}",https://thanosvibs.money/api/characters/gladiator1/skills
goliath,goliath,Default,true,0,https://thanosvibs.money/images-thumbnails/portraits/md/goliath.png,/mff-assets/uniforms/goliath.webp,Combat,Hero,Male,Human,"{""Strong"",""Durability"",""Physical"",""Instinct:Justice"",""Source:Comic"",""Transcended""}",https://thanosvibs.money/api/characters/goliath/skills
gorgon,gorgon,Default,true,0,https://thanosvibs.money/images-thumbnails/portraits/md/gorgon.png,/mff-assets/uniforms/gorgon.webp,Combat,Hero,Male,Inhuman,"{""Strong"",""Physical"",""Instinct:Order"",""Source:Comic"",""Transcended""}",https://thanosvibs.money/api/characters/gorgon/skills
gorillaman,gorillaman,Default,true,0,https://thanosvibs.money/images-thumbnails/portraits/md/gorillaman.png,/mff-assets/uniforms/gorillaman.webp,Combat,Hero,Male,Human,"{""Strong"",""Agility"",""Weapons Master"",""Physical"",""Instinct:Justice"",""Source:Comic"",""Transcended""}",https://thanosvibs.money/api/characters/gorillaman/skills
gorr1,gorr,Default,true,0,https://thanosvibs.money/images-thumbnails/portraits/md/gorr1.png,/mff-assets/uniforms/gorr1.webp,Universal,Villain,Male,Alien,"{""Healing"",""Pure Evil"",""Fast Movement"",""Physical"",""Instinct:Destruction"",""Source:Mcu"",""Tier-4"",""Tier-3""}",https://thanosvibs.money/api/characters/gorr1/skills
gorr2,gorr,The God Butcher,false,1,https://thanosvibs.money/images-thumbnails/portraits/md/gorr2.png,/mff-assets/uniforms/gorr2.webp,Universal,Villain,Male,Alien,"{""Healing"",""Pure Evil"",""Symbiote"",""Physical"",""Instinct:Destruction"",""Source:Comic"",""Tier-4"",""Tier-3""}",https://thanosvibs.money/api/characters/gorr2/skills
greengoblin,greengoblin,Default,true,0,https://thanosvibs.money/images-thumbnails/portraits/md/greengoblin.png,/mff-assets/uniforms/greengoblin.webp,Speed,Villain,Male,Human,"{""Poison"",""Fast Movement"",""Sinister Six"",""Energy"",""Instinct:Cruelty"",""Source:Comic"",""Tier-3"",""Tier-4""}",https://thanosvibs.money/api/characters/greengoblin/skills
greengoblin2,greengoblin,Dark Avengers,false,1,https://thanosvibs.money/images-thumbnails/portraits/md/greengoblin2.png,/mff-assets/uniforms/greengoblin2.webp,Blast,Villain,Male,Human,"{""Dark Avengers"",""Machine"",""Energy Projection"",""Energy"",""Instinct:Cruelty"",""Source:Comic"",""Tier-3"",""Tier-4""}",https://thanosvibs.money/api/characters/greengoblin2/skills
greengoblin5,greengoblin,Gold Goblin,false,2,https://thanosvibs.money/images-thumbnails/portraits/md/greengoblin5.png,/mff-assets/uniforms/greengoblin5.webp,Speed,Hero,Male,Human,"{""Poison"",""Fast Movement"",""Sinister Six"",""Instinct:Cruelty"",""Source:Comic"",""Tier-4"",""Tier-3""}",https://thanosvibs.money/api/characters/greengoblin5/skills
greengoblin4,greengoblin,Red Goblin,false,3,https://thanosvibs.money/images-thumbnails/portraits/md/greengoblin4.png,/mff-assets/uniforms/greengoblin4.webp,Speed,Villain,Male,Human,"{""Poison"",""Fast Movement"",""Sinister Six"",""Energy"",""Fire"",""Instinct:Cruelty"",""Source:Comic"",""Tier-3"",""Flame"",""Tier-4""}",https://thanosvibs.money/api/characters/greengoblin4/skills
greengoblin3,greengoblin,Spider-Man: No Way Home,false,4,https://thanosvibs.money/images-thumbnails/portraits/md/greengoblin3.png,/mff-assets/uniforms/greengoblin3.webp,Speed,Villain,Male,Human,"{""Poison"",""Fast Movement"",""Sinister Six"",""Energy"",""Instinct:Cruelty"",""Source:Mcu"",""Tier-3"",""Tier-4""}",https://thanosvibs.money/api/characters/greengoblin3/skills
greengoblin1,greengoblin,Ultimate,false,5,https://thanosvibs.money/images-thumbnails/portraits/md/greengoblin1.png,/mff-assets/uniforms/greengoblin1.webp,Combat,Villain,Male,Human,"{""Flame"",""Fast Movement"",""Sinister Six"",""Physical"",""Fire"",""Energy"",""Instinct:Cruelty"",""Source:Comic"",""Tier-3"",""Tier-4""}",https://thanosvibs.money/api/characters/greengoblin1/skills
groot,groot,Default,true,0,https://thanosvibs.money/images-thumbnails/portraits/md/groot.png,/mff-assets/uniforms/groot.webp,Combat,Hero,Male,Alien,"{""Healing"",""Physical"",""Instinct:Order"",""Source:Mcu"",""Tier-4"",""Tier-3""}",https://thanosvibs.money/api/characters/groot/skills
groot2,groot,Guardians of the Galaxy 2,false,1,https://thanosvibs.money/images-thumbnails/portraits/md/groot2.png,/mff-assets/uniforms/groot2.webp,Speed,Hero,Male,Alien,"{""Healing"",""Physical"",""Instinct:Order"",""Source:Mcu"",""Tier-4"",""Tier-3""}",https://thanosvibs.money/api/characters/groot2/skills
groot3,groot,Marvel Studios' Avengers: Infinity War,false,2,https://thanosvibs.money/images-thumbnails/portraits/md/groot3.png,/mff-assets/uniforms/groot3.webp,Combat,Hero,Male,Alien,"{""Healing"",""Physical"",""Instinct:Order"",""Source:Mcu"",""Tier-4"",""Tier-3""}",https://thanosvibs.money/api/characters/groot3/skills
groot5,groot,Marvel Studios' Guardians of the Galaxy 3,false,3,https://thanosvibs.money/images-thumbnails/portraits/md/groot5.png,/mff-assets/uniforms/groot5.webp,Combat,Hero,Male,Alien,"{""Healing"",""Guardians of the Galaxy"",""Physical"",""Instinct:Order"",""Source:Mcu"",""Tier-4"",""Tier-3""}",https://thanosvibs.money/api/characters/groot5/skills
groot6,groot,Planet X Palm,false,4,https://thanosvibs.money/images-thumbnails/portraits/md/groot6.png,/mff-assets/uniforms/groot6.webp,Combat,Hero,Male,Alien,"{""Healing"",""Guardians of the Galaxy"",""Physical"",""Instinct:Order"",""Source:Original"",""Tier-4"",""Tier-3""}",https://thanosvibs.money/api/characters/groot6/skills
groot1,groot,Secret Wars: Thors,false,5,https://thanosvibs.money/images-thumbnails/portraits/md/groot1.png,/mff-assets/uniforms/groot1.webp,Universal,Hero,Male,Alien,"{""Healing"",""Physical"",""Lightning"",""Instinct:Order"",""Source:Comic"",""Tier-4"",""Tier-3""}",https://thanosvibs.money/api/characters/groot1/skills
groot4,groot,Snowflake Festival,false,6,https://thanosvibs.money/images-thumbnails/portraits/md/groot4.png,/mff-assets/uniforms/groot4.webp,Speed,Hero,Male,Alien,"{""Healing"",""Physical"",""Lightning"",""Instinct:Order"",""Source:Original"",""Tier-4"",""Tier-3""}",https://thanosvibs.money/api/characters/groot4/skills
gwenpool,gwenpool,Default,true,0,https://thanosvibs.money/images-thumbnails/portraits/md/gwenpool.png,/mff-assets/uniforms/gwenpool.webp,Speed,Hero,Female,Human,"{""Agility"",""Physical"",""Instinct:Justice"",""Source:Comic"",""Tier-4"",""Tier-3""}",https://thanosvibs.money/api/characters/gwenpool/skills
gwenpool3,gwenpool,April Pools,false,1,https://thanosvibs.money/images-thumbnails/portraits/md/gwenpool3.png,/mff-assets/uniforms/gwenpool3.webp,Speed,Hero,Female,Human,"{""Agility"",""Physical"",""Instinct:Justice"",""Source:Original"",""Tier-4"",""Tier-3""}",https://thanosvibs.money/api/characters/gwenpool3/skills
gwenpool4,gwenpool,Dark Gwenpool,false,2,https://thanosvibs.money/images-thumbnails/portraits/md/gwenpool4.png,/mff-assets/uniforms/gwenpool4.webp,Speed,Villain,Female,Human,"{""Agility"",""Physical"",""Instinct:Justice"",""Source:Comic"",""Tier-4"",""Tier-3""}",https://thanosvibs.money/api/characters/gwenpool4/skills
gwenpool1,gwenpool,Gwen Poole,false,3,https://thanosvibs.money/images-thumbnails/portraits/md/gwenpool1.png,/mff-assets/uniforms/gwenpool1.webp,Speed,Hero,Female,Human,"{""Agility"",""Physical"",""Instinct:Justice"",""Source:Comic"",""Tier-4"",""Tier-3""}",https://thanosvibs.money/api/characters/gwenpool1/skills
gwenpool2,gwenpool,Holiday Party,false,4,https://thanosvibs.money/images-thumbnails/portraits/md/gwenpool2.png,/mff-assets/uniforms/gwenpool2.webp,Speed,Hero,Female,Human,"{""Agility"",""Physical"",""Cold"",""Instinct:Justice"",""Source:Original"",""Tier-4"",""Tier-3""}",https://thanosvibs.money/api/characters/gwenpool2/skills
hades,hadespluto,Default,true,0,https://thanosvibs.money/images-thumbnails/portraits/md/hades.png,/mff-assets/uniforms/hades.webp,Universal,Villain,Male,Alien,"{""Hellfire"",""Pure Evil"",""Olympus"",""Energy"",""Fire"",""Instinct:Destruction"",""Source:Comic"",""Tier-4"",""Tier-3""}",https://thanosvibs.money/api/characters/hades/skills
havok,havok,Default,true,0,https://thanosvibs.money/images-thumbnails/portraits/md/havok.png,/mff-assets/uniforms/havok.webp,Blast,Hero,Male,Mutant,"{""Energy Projection"",""Energy"",""Instinct:Order"",""Source:Comic"",""Tier-3""}",https://thanosvibs.money/api/characters/havok/skills
hawkeye,hawkeye,Default,true,0,https://thanosvibs.money/images-thumbnails/portraits/md/hawkeye.png,/mff-assets/uniforms/hawkeye.webp,Speed,Hero,Male,Human,"{""Weapons Master"",""Agent"",""Physical"",""Instinct:Justice"",""Source:Mcu"",""Tier-4"",""Tier-3""}",https://thanosvibs.money/api/characters/hawkeye/skills
hawkeye1,hawkeye,Avengers: Age of Ultron,false,1,https://thanosvibs.money/images-thumbnails/portraits/md/hawkeye1.png,/mff-assets/uniforms/hawkeye1.webp,Speed,Hero,Male,Human,"{""Weapons Master"",""Agent"",""Physical"",""Instinct:Justice"",""Source:Mcu"",""Tier-4"",""Tier-3""}",https://thanosvibs.money/api/characters/hawkeye1/skills
hawkeye3,hawkeye,Classic,false,2,https://thanosvibs.money/images-thumbnails/portraits/md/hawkeye3.png,/mff-assets/uniforms/hawkeye3.webp,Speed,Hero,Male,Human,"{""Weapons Master"",""Agent"",""Physical"",""Instinct:Justice"",""Source:Comic"",""Tier-4"",""Tier-3""}",https://thanosvibs.money/api/characters/hawkeye3/skills
hawkeye4,hawkeye,Marvel Studios' Avengers: Endgame,false,3,https://thanosvibs.money/images-thumbnails/portraits/md/hawkeye4.png,/mff-assets/uniforms/hawkeye4.webp,Speed,Hero,Male,Human,"{""Weapons Master"",""Agent"",""Physical"",""Instinct:Justice"",""Source:Mcu"",""Tier-4"",""Tier-3"",""Alias:Ronin""}",https://thanosvibs.money/api/characters/hawkeye4/skills
hawkeye2,hawkeye,Marvel Studios' Captain America: Civil War,false,4,https://thanosvibs.money/images-thumbnails/portraits/md/hawkeye2.png,/mff-assets/uniforms/hawkeye2.webp,Speed,Hero,Male,Human,"{""Weapons Master"",""Agent"",""Physical"",""Instinct:Justice"",""Source:Mcu"",""Tier-4"",""Tier-3""}",https://thanosvibs.money/api/characters/hawkeye2/skills
hawkeye5,hawkeye,Marvel Studios' Hawkeye (Hero Suit),false,5,https://thanosvibs.money/images-thumbnails/portraits/md/hawkeye5.png,/mff-assets/uniforms/hawkeye5.webp,Speed,Hero,Male,Human,"{""Weapons Master"",""Agent"",""Physical"",""Instinct:Justice"",""Source:Mcu"",""Tier-4"",""Tier-3""}",https://thanosvibs.money/api/characters/hawkeye5/skills
hawkeye6,hawkeye,Wastelanders,false,6,https://thanosvibs.money/images-thumbnails/portraits/md/hawkeye6.png,/mff-assets/uniforms/hawkeye6.webp,Speed,Hero,Male,Human,"{""Weapons Master"",""Agent"",""Physical"",""Instinct:Justice"",""Source:Comic"",""Tier-4"",""Tier-3""}",https://thanosvibs.money/api/characters/hawkeye6/skills
katebishop,hawkeyekatebishop,Default,true,0,https://thanosvibs.money/images-thumbnails/portraits/md/katebishop.png,/mff-assets/uniforms/katebishop.webp,Speed,Hero,Female,Human,"{""Agility"",""Agent"",""Physical"",""Instinct:Justice"",""Source:Comic"",""Tier-4"",""Transcended""}",https://thanosvibs.money/api/characters/katebishop/skills
katebishop1,hawkeyekatebishop,Marvel Studios' Hawkeye,false,1,https://thanosvibs.money/images-thumbnails/portraits/md/katebishop1.png,/mff-assets/uniforms/katebishop1.webp,Speed,Hero,Female,Human,"{""Agility"",""Agent"",""Physical"",""Instinct:Justice"",""Source:Mcu"",""Tier-4"",""Transcended""}",https://thanosvibs.money/api/characters/katebishop1/skills
katebishop2,hawkeyekatebishop,Young Avengers,false,2,https://thanosvibs.money/images-thumbnails/portraits/md/katebishop2.png,/mff-assets/uniforms/katebishop2.webp,Speed,Hero,Female,Human,"{""Agility"",""Agent"",""Young Avengers"",""Physical"",""Instinct:Justice"",""Source:Comic"",""Tier-4"",""Transcended""}",https://thanosvibs.money/api/characters/katebishop2/skills
heimdall,heimdall,Default,true,0,https://thanosvibs.money/images-thumbnails/portraits/md/heimdall.png,/mff-assets/uniforms/heimdall.webp,Universal,Hero,Male,Alien,"{""Strong"",""Physical"",""Instinct:Order"",""Source:Mcu"",""Transcended""}",https://thanosvibs.money/api/characters/heimdall/skills
heimdall1,heimdall,Asgard Invasion,false,1,https://thanosvibs.money/images-thumbnails/portraits/md/heimdall1.png,/mff-assets/uniforms/heimdall1.webp,Universal,Hero,Male,Alien,"{""Strong"",""Leadership"",""Physical"",""Instinct:Order"",""Source:Comic"",""Transcended""}",https://thanosvibs.money/api/characters/heimdall1/skills
hela,hela,Default,true,0,https://thanosvibs.money/images-thumbnails/portraits/md/hela.png,/mff-assets/uniforms/hela.webp,Universal,Villain,Female,Alien,"{""Command"",""Pure Evil"",""Energy"",""Instinct:Destruction"",""Source:Comic"",""Tier-4"",""Tier-3""}",https://thanosvibs.money/api/characters/hela/skills
hela2,hela,Asgard Invasion,false,1,https://thanosvibs.money/images-thumbnails/portraits/md/hela2.png,/mff-assets/uniforms/hela2.webp,Universal,Villain,Female,Alien,"{""Command"",""Pure Evil"",""Energy"",""Instinct:Destruction"",""Source:Comic"",""Tier-4"",""Tier-3""}",https://thanosvibs.money/api/characters/hela2/skills
hela1,hela,Marvel Studios' Thor: Ragnarok,false,2,https://thanosvibs.money/images-thumbnails/portraits/md/hela1.png,/mff-assets/uniforms/hela1.webp,Universal,Villain,Female,Alien,"{""Command"",""Pure Evil"",""Energy"",""Instinct:Destruction"",""Source:Mcu"",""Tier-4"",""Tier-3""}",https://thanosvibs.money/api/characters/hela1/skills
hela3,hela,Marvel Studios' What If...?,false,3,https://thanosvibs.money/images-thumbnails/portraits/md/hela3.png,/mff-assets/uniforms/hela3.webp,Universal,Villain,Female,Alien,"{""Command"",""Pure Evil"",""Energy"",""Instinct:Destruction"",""Source:Mcu"",""Tier-4"",""Tier-3""}",https://thanosvibs.money/api/characters/hela3/skills
hellcat,hellcat,Default,true,0,https://thanosvibs.money/images-thumbnails/portraits/md/hellcat.png,/mff-assets/uniforms/hellcat.webp,Speed,Hero,Female,Human,"{""Agility"",""Physical"",""Instinct:Justice"",""Source:Comic"",""Transcended""}",https://thanosvibs.money/api/characters/hellcat/skills
hellstorm,hellstorm,Default,true,0,https://thanosvibs.money/images-thumbnails/portraits/md/hellstorm.png,/mff-assets/uniforms/hellstorm.webp,Universal,Hero,Male,Human,"{""Magic"",""Flame"",""Energy"",""Fire"",""Instinct:Justice"",""Source:Comic"",""Tier-4"",""Transcended""}",https://thanosvibs.money/api/characters/hellstorm/skills
hellstorm1,hellstorm,TVA,false,1,https://thanosvibs.money/images-thumbnails/portraits/md/hellstorm1.png,/mff-assets/uniforms/hellstorm1.webp,Universal,Hero,Male,Human,"{""Magic"",""Flame"",""Energy"",""Fire"",""Instinct:Justice"",""Source:Comic"",""Tier-4"",""Transcended""}",https://thanosvibs.money/api/characters/hellstorm1/skills
hercules,hercules,Default,true,0,https://thanosvibs.money/images-thumbnails/portraits/md/hercules.png,/mff-assets/uniforms/hercules.webp,Combat,Hero,Male,Alien,"{""Strong"",""Leadership"",""Olympus"",""Physical"",""Instinct:Order"",""Source:Comic"",""Tier-4"",""Tier-3""}",https://thanosvibs.money/api/characters/hercules/skills
hogun,hogun,Default,true,0,https://thanosvibs.money/images-thumbnails/portraits/md/hogun.png,/mff-assets/uniforms/hogun.webp,Combat,Hero,Male,Alien,"{""Strong"",""Physical"",""Instinct:Order"",""Source:Comic"",""Transcended""}",https://thanosvibs.money/api/characters/hogun/skills
hopesummers,hopesummers,Default,true,0,https://thanosvibs.money/images-thumbnails/portraits/md/hopesummers.png,/mff-assets/uniforms/hopesummers.webp,Combat,Hero,Female,Mutant,"{""Phoenix Force"",""Strong"",""Physical"",""Instinct:Order"",""Source:Comic"",""Transcended""}",https://thanosvibs.money/api/characters/hopesummers/skills
hulk,hulk,Default,true,0,https://thanosvibs.money/images-thumbnails/portraits/md/hulk.png,/mff-assets/uniforms/hulk.webp,Combat,Hero,Male,Human,"{""Gamma Radiation"",""Durability"",""Physical"",""Instinct:Justice"",""Source:Mcu"",""Tier-4"",""Tier-3""}",https://thanosvibs.money/api/characters/hulk/skills
hulk7,hulk,Fear Itself,false,1,https://thanosvibs.money/images-thumbnails/portraits/md/hulk7.png,/mff-assets/uniforms/hulk7.webp,Combat,Villain,Male,Human,"{""Gamma Radiation"",""Durability"",""Physical"",""Instinct:Justice"",""Source:Comic"",""Tier-4"",""Tier-3""}",https://thanosvibs.money/api/characters/hulk7/skills
hulk6,hulk,Immortal Hulk,false,2,https://thanosvibs.money/images-thumbnails/portraits/md/hulk6.png,/mff-assets/uniforms/hulk6.webp,Combat,Villain,Male,Human,"{""Gamma Radiation"",""Durability"",""Physical"",""Instinct:Justice"",""Source:Comic"",""Tier-4"",""Tier-3""}",https://thanosvibs.money/api/characters/hulk6/skills
hulk4,hulk,Marvel Studios' Avengers: Endgame,false,3,https://thanosvibs.money/images-thumbnails/portraits/md/hulk4.png,/mff-assets/uniforms/hulk4.webp,Combat,Hero,Male,Human,"{""Gamma Radiation"",""Durability"",""Physical"",""Instinct:Justice"",""Source:Mcu"",""Tier-4"",""Tier-3""}",https://thanosvibs.money/api/characters/hulk4/skills
hulk9,hulk,Marvel Studios' Spider-Man: Brand New Day,false,4,https://thanosvibs.money/images-thumbnails/portraits/md/hulk9.png,/mff-assets/uniforms/hulk9.webp,Combat,Hero,Male,Human,"{""Gamma Radiation"",""Durability"",""Instinct:Justice"",""Source:Mcu"",""Tier-4"",""Tier-3""}",https://thanosvibs.money/api/characters/hulk9/skills
hulk3,hulk,Marvel Studios' Thor: Ragnarok,false,5,https://thanosvibs.money/images-thumbnails/portraits/md/hulk3.png,/mff-assets/uniforms/hulk3.webp,Combat,Hero,Male,Human,"{""Gamma Radiation"",""Durability"",""Physical"",""Instinct:Justice"",""Source:Mcu"",""Tier-4"",""Tier-3""}",https://thanosvibs.money/api/characters/hulk3/skills
hulk1,hulk,Secret Wars: Future Imperfect,false,6,https://thanosvibs.money/images-thumbnails/portraits/md/hulk1.png,/mff-assets/uniforms/hulk1.webp,Combat,Villain,Male,Human,"{""Gamma Radiation"",""Durability"",""Physical"",""Poison"",""Instinct:Justice"",""Source:Comic"",""Tier-4"",""Tier-3"",""Alias:Maestro""}",https://thanosvibs.money/api/characters/hulk1/skills
hulk5,hulk,Team Suit,false,7,https://thanosvibs.money/images-thumbnails/portraits/md/hulk5.png,/mff-assets/uniforms/hulk5.webp,Combat,Hero,Male,Human,"{""Gamma Radiation"",""Durability"",""Physical"",""Instinct:Justice"",""Source:Mcu"",""Tier-4"",""Tier-3""}",https://thanosvibs.money/api/characters/hulk5/skills
hulk8,hulk,Titan,false,8,https://thanosvibs.money/images-thumbnails/portraits/md/hulk8.png,/mff-assets/uniforms/hulk8.webp,Combat,Villain,Male,Human,"{""Gamma Radiation"",""Durability"",""Physical"",""Instinct:Justice"",""Source:Comic"",""Tier-4"",""Tier-3""}",https://thanosvibs.money/api/characters/hulk8/skills
hulk2,hulk,World War Hulk,false,9,https://thanosvibs.money/images-thumbnails/portraits/md/hulk2.png,/mff-assets/uniforms/hulk2.webp,Combat,Villain,Male,Human,"{""Gamma Radiation"",""Durability"",""Physical"",""Instinct:Justice"",""Source:Comic"",""Tier-4"",""Tier-3""}",https://thanosvibs.money/api/characters/hulk2/skills
amadeuscho,hulkamadeuscho,Default,true,0,https://thanosvibs.money/images-thumbnails/portraits/md/amadeuscho.png,/mff-assets/uniforms/amadeuscho.webp,Combat,Hero,Male,Human,"{""Gamma Radiation"",""Durability"",""Physical"",""Instinct:Justice"",""Source:Comic"",""Transcended""}",https://thanosvibs.money/api/characters/amadeuscho/skills
amadeuscho2,hulkamadeuscho,Brawn,false,1,https://thanosvibs.money/images-thumbnails/portraits/md/amadeuscho2.png,/mff-assets/uniforms/amadeuscho2.webp,Combat,Hero,Male,Human,"{""Gamma Radiation"",""Durability"",""Physical"",""Instinct:Justice"",""Source:Comic"",""Transcended""}",https://thanosvibs.money/api/characters/amadeuscho2/skills
amadeuscho3,hulkamadeuscho,Heroic Age,false,2,https://thanosvibs.money/images-thumbnails/portraits/md/amadeuscho3.png,/mff-assets/uniforms/amadeuscho3.webp,Speed,Hero,Male,Human,"{""Gamma Radiation"",""Durability"",""Physical"",""Instinct:Justice"",""Source:Comic"",""Transcended"",""Alias:Amadeus Cho""}",https://thanosvibs.money/api/characters/amadeuscho3/skills
amadeuscho1,hulkamadeuscho,Monsters Unleashed! (MFF Variant),false,3,https://thanosvibs.money/images-thumbnails/portraits/md/amadeuscho1.png,/mff-assets/uniforms/amadeuscho1.webp,Combat,Hero,Male,Human,"{""Gamma Radiation"",""Durability"",""Physical"",""Instinct:Justice"",""Source:Original"",""Transcended""}",https://thanosvibs.money/api/characters/amadeuscho1/skills
hulkbuster,hulkbusterironmanmark44,Default,true,0,https://thanosvibs.money/images-thumbnails/portraits/md/hulkbuster.png,/mff-assets/uniforms/hulkbuster.webp,Combat,Hero,Male,Creature,"{""Strong"",""Machine"",""Physical"",""Energy"",""Instinct:Order"",""Source:Mcu"",""Tier-4"",""Transcended""}",https://thanosvibs.money/api/characters/hulkbuster/skills
hulkbuster3,hulkbusterironmanmark44,3099,false,1,https://thanosvibs.money/images-thumbnails/portraits/md/hulkbuster3.png,/mff-assets/uniforms/hulkbuster3.webp,Combat,Hero,Male,Creature,"{""Strong"",""Machine"",""Physical"",""Energy"",""Instinct:Order"",""Source:Original"",""Tier-4"",""Transcended""}",https://thanosvibs.money/api/characters/hulkbuster3/skills
hulkbuster4,hulkbusterironmanmark44,Celestial Hulkbuster,false,2,https://thanosvibs.money/images-thumbnails/portraits/md/hulkbuster4.png,/mff-assets/uniforms/hulkbuster4.webp,Combat,Hero,Male,Creature,"{""Strong"",""Machine"",""Physical"",""Energy"",""Instinct:Order"",""Source:Comic"",""Tier-4"",""Transcended"",""Alias:Hulkbuster""}",https://thanosvibs.money/api/characters/hulkbuster4/skills
hulkbuster1,hulkbusterironmanmark44,Heavy Duty Armor,false,3,https://thanosvibs.money/images-thumbnails/portraits/md/hulkbuster1.png,/mff-assets/uniforms/hulkbuster1.webp,Combat,Hero,Male,Creature,"{""Strong"",""Machine"",""Physical"",""Energy"",""Instinct:Order"",""Source:Comic"",""Tier-4"",""Transcended"",""Alias:Hulkbuster (Iron Man Mark 43)""}",https://thanosvibs.money/api/characters/hulkbuster1/skills
hulkbuster2,hulkbusterironmanmark44,Marvel Studios' Avengers: Infinity War,false,4,https://thanosvibs.money/images-thumbnails/portraits/md/hulkbuster2.png,/mff-assets/uniforms/hulkbuster2.webp,Combat,Hero,Male,Creature,"{""Strong"",""Machine"",""Physical"",""Energy"",""Instinct:Order"",""Source:Mcu"",""Tier-4"",""Transcended"",""Alias:Hulkbuster 2.0""}",https://thanosvibs.money/api/characters/hulkbuster2/skills
hulkling,hulkling,Default,true,0,https://thanosvibs.money/images-thumbnails/portraits/md/hulkling.png,/mff-assets/uniforms/hulkling.webp,Combat,Hero,Male,Alien,"{""Strong"",""Durability"",""Physical"",""Energy"",""Instinct:Order"",""Source:Comic"",""Transcended""}",https://thanosvibs.money/api/characters/hulkling/skills
humantorch,humantorch,Default,true,0,https://thanosvibs.money/images-thumbnails/portraits/md/humantorch.png,/mff-assets/uniforms/humantorch.webp,Blast,Hero,Male,Human,"{""Flame"",""Fast Movement"",""Fantastic Four"",""Energy"",""Fire"",""Instinct:Justice"",""Source:Comic"",""Tier-4"",""Transcended""}",https://thanosvibs.money/api/characters/humantorch/skills
humantorch2,humantorch,Classic,false,1,https://thanosvibs.money/images-thumbnails/portraits/md/humantorch2.png,/mff-assets/uniforms/humantorch2.webp,Blast,Hero,Male,Human,"{""Flame"",""Fast Movement"",""Fantastic Four"",""Energy"",""Fire"",""Instinct:Justice"",""Source:Comic"",""Tier-4"",""Transcended""}",https://thanosvibs.money/api/characters/humantorch2/skills
humantorch1,humantorch,Future Foundation,false,2,https://thanosvibs.money/images-thumbnails/portraits/md/humantorch1.png,/mff-assets/uniforms/humantorch1.webp,Blast,Hero,Male,Human,"{""Flame"",""Fast Movement"",""Fantastic Four"",""Energy"",""Fire"",""Instinct:Justice"",""Source:Comic"",""Tier-4"",""Transcended""}",https://thanosvibs.money/api/characters/humantorch1/skills
humantorch4,humantorch,Marvel Studios' The Fantastic Four: First Steps,false,3,https://thanosvibs.money/images-thumbnails/portraits/md/humantorch4.png,/mff-assets/uniforms/humantorch4.webp,Blast,Hero,Male,Human,"{""Flame"",""Fast Movement"",""Fantastic Four"",""Energy"",""Fire"",""Instinct:Justice"",""Source:Mcu"",""Tier-4"",""Transcended""}",https://thanosvibs.money/api/characters/humantorch4/skills
humantorch3,humantorch,The Fall of the Fantastic Four,false,4,https://thanosvibs.money/images-thumbnails/portraits/md/humantorch3.png,/mff-assets/uniforms/humantorch3.webp,Blast,Hero,Male,Human,"{""Flame"",""Fast Movement"",""Fantastic Four"",""Energy"",""Fire"",""Instinct:Justice"",""Source:Comic"",""Tier-4"",""Transcended""}",https://thanosvibs.money/api/characters/humantorch3/skills
hydroman,hydroman,Default,true,0,https://thanosvibs.money/images-thumbnails/portraits/md/hydroman.png,/mff-assets/uniforms/hydroman.webp,Blast,Villain,Male,Human,"{""Pure Evil"",""Energy"",""Instinct:Cruelty"",""Source:Mcu"",""Transcended""}",https://thanosvibs.money/api/characters/hydroman/skills
hyperion,hyperion,Default,true,0,https://thanosvibs.money/images-thumbnails/portraits/md/hyperion.png,/mff-assets/uniforms/hyperion.webp,Universal,Hero,Male,Alien,"{""Leadership"",""Energy Projection"",""Eternals"",""Physical"",""Energy"",""Instinct:Order"",""Source:Comic"",""Tier-3""}",https://thanosvibs.money/api/characters/hyperion/skills
hyperion1,hyperion,Classic,false,1,https://thanosvibs.money/images-thumbnails/portraits/md/hyperion1.png,/mff-assets/uniforms/hyperion1.webp,Universal,Hero,Male,Alien,"{""Leadership"",""Energy Projection"",""Eternals"",""Physical"",""Energy"",""Instinct:Order"",""Source:Comic"",""Tier-3""}",https://thanosvibs.money/api/characters/hyperion1/skills
hyperion2,hyperion,Enter the Phoenix,false,2,https://thanosvibs.money/images-thumbnails/portraits/md/hyperion2.png,/mff-assets/uniforms/hyperion2.webp,Universal,Hero,Male,Alien,"{""Leadership"",""Eternals"",""Phoenix Force"",""Energy"",""Fire"",""Instinct:Order"",""Source:Comic"",""Tier-3""}",https://thanosvibs.money/api/characters/hyperion2/skills
iceman,iceman,Default,true,0,https://thanosvibs.money/images-thumbnails/portraits/md/iceman.png,/mff-assets/uniforms/iceman.webp,Blast,Hero,Male,Mutant,"{""Chill"",""Cold Blooded"",""Energy"",""Cold"",""Instinct:Order"",""Source:Comic"",""Tier-3""}",https://thanosvibs.money/api/characters/iceman/skills
iceman2,iceman,Krakoan Summer,false,1,https://thanosvibs.money/images-thumbnails/portraits/md/iceman2.png,/mff-assets/uniforms/iceman2.webp,Blast,Hero,Male,Mutant,"{""Chill"",""Cold Blooded"",""Energy"",""Cold"",""Instinct:Order"",""Source:Original"",""Tier-3""}",https://thanosvibs.money/api/characters/iceman2/skills
iceman1,iceman,X-Men Blue,false,2,https://thanosvibs.money/images-thumbnails/portraits/md/iceman1.png,/mff-assets/uniforms/iceman1.webp,Blast,Hero,Male,Mutant,"{""Chill"",""Cold Blooded"",""Energy"",""Cold"",""Instinct:Order"",""Source:Comic"",""Tier-3""}",https://thanosvibs.money/api/characters/iceman1/skills
ikaris,ikaris,Default,true,0,https://thanosvibs.money/images-thumbnails/portraits/md/ikaris.png,/mff-assets/uniforms/ikaris.webp,Universal,Hero,Male,Alien,"{""Energy Projection"",""Leadership"",""Eternals"",""Energy"",""Instinct:Order"",""Source:Comic"",""Tier-3""}",https://thanosvibs.money/api/characters/ikaris/skills
ikaris1,ikaris,Marvel Studios' Eternals,false,1,https://thanosvibs.money/images-thumbnails/portraits/md/ikaris1.png,/mff-assets/uniforms/ikaris1.webp,Universal,Hero,Male,Alien,"{""Energy Projection"",""Leadership"",""Eternals"",""Energy"",""Instinct:Order"",""Source:Mcu"",""Tier-3""}",https://thanosvibs.money/api/characters/ikaris1/skills
ikon,ikon,Default,true,0,https://thanosvibs.money/images-thumbnails/portraits/md/ikon.png,/mff-assets/uniforms/ikon.webp,Speed,Hero,Female,Alien,"{""Agility"",""Energy Projection"",""Annihilators"",""Energy"",""Instinct:Order"",""Source:Comic"",""Transcended""}",https://thanosvibs.money/api/characters/ikon/skills
inferno,inferno,Default,true,0,https://thanosvibs.money/images-thumbnails/portraits/md/inferno.png,/mff-assets/uniforms/inferno.webp,Blast,Hero,Male,Inhuman,"{""Flame"",""Energy"",""Fire"",""Instinct:Order"",""Source:Comic"",""Transcended""}",https://thanosvibs.money/api/characters/inferno/skills
inferno1,inferno,Modern,false,1,https://thanosvibs.money/images-thumbnails/portraits/md/inferno1.png,/mff-assets/uniforms/inferno1.webp,Blast,Hero,Male,Inhuman,"{""Flame"",""Energy"",""Fire"",""Instinct:Order"",""Source:Comic"",""Transcended""}",https://thanosvibs.money/api/characters/inferno1/skills
invisiblewoman,invisiblewoman,Default,true,0,https://thanosvibs.money/images-thumbnails/portraits/md/invisiblewoman.png,/mff-assets/uniforms/invisiblewoman.webp,Blast,Hero,Female,Human,"{""Energy Projection"",""Fantastic Four"",""Energy"",""Fire"",""Instinct:Justice"",""Source:Comic"",""Tier-4"",""Transcended""}",https://thanosvibs.money/api/characters/invisiblewoman/skills
invisiblewoman2,invisiblewoman,Classic,false,1,https://thanosvibs.money/images-thumbnails/portraits/md/invisiblewoman2.png,/mff-assets/uniforms/invisiblewoman2.webp,Blast,Hero,Female,Human,"{""Energy Projection"",""Fantastic Four"",""Energy"",""Fire"",""Instinct:Justice"",""Source:Comic"",""Tier-4"",""Transcended""}",https://thanosvibs.money/api/characters/invisiblewoman2/skills
invisiblewoman1,invisiblewoman,Future Foundation,false,2,https://thanosvibs.money/images-thumbnails/portraits/md/invisiblewoman1.png,/mff-assets/uniforms/invisiblewoman1.webp,Blast,Hero,Female,Human,"{""Energy Projection"",""Fantastic Four"",""Energy"",""Fire"",""Instinct:Justice"",""Source:Comic"",""Tier-4"",""Transcended""}",https://thanosvibs.money/api/characters/invisiblewoman1/skills
invisiblewoman4,invisiblewoman,Marvel Studios' The Fantastic Four: First Steps,false,3,https://thanosvibs.money/images-thumbnails/portraits/md/invisiblewoman4.png,/mff-assets/uniforms/invisiblewoman4.webp,Blast,Hero,Female,Human,"{""Energy Projection"",""Fantastic Four"",""Energy"",""Fire"",""Instinct:Justice"",""Source:Mcu"",""Tier-4"",""Transcended""}",https://thanosvibs.money/api/characters/invisiblewoman4/skills
invisiblewoman3,invisiblewoman,The Fall of the Fantastic Four,false,4,https://thanosvibs.money/images-thumbnails/portraits/md/invisiblewoman3.png,/mff-assets/uniforms/invisiblewoman3.webp,Blast,Hero,Female,Human,"{""Energy Projection"",""Fantastic Four"",""Energy"",""Fire"",""Instinct:Justice"",""Source:Comic"",""Tier-4"",""Transcended""}",https://thanosvibs.money/api/characters/invisiblewoman3/skills
ironfist,ironfist,Default,true,0,https://thanosvibs.money/images-thumbnails/portraits/md/ironfist.png,/mff-assets/uniforms/ironfist.webp,Combat,Hero,Male,Human,"{""Agility"",""Healing"",""Defenders"",""Physical"",""Energy"",""Instinct:Justice"",""Source:Comic"",""Transcended""}",https://thanosvibs.money/api/characters/ironfist/skills
ironfist2,ironfist,"All-New, All-Different",false,1,https://thanosvibs.money/images-thumbnails/portraits/md/ironfist2.png,/mff-assets/uniforms/ironfist2.webp,Combat,Hero,Male,Human,"{""Agility"",""Healing"",""Defenders"",""Physical"",""Energy"",""Instinct:Justice"",""Source:Comic"",""Transcended""}",https://thanosvibs.money/api/characters/ironfist2/skills
ironfist3,ironfist,Marvel Studios' Iron Fist,false,2,https://thanosvibs.money/images-thumbnails/portraits/md/ironfist3.png,/mff-assets/uniforms/ironfist3.webp,Combat,Hero,Male,Human,"{""Agility"",""Healing"",""Defenders"",""Physical"",""Energy"",""Instinct:Justice"",""Source:Tv"",""Transcended""}",https://thanosvibs.money/api/characters/ironfist3/skills
ironfist1,ironfist,New Avengers,false,3,https://thanosvibs.money/images-thumbnails/portraits/md/ironfist1.png,/mff-assets/uniforms/ironfist1.webp,Combat,Hero,Male,Human,"{""Agility"",""Healing"",""Defenders"",""Physical"",""Energy"",""Instinct:Justice"",""Source:Comic"",""Transcended""}",https://thanosvibs.money/api/characters/ironfist1/skills
ironfist4,ironfist,The Living Weapon,false,4,https://thanosvibs.money/images-thumbnails/portraits/md/ironfist4.png,/mff-assets/uniforms/ironfist4.webp,Combat,Hero,Male,Human,"{""Agility"",""Healing"",""Defenders"",""Physical"",""Energy"",""Instinct:Justice"",""Source:Original"",""Transcended""}",https://thanosvibs.money/api/characters/ironfist4/skills
ironhammer,ironhammer,Default,true,0,https://thanosvibs.money/images-thumbnails/portraits/md/ironhammer.png,/mff-assets/uniforms/ironhammer.webp,Universal,Hero,Male,Alien,"{""Machine"",""Shock"",""Infinity Warps"",""Energy"",""Lightning"",""Instinct:Order"",""Source:Comic"",""Transcended""}",https://thanosvibs.money/api/characters/ironhammer/skills
ironman,ironman,Default,true,0,https://thanosvibs.money/images-thumbnails/portraits/md/ironman.png,/mff-assets/uniforms/ironman.webp,Blast,Hero,Male,Human,"{""Machine"",""Energy Projection"",""Energy"",""Physical"",""Instinct:Justice"",""Source:Mcu"",""Tier-4"",""Tier-3""}",https://thanosvibs.money/api/characters/ironman/skills
ironman7,ironman,Avengers 3099,false,1,https://thanosvibs.money/images-thumbnails/portraits/md/ironman7.png,/mff-assets/uniforms/ironman7.webp,Blast,Hero,Male,Human,"{""Machine"",""Energy Projection"",""Energy"",""Instinct:Justice"",""Source:Original"",""Tier-4"",""Tier-3""}",https://thanosvibs.money/api/characters/ironman7/skills
ironman1,ironman,Avengers: Age of Ultron,false,2,https://thanosvibs.money/images-thumbnails/portraits/md/ironman1.png,/mff-assets/uniforms/ironman1.webp,Blast,Hero,Male,Human,"{""Machine"",""Energy Projection"",""Energy"",""Physical"",""Instinct:Justice"",""Source:Mcu"",""Tier-4"",""Tier-3""}",https://thanosvibs.money/api/characters/ironman1/skills
ironman9,ironman,Back to Basics,false,3,https://thanosvibs.money/images-thumbnails/portraits/md/ironman9.png,/mff-assets/uniforms/ironman9.webp,Blast,Hero,Male,Human,"{""Machine"",""Energy Projection"",""Energy"",""Instinct:Justice"",""Source:Comic"",""Tier-4"",""Tier-3""}",https://thanosvibs.money/api/characters/ironman9/skills
ironman5,ironman,Marvel Studios' Avengers: Endgame,false,4,https://thanosvibs.money/images-thumbnails/portraits/md/ironman5.png,/mff-assets/uniforms/ironman5.webp,Blast,Hero,Male,Human,"{""Machine"",""Energy Projection"",""Energy"",""Instinct:Justice"",""Source:Mcu"",""Tier-4"",""Tier-3""}",https://thanosvibs.money/api/characters/ironman5/skills
ironman4,ironman,Marvel Studios' Avengers: Infinity War,false,5,https://thanosvibs.money/images-thumbnails/portraits/md/ironman4.png,/mff-assets/uniforms/ironman4.webp,Blast,Hero,Male,Human,"{""Machine"",""Energy Projection"",""Energy"",""Physical"",""Instinct:Justice"",""Source:Mcu"",""Tier-4"",""Tier-3""}",https://thanosvibs.money/api/characters/ironman4/skills
ironman3,ironman,Marvel Studios' Captain America: Civil War,false,6,https://thanosvibs.money/images-thumbnails/portraits/md/ironman3.png,/mff-assets/uniforms/ironman3.webp,Blast,Hero,Male,Human,"{""Machine"",""Energy Projection"",""Energy"",""Physical"",""Instinct:Justice"",""Source:Mcu"",""Tier-4"",""Tier-3""}",https://thanosvibs.money/api/characters/ironman3/skills
ironman10,ironman,Model Nil,false,7,https://thanosvibs.money/images-thumbnails/portraits/md/ironman10.png,/mff-assets/uniforms/ironman10.webp,Blast,Hero,Male,Human,"{""Machine"",""Energy Projection"",""Energy"",""Instinct:Justice"",""Source:Comic"",""Tier-4"",""Tier-3""}",https://thanosvibs.money/api/characters/ironman10/skills
ironman2,ironman,Secret Wars: 2099,false,8,https://thanosvibs.money/images-thumbnails/portraits/md/ironman2.png,/mff-assets/uniforms/ironman2.webp,Blast,Hero,Male,Human,"{""Machine"",""Energy Projection"",""Energy"",""Physical"",""Instinct:Justice"",""Source:Comic"",""Tier-4"",""Tier-3""}",https://thanosvibs.money/api/characters/ironman2/skills
ironman8,ironman,Superior Iron Man,false,9,https://thanosvibs.money/images-thumbnails/portraits/md/ironman8.png,/mff-assets/uniforms/ironman8.webp,Blast,Villain,Male,Human,"{""Machine"",""Energy Projection"",""Energy"",""Instinct:Justice"",""Source:Comic"",""Tier-4"",""Tier-3""}",https://thanosvibs.money/api/characters/ironman8/skills
ironman6,ironman,Team Suit,false,10,https://thanosvibs.money/images-thumbnails/portraits/md/ironman6.png,/mff-assets/uniforms/ironman6.webp,Blast,Hero,Male,Human,"{""Machine"",""Energy Projection"",""Energy"",""Instinct:Justice"",""Source:Mcu"",""Tier-4"",""Tier-3""}",https://thanosvibs.money/api/characters/ironman6/skills
ironheart,ironheart,Default,true,0,https://thanosvibs.money/images-thumbnails/portraits/md/ironheart.png,/mff-assets/uniforms/ironheart.webp,Blast,Hero,Female,Human,"{""Machine"",""Leadership"",""Physical"",""Energy"",""Instinct:Justice"",""Source:Comic"",""Tier-4"",""Transcended""}",https://thanosvibs.money/api/characters/ironheart/skills
ironheart1,ironheart,Black Panther: Wakanda Forever,false,1,https://thanosvibs.money/images-thumbnails/portraits/md/ironheart1.png,/mff-assets/uniforms/ironheart1.webp,Blast,Hero,Female,Human,"{""Machine"",""Leadership"",""Energy"",""Instinct:Justice"",""Source:Mcu"",""Tier-4"",""Transcended"",""Alias:Riri Williams""}",https://thanosvibs.money/api/characters/ironheart1/skills
ironheart2,ironheart,Marvel Television's Ironheart,false,2,https://thanosvibs.money/images-thumbnails/portraits/md/ironheart2.png,/mff-assets/uniforms/ironheart2.webp,Blast,Hero,Female,Human,"{""Machine"",""Leadership"",""Energy"",""Instinct:Justice"",""Source:Mcu"",""Tier-4"",""Transcended""}",https://thanosvibs.money/api/characters/ironheart2/skills
jeangrey,jeangrey,Default,true,0,https://thanosvibs.money/images-thumbnails/portraits/md/jeangrey.png,/mff-assets/uniforms/jeangrey.webp,Blast,Hero,Female,Mutant,"{""Mind"",""Mind Resist"",""Phoenix Force"",""Energy"",""Fire"",""Instinct:Order"",""Source:Comic"",""Tier-4"",""Tier-3""}",https://thanosvibs.money/api/characters/jeangrey/skills
jeangrey3,jeangrey,Dark Phoenix,false,1,https://thanosvibs.money/images-thumbnails/portraits/md/jeangrey3.png,/mff-assets/uniforms/jeangrey3.webp,Universal,Villain,Female,Mutant,"{""Mind"",""Mind Resist"",""Phoenix Force"",""Energy"",""Fire"",""Instinct:Order"",""Source:Comic"",""Tier-4"",""Tier-3""}",https://thanosvibs.money/api/characters/jeangrey3/skills
jeangrey2,jeangrey,Marvel Girl,false,2,https://thanosvibs.money/images-thumbnails/portraits/md/jeangrey2.png,/mff-assets/uniforms/jeangrey2.webp,Universal,Hero,Female,Mutant,"{""Mind"",""Mind Resist"",""Phoenix Force"",""Energy"",""Fire"",""Instinct:Order"",""Source:Comic"",""Tier-4"",""Tier-3""}",https://thanosvibs.money/api/characters/jeangrey2/skills
jeangrey4,jeangrey,Summer Flare Phoenix,false,3,https://thanosvibs.money/images-thumbnails/portraits/md/jeangrey4.png,/mff-assets/uniforms/jeangrey4.webp,Universal,Hero,Female,Mutant,"{""Mind"",""Mind Resist"",""Phoenix Force"",""Energy"",""Fire"",""Instinct:Order"",""Source:Original"",""Tier-4"",""Tier-3""}",https://thanosvibs.money/api/characters/jeangrey4/skills
jeangrey1,jeangrey,X-Men Red,false,4,https://thanosvibs.money/images-thumbnails/portraits/md/jeangrey1.png,/mff-assets/uniforms/jeangrey1.webp,Blast,Hero,Female,Mutant,"{""Mind"",""Mind Resist"",""Phoenix Force"",""Energy"",""Fire"",""Instinct:Order"",""Source:Comic"",""Tier-4"",""Tier-3""}",https://thanosvibs.money/api/characters/jeangrey1/skills
jeffthelandshark,jeffthelandshark,Default,true,0,https://thanosvibs.money/images-thumbnails/portraits/md/jeffthelandshark.png,/mff-assets/uniforms/jeffthelandshark.webp,Blast,Hero,Male,Creature,"{""Agility"",""Healing"",""Energy"",""Instinct:Order"",""Source:Collab"",""Tier-4"",""Tier-3""}",https://thanosvibs.money/api/characters/jeffthelandshark/skills
jessicajones,jessicajones,Default,true,0,https://thanosvibs.money/images-thumbnails/portraits/md/jessicajones.png,/mff-assets/uniforms/jessicajones.webp,Combat,Hero,Female,Human,"{""Strong"",""Durability"",""Defenders"",""Physical"",""Instinct:Justice"",""Source:Tv"",""Transcended""}",https://thanosvibs.money/api/characters/jessicajones/skills
jessicajones1,jessicajones,Jewel,false,1,https://thanosvibs.money/images-thumbnails/portraits/md/jessicajones1.png,/mff-assets/uniforms/jessicajones1.webp,Combat,Hero,Female,Human,"{""Strong"",""Durability"",""Defenders"",""Physical"",""Instinct:Justice"",""Source:Comic"",""Transcended""}",https://thanosvibs.money/api/characters/jessicajones1/skills
jubilee,jubilee,Default,true,0,https://thanosvibs.money/images-thumbnails/portraits/md/jubilee.png,/mff-assets/uniforms/jubilee.webp,Blast,Hero,Female,Mutant,"{""Energy Projection"",""Energy"",""Instinct:Order"",""Source:Comic"",""Tier-4"",""Transcended""}",https://thanosvibs.money/api/characters/jubilee/skills
jubilee1,jubilee,Marvel Animation's X-Men '97,false,1,https://thanosvibs.money/images-thumbnails/portraits/md/jubilee1.png,/mff-assets/uniforms/jubilee1.webp,Blast,Hero,Female,Mutant,"{""Energy Projection"",""Energy"",""Instinct:Order"",""Source:Animation"",""Tier-4"",""Transcended""}",https://thanosvibs.money/api/characters/jubilee1/skills
juggernaut,juggernaut,Default,true,0,https://thanosvibs.money/images-thumbnails/portraits/md/juggernaut.png,/mff-assets/uniforms/juggernaut.webp,Combat,Villain,Male,Mutant,"{""Strong"",""Durability"",""Pure Evil"",""Physical"",""Instinct:Destruction"",""Source:Comic"",""Tier-4"",""Transcended""}",https://thanosvibs.money/api/characters/juggernaut/skills
juggernaut1,juggernaut,Fear Itself,false,1,https://thanosvibs.money/images-thumbnails/portraits/md/juggernaut1.png,/mff-assets/uniforms/juggernaut1.webp,Combat,Villain,Male,Mutant,"{""Strong"",""Durability"",""Pure Evil"",""Physical"",""Instinct:Destruction"",""Source:Comic"",""Tier-4"",""Transcended""}",https://thanosvibs.money/api/characters/juggernaut1/skills
juggernaut2,juggernaut,Savage Avengers,false,2,https://thanosvibs.money/images-thumbnails/portraits/md/juggernaut2.png,/mff-assets/uniforms/juggernaut2.webp,Combat,Hero,Male,Mutant,"{""Strong"",""Durability"",""Pure Evil"",""Physical"",""Instinct:Destruction"",""Source:Comic"",""Tier-4"",""Transcended""}",https://thanosvibs.money/api/characters/juggernaut2/skills
kaecilius,kaecilius,Default,true,0,https://thanosvibs.money/images-thumbnails/portraits/md/kaecilius.png,/mff-assets/uniforms/kaecilius.webp,Blast,Villain,Male,Human,"{""Magic"",""Agility"",""Physical"",""Instinct:Cruelty"",""Source:Mcu"",""Transcended""}",https://thanosvibs.money/api/characters/kaecilius/skills
kahhori,kahhori,Default,true,0,https://thanosvibs.money/images-thumbnails/portraits/md/kahhori.png,/mff-assets/uniforms/kahhori.webp,Blast,Hero,Female,Human,"{""Energy Projection"",""Fast Movement"",""Cosmic Cube"",""Energy"",""Instinct:Justice"",""Source:Mcu"",""Transcended""}",https://thanosvibs.money/api/characters/kahhori/skills
kang,kangtheconqueror,Default,true,0,https://thanosvibs.money/images-thumbnails/portraits/md/kang.png,/mff-assets/uniforms/kang.webp,Universal,Villain,Male,Human,"{""Pure Evil"",""Fast Movement"",""Energy"",""Instinct:Cruelty"",""Source:Mcu"",""Tier-4"",""Tier-3""}",https://thanosvibs.money/api/characters/kang/skills
kang1,kangtheconqueror,Rama-Tut,false,1,https://thanosvibs.money/images-thumbnails/portraits/md/kang1.png,/mff-assets/uniforms/kang1.webp,Universal,Villain,Male,Human,"{""Pure Evil"",""Fast Movement"",""Energy"",""Instinct:Cruelty"",""Source:Comic"",""Tier-4"",""Tier-3""}",https://thanosvibs.money/api/characters/kang1/skills
karnak,karnak,Default,true,0,https://thanosvibs.money/images-thumbnails/portraits/md/karnak.png,/mff-assets/uniforms/karnak.webp,Speed,Hero,Male,Inhuman,"{""Heightened Senses"",""Physical"",""Instinct:Order"",""Source:Comic"",""Transcended""}",https://thanosvibs.money/api/characters/karnak/skills
karnak1,karnak,"All-New, All-Different",false,1,https://thanosvibs.money/images-thumbnails/portraits/md/karnak1.png,/mff-assets/uniforms/karnak1.webp,Speed,Hero,Male,Inhuman,"{""Heightened Senses"",""Physical"",""Instinct:Order"",""Source:Comic"",""Transcended""}",https://thanosvibs.money/api/characters/karnak1/skills
katy,katy,Default,true,0,https://thanosvibs.money/images-thumbnails/portraits/md/katy.png,/mff-assets/uniforms/katy.webp,Speed,Hero,Female,Human,"{""Weapons Master"",""Agility"",""Physical"",""Energy"",""Lightning"",""Instinct:Justice"",""Source:Mcu"",""Transcended""}",https://thanosvibs.money/api/characters/katy/skills
kidkaiju,kidkaiju,Default,true,0,https://thanosvibs.money/images-thumbnails/portraits/md/kidkaiju.png,/mff-assets/uniforms/kidkaiju.webp,Speed,Hero,Male,Inhuman,"{""Command"",""Physical"",""Fire"",""Instinct:Order"",""Source:Comic"",""Transcended""}",https://thanosvibs.money/api/characters/kidkaiju/skills
kidkaiju1,kidkaiju,Monsters Unleashed! (MFF Variant),false,1,https://thanosvibs.money/images-thumbnails/portraits/md/kidkaiju1.png,/mff-assets/uniforms/kidkaiju1.webp,Speed,Hero,Male,Inhuman,"{""Command"",""Physical"",""Fire"",""Instinct:Order"",""Source:Original"",""Transcended""}",https://thanosvibs.money/api/characters/kidkaiju1/skills
kidomega,kidomega,Default,true,0,https://thanosvibs.money/images-thumbnails/portraits/md/kidomega.png,/mff-assets/uniforms/kidomega.webp,Blast,Hero,Male,Mutant,"{""Phoenix Force"",""Energy Projection"",""Energy"",""Mind"",""Instinct:Order"",""Source:Comic"",""Tier-4"",""Transcended""}",https://thanosvibs.money/api/characters/kidomega/skills
kidomega1,kidomega,Uncanny X-Men,false,1,https://thanosvibs.money/images-thumbnails/portraits/md/kidomega1.png,/mff-assets/uniforms/kidomega1.webp,Blast,Hero,Male,Mutant,"{""Phoenix Force"",""Energy Projection"",""Energy"",""Mind"",""Instinct:Order"",""Source:Comic"",""Tier-4"",""Transcended""}",https://thanosvibs.money/api/characters/kidomega1/skills
killmonger,killmonger,Default,true,0,https://thanosvibs.money/images-thumbnails/portraits/md/killmonger.png,/mff-assets/uniforms/killmonger.webp,Combat,Villain,Male,Human,"{""Strong"",""Command"",""Physical"",""Instinct:Cruelty"",""Source:Comic"",""Transcended""}",https://thanosvibs.money/api/characters/killmonger/skills
killmonger1,killmonger,Marvel Studios' Black Panther,false,1,https://thanosvibs.money/images-thumbnails/portraits/md/killmonger1.png,/mff-assets/uniforms/killmonger1.webp,Combat,Villain,Male,Human,"{""Strong"",""Command"",""Physical"",""Instinct:Cruelty"",""Source:Mcu"",""Transcended"",""Alias:Erik Killmonger (Black Panther)""}",https://thanosvibs.money/api/characters/killmonger1/skills
kingo,kingo,Default,true,0,https://thanosvibs.money/images-thumbnails/portraits/md/kingo.png,/mff-assets/uniforms/kingo.webp,Speed,Hero,Male,Alien,"{""Eternals"",""Leadership"",""Energy Projection"",""Energy"",""Instinct:Order"",""Source:Comic"",""Transcended""}",https://thanosvibs.money/api/characters/kingo/skills
kingo1,kingo,Marvel Studios' Eternals,false,1,https://thanosvibs.money/images-thumbnails/portraits/md/kingo1.png,/mff-assets/uniforms/kingo1.webp,Blast,Hero,Male,Alien,"{""Eternals"",""Leadership"",""Energy Projection"",""Energy"",""Instinct:Order"",""Source:Mcu"",""Transcended""}",https://thanosvibs.money/api/characters/kingo1/skills
kingpin,kingpin,Default,true,0,https://thanosvibs.money/images-thumbnails/portraits/md/kingpin.png,/mff-assets/uniforms/kingpin.webp,Combat,Villain,Male,Human,"{""Strong"",""Command"",""Physical"",""Instinct:Cruelty"",""Source:Comic"",""Tier-4"",""Tier-3""}",https://thanosvibs.money/api/characters/kingpin/skills
kingpin3,kingpin,Marvel Television's Daredevil: Born Again,false,1,https://thanosvibs.money/images-thumbnails/portraits/md/kingpin3.png,/mff-assets/uniforms/kingpin3.webp,Combat,Villain,Male,Human,"{""Strong"",""Command"",""Physical"",""Instinct:Cruelty"",""Source:Mcu"",""Tier-4"",""Tier-3""}",https://thanosvibs.money/api/characters/kingpin3/skills
kingpin1,kingpin,Secret Wars: Armor Wars,false,2,https://thanosvibs.money/images-thumbnails/portraits/md/kingpin1.png,/mff-assets/uniforms/kingpin1.webp,Blast,Villain,Male,Human,"{""Strong"",""Command"",""Machine"",""Energy"",""Physical"",""Instinct:Cruelty"",""Source:Comic"",""Tier-4"",""Tier-3""}",https://thanosvibs.money/api/characters/kingpin1/skills
kingpin2,kingpin,Winter Criminal,false,3,https://thanosvibs.money/images-thumbnails/portraits/md/kingpin2.png,/mff-assets/uniforms/kingpin2.webp,Combat,Villain,Male,Human,"{""Strong"",""Command"",""Physical"",""Instinct:Cruelty"",""Source:Original"",""Tier-4"",""Tier-3""}",https://thanosvibs.money/api/characters/kingpin2/skills
kittypryde,kittypryde,Default,true,0,https://thanosvibs.money/images-thumbnails/portraits/md/kittypryde.png,/mff-assets/uniforms/kittypryde.webp,Speed,Hero,Female,Mutant,"{""Command"",""Weapons Master"",""Physical"",""Instinct:Order"",""Source:Comic"",""Tier-3""}",https://thanosvibs.money/api/characters/kittypryde/skills
kittypryde1,kittypryde,Red Queen,false,1,https://thanosvibs.money/images-thumbnails/portraits/md/kittypryde1.png,/mff-assets/uniforms/kittypryde1.webp,Speed,Hero,Female,Mutant,"{""Command"",""Weapons Master"",""Physical"",""Instinct:Order"",""Source:Comic"",""Tier-3""}",https://thanosvibs.money/api/characters/kittypryde1/skills
knull,knull,Default,true,0,https://thanosvibs.money/images-thumbnails/portraits/md/knull.png,/mff-assets/uniforms/knull.webp,Universal,Villain,Male,Alien,"{""Symbiote"",""Strong"",""Pure Evil"",""Physical"",""Instinct:Destruction"",""Source:Comic"",""Tier-4"",""Tier-3""}",https://thanosvibs.money/api/characters/knull/skills
knull1,knull,Ancient History,false,1,https://thanosvibs.money/images-thumbnails/portraits/md/knull1.png,/mff-assets/uniforms/knull1.webp,Universal,Villain,Male,Alien,"{""Symbiote"",""Strong"",""Pure Evil"",""Physical"",""Instinct:Destruction"",""Source:Comic"",""Tier-4"",""Tier-3""}",https://thanosvibs.money/api/characters/knull1/skills
korath,korath,Default,true,0,https://thanosvibs.money/images-thumbnails/portraits/md/korath.png,/mff-assets/uniforms/korath.webp,Speed,Villain,Male,Alien,"{""Weapons Master"",""Pure Evil"",""Physical"",""Instinct:Destruction"",""Source:Mcu"",""Transcended""}",https://thanosvibs.money/api/characters/korath/skills
kraventhehunter,kraventhehunter,Default,true,0,https://thanosvibs.money/images-thumbnails/portraits/md/kraventhehunter.png,/mff-assets/uniforms/kraventhehunter.webp,Speed,Villain,Male,Human,"{""Weapons Master"",""Agility"",""Sinister Six"",""Physical"",""Instinct:Cruelty"",""Source:Comic"",""Transcended""}",https://thanosvibs.money/api/characters/kraventhehunter/skills
kraventhehunter1,kraventhehunter,Interdimensional Hunter,false,1,https://thanosvibs.money/images-thumbnails/portraits/md/kraventhehunter1.png,/mff-assets/uniforms/kraventhehunter1.webp,Speed,Villain,Male,Human,"{""Weapons Master"",""Agility"",""Sinister Six"",""Physical"",""Instinct:Cruelty"",""Source:Comic"",""Transcended""}",https://thanosvibs.money/api/characters/kraventhehunter1/skills
lash,lash,Default,true,0,https://thanosvibs.money/images-thumbnails/portraits/md/lash.png,/mff-assets/uniforms/lash.webp,Blast,Villain,Male,Inhuman,"{""Energy Projection"",""Energy"",""Instinct:Destruction"",""Source:Tv"",""Transcended""}",https://thanosvibs.money/api/characters/lash/skills
lash1,lash,Modern,false,1,https://thanosvibs.money/images-thumbnails/portraits/md/lash1.png,/mff-assets/uniforms/lash1.webp,Blast,Villain,Male,Inhuman,"{""Energy Projection"",""Energy"",""Instinct:Destruction"",""Source:Comic"",""Transcended""}",https://thanosvibs.money/api/characters/lash1/skills
leader,leader,Default,true,0,https://thanosvibs.money/images-thumbnails/portraits/md/leader.png,/mff-assets/uniforms/leader.webp,Blast,Villain,Male,Human,"{""Mind Resist"",""Pure Evil"",""Energy"",""Instinct:Cruelty"",""Source:Comic"",""Tier-3""}",https://thanosvibs.money/api/characters/leader/skills
lincolncampbell,lincolncampbell,Default,true,0,https://thanosvibs.money/images-thumbnails/portraits/md/lincolncampbell.png,/mff-assets/uniforms/lincolncampbell.webp,Blast,Hero,Male,Inhuman,"{""Shock"",""Energy"",""Lightning"",""Instinct:Order"",""Source:Tv"",""Transcended""}",https://thanosvibs.money/api/characters/lincolncampbell/skills
lizard,lizard,Default,true,0,https://thanosvibs.money/images-thumbnails/portraits/md/lizard.png,/mff-assets/uniforms/lizard.webp,Combat,Villain,Male,Human,"{""Healing"",""Sinister Six"",""Physical"",""Poison"",""Instinct:Cruelty"",""Source:Comic"",""Transcended""}",https://thanosvibs.money/api/characters/lizard/skills
loki,loki,Default,true,0,https://thanosvibs.money/images-thumbnails/portraits/md/loki.png,/mff-assets/uniforms/loki.webp,Universal,Villain,Male,Alien,"{""Mind"",""Chill"",""Energy"",""Cold"",""Instinct:Destruction"",""Source:Mcu"",""Tier-4"",""Tier-3""}",https://thanosvibs.money/api/characters/loki/skills
loki4,loki,Agent of Asgard,false,1,https://thanosvibs.money/images-thumbnails/portraits/md/loki4.png,/mff-assets/uniforms/loki4.webp,Universal,Villain,Male,Alien,"{""Mind"",""Chill"",""Energy"",""Cold"",""Instinct:Destruction"",""Source:Comic"",""Tier-4"",""Tier-3""}",https://thanosvibs.money/api/characters/loki4/skills
loki3,loki,Classic,false,2,https://thanosvibs.money/images-thumbnails/portraits/md/loki3.png,/mff-assets/uniforms/loki3.webp,Universal,Villain,Male,Alien,"{""Mind"",""Chill"",""Energy"",""Cold"",""Instinct:Destruction"",""Source:Comic"",""Tier-4"",""Tier-3""}",https://thanosvibs.money/api/characters/loki3/skills
loki1,loki,Lady Loki,false,3,https://thanosvibs.money/images-thumbnails/portraits/md/loki1.png,/mff-assets/uniforms/loki1.webp,Universal,Villain,Female,Alien,"{""Mind"",""Chill"",""Energy"",""Cold"",""Instinct:Destruction"",""Source:Comic"",""Tier-4"",""Tier-3""}",https://thanosvibs.money/api/characters/loki1/skills
loki7,loki,Marvel Studios' Loki,false,4,https://thanosvibs.money/images-thumbnails/portraits/md/loki7.png,/mff-assets/uniforms/loki7.webp,Universal,Villain,Male,Alien,"{""Mind"",""Chill"",""Energy"",""Instinct:Destruction"",""Source:Mcu"",""Tier-4"",""Tier-3""}",https://thanosvibs.money/api/characters/loki7/skills
loki6,loki,Marvel Studios' Loki (President Loki),false,5,https://thanosvibs.money/images-thumbnails/portraits/md/loki6.png,/mff-assets/uniforms/loki6.webp,Universal,Villain,Male,Alien,"{""Mind"",""Chill"",""Energy"",""Instinct:Destruction"",""Source:Mcu"",""Tier-4"",""Tier-3""}",https://thanosvibs.money/api/characters/loki6/skills
loki5,loki,Marvel Studios' Loki (TVA Suit),false,6,https://thanosvibs.money/images-thumbnails/portraits/md/loki5.png,/mff-assets/uniforms/loki5.webp,Universal,Villain,Male,Alien,"{""Mind"",""Chill"",""Energy"",""Instinct:Destruction"",""Source:Mcu"",""Tier-4"",""Tier-3""}",https://thanosvibs.money/api/characters/loki5/skills
loki2,loki,Marvel Studios' Thor: Ragnarok,false,7,https://thanosvibs.money/images-thumbnails/portraits/md/loki2.png,/mff-assets/uniforms/loki2.webp,Universal,Villain,Male,Alien,"{""Mind"",""Chill"",""Energy"",""Cold"",""Physical"",""Instinct:Destruction"",""Source:Mcu"",""Tier-4"",""Tier-3""}",https://thanosvibs.money/api/characters/loki2/skills
loki8,loki,Young Avengers,false,8,https://thanosvibs.money/images-thumbnails/portraits/md/loki8.png,/mff-assets/uniforms/loki8.webp,Universal,Hero,Male,Alien,"{""Mind"",""Chill"",""Young Avengers"",""Energy"",""Instinct:Destruction"",""Source:Comic"",""Tier-4"",""Tier-3""}",https://thanosvibs.money/api/characters/loki8/skills
lukecage,lukecage,Default,true,0,https://thanosvibs.money/images-thumbnails/portraits/md/lukecage.png,/mff-assets/uniforms/lukecage.webp,Combat,Hero,Male,Human,"{""Strong"",""Durability"",""Defenders"",""Physical"",""Instinct:Justice"",""Source:Comic"",""Transcended""}",https://thanosvibs.money/api/characters/lukecage/skills
lukecage1,lukecage,"All-New, All-Different",false,1,https://thanosvibs.money/images-thumbnails/portraits/md/lukecage1.png,/mff-assets/uniforms/lukecage1.webp,Combat,Hero,Male,Human,"{""Strong"",""Durability"",""Defenders"",""Physical"",""Instinct:Justice"",""Source:Comic"",""Transcended""}",https://thanosvibs.money/api/characters/lukecage1/skills
lukecage2,lukecage,Marvel Studios' Luke Cage,false,2,https://thanosvibs.money/images-thumbnails/portraits/md/lukecage2.png,/mff-assets/uniforms/lukecage2.webp,Combat,Hero,Male,Human,"{""Strong"",""Durability"",""Defenders"",""Physical"",""Instinct:Justice"",""Source:Tv"",""Transcended""}",https://thanosvibs.money/api/characters/lukecage2/skills
lukecage3,lukecage,Uptown Suit,false,3,https://thanosvibs.money/images-thumbnails/portraits/md/lukecage3.png,/mff-assets/uniforms/lukecage3.webp,Combat,Hero,Male,Human,"{""Strong"",""Durability"",""Defenders"",""Physical"",""Instinct:Justice"",""Source:Comic"",""Transcended""}",https://thanosvibs.money/api/characters/lukecage3/skills
lunasnow,lunasnow,Default,true,0,https://thanosvibs.money/images-thumbnails/portraits/md/lunasnow.png,/mff-assets/uniforms/lunasnow.webp,Speed,Hero,Female,Human,"{""Leadership"",""Cold Blooded"",""Energy"",""Cold"",""Instinct:Justice"",""Source:Original"",""Tier-4"",""Tier-3""}",https://thanosvibs.money/api/characters/lunasnow/skills
lunasnow1,lunasnow,Andromeda Suit,false,1,https://thanosvibs.money/images-thumbnails/portraits/md/lunasnow1.png,/mff-assets/uniforms/lunasnow1.webp,Speed,Hero,Female,Human,"{""Leadership"",""Cold Blooded"",""Energy"",""Cold"",""Instinct:Justice"",""Source:Original"",""Tier-4"",""Tier-3""}",https://thanosvibs.money/api/characters/lunasnow1/skills
lunasnow2,lunasnow,Lifestyle Series 1,false,2,https://thanosvibs.money/images-thumbnails/portraits/md/lunasnow2.png,/mff-assets/uniforms/lunasnow2.webp,Speed,Hero,Female,Human,"{""Leadership"",""Cold Blooded"",""Energy"",""Cold"",""Instinct:Justice"",""Source:Original"",""Tier-4"",""Tier-3""}",https://thanosvibs.money/api/characters/lunasnow2/skills
lunasnow3,lunasnow,Light Sirius Armor,false,3,https://thanosvibs.money/images-thumbnails/portraits/md/lunasnow3.png,/mff-assets/uniforms/lunasnow3.webp,Speed,Hero,Female,Human,"{""Leadership"",""Cold Blooded"",""Energy"",""Cold"",""Instinct:Justice"",""Source:Original"",""Tier-4"",""Tier-3""}",https://thanosvibs.money/api/characters/lunasnow3/skills
lunasnow5,lunasnow,Mirae 2099,false,4,https://thanosvibs.money/images-thumbnails/portraits/md/lunasnow5.png,/mff-assets/uniforms/lunasnow5.webp,Speed,Hero,Female,Human,"{""Leadership"",""Cold Blooded"",""Energy"",""Cold"",""Instinct:Justice"",""Source:Collab"",""Tier-4"",""Tier-3""}",https://thanosvibs.money/api/characters/lunasnow5/skills
lunasnow4,lunasnow,Summer Lilac,false,5,https://thanosvibs.money/images-thumbnails/portraits/md/lunasnow4.png,/mff-assets/uniforms/lunasnow4.webp,Speed,Hero,Female,Human,"{""Leadership"",""Cold Blooded"",""Energy"",""Cold"",""Instinct:Justice"",""Source:Original"",""Tier-4"",""Tier-3""}",https://thanosvibs.money/api/characters/lunasnow4/skills
modok,modok,Default,true,0,https://thanosvibs.money/images-thumbnails/portraits/md/modok.png,/mff-assets/uniforms/modok.webp,Blast,Villain,Male,Human,"{""Mind"",""Machine"",""Pure Evil"",""Energy"",""Physical"",""Instinct:Cruelty"",""Source:Comic"",""Tier-3""}",https://thanosvibs.money/api/characters/modok/skills
modok3,modok,Ant-Man and the Wasp: Quantumania,false,1,https://thanosvibs.money/images-thumbnails/portraits/md/modok3.png,/mff-assets/uniforms/modok3.webp,Blast,Villain,Male,Human,"{""Mind"",""Machine"",""Pure Evil"",""Energy"",""Instinct:Cruelty"",""Source:Mcu"",""Tier-3""}",https://thanosvibs.money/api/characters/modok3/skills
modok2,modok,CAPDOC,false,2,https://thanosvibs.money/images-thumbnails/portraits/md/modok2.png,/mff-assets/uniforms/modok2.webp,Blast,Villain,Male,Human,"{""Mind"",""Machine"",""Pure Evil"",""Energy"",""Physical"",""Instinct:Cruelty"",""Source:Comic"",""Tier-3""}",https://thanosvibs.money/api/characters/modok2/skills
modok1,modok,SPIDOC,false,3,https://thanosvibs.money/images-thumbnails/portraits/md/modok1.png,/mff-assets/uniforms/modok1.webp,Blast,Villain,Male,Human,"{""Mind"",""Machine"",""Pure Evil"",""Physical"",""Energy"",""Instinct:Cruelty"",""Source:Comic"",""Tier-3""}",https://thanosvibs.money/api/characters/modok1/skills
mbaku1,mbaku,Default,true,0,https://thanosvibs.money/images-thumbnails/portraits/md/mbaku1.png,/mff-assets/uniforms/mbaku1.webp,Combat,Hero,Male,Human,"{""Leadership"",""Strong"",""Physical"",""Instinct:Justice"",""Source:Mcu"",""Transcended""}",https://thanosvibs.money/api/characters/mbaku1/skills
madelynepryor,madelynepryor,Default,true,0,https://thanosvibs.money/images-thumbnails/portraits/md/madelynepryor.png,/mff-assets/uniforms/madelynepryor.webp,Blast,Villain,Female,Mutant,"{""Mind"",""Mind Resist"",""Energy"",""Instinct:Destruction"",""Source:Comic"",""Tier-4"",""Tier-3""}",https://thanosvibs.money/api/characters/madelynepryor/skills
madelynepryor1,madelynepryor,Winter Queen,false,1,https://thanosvibs.money/images-thumbnails/portraits/md/madelynepryor1.png,/mff-assets/uniforms/madelynepryor1.webp,Blast,Villain,Female,Mutant,"{""Chill"",""Mind Resist"",""Energy"",""Cold"",""Instinct:Destruction"",""Source:Original"",""Tier-4"",""Tier-3""}",https://thanosvibs.money/api/characters/madelynepryor1/skills
magik,magik,Default,true,0,https://thanosvibs.money/images-thumbnails/portraits/md/magik.png,/mff-assets/uniforms/magik.webp,Blast,Hero,Female,Mutant,"{""Magic"",""Mind Resist"",""Physical"",""Energy"",""Instinct:Order"",""Source:Comic"",""Tier-4"",""Tier-3""}",https://thanosvibs.money/api/characters/magik/skills
magik2,magik,Krakoan Winter,false,1,https://thanosvibs.money/images-thumbnails/portraits/md/magik2.png,/mff-assets/uniforms/magik2.webp,Blast,Hero,Female,Mutant,"{""Magic"",""Mind Resist"",""Energy"",""Instinct:Order"",""Source:Original"",""Tier-4"",""Tier-3""}",https://thanosvibs.money/api/characters/magik2/skills
magik3,magik,Marvel Rivals,false,2,https://thanosvibs.money/images-thumbnails/portraits/md/magik3.png,/mff-assets/uniforms/magik3.webp,Blast,Hero,Female,Mutant,"{""Magic"",""Mind Resist"",""Energy"",""Instinct:Order"",""Source:Collab"",""Tier-4"",""Tier-3""}",https://thanosvibs.money/api/characters/magik3/skills
magik1,magik,Phoenix Five,false,3,https://thanosvibs.money/images-thumbnails/portraits/md/magik1.png,/mff-assets/uniforms/magik1.webp,Blast,Villain,Female,Mutant,"{""Magic"",""Mind Resist"",""Phoenix Force"",""Energy"",""Physical"",""Fire"",""Instinct:Order"",""Source:Comic"",""Tier-4"",""Tier-3""}",https://thanosvibs.money/api/characters/magik1/skills
magneto,magneto,Default,true,0,https://thanosvibs.money/images-thumbnails/portraits/md/magneto.png,/mff-assets/uniforms/magneto.webp,Blast,Villain,Male,Mutant,"{""Energy Projection"",""Mind Resist"",""Energy"",""Lightning"",""Instinct:Destruction"",""Source:Comic"",""Tier-4"",""Tier-3""}",https://thanosvibs.money/api/characters/magneto/skills
magneto2,magneto,House of X,false,1,https://thanosvibs.money/images-thumbnails/portraits/md/magneto2.png,/mff-assets/uniforms/magneto2.webp,Blast,Villain,Male,Mutant,"{""Energy Projection"",""Mind Resist"",""Energy"",""Lightning"",""Instinct:Destruction"",""Source:Comic"",""Tier-4"",""Tier-3""}",https://thanosvibs.money/api/characters/magneto2/skills
magneto3,magneto,Krakoan Winter,false,2,https://thanosvibs.money/images-thumbnails/portraits/md/magneto3.png,/mff-assets/uniforms/magneto3.webp,Blast,Villain,Male,Mutant,"{""Energy Projection"",""Mind Resist"",""Energy"",""Instinct:Destruction"",""Source:Original"",""Tier-4"",""Tier-3""}",https://thanosvibs.money/api/characters/magneto3/skills
magneto4,magneto,Marvel Animation's X-Men '97,false,3,https://thanosvibs.money/images-thumbnails/portraits/md/magneto4.png,/mff-assets/uniforms/magneto4.webp,Blast,Hero,Male,Mutant,"{""Energy Projection"",""Mind Resist"",""Energy"",""Instinct:Destruction"",""Source:Animation"",""Tier-4"",""Tier-3""}",https://thanosvibs.money/api/characters/magneto4/skills
magneto1,magneto,Marvel NOW!,false,4,https://thanosvibs.money/images-thumbnails/portraits/md/magneto1.png,/mff-assets/uniforms/magneto1.webp,Blast,Villain,Male,Mutant,"{""Energy Projection"",""Mind Resist"",""Energy"",""Physical"",""Lightning"",""Instinct:Destruction"",""Source:Comic"",""Tier-4"",""Tier-3""}",https://thanosvibs.money/api/characters/magneto1/skills
makkari,makkari,Default,true,0,https://thanosvibs.money/images-thumbnails/portraits/md/makkari.png,/mff-assets/uniforms/makkari.webp,Speed,Hero,Female,Alien,"{""Leadership"",""Fast Movement"",""Eternals"",""Physical"",""Instinct:Order"",""Source:Comic"",""Transcended""}",https://thanosvibs.money/api/characters/makkari/skills
makkari1,makkari,Marvel Studios' Eternals,false,1,https://thanosvibs.money/images-thumbnails/portraits/md/makkari1.png,/mff-assets/uniforms/makkari1.webp,Speed,Hero,Female,Alien,"{""Leadership"",""Fast Movement"",""Eternals"",""Physical"",""Instinct:Order"",""Source:Mcu"",""Transcended""}",https://thanosvibs.money/api/characters/makkari1/skills
malekith,malekith,Default,true,0,https://thanosvibs.money/images-thumbnails/portraits/md/malekith.png,/mff-assets/uniforms/malekith.webp,Blast,Villain,Male,Alien,"{""Pure Evil"",""Energy"",""Physical"",""Mind"",""Instinct:Destruction"",""Source:Mcu"",""Transcended""}",https://thanosvibs.money/api/characters/malekith/skills
malekith1,malekith,"All-New, All-Different",false,1,https://thanosvibs.money/images-thumbnails/portraits/md/malekith1.png,/mff-assets/uniforms/malekith1.webp,Blast,Villain,Male,Alien,"{""Pure Evil"",""Energy"",""Physical"",""Mind"",""Instinct:Destruction"",""Source:Comic"",""Transcended""}",https://thanosvibs.money/api/characters/malekith1/skills
malekith2,malekith,War of the Realms,false,2,https://thanosvibs.money/images-thumbnails/portraits/md/malekith2.png,/mff-assets/uniforms/malekith2.webp,Blast,Villain,Male,Alien,"{""Pure Evil"",""Symbiote"",""Energy"",""Physical"",""Instinct:Destruction"",""Source:Comic"",""Transcended""}",https://thanosvibs.money/api/characters/malekith2/skills
manthing,manthing,Default,true,0,https://thanosvibs.money/images-thumbnails/portraits/md/manthing.png,/mff-assets/uniforms/manthing.webp,Combat,Hero,Male,Human,"{""Strong"",""Healing"",""Magic"",""Physical"",""Instinct:Justice"",""Source:Comic"",""Transcended""}",https://thanosvibs.money/api/characters/manthing/skills
mantis,mantis,Default,true,0,https://thanosvibs.money/images-thumbnails/portraits/md/mantis.png,/mff-assets/uniforms/mantis.webp,Blast,Hero,Female,Alien,"{""Mind"",""Healing"",""Energy"",""Physical"",""Instinct:Order"",""Source:Mcu"",""Transcended""}",https://thanosvibs.money/api/characters/mantis/skills
mantis1,mantis,Marvel Studios' Guardians of the Galaxy 3,false,1,https://thanosvibs.money/images-thumbnails/portraits/md/mantis1.png,/mff-assets/uniforms/mantis1.webp,Blast,Hero,Female,Alien,"{""Mind"",""Healing"",""Guardians of the Galaxy"",""Energy"",""Instinct:Order"",""Source:Mcu"",""Transcended""}",https://thanosvibs.money/api/characters/mantis1/skills
marvelboy,marvelboy,Default,true,0,https://thanosvibs.money/images-thumbnails/portraits/md/marvelboy.png,/mff-assets/uniforms/marvelboy.webp,Universal,Hero,Male,Alien,"{""Fast Movement"",""Young Avengers"",""Energy"",""Instinct:Order"",""Source:Comic"",""Tier-3""}",https://thanosvibs.money/api/characters/marvelboy/skills
maximus,maximus,Default,true,0,https://thanosvibs.money/images-thumbnails/portraits/md/maximus.png,/mff-assets/uniforms/maximus.webp,Blast,Villain,Male,Inhuman,"{""Mind Resist"",""Pure Evil"",""Energy"",""Lightning"",""Instinct:Destruction"",""Source:Comic"",""Transcended""}",https://thanosvibs.money/api/characters/maximus/skills
medusa,medusa,Default,true,0,https://thanosvibs.money/images-thumbnails/portraits/md/medusa.png,/mff-assets/uniforms/medusa.webp,Universal,Hero,Female,Inhuman,"{""Command"",""Physical"",""Instinct:Order"",""Source:Comic"",""Tier-4"",""Transcended""}",https://thanosvibs.money/api/characters/medusa/skills
medusa3,medusa,Ancient Curse,false,1,https://thanosvibs.money/images-thumbnails/portraits/md/medusa3.png,/mff-assets/uniforms/medusa3.webp,Universal,Hero,Female,Inhuman,"{""Command"",""Physical"",""Instinct:Order"",""Source:Original"",""Tier-4"",""Transcended""}",https://thanosvibs.money/api/characters/medusa3/skills
medusa2,medusa,Inhumans vs X-Men,false,2,https://thanosvibs.money/images-thumbnails/portraits/md/medusa2.png,/mff-assets/uniforms/medusa2.webp,Universal,Hero,Female,Inhuman,"{""Command"",""Physical"",""Instinct:Order"",""Source:Comic"",""Tier-4"",""Transcended""}",https://thanosvibs.money/api/characters/medusa2/skills
medusa1,medusa,Monsters Unleashed! (MFF Variant),false,3,https://thanosvibs.money/images-thumbnails/portraits/md/medusa1.png,/mff-assets/uniforms/medusa1.webp,Universal,Hero,Female,Inhuman,"{""Command"",""Physical"",""Instinct:Order"",""Source:Original"",""Tier-4"",""Transcended""}",https://thanosvibs.money/api/characters/medusa1/skills
mephisto,mephisto,Default,true,0,https://thanosvibs.money/images-thumbnails/portraits/md/mephisto.png,/mff-assets/uniforms/mephisto.webp,Blast,Villain,Male,Other,"{""Hellfire"",""Magic"",""Pure Evil"",""Energy"",""Fire"",""Instinct:Destruction"",""Source:Comic"",""Tier-4"",""Tier-3""}",https://thanosvibs.money/api/characters/mephisto/skills
mephisto1,mephisto,Master of Hell,false,1,https://thanosvibs.money/images-thumbnails/portraits/md/mephisto1.png,/mff-assets/uniforms/mephisto1.webp,Universal,Villain,Male,Other,"{""Hellfire"",""Magic"",""Pure Evil"",""Energy"",""Fire"",""Instinct:Destruction"",""Source:Comic"",""Tier-4"",""Tier-3""}",https://thanosvibs.money/api/characters/mephisto1/skills
minn-erva,minnerva,Default,true,0,https://thanosvibs.money/images-thumbnails/portraits/md/minn-erva.png,/mff-assets/uniforms/minnerva.webp,Combat,Villain,Female,Alien,"{""Strong"",""Agility"",""Pure Evil"",""Physical"",""Energy"",""Instinct:Destruction"",""Source:Comic"",""Transcended""}",https://thanosvibs.money/api/characters/minn-erva/skills
minn-erva1,minnerva,Marvel Studios' Captain Marvel,false,1,https://thanosvibs.money/images-thumbnails/portraits/md/minn-erva1.png,/mff-assets/uniforms/minnerva1.webp,Combat,Villain,Female,Alien,"{""Strong"",""Agility"",""Pure Evil"",""Energy"",""Physical"",""Instinct:Destruction"",""Source:Mcu"",""Transcended""}",https://thanosvibs.money/api/characters/minn-erva1/skills
misterfantastic,misterfantastic,Default,true,0,https://thanosvibs.money/images-thumbnails/portraits/md/misterfantastic.png,/mff-assets/uniforms/misterfantastic.webp,Combat,Hero,Male,Human,"{""Durability"",""Leadership"",""Fantastic Four"",""Physical"",""Instinct:Justice"",""Source:Comic"",""Tier-4"",""Tier-3""}",https://thanosvibs.money/api/characters/misterfantastic/skills
misterfantastic1,misterfantastic,Future Foundation,false,1,https://thanosvibs.money/images-thumbnails/portraits/md/misterfantastic1.png,/mff-assets/uniforms/misterfantastic1.webp,Combat,Hero,Male,Human,"{""Durability"",""Leadership"",""Fantastic Four"",""Physical"",""Instinct:Justice"",""Source:Comic"",""Tier-4"",""Tier-3""}",https://thanosvibs.money/api/characters/misterfantastic1/skills
misterfantastic4,misterfantastic,Marvel Studios' The Fantastic Four: First Steps,false,2,https://thanosvibs.money/images-thumbnails/portraits/md/misterfantastic4.png,/mff-assets/uniforms/misterfantastic4.webp,Combat,Hero,Male,Human,"{""Durability"",""Leadership"",""Fantastic Four"",""Physical"",""Instinct:Justice"",""Source:Mcu"",""Tier-4"",""Tier-3""}",https://thanosvibs.money/api/characters/misterfantastic4/skills
misterfantastic3,misterfantastic,The Fall of the Fantastic Four,false,3,https://thanosvibs.money/images-thumbnails/portraits/md/misterfantastic3.png,/mff-assets/uniforms/misterfantastic3.webp,Combat,Hero,Male,Human,"{""Durability"",""Leadership"",""Fantastic Four"",""Physical"",""Instinct:Justice"",""Source:Comic"",""Tier-4"",""Tier-3""}",https://thanosvibs.money/api/characters/misterfantastic3/skills
misterfantastic2,misterfantastic,The Maker,false,4,https://thanosvibs.money/images-thumbnails/portraits/md/misterfantastic2.png,/mff-assets/uniforms/misterfantastic2.webp,Combat,Villain,Male,Human,"{""Durability"",""Pure Evil"",""Fantastic Four"",""Physical"",""Instinct:Justice"",""Source:Comic"",""Tier-4"",""Tier-3""}",https://thanosvibs.money/api/characters/misterfantastic2/skills
mistersinister,mistersinister,Default,true,0,https://thanosvibs.money/images-thumbnails/portraits/md/mistersinister.png,/mff-assets/uniforms/mistersinister.webp,Blast,Villain,Male,Mutant,"{""Pure Evil"",""Energy Projection"",""Healing"",""Energy"",""Mind"",""Instinct:Destruction"",""Source:Comic"",""Transcended""}",https://thanosvibs.money/api/characters/mistersinister/skills
mistersinister1,mistersinister,Hellfire Gala,false,1,https://thanosvibs.money/images-thumbnails/portraits/md/mistersinister1.png,/mff-assets/uniforms/mistersinister1.webp,Blast,Villain,Male,Mutant,"{""Pure Evil"",""Energy Projection"",""Healing"",""Energy"",""Mind"",""Instinct:Destruction"",""Source:Comic"",""Transcended""}",https://thanosvibs.money/api/characters/mistersinister1/skills
mistyknight,mistyknight,Default,true,0,https://thanosvibs.money/images-thumbnails/portraits/md/mistyknight.png,/mff-assets/uniforms/mistyknight.webp,Speed,Hero,Female,Human,"{""Agent"",""Weapons Master"",""Physical"",""Cold"",""Lightning"",""Instinct:Justice"",""Source:Comic"",""Transcended""}",https://thanosvibs.money/api/characters/mistyknight/skills
mockingbird,mockingbird,Default,true,0,https://thanosvibs.money/images-thumbnails/portraits/md/mockingbird.png,/mff-assets/uniforms/mockingbird.webp,Speed,Hero,Female,Human,"{""Agility"",""Agent"",""Physical"",""Instinct:Justice"",""Source:Comic"",""Transcended""}",https://thanosvibs.money/api/characters/mockingbird/skills
mockingbird2,mockingbird,"All-New, All-Different",false,1,https://thanosvibs.money/images-thumbnails/portraits/md/mockingbird2.png,/mff-assets/uniforms/mockingbird2.webp,Speed,Hero,Female,Human,"{""Agility"",""Agent"",""Physical"",""Instinct:Justice"",""Source:Comic"",""Transcended""}",https://thanosvibs.money/api/characters/mockingbird2/skills
mockingbird1,mockingbird,Marvel Studios' Agents of S.H.I.E.L.D.,false,2,https://thanosvibs.money/images-thumbnails/portraits/md/mockingbird1.png,/mff-assets/uniforms/mockingbird1.webp,Speed,Hero,Female,Human,"{""Agility"",""Agent"",""Physical"",""Instinct:Justice"",""Source:Tv"",""Transcended"",""Alias:Bobbi Morse""}",https://thanosvibs.money/api/characters/mockingbird1/skills
moleculeman,moleculeman,Default,true,0,https://thanosvibs.money/images-thumbnails/portraits/md/moleculeman.png,/mff-assets/uniforms/moleculeman.webp,Universal,Villain,Male,Human,"{""Fast Movement"",""Energy Projection"",""Energy"",""Instinct:Cruelty"",""Source:Comic"",""Tier-3""}",https://thanosvibs.money/api/characters/moleculeman/skills
moltenman,moltenman,Default,true,0,https://thanosvibs.money/images-thumbnails/portraits/md/moltenman.png,/mff-assets/uniforms/moltenman.webp,Combat,Villain,Male,Human,"{""Pure Evil"",""Durability"",""Flame"",""Physical"",""Fire"",""Instinct:Cruelty"",""Source:Mcu"",""Transcended""}",https://thanosvibs.money/api/characters/moltenman/skills
moongirl,moongirl,Default,true,0,https://thanosvibs.money/images-thumbnails/portraits/md/moongirl.png,/mff-assets/uniforms/moongirl.webp,Blast,Hero,Female,Inhuman,"{""Weapons Master"",""Leadership"",""Energy"",""Physical"",""Lightning"",""Instinct:Order"",""Source:Comic"",""Transcended""}",https://thanosvibs.money/api/characters/moongirl/skills
moongirl1,moongirl,Monsters Unleashed! (MFF Variant),false,1,https://thanosvibs.money/images-thumbnails/portraits/md/moongirl1.png,/mff-assets/uniforms/moongirl1.webp,Blast,Hero,Female,Inhuman,"{""Weapons Master"",""Leadership"",""Energy"",""Physical"",""Lightning"",""Instinct:Order"",""Source:Original"",""Transcended""}",https://thanosvibs.money/api/characters/moongirl1/skills
moonknight,moonknight,Default,true,0,https://thanosvibs.money/images-thumbnails/portraits/md/moonknight.png,/mff-assets/uniforms/moonknight.webp,Combat,Hero,Male,Human,"{""Weapons Master"",""Leadership"",""Physical"",""Instinct:Justice"",""Source:Comic"",""Tier-4"",""Transcended""}",https://thanosvibs.money/api/characters/moonknight/skills
moonknight1,moonknight,Armored,false,1,https://thanosvibs.money/images-thumbnails/portraits/md/moonknight1.png,/mff-assets/uniforms/moonknight1.webp,Combat,Hero,Male,Human,"{""Weapons Master"",""Leadership"",""Physical"",""Instinct:Justice"",""Source:Comic"",""Tier-4"",""Transcended""}",https://thanosvibs.money/api/characters/moonknight1/skills
moonknight4,moonknight,Blood Moon Knight,false,2,https://thanosvibs.money/images-thumbnails/portraits/md/moonknight4.png,/mff-assets/uniforms/moonknight4.webp,Speed,Hero,Male,Human,"{""Weapons Master"",""Leadership"",""Physical"",""Instinct:Justice"",""Source:Collab"",""Tier-4"",""Transcended""}",https://thanosvibs.money/api/characters/moonknight4/skills
moonknight3,moonknight,Marvel Studios' Moon Knight,false,3,https://thanosvibs.money/images-thumbnails/portraits/md/moonknight3.png,/mff-assets/uniforms/moonknight3.webp,Combat,Hero,Male,Human,"{""Weapons Master"",""Leadership"",""Physical"",""Instinct:Justice"",""Source:Mcu"",""Tier-4"",""Transcended""}",https://thanosvibs.money/api/characters/moonknight3/skills
moonknight2,moonknight,Mr. Knight,false,4,https://thanosvibs.money/images-thumbnails/portraits/md/moonknight2.png,/mff-assets/uniforms/moonknight2.webp,Combat,Hero,Male,Human,"{""Weapons Master"",""Leadership"",""Physical"",""Instinct:Justice"",""Source:Comic"",""Tier-4"",""Transcended""}",https://thanosvibs.money/api/characters/moonknight2/skills
moonstone,moonstone,Default,true,0,https://thanosvibs.money/images-thumbnails/portraits/md/moonstone.png,/mff-assets/uniforms/moonstone.webp,Blast,Villain,Female,Human,"{""Dark Avengers"",""Energy Projection"",""Instinct:Cruelty"",""Source:Comic"",""Transcended""}",https://thanosvibs.money/api/characters/moonstone/skills
morbius,morbius,Default,true,0,https://thanosvibs.money/images-thumbnails/portraits/md/morbius.png,/mff-assets/uniforms/morbius.webp,Combat,Villain,Male,Human,"{""Strong"",""Agility"",""Physical"",""Instinct:Cruelty"",""Source:Comic"",""Transcended""}",https://thanosvibs.money/api/characters/morbius/skills
morganlefay,morganlefay,Default,true,0,https://thanosvibs.money/images-thumbnails/portraits/md/morganlefay.png,/mff-assets/uniforms/morganlefay.webp,Universal,Villain,Female,Human,"{""Magic"",""Pure Evil"",""Energy"",""Poison"",""Instinct:Cruelty"",""Source:Original"",""Tier-3""}",https://thanosvibs.money/api/characters/morganlefay/skills
morganlefay1,morganlefay,Fallen Soul,false,1,https://thanosvibs.money/images-thumbnails/portraits/md/morganlefay1.png,/mff-assets/uniforms/morganlefay1.webp,Universal,Villain,Female,Human,"{""Magic"",""Pure Evil"",""Energy"",""Instinct:Cruelty"",""Source:Original"",""Tier-3""}",https://thanosvibs.money/api/characters/morganlefay1/skills
morph,morph,Default,true,0,https://thanosvibs.money/images-thumbnails/portraits/md/morph.png,/mff-assets/uniforms/morph.webp,Combat,Hero,Neutral,Mutant,"{""Weapons Master"",""Agility"",""Physical"",""Instinct:Order"",""Source:Animation"",""Tier-3""}",https://thanosvibs.money/api/characters/morph/skills
kamalakhan,msmarvelkamalakhan,Default,true,0,https://thanosvibs.money/images-thumbnails/portraits/md/kamalakhan.png,/mff-assets/uniforms/kamalakhan.webp,Combat,Hero,Female,Inhuman,"{""Strong"",""Healing"",""Physical"",""Instinct:Order"",""Source:Comic"",""Tier-4"",""Tier-3""}",https://thanosvibs.money/api/characters/kamalakhan/skills
kamalakhan2,msmarvelkamalakhan,Inhumans: Attilan Rising,false,1,https://thanosvibs.money/images-thumbnails/portraits/md/kamalakhan2.png,/mff-assets/uniforms/kamalakhan2.webp,Combat,Hero,Female,Inhuman,"{""Strong"",""Healing"",""Physical"",""Lightning"",""Instinct:Order"",""Source:Comic"",""Tier-4"",""Tier-3""}",https://thanosvibs.money/api/characters/kamalakhan2/skills
kamalakhan1,msmarvelkamalakhan,Karachi Costume,false,2,https://thanosvibs.money/images-thumbnails/portraits/md/kamalakhan1.png,/mff-assets/uniforms/kamalakhan1.webp,Speed,Hero,Female,Inhuman,"{""Strong"",""Healing"",""Physical"",""Instinct:Order"",""Source:Comic"",""Tier-4"",""Tier-3""}",https://thanosvibs.money/api/characters/kamalakhan1/skills
kamalakhan5,msmarvelkamalakhan,Marvel Animation's Marvel Zombies,false,3,https://thanosvibs.money/images-thumbnails/portraits/md/kamalakhan5.png,/mff-assets/uniforms/kamalakhan5.webp,Speed,Hero,Female,Inhuman,"{""Strong"",""Leadership"",""Physical"",""Instinct:Order"",""Source:Animation"",""Tier-4"",""Tier-3""}",https://thanosvibs.money/api/characters/kamalakhan5/skills
kamalakhan3,msmarvelkamalakhan,Marvel Studios' Ms. Marvel,false,4,https://thanosvibs.money/images-thumbnails/portraits/md/kamalakhan3.png,/mff-assets/uniforms/kamalakhan3.webp,Speed,Hero,Female,Human,"{""Strong"",""Leadership"",""Physical"",""Instinct:Order"",""Source:Mcu"",""Tier-4"",""Tier-3""}",https://thanosvibs.money/api/characters/kamalakhan3/skills
kamalakhan4,msmarvelkamalakhan,Marvel Studios' The Marvels,false,5,https://thanosvibs.money/images-thumbnails/portraits/md/kamalakhan4.png,/mff-assets/uniforms/kamalakhan4.webp,Speed,Hero,Female,Human,"{""Strong"",""Leadership"",""Physical"",""Instinct:Order"",""Source:Mcu"",""Tier-4"",""Tier-3""}",https://thanosvibs.money/api/characters/kamalakhan4/skills
mysterio,mysterio,Default,true,0,https://thanosvibs.money/images-thumbnails/portraits/md/mysterio.png,/mff-assets/uniforms/mysterio.webp,Blast,Villain,Male,Human,"{""Mind"",""Sinister Six"",""Energy"",""Lightning"",""Instinct:Cruelty"",""Source:Comic"",""Transcended""}",https://thanosvibs.money/api/characters/mysterio/skills
mysterio1,mysterio,Spider-Man: Far From Home,false,1,https://thanosvibs.money/images-thumbnails/portraits/md/mysterio1.png,/mff-assets/uniforms/mysterio1.webp,Blast,Villain,Male,Human,"{""Mind"",""Sinister Six"",""Energy"",""Lightning"",""Instinct:Cruelty"",""Source:Mcu"",""Transcended""}",https://thanosvibs.money/api/characters/mysterio1/skills
mysterio2,mysterio,Summer Mystery,false,2,https://thanosvibs.money/images-thumbnails/portraits/md/mysterio2.png,/mff-assets/uniforms/mysterio2.webp,Blast,Villain,Male,Human,"{""Mind"",""Sinister Six"",""Energy"",""Lightning"",""Instinct:Cruelty"",""Source:Original"",""Transcended""}",https://thanosvibs.money/api/characters/mysterio2/skills
mystique,mystique,Default,true,0,https://thanosvibs.money/images-thumbnails/portraits/md/mystique.png,/mff-assets/uniforms/mystique.webp,Speed,Villain,Female,Mutant,"{""Agility"",""Weapons Master"",""Physical"",""Instinct:Destruction"",""Source:Comic"",""Tier-4"",""Transcended""}",https://thanosvibs.money/api/characters/mystique/skills
mystique1,mystique,Hellfire Gala,false,1,https://thanosvibs.money/images-thumbnails/portraits/md/mystique1.png,/mff-assets/uniforms/mystique1.webp,Speed,Villain,Female,Mutant,"{""Agility"",""Weapons Master"",""Physical"",""Instinct:Destruction"",""Source:Comic"",""Tier-4"",""Transcended""}",https://thanosvibs.money/api/characters/mystique1/skills
namor,namor,Default,true,0,https://thanosvibs.money/images-thumbnails/portraits/md/namor.png,/mff-assets/uniforms/namor.webp,Combat,Hero,Male,Mutant,"{""Strong"",""Durability"",""Physical"",""Instinct:Order"",""Source:Comic"",""Tier-4"",""Tier-3""}",https://thanosvibs.money/api/characters/namor/skills
namor2,namor,Black Panther: Wakanda Forever,false,1,https://thanosvibs.money/images-thumbnails/portraits/md/namor2.png,/mff-assets/uniforms/namor2.webp,Combat,Villain,Male,Mutant,"{""Strong"",""Durability"",""Physical"",""Cold"",""Instinct:Order"",""Source:Mcu"",""Tier-4"",""Tier-3""}",https://thanosvibs.money/api/characters/namor2/skills
namor1,namor,Phoenix Five,false,2,https://thanosvibs.money/images-thumbnails/portraits/md/namor1.png,/mff-assets/uniforms/namor1.webp,Combat,Villain,Male,Mutant,"{""Strong"",""Durability"",""Phoenix Force"",""Physical"",""Fire"",""Instinct:Order"",""Source:Comic"",""Tier-4"",""Tier-3""}",https://thanosvibs.money/api/characters/namor1/skills
nebula,nebula,Default,true,0,https://thanosvibs.money/images-thumbnails/portraits/md/nebula.png,/mff-assets/uniforms/nebula.webp,Combat,Villain,Female,Alien,"{""Shock"",""Weapons Master"",""Machine"",""Physical"",""Lightning"",""Instinct:Destruction"",""Source:Mcu"",""Transcended""}",https://thanosvibs.money/api/characters/nebula/skills
nebula1,nebula,Classic,false,1,https://thanosvibs.money/images-thumbnails/portraits/md/nebula1.png,/mff-assets/uniforms/nebula1.webp,Combat,Villain,Female,Alien,"{""Shock"",""Weapons Master"",""Machine"",""Physical"",""Lightning"",""Instinct:Destruction"",""Source:Comic"",""Transcended""}",https://thanosvibs.money/api/characters/nebula1/skills
nebula4,nebula,Marvel Studios' Avengers: Endgame,false,2,https://thanosvibs.money/images-thumbnails/portraits/md/nebula4.png,/mff-assets/uniforms/nebula4.webp,Combat,Hero,Female,Alien,"{""Shock"",""Weapons Master"",""Machine"",""Physical"",""Lightning"",""Energy"",""Instinct:Destruction"",""Source:Mcu"",""Transcended""}",https://thanosvibs.money/api/characters/nebula4/skills
nebula6,nebula,Marvel Studios' What If...?,false,3,https://thanosvibs.money/images-thumbnails/portraits/md/nebula6.png,/mff-assets/uniforms/nebula6.webp,Combat,Hero,Female,Alien,"{""Weapons Master"",""Machine"",""Physical"",""Fire"",""Lightning"",""Instinct:Destruction"",""Source:Mcu"",""Transcended"",""Alias:Super Nova Nebula""}",https://thanosvibs.money/api/characters/nebula6/skills
nebula5,nebula,Team Suit,false,4,https://thanosvibs.money/images-thumbnails/portraits/md/nebula5.png,/mff-assets/uniforms/nebula5.webp,Combat,Hero,Female,Alien,"{""Shock"",""Weapons Master"",""Machine"",""Physical"",""Lightning"",""Energy"",""Instinct:Destruction"",""Source:Mcu"",""Transcended""}",https://thanosvibs.money/api/characters/nebula5/skills
negasonicteenagewarhead,negasonicteenagewarhead,Default,true,0,https://thanosvibs.money/images-thumbnails/portraits/md/negasonicteenagewarhead.png,/mff-assets/uniforms/negasonicteenagewarhead.webp,Blast,Hero,Female,Mutant,"{""Agility"",""Fast Movement"",""Energy Projection"",""Energy"",""Instinct:Order"",""Source:Comic"",""Transcended""}",https://thanosvibs.money/api/characters/negasonicteenagewarhead/skills
nickfury1,nickfury,Default,true,0,https://thanosvibs.money/images-thumbnails/portraits/md/nickfury1.png,/mff-assets/uniforms/nickfury1.webp,Speed,Hero,Male,Human,"{""Agent"",""Leadership"",""Weapons Master"",""Physical"",""Instinct:Justice"",""Source:Comic"",""Tier-4"",""Tier-3""}",https://thanosvibs.money/api/characters/nickfury1/skills
nickfury2,nickfury,Marvel Studios' Captain Marvel,false,1,https://thanosvibs.money/images-thumbnails/portraits/md/nickfury2.png,/mff-assets/uniforms/nickfury2.webp,Speed,Hero,Male,Human,"{""Agent"",""Leadership"",""Weapons Master"",""Physical"",""Instinct:Justice"",""Source:Mcu"",""Tier-4"",""Tier-3""}",https://thanosvibs.money/api/characters/nickfury2/skills
nickfury3,nickfury,Marvel Studios' The Marvels,false,2,https://thanosvibs.money/images-thumbnails/portraits/md/nickfury3.png,/mff-assets/uniforms/nickfury3.webp,Speed,Hero,Male,Human,"{""Agent"",""Leadership"",""Weapons Master"",""Physical"",""Instinct:Justice"",""Source:Mcu"",""Tier-4"",""Tier-3""}",https://thanosvibs.money/api/characters/nickfury3/skills
nickfury4,nickfury,Secret Avengers,false,3,https://thanosvibs.money/images-thumbnails/portraits/md/nickfury4.png,/mff-assets/uniforms/nickfury4.webp,Speed,Hero,Male,Human,"{""Agent"",""Leadership"",""Weapons Master"",""Physical"",""Instinct:Justice"",""Source:Comic"",""Tier-4"",""Tier-3""}",https://thanosvibs.money/api/characters/nickfury4/skills
nightcrawler,nightcrawler,Default,true,0,https://thanosvibs.money/images-thumbnails/portraits/md/nightcrawler.png,/mff-assets/uniforms/nightcrawler.webp,Speed,Hero,Male,Mutant,"{""Agility"",""Leadership"",""Physical"",""Instinct:Order"",""Source:Comic"",""Transcended""}",https://thanosvibs.money/api/characters/nightcrawler/skills
nightcrawler2,nightcrawler,Classic,false,1,https://thanosvibs.money/images-thumbnails/portraits/md/nightcrawler2.png,/mff-assets/uniforms/nightcrawler2.webp,Speed,Hero,Male,Mutant,"{""Agility"",""Leadership"",""Physical"",""Instinct:Order"",""Source:Comic"",""Transcended""}",https://thanosvibs.money/api/characters/nightcrawler2/skills
nightcrawler1,nightcrawler,X-Force,false,2,https://thanosvibs.money/images-thumbnails/portraits/md/nightcrawler1.png,/mff-assets/uniforms/nightcrawler1.webp,Speed,Hero,Male,Mutant,"{""Agility"",""Leadership"",""Physical"",""Instinct:Order"",""Source:Comic"",""Transcended""}",https://thanosvibs.money/api/characters/nightcrawler1/skills
nova,novarichardrider,Default,true,0,https://thanosvibs.money/images-thumbnails/portraits/md/nova.png,/mff-assets/uniforms/nova.webp,Universal,Hero,Male,Human,"{""Energy Projection"",""Leadership"",""Energy"",""Instinct:Justice"",""Source:Comic"",""Tier-4"",""Transcended""}",https://thanosvibs.money/api/characters/nova/skills
nova1,novarichardrider,Marvel Cosmic Invasion,false,1,https://thanosvibs.money/images-thumbnails/portraits/md/nova1.png,/mff-assets/uniforms/nova1.webp,Universal,Hero,Male,Human,"{""Energy Projection"",""Leadership"",""Energy"",""Instinct:Justice"",""Source:Collab"",""Tier-4"",""Transcended""}",https://thanosvibs.money/api/characters/nova1/skills
samalexander,novasamalexander,Default,true,0,https://thanosvibs.money/images-thumbnails/portraits/md/samalexander.png,/mff-assets/uniforms/samalexander.webp,Universal,Hero,Male,Human,"{""Fast Movement"",""Energy Projection"",""Energy"",""Instinct:Justice"",""Source:Comic"",""Transcended""}",https://thanosvibs.money/api/characters/samalexander/skills
odin,odin,Default,true,0,https://thanosvibs.money/images-thumbnails/portraits/md/odin.png,/mff-assets/uniforms/odin.webp,Universal,Hero,Male,Alien,"{""Command"",""Energy Projection"",""Energy"",""Physical"",""Cold"",""Lightning"",""Instinct:Order"",""Source:Comic"",""Tier-4"",""Tier-3""}",https://thanosvibs.money/api/characters/odin/skills
odin1,odin,All-Father,false,1,https://thanosvibs.money/images-thumbnails/portraits/md/odin1.png,/mff-assets/uniforms/odin1.webp,Universal,Hero,Male,Alien,"{""Command"",""Energy Projection"",""Energy"",""Physical"",""Cold"",""Lightning"",""Instinct:Order"",""Source:Comic"",""Tier-4"",""Tier-3""}",https://thanosvibs.money/api/characters/odin1/skills
odin2,odin,"Avengers 1,000,000 BC",false,2,https://thanosvibs.money/images-thumbnails/portraits/md/odin2.png,/mff-assets/uniforms/odin2.webp,Universal,Hero,Male,Alien,"{""Command"",""Energy Projection"",""Energy"",""Lightning"",""Instinct:Order"",""Source:Comic"",""Tier-4"",""Tier-3""}",https://thanosvibs.money/api/characters/odin2/skills
odin3,odin,Lord of Asgard,false,3,https://thanosvibs.money/images-thumbnails/portraits/md/odin3.png,/mff-assets/uniforms/odin3.webp,Universal,Hero,Male,Alien,"{""Command"",""Energy Projection"",""Energy"",""Lightning"",""Instinct:Order"",""Source:Comic"",""Tier-4"",""Tier-3""}",https://thanosvibs.money/api/characters/odin3/skills
okoye,okoye,Default,true,0,https://thanosvibs.money/images-thumbnails/portraits/md/okoye.png,/mff-assets/uniforms/okoye.webp,Speed,Hero,Female,Human,"{""Agility"",""Weapons Master"",""Physical"",""Instinct:Justice"",""Source:Mcu"",""Tier-3""}",https://thanosvibs.money/api/characters/okoye/skills
omegared,omegared,Default,true,0,https://thanosvibs.money/images-thumbnails/portraits/md/omegared.png,/mff-assets/uniforms/omegared.webp,Combat,Villain,Male,Mutant,"{""Healing"",""Pure Evil"",""Strong"",""Physical"",""Instinct:Destruction"",""Source:Comic"",""Tier-3""}",https://thanosvibs.money/api/characters/omegared/skills
philcoulson,philcoulson,Default,true,0,https://thanosvibs.money/images-thumbnails/portraits/md/philcoulson.png,/mff-assets/uniforms/philcoulson.webp,Blast,Hero,Male,Human,"{""Command"",""Agent"",""Physical"",""Energy"",""Instinct:Justice"",""Source:Tv"",""Tier-3""}",https://thanosvibs.money/api/characters/philcoulson/skills
philcoulson1,philcoulson,A.O.S. Season 3,false,1,https://thanosvibs.money/images-thumbnails/portraits/md/philcoulson1.png,/mff-assets/uniforms/philcoulson1.webp,Blast,Hero,Male,Human,"{""Command"",""Agent"",""Physical"",""Energy"",""Instinct:Justice"",""Source:Tv"",""Tier-3""}",https://thanosvibs.money/api/characters/philcoulson1/skills
philcoulson2,philcoulson,Winter Ops,false,2,https://thanosvibs.money/images-thumbnails/portraits/md/philcoulson2.png,/mff-assets/uniforms/philcoulson2.webp,Blast,Hero,Male,Human,"{""Command"",""Agent"",""Energy"",""Instinct:Justice"",""Source:Original"",""Tier-3""}",https://thanosvibs.money/api/characters/philcoulson2/skills
phylavell,phylavell,Default,true,0,https://thanosvibs.money/images-thumbnails/portraits/md/phylavell.png,/mff-assets/uniforms/phylavell.webp,Universal,Hero,Female,Alien,"{""Energy Projection"",""Leadership"",""Energy"",""Instinct:Order"",""Source:Comic"",""Tier-4"",""Transcended""}",https://thanosvibs.money/api/characters/phylavell/skills
phylavell1,phylavell,Marvel Cosmic Invasion,false,1,https://thanosvibs.money/images-thumbnails/portraits/md/phylavell1.png,/mff-assets/uniforms/phylavell1.webp,Universal,Hero,Female,Alien,"{""Energy Projection"",""Leadership"",""Energy"",""Instinct:Order"",""Source:Collab"",""Tier-4"",""Transcended""}",https://thanosvibs.money/api/characters/phylavell1/skills
polaris,polaris,Default,true,0,https://thanosvibs.money/images-thumbnails/portraits/md/polaris.png,/mff-assets/uniforms/polaris.webp,Blast,Hero,Female,Mutant,"{""Energy Projection"",""Fast Movement"",""Energy"",""Instinct:Order"",""Source:Comic"",""Tier-4"",""Tier-3""}",https://thanosvibs.money/api/characters/polaris/skills
polaris1,polaris,Uncanny X-Men,false,1,https://thanosvibs.money/images-thumbnails/portraits/md/polaris1.png,/mff-assets/uniforms/polaris1.webp,Blast,Villain,Female,Mutant,"{""Energy Projection"",""Fast Movement"",""Energy"",""Instinct:Order"",""Source:Comic"",""Tier-4"",""Tier-3""}",https://thanosvibs.money/api/characters/polaris1/skills
professorx,professorx,Default,true,0,https://thanosvibs.money/images-thumbnails/portraits/md/professorx.png,/mff-assets/uniforms/professorx.webp,Blast,Hero,Male,Mutant,"{""Leadership"",""Mind"",""Mind Resist"",""Energy"",""Instinct:Order"",""Source:Comic"",""Tier-4"",""Tier-3""}",https://thanosvibs.money/api/characters/professorx/skills
professorx1,professorx,Classic,false,1,https://thanosvibs.money/images-thumbnails/portraits/md/professorx1.png,/mff-assets/uniforms/professorx1.webp,Blast,Hero,Male,Mutant,"{""Leadership"",""Mind"",""Mind Resist"",""Energy"",""Instinct:Order"",""Source:Comic"",""Tier-4"",""Tier-3""}",https://thanosvibs.money/api/characters/professorx1/skills
professorx2,professorx,Quiet Council,false,2,https://thanosvibs.money/images-thumbnails/portraits/md/professorx2.png,/mff-assets/uniforms/professorx2.webp,Blast,Hero,Male,Mutant,"{""Leadership"",""Mind"",""Mind Resist"",""Energy"",""Instinct:Order"",""Source:Comic"",""Tier-4"",""Tier-3""}",https://thanosvibs.money/api/characters/professorx2/skills
proximamidnight,proximamidnight,Default,true,0,https://thanosvibs.money/images-thumbnails/portraits/md/proximamidnight.png,/mff-assets/uniforms/proximamidnight.webp,Universal,Villain,Female,Alien,"{""Agility"",""Fast Movement"",""Black Order"",""Energy"",""Physical"",""Instinct:Destruction"",""Source:Comic"",""Tier-3""}",https://thanosvibs.money/api/characters/proximamidnight/skills
proximamidnight2,proximamidnight,Dark Obsidian Armor,false,1,https://thanosvibs.money/images-thumbnails/portraits/md/proximamidnight2.png,/mff-assets/uniforms/proximamidnight2.webp,Universal,Villain,Female,Alien,"{""Agility"",""Fast Movement"",""Black Order"",""Energy"",""Instinct:Destruction"",""Source:Original"",""Tier-3""}",https://thanosvibs.money/api/characters/proximamidnight2/skills
proximamidnight1,proximamidnight,Marvel Studios' Avengers: Infinity War,false,2,https://thanosvibs.money/images-thumbnails/portraits/md/proximamidnight1.png,/mff-assets/uniforms/proximamidnight1.webp,Universal,Villain,Female,Alien,"{""Agility"",""Fast Movement"",""Black Order"",""Energy"",""Physical"",""Instinct:Destruction"",""Source:Mcu"",""Tier-3""}",https://thanosvibs.money/api/characters/proximamidnight1/skills
psylocke,psylocke,Default,true,0,https://thanosvibs.money/images-thumbnails/portraits/md/psylocke.png,/mff-assets/uniforms/psylocke.webp,Blast,Hero,Female,Mutant,"{""Agility"",""Mind"",""Energy"",""Instinct:Order"",""Source:Comic"",""Tier-4"",""Transcended""}",https://thanosvibs.money/api/characters/psylocke/skills
psylocke2,psylocke,Disassembled,false,1,https://thanosvibs.money/images-thumbnails/portraits/md/psylocke2.png,/mff-assets/uniforms/psylocke2.webp,Blast,Hero,Female,Mutant,"{""Agility"",""Mind"",""Energy"",""Instinct:Order"",""Source:Comic"",""Tier-4"",""Transcended""}",https://thanosvibs.money/api/characters/psylocke2/skills
psylocke3,psylocke,Hellfire Gala,false,2,https://thanosvibs.money/images-thumbnails/portraits/md/psylocke3.png,/mff-assets/uniforms/psylocke3.webp,Blast,Hero,Female,Mutant,"{""Agility"",""Mind"",""Energy"",""Instinct:Order"",""Source:Comic"",""Tier-4"",""Transcended"",""Alias:Captain Britain""}",https://thanosvibs.money/api/characters/psylocke3/skills
psylocke4,psylocke,Summer Vacation,false,3,https://thanosvibs.money/images-thumbnails/portraits/md/psylocke4.png,/mff-assets/uniforms/psylocke4.webp,Blast,Hero,Female,Mutant,"{""Agility"",""Mind"",""Energy"",""Instinct:Order"",""Source:Original"",""Tier-4"",""Transcended""}",https://thanosvibs.money/api/characters/psylocke4/skills
punisher,punisher,Default,true,0,https://thanosvibs.money/images-thumbnails/portraits/md/punisher.png,/mff-assets/uniforms/punisher.webp,Combat,Hero,Male,Human,"{""Leadership"",""Weapons Master"",""Physical"",""Instinct:Justice"",""Source:Comic"",""Tier-4"",""Tier-3""}",https://thanosvibs.money/api/characters/punisher/skills
punisher5,punisher,Cosmic Ghost Rider,false,1,https://thanosvibs.money/images-thumbnails/portraits/md/punisher5.png,/mff-assets/uniforms/punisher5.webp,Universal,Villain,Male,Human,"{""Power Cosmic"",""Flame"",""Physical"",""Fire"",""Energy"",""Instinct:Justice"",""Source:Comic"",""Tier-4"",""Tier-3""}",https://thanosvibs.money/api/characters/punisher5/skills
punisher6,punisher,Fist of the Beast,false,2,https://thanosvibs.money/images-thumbnails/portraits/md/punisher6.png,/mff-assets/uniforms/punisher6.webp,Combat,Hero,Male,Human,"{""Leadership"",""Weapons Master"",""Physical"",""Instinct:Justice"",""Source:Comic"",""Tier-4"",""Tier-3""}",https://thanosvibs.money/api/characters/punisher6/skills
punisher4,punisher,Marvel Legacy,false,3,https://thanosvibs.money/images-thumbnails/portraits/md/punisher4.png,/mff-assets/uniforms/punisher4.webp,Combat,Hero,Male,Human,"{""Leadership"",""Weapons Master"",""Machine"",""Energy"",""Physical"",""Instinct:Justice"",""Source:Comic"",""Tier-4"",""Tier-3""}",https://thanosvibs.money/api/characters/punisher4/skills
punisher3,punisher,Marvel Studios' Daredevil,false,4,https://thanosvibs.money/images-thumbnails/portraits/md/punisher3.png,/mff-assets/uniforms/punisher3.webp,Combat,Hero,Male,Human,"{""Leadership"",""Weapons Master"",""Physical"",""Instinct:Justice"",""Source:Tv"",""Tier-4"",""Tier-3""}",https://thanosvibs.money/api/characters/punisher3/skills
punisher7,punisher,Marvel Television's Daredevil: Born Again,false,5,https://thanosvibs.money/images-thumbnails/portraits/md/punisher7.png,/mff-assets/uniforms/punisher7.webp,Combat,Hero,Male,Human,"{""Leadership"",""Weapons Master"",""Physical"",""Instinct:Justice"",""Source:Mcu"",""Tier-4"",""Tier-3""}",https://thanosvibs.money/api/characters/punisher7/skills
punisher1,punisher,Noir,false,6,https://thanosvibs.money/images-thumbnails/portraits/md/punisher1.png,/mff-assets/uniforms/punisher1.webp,Combat,Hero,Male,Human,"{""Leadership"",""Weapons Master"",""Physical"",""Instinct:Justice"",""Source:Comic"",""Tier-4"",""Tier-3""}",https://thanosvibs.money/api/characters/punisher1/skills
punisher2,punisher,War Journal,false,7,https://thanosvibs.money/images-thumbnails/portraits/md/punisher2.png,/mff-assets/uniforms/punisher2.webp,Combat,Hero,Male,Human,"{""Leadership"",""Weapons Master"",""Physical"",""Instinct:Justice"",""Source:Comic"",""Tier-4"",""Tier-3""}",https://thanosvibs.money/api/characters/punisher2/skills
quasar,quasaravrilkincaid,Default,true,0,https://thanosvibs.money/images-thumbnails/portraits/md/quasar.png,/mff-assets/uniforms/quasar.webp,Universal,Hero,Female,Human,"{""Heightened Senses"",""Energy Projection"",""Physical"",""Energy"",""Instinct:Justice"",""Source:Comic"",""Transcended""}",https://thanosvibs.money/api/characters/quasar/skills
quasar1,quasaravrilkincaid,Classic,false,1,https://thanosvibs.money/images-thumbnails/portraits/md/quasar1.png,/mff-assets/uniforms/quasar1.webp,Universal,Hero,Female,Human,"{""Heightened Senses"",""Energy Projection"",""Energy"",""Instinct:Justice"",""Source:Comic"",""Transcended""}",https://thanosvibs.money/api/characters/quasar1/skills
wendellvaughn,quasarwendellvaughn,Default,true,0,https://thanosvibs.money/images-thumbnails/portraits/md/wendellvaughn.png,/mff-assets/uniforms/wendellvaughn.webp,Universal,Hero,Male,Human,"{""Energy Projection"",""Fast Movement"",""Annihilators"",""Energy"",""Instinct:Justice"",""Source:Comic"",""Transcended""}",https://thanosvibs.money/api/characters/wendellvaughn/skills
quicksilver,quicksilver,Default,true,0,https://thanosvibs.money/images-thumbnails/portraits/md/quicksilver.png,/mff-assets/uniforms/quicksilver.webp,Speed,Hero,Male,Human,"{""Fast Movement"",""Agility"",""Physical"",""Instinct:Justice"",""Source:Comic"",""Tier-4"",""Tier-3""}",https://thanosvibs.money/api/characters/quicksilver/skills
quicksilver1,quicksilver,Marvel Legacy,false,1,https://thanosvibs.money/images-thumbnails/portraits/md/quicksilver1.png,/mff-assets/uniforms/quicksilver1.webp,Speed,Hero,Male,Human,"{""Fast Movement"",""Agility"",""Physical"",""Instinct:Justice"",""Source:Comic"",""Tier-4"",""Tier-3""}",https://thanosvibs.money/api/characters/quicksilver1/skills
quicksilver4,quicksilver,Mighty Avengers,false,2,https://thanosvibs.money/images-thumbnails/portraits/md/quicksilver4.png,/mff-assets/uniforms/quicksilver4.webp,Speed,Hero,Male,Human,"{""Fast Movement"",""Agility"",""Physical"",""Instinct:Justice"",""Source:Comic"",""Tier-4"",""Tier-3""}",https://thanosvibs.money/api/characters/quicksilver4/skills
quicksilver3,quicksilver,Summer Days,false,3,https://thanosvibs.money/images-thumbnails/portraits/md/quicksilver3.png,/mff-assets/uniforms/quicksilver3.webp,Speed,Hero,Male,Human,"{""Fast Movement"",""Agility"",""Physical"",""Instinct:Justice"",""Source:Original"",""Tier-4"",""Tier-3""}",https://thanosvibs.money/api/characters/quicksilver3/skills
quicksilver2,quicksilver,Uncanny Avengers,false,4,https://thanosvibs.money/images-thumbnails/portraits/md/quicksilver2.png,/mff-assets/uniforms/quicksilver2.webp,Speed,Hero,Male,Human,"{""Fast Movement"",""Agility"",""Physical"",""Instinct:Justice"",""Source:Comic"",""Tier-4"",""Tier-3""}",https://thanosvibs.money/api/characters/quicksilver2/skills
rachelsummers,rachelsummers,Default,true,0,https://thanosvibs.money/images-thumbnails/portraits/md/rachelsummers.png,/mff-assets/uniforms/rachelsummers.webp,Blast,Hero,Female,Mutant,"{""Phoenix Force"",""Fast Movement"",""Energy"",""Fire"",""Instinct:Order"",""Source:Comic"",""Transcended""}",https://thanosvibs.money/api/characters/rachelsummers/skills
rachelsummers1,rachelsummers,X-Men: Days of Future Past,false,1,https://thanosvibs.money/images-thumbnails/portraits/md/rachelsummers1.png,/mff-assets/uniforms/rachelsummers1.webp,Universal,Hero,Female,Mutant,"{""Phoenix Force"",""Fast Movement"",""Energy"",""Fire"",""Instinct:Order"",""Source:Comic"",""Transcended""}",https://thanosvibs.money/api/characters/rachelsummers1/skills
redguardian,redguardian,Default,true,0,https://thanosvibs.money/images-thumbnails/portraits/md/redguardian.png,/mff-assets/uniforms/redguardian.webp,Combat,Villain,Male,Human,"{""Strong"",""Agility"",""Physical"",""Lightning"",""Instinct:Cruelty"",""Source:Comic"",""Tier-4"",""Transcended""}",https://thanosvibs.money/api/characters/redguardian/skills
redguardian1,redguardian,Marvel Studios' Black Widow,false,1,https://thanosvibs.money/images-thumbnails/portraits/md/redguardian1.png,/mff-assets/uniforms/redguardian1.webp,Combat,Hero,Male,Human,"{""Strong"",""Agility"",""Physical"",""Lightning"",""Instinct:Cruelty"",""Source:Mcu"",""Tier-4"",""Transcended""}",https://thanosvibs.money/api/characters/redguardian1/skills
redguardian2,redguardian,Marvel Studios' Thunderbolts*,false,2,https://thanosvibs.money/images-thumbnails/portraits/md/redguardian2.png,/mff-assets/uniforms/redguardian2.webp,Combat,Hero,Male,Human,"{""Strong"",""Agility"",""Thunderbolts"",""Physical"",""Lightning"",""Instinct:Cruelty"",""Source:Mcu"",""Tier-4"",""Transcended""}",https://thanosvibs.money/api/characters/redguardian2/skills
redhulk,redhulk,Default,true,0,https://thanosvibs.money/images-thumbnails/portraits/md/redhulk.png,/mff-assets/uniforms/redhulk.webp,Combat,Villain,Male,Human,"{""Flame"",""Gamma Radiation"",""Physical"",""Fire"",""Instinct:Cruelty"",""Source:Comic"",""Transcended""}",https://thanosvibs.money/api/characters/redhulk/skills
redhulk1,redhulk,Marvel NOW!,false,1,https://thanosvibs.money/images-thumbnails/portraits/md/redhulk1.png,/mff-assets/uniforms/redhulk1.webp,Combat,Hero,Male,Human,"{""Flame"",""Gamma Radiation"",""Physical"",""Fire"",""Instinct:Cruelty"",""Source:Comic"",""Transcended""}",https://thanosvibs.money/api/characters/redhulk1/skills
redhulk3,redhulk,Marvel Studios' Captain America: Brave New World,false,2,https://thanosvibs.money/images-thumbnails/portraits/md/redhulk3.png,/mff-assets/uniforms/redhulk3.webp,Combat,Villain,Male,Human,"{""Flame"",""Gamma Radiation"",""Durability"",""Physical"",""Fire"",""Instinct:Cruelty"",""Source:Mcu"",""Transcended""}",https://thanosvibs.money/api/characters/redhulk3/skills
redhulk2,redhulk,Symbiote of Vengeance,false,3,https://thanosvibs.money/images-thumbnails/portraits/md/redhulk2.png,/mff-assets/uniforms/redhulk2.webp,Combat,Hero,Male,Human,"{""Flame"",""Gamma Radiation"",""Symbiote"",""Physical"",""Fire"",""Instinct:Cruelty"",""Source:Comic"",""Transcended""}",https://thanosvibs.money/api/characters/redhulk2/skills
redshehulk,redshehulk,Default,true,0,https://thanosvibs.money/images-thumbnails/portraits/md/redshehulk.png,/mff-assets/uniforms/redshehulk.webp,Combat,Hero,Female,Human,"{""Gamma Radiation"",""Durability"",""Flame"",""Physical"",""Fire"",""Instinct:Justice"",""Source:Comic"",""Transcended""}",https://thanosvibs.money/api/characters/redshehulk/skills
redskull,redskull,Default,true,0,https://thanosvibs.money/images-thumbnails/portraits/md/redskull.png,/mff-assets/uniforms/redskull.webp,Blast,Villain,Male,Human,"{""Pure Evil"",""Command"",""Physical"",""Energy"",""Instinct:Cruelty"",""Source:Mcu"",""Transcended""}",https://thanosvibs.money/api/characters/redskull/skills
redskull2,redskull,Hydra Armor,false,1,https://thanosvibs.money/images-thumbnails/portraits/md/redskull2.png,/mff-assets/uniforms/redskull2.webp,Blast,Villain,Male,Human,"{""Pure Evil"",""Command"",""Cosmic Cube"",""Physical"",""Energy"",""Instinct:Cruelty"",""Source:Comic"",""Transcended""}",https://thanosvibs.money/api/characters/redskull2/skills
redskull1,redskull,Secret Wars: Red Skull,false,2,https://thanosvibs.money/images-thumbnails/portraits/md/redskull1.png,/mff-assets/uniforms/redskull1.webp,Speed,Villain,Male,Human,"{""Pure Evil"",""Command"",""Physical"",""Energy"",""Instinct:Cruelty"",""Source:Comic"",""Transcended""}",https://thanosvibs.money/api/characters/redskull1/skills
rescue,rescue,Default,true,0,https://thanosvibs.money/images-thumbnails/portraits/md/rescue.png,/mff-assets/uniforms/rescue.webp,Blast,Hero,Female,Human,"{""Machine"",""Leadership"",""Energy"",""Instinct:Justice"",""Source:Mcu"",""Transcended""}",https://thanosvibs.money/api/characters/rescue/skills
rescue1,rescue,3099,false,1,https://thanosvibs.money/images-thumbnails/portraits/md/rescue1.png,/mff-assets/uniforms/rescue1.webp,Blast,Hero,Female,Human,"{""Machine"",""Leadership"",""Energy"",""Instinct:Justice"",""Source:Original"",""Transcended""}",https://thanosvibs.money/api/characters/rescue1/skills
rescue2,rescue,Invincible Iron Man,false,2,https://thanosvibs.money/images-thumbnails/portraits/md/rescue2.png,/mff-assets/uniforms/rescue2.webp,Blast,Hero,Female,Human,"{""Machine"",""Leadership"",""Energy"",""Instinct:Justice"",""Source:Comic"",""Transcended""}",https://thanosvibs.money/api/characters/rescue2/skills
rhino,rhino,Default,true,0,https://thanosvibs.money/images-thumbnails/portraits/md/rhino.png,/mff-assets/uniforms/rhino.webp,Combat,Villain,Male,Human,"{""Strong"",""Durability"",""Sinister Six"",""Physical"",""Instinct:Cruelty"",""Source:Comic"",""Transcended"",""Tier-4""}",https://thanosvibs.money/api/characters/rhino/skills
rhino1,rhino,Uncanny Spider-Man,false,1,https://thanosvibs.money/images-thumbnails/portraits/md/rhino1.png,/mff-assets/uniforms/rhino1.webp,Combat,Villain,Male,Human,"{""Strong"",""Durability"",""Sinister Six"",""Instinct:Cruelty"",""Source:Comic"",""Tier-4"",""Transcended""}",https://thanosvibs.money/api/characters/rhino1/skills
rocketraccoon,rocketraccoon,Default,true,0,https://thanosvibs.money/images-thumbnails/portraits/md/rocketraccoon.png,/mff-assets/uniforms/rocketraccoon.webp,Blast,Hero,Male,Alien,"{""Weapons Master"",""Physical"",""Energy"",""Instinct:Order"",""Source:Mcu"",""Tier-3""}",https://thanosvibs.money/api/characters/rocketraccoon/skills
rocketraccoon1,rocketraccoon,"All-New, All-Different",false,1,https://thanosvibs.money/images-thumbnails/portraits/md/rocketraccoon1.png,/mff-assets/uniforms/rocketraccoon1.webp,Blast,Hero,Male,Alien,"{""Weapons Master"",""Physical"",""Energy"",""Instinct:Order"",""Source:Comic"",""Tier-3""}",https://thanosvibs.money/api/characters/rocketraccoon1/skills
rocketraccoon2,rocketraccoon,Guardians of the Galaxy 2,false,2,https://thanosvibs.money/images-thumbnails/portraits/md/rocketraccoon2.png,/mff-assets/uniforms/rocketraccoon2.webp,Blast,Hero,Male,Alien,"{""Weapons Master"",""Physical"",""Energy"",""Instinct:Order"",""Source:Mcu"",""Tier-3""}",https://thanosvibs.money/api/characters/rocketraccoon2/skills
rocketraccoon4,rocketraccoon,Marvel Studios' Avengers: Endgame,false,3,https://thanosvibs.money/images-thumbnails/portraits/md/rocketraccoon4.png,/mff-assets/uniforms/rocketraccoon4.webp,Blast,Hero,Male,Alien,"{""Weapons Master"",""Physical"",""Energy"",""Instinct:Order"",""Source:Mcu"",""Tier-3""}",https://thanosvibs.money/api/characters/rocketraccoon4/skills
rocketraccoon3,rocketraccoon,Marvel Studios' Avengers: Infinity War,false,4,https://thanosvibs.money/images-thumbnails/portraits/md/rocketraccoon3.png,/mff-assets/uniforms/rocketraccoon3.webp,Blast,Hero,Male,Alien,"{""Weapons Master"",""Physical"",""Energy"",""Instinct:Order"",""Source:Mcu"",""Tier-3""}",https://thanosvibs.money/api/characters/rocketraccoon3/skills
rocketraccoon6,rocketraccoon,Marvel Studios' Guardians of the Galaxy 3,false,5,https://thanosvibs.money/images-thumbnails/portraits/md/rocketraccoon6.png,/mff-assets/uniforms/rocketraccoon6.webp,Blast,Hero,Male,Alien,"{""Weapons Master"",""Guardians of the Galaxy"",""Energy"",""Instinct:Order"",""Source:Mcu"",""Tier-3""}",https://thanosvibs.money/api/characters/rocketraccoon6/skills
rocketraccoon5,rocketraccoon,Team Suit,false,6,https://thanosvibs.money/images-thumbnails/portraits/md/rocketraccoon5.png,/mff-assets/uniforms/rocketraccoon5.webp,Blast,Hero,Male,Alien,"{""Weapons Master"",""Physical"",""Energy"",""Instinct:Order"",""Source:Mcu"",""Tier-3""}",https://thanosvibs.money/api/characters/rocketraccoon5/skills
rogue,rogue,Default,true,0,https://thanosvibs.money/images-thumbnails/portraits/md/rogue.png,/mff-assets/uniforms/rogue.webp,Speed,Hero,Female,Mutant,"{""Healing"",""Fast Movement"",""Physical"",""Energy"",""Lightning"",""Instinct:Order"",""Source:Comic"",""Tier-4"",""Tier-3""}",https://thanosvibs.money/api/characters/rogue/skills
rogue1,rogue,Age of Apocalypse,false,1,https://thanosvibs.money/images-thumbnails/portraits/md/rogue1.png,/mff-assets/uniforms/rogue1.webp,Speed,Hero,Female,Mutant,"{""Healing"",""Fast Movement"",""Physical"",""Energy"",""Lightning"",""Instinct:Order"",""Source:Comic"",""Tier-4"",""Tier-3""}",https://thanosvibs.money/api/characters/rogue1/skills
rogue3,rogue,Excalibur,false,2,https://thanosvibs.money/images-thumbnails/portraits/md/rogue3.png,/mff-assets/uniforms/rogue3.webp,Speed,Hero,Female,Mutant,"{""Healing"",""Fast Movement"",""Physical"",""Mind"",""Lightning"",""Instinct:Order"",""Source:Comic"",""Tier-4"",""Tier-3""}",https://thanosvibs.money/api/characters/rogue3/skills
rogue2,rogue,Uncanny Avengers,false,3,https://thanosvibs.money/images-thumbnails/portraits/md/rogue2.png,/mff-assets/uniforms/rogue2.webp,Speed,Hero,Female,Mutant,"{""Healing"",""Fast Movement"",""Physical"",""Cold"",""Lightning"",""Instinct:Order"",""Source:Comic"",""Tier-4"",""Tier-3""}",https://thanosvibs.money/api/characters/rogue2/skills
rogue4,rogue,Winter Ops,false,4,https://thanosvibs.money/images-thumbnails/portraits/md/rogue4.png,/mff-assets/uniforms/rogue4.webp,Speed,Hero,Female,Mutant,"{""Healing"",""Fast Movement"",""Physical"",""Mind"",""Cold"",""Lightning"",""Instinct:Order"",""Source:Original"",""Tier-4"",""Tier-3""}",https://thanosvibs.money/api/characters/rogue4/skills
ronan,ronan,Default,true,0,https://thanosvibs.money/images-thumbnails/portraits/md/ronan.png,/mff-assets/uniforms/ronan.webp,Universal,Villain,Male,Alien,"{""Mind Resist"",""Command"",""Annihilators"",""Physical"",""Energy"",""Mind"",""Instinct:Destruction"",""Source:Mcu"",""Tier-3""}",https://thanosvibs.money/api/characters/ronan/skills
ronan1,ronan,Annihilation,false,1,https://thanosvibs.money/images-thumbnails/portraits/md/ronan1.png,/mff-assets/uniforms/ronan1.webp,Universal,Villain,Male,Alien,"{""Mind Resist"",""Command"",""Annihilators"",""Physical"",""Energy"",""Mind"",""Instinct:Destruction"",""Source:Comic"",""Tier-3""}",https://thanosvibs.money/api/characters/ronan1/skills
ronan3,ronan,Annihilators,false,2,https://thanosvibs.money/images-thumbnails/portraits/md/ronan3.png,/mff-assets/uniforms/ronan3.webp,Universal,Hero,Male,Alien,"{""Mind Resist"",""Command"",""Annihilators"",""Energy"",""Instinct:Destruction"",""Source:Comic"",""Tier-3""}",https://thanosvibs.money/api/characters/ronan3/skills
ronan2,ronan,Marvel Studios' Captain Marvel,false,3,https://thanosvibs.money/images-thumbnails/portraits/md/ronan2.png,/mff-assets/uniforms/ronan2.webp,Universal,Villain,Male,Alien,"{""Mind Resist"",""Command"",""Annihilators"",""Physical"",""Energy"",""Mind"",""Instinct:Destruction"",""Source:Mcu"",""Tier-3""}",https://thanosvibs.money/api/characters/ronan2/skills
sabretooth,sabretooth,Default,true,0,https://thanosvibs.money/images-thumbnails/portraits/md/sabretooth.png,/mff-assets/uniforms/sabretooth.webp,Combat,Villain,Male,Mutant,"{""Pure Evil"",""Agility"",""Physical"",""Instinct:Destruction"",""Source:Comic"",""Tier-3""}",https://thanosvibs.money/api/characters/sabretooth/skills
sabretooth2,sabretooth,Ultimate,false,1,https://thanosvibs.money/images-thumbnails/portraits/md/sabretooth2.png,/mff-assets/uniforms/sabretooth2.webp,Combat,Villain,Male,Mutant,"{""Pure Evil"",""Agility"",""Physical"",""Instinct:Destruction"",""Source:Comic"",""Tier-3""}",https://thanosvibs.money/api/characters/sabretooth2/skills
sabretooth1,sabretooth,Uncanny Avengers,false,2,https://thanosvibs.money/images-thumbnails/portraits/md/sabretooth1.png,/mff-assets/uniforms/sabretooth1.webp,Combat,Villain,Male,Mutant,"{""Pure Evil"",""Agility"",""Physical"",""Instinct:Destruction"",""Source:Comic"",""Tier-3""}",https://thanosvibs.money/api/characters/sabretooth1/skills
sandman,sandman,Default,true,0,https://thanosvibs.money/images-thumbnails/portraits/md/sandman.png,/mff-assets/uniforms/sandman.webp,Combat,Villain,Male,Human,"{""Durability"",""Sinister Six"",""Physical"",""Energy"",""Lightning"",""Mind"",""Instinct:Cruelty"",""Source:Comic"",""Tier-4"",""Transcended""}",https://thanosvibs.money/api/characters/sandman/skills
sandman1,sandman,Beach Fortress,false,1,https://thanosvibs.money/images-thumbnails/portraits/md/sandman1.png,/mff-assets/uniforms/sandman1.webp,Combat,Villain,Male,Human,"{""Durability"",""Sinister Six"",""Physical"",""Lightning"",""Mind"",""Instinct:Cruelty"",""Source:Original"",""Tier-4"",""Transcended""}",https://thanosvibs.money/api/characters/sandman1/skills
satana,satana,Default,true,0,https://thanosvibs.money/images-thumbnails/portraits/md/satana.png,/mff-assets/uniforms/satana.webp,Universal,Hero,Female,Human,"{""Magic"",""Flame"",""Energy"",""Fire"",""Instinct:Justice"",""Source:Comic"",""Transcended""}",https://thanosvibs.money/api/characters/satana/skills
satana2,satana,Ascended One,false,1,https://thanosvibs.money/images-thumbnails/portraits/md/satana2.png,/mff-assets/uniforms/satana2.webp,Universal,Hero,Female,Human,"{""Magic"",""Flame"",""Energy"",""Fire"",""Instinct:Justice"",""Source:Original"",""Transcended""}",https://thanosvibs.money/api/characters/satana2/skills
satana1,satana,Marvel Legacy,false,2,https://thanosvibs.money/images-thumbnails/portraits/md/satana1.png,/mff-assets/uniforms/satana1.webp,Universal,Hero,Female,Human,"{""Magic"",""Flame"",""Energy"",""Fire"",""Instinct:Justice"",""Source:Comic"",""Transcended""}",https://thanosvibs.money/api/characters/satana1/skills
scarletspider,scarletspider,Default,true,0,https://thanosvibs.money/images-thumbnails/portraits/md/scarletspider.png,/mff-assets/uniforms/scarletspider.webp,Speed,Hero,Male,Human,"{""Spider-Sense"",""Leadership"",""Agility"",""Physical"",""Fire"",""Instinct:Justice"",""Source:Comic"",""Tier-4"",""Tier-3""}",https://thanosvibs.money/api/characters/scarletspider/skills
scarletspider1,scarletspider,Dark Web,false,1,https://thanosvibs.money/images-thumbnails/portraits/md/scarletspider1.png,/mff-assets/uniforms/scarletspider1.webp,Speed,Villain,Male,Human,"{""Spider-Sense"",""Leadership"",""Agility"",""Physical"",""Instinct:Justice"",""Source:Comic"",""Tier-4"",""Tier-3"",""Alias:Chasm""}",https://thanosvibs.money/api/characters/scarletspider1/skills
scarletspider2,scarletspider,Gift Deliverer,false,2,https://thanosvibs.money/images-thumbnails/portraits/md/scarletspider2.png,/mff-assets/uniforms/scarletspider2.webp,Speed,Hero,Male,Human,"{""Spider-Sense"",""Leadership"",""Agility"",""Physical"",""Instinct:Justice"",""Source:Original"",""Tier-4"",""Tier-3""}",https://thanosvibs.money/api/characters/scarletspider2/skills
scarletwitch,scarletwitch,Default,true,0,https://thanosvibs.money/images-thumbnails/portraits/md/scarletwitch.png,/mff-assets/uniforms/scarletwitch.webp,Blast,Hero,Female,Human,"{""Chaos Magic"",""Fast Movement"",""Energy"",""Mind"",""Instinct:Justice"",""Source:Comic"",""Tier-4"",""Tier-3""}",https://thanosvibs.money/api/characters/scarletwitch/skills
scarletwitch3,scarletwitch,"All-New, All-Different",false,1,https://thanosvibs.money/images-thumbnails/portraits/md/scarletwitch3.png,/mff-assets/uniforms/scarletwitch3.webp,Blast,Hero,Female,Human,"{""Chaos Magic"",""Fast Movement"",""Energy"",""Mind"",""Instinct:Justice"",""Source:Comic"",""Tier-4"",""Tier-3""}",https://thanosvibs.money/api/characters/scarletwitch3/skills
scarletwitch7,scarletwitch,Marvel Animation's Marvel Zombies,false,2,https://thanosvibs.money/images-thumbnails/portraits/md/scarletwitch7.png,/mff-assets/uniforms/scarletwitch7.webp,Universal,Villain,Female,Human,"{""Chaos Magic"",""Fast Movement"",""Zombie"",""Energy"",""Mind"",""Instinct:Justice"",""Source:Animation"",""Tier-4"",""Tier-3""}",https://thanosvibs.money/api/characters/scarletwitch7/skills
scarletwitch1,scarletwitch,Marvel Studios' Avengers: Infinity War,false,3,https://thanosvibs.money/images-thumbnails/portraits/md/scarletwitch1.png,/mff-assets/uniforms/scarletwitch1.webp,Blast,Hero,Female,Human,"{""Chaos Magic"",""Fast Movement"",""Energy"",""Mind"",""Instinct:Justice"",""Source:Mcu"",""Tier-4"",""Tier-3""}",https://thanosvibs.money/api/characters/scarletwitch1/skills
scarletwitch5,scarletwitch,Marvel Studios' Doctor Strange 2,false,4,https://thanosvibs.money/images-thumbnails/portraits/md/scarletwitch5.png,/mff-assets/uniforms/scarletwitch5.webp,Universal,Hero,Female,Human,"{""Chaos Magic"",""Fast Movement"",""Energy"",""Mind"",""Instinct:Justice"",""Source:Mcu"",""Tier-4"",""Tier-3""}",https://thanosvibs.money/api/characters/scarletwitch5/skills
scarletwitch4,scarletwitch,Marvel Studios' WandaVision,false,5,https://thanosvibs.money/images-thumbnails/portraits/md/scarletwitch4.png,/mff-assets/uniforms/scarletwitch4.webp,Universal,Hero,Female,Human,"{""Chaos Magic"",""Fast Movement"",""Energy"",""Mind"",""Instinct:Justice"",""Source:Mcu"",""Tier-4"",""Tier-3""}",https://thanosvibs.money/api/characters/scarletwitch4/skills
scarletwitch6,scarletwitch,Scarlet Witch,false,6,https://thanosvibs.money/images-thumbnails/portraits/md/scarletwitch6.png,/mff-assets/uniforms/scarletwitch6.webp,Universal,Hero,Female,Human,"{""Chaos Magic"",""Fast Movement"",""Energy"",""Mind"",""Instinct:Justice"",""Source:Comic"",""Tier-4"",""Tier-3""}",https://thanosvibs.money/api/characters/scarletwitch6/skills
scarletwitch2,scarletwitch,Uncanny Avengers,false,7,https://thanosvibs.money/images-thumbnails/portraits/md/scarletwitch2.png,/mff-assets/uniforms/scarletwitch2.webp,Blast,Hero,Female,Human,"{""Chaos Magic"",""Fast Movement"",""Energy"",""Mind"",""Instinct:Justice"",""Source:Comic"",""Tier-4"",""Tier-3""}",https://thanosvibs.money/api/characters/scarletwitch2/skills
scorpion,scorpion,Default,true,0,https://thanosvibs.money/images-thumbnails/portraits/md/scorpion.png,/mff-assets/uniforms/scorpion.webp,Speed,Villain,Male,Human,"{""Pure Evil"",""Durability"",""Poison"",""Physical"",""Instinct:Cruelty"",""Source:Comic"",""Transcended"",""Tier-4""}",https://thanosvibs.money/api/characters/scorpion/skills
scorpion1,scorpion,Marvel Studios' Spider-Man: Brand New Day,false,1,https://thanosvibs.money/images-thumbnails/portraits/md/scorpion1.png,/mff-assets/uniforms/scorpion1.webp,Speed,Villain,Male,Human,"{""Pure Evil"",""Durability"",""Poison"",""Instinct:Cruelty"",""Source:Mcu"",""Tier-4"",""Transcended""}",https://thanosvibs.money/api/characters/scorpion1/skills
scream,scream,Default,true,0,https://thanosvibs.money/images-thumbnails/portraits/md/scream.png,/mff-assets/uniforms/scream.webp,Combat,Villain,Female,Human,"{""Strong"",""Pure Evil"",""Symbiote"",""Physical"",""Instinct:Cruelty"",""Source:Comic"",""Transcended""}",https://thanosvibs.money/api/characters/scream/skills
scream1,scream,Silence,false,1,https://thanosvibs.money/images-thumbnails/portraits/md/scream1.png,/mff-assets/uniforms/scream1.webp,Combat,Hero,Female,Human,"{""Strong"",""Leadership"",""Symbiote"",""Physical"",""Instinct:Cruelty"",""Source:Comic"",""Transcended""}",https://thanosvibs.money/api/characters/scream1/skills
sentinel,sentinel,Default,true,0,https://thanosvibs.money/images-thumbnails/portraits/md/sentinel.png,/mff-assets/uniforms/sentinel.webp,Universal,Villain,Neutral,Other,"{""Machine"",""Pure Evil"",""Physical"",""Energy"",""Lightning"",""Instinct:Destruction"",""Source:Comic"",""Tier-4"",""Tier-3""}",https://thanosvibs.money/api/characters/sentinel/skills
sentinel1,sentinel,Nimrod The Lesser,false,1,https://thanosvibs.money/images-thumbnails/portraits/md/sentinel1.png,/mff-assets/uniforms/sentinel1.webp,Universal,Villain,Neutral,Other,"{""Machine"",""Pure Evil"",""Energy"",""Instinct:Destruction"",""Source:Comic"",""Tier-4"",""Tier-3""}",https://thanosvibs.money/api/characters/sentinel1/skills
sentinel2,sentinel,Stark Sentinels Mk II,false,2,https://thanosvibs.money/images-thumbnails/portraits/md/sentinel2.png,/mff-assets/uniforms/sentinel2.webp,Universal,Villain,Neutral,Other,"{""Machine"",""Pure Evil"",""Energy"",""Instinct:Destruction"",""Source:Comic"",""Tier-4"",""Tier-3""}",https://thanosvibs.money/api/characters/sentinel2/skills
sentry,sentry,Default,true,0,https://thanosvibs.money/images-thumbnails/portraits/md/sentry.png,/mff-assets/uniforms/sentry.webp,Universal,Hero,Male,Human,"{""Dark Avengers"",""Leadership"",""Energy Projection"",""Energy"",""Instinct:Justice"",""Source:Comic"",""Tier-4"",""Tier-3""}",https://thanosvibs.money/api/characters/sentry/skills
sentry2,sentry,Marvel Studios' Thunderbolts*,false,1,https://thanosvibs.money/images-thumbnails/portraits/md/sentry2.png,/mff-assets/uniforms/sentry2.webp,Universal,Hero,Male,Human,"{""Leadership"",""Energy Projection"",""Energy"",""Instinct:Justice"",""Source:Mcu"",""Tier-4"",""Tier-3""}",https://thanosvibs.money/api/characters/sentry2/skills
sentry1,sentry,Merged,false,2,https://thanosvibs.money/images-thumbnails/portraits/md/sentry1.png,/mff-assets/uniforms/sentry1.webp,Universal,Hero,Male,Human,"{""Dark Avengers"",""Leadership"",""Energy Projection"",""Energy"",""Instinct:Justice"",""Source:Comic"",""Tier-4"",""Tier-3""}",https://thanosvibs.money/api/characters/sentry1/skills
sersi,sersi,Default,true,0,https://thanosvibs.money/images-thumbnails/portraits/md/sersi.png,/mff-assets/uniforms/sersi.webp,Blast,Hero,Female,Alien,"{""Eternals"",""Leadership"",""Magic"",""Energy"",""Instinct:Order"",""Source:Comic"",""Transcended""}",https://thanosvibs.money/api/characters/sersi/skills
sersi1,sersi,Marvel Studios' Eternals,false,1,https://thanosvibs.money/images-thumbnails/portraits/md/sersi1.png,/mff-assets/uniforms/sersi1.webp,Blast,Hero,Female,Alien,"{""Eternals"",""Leadership"",""Magic"",""Energy"",""Instinct:Order"",""Source:Mcu"",""Transcended""}",https://thanosvibs.money/api/characters/sersi1/skills
shadowshell,shadowshell,Default,true,0,https://thanosvibs.money/images-thumbnails/portraits/md/shadowshell.png,/mff-assets/uniforms/shadowshell.webp,Universal,Hero,Female,Human,"{""Warriors of the Sky"",""Agility"",""Poison"",""Physical"",""Instinct:Justice"",""Source:Original"",""Tier-4"",""Transcended""}",https://thanosvibs.money/api/characters/shadowshell/skills
shadowshell1,shadowshell,Moon Temple Defenders,false,1,https://thanosvibs.money/images-thumbnails/portraits/md/shadowshell1.png,/mff-assets/uniforms/shadowshell1.webp,Speed,Hero,Female,Human,"{""Warriors of the Sky"",""Agility"",""Poison"",""Physical"",""Instinct:Justice"",""Source:Original"",""Tier-4"",""Transcended""}",https://thanosvibs.money/api/characters/shadowshell1/skills
shangchi,shangchi,Default,true,0,https://thanosvibs.money/images-thumbnails/portraits/md/shangchi.png,/mff-assets/uniforms/shangchi.webp,Combat,Hero,Male,Human,"{""Agility"",""Leadership"",""Physical"",""Instinct:Justice"",""Source:Comic"",""Tier-4"",""Tier-3""}",https://thanosvibs.money/api/characters/shangchi/skills
shangchi2,shangchi,Marvel Animation's Marvel Zombies,false,1,https://thanosvibs.money/images-thumbnails/portraits/md/shangchi2.png,/mff-assets/uniforms/shangchi2.webp,Combat,Hero,Male,Human,"{""Agility"",""Leadership"",""Physical"",""Instinct:Justice"",""Source:Animation"",""Tier-4"",""Tier-3""}",https://thanosvibs.money/api/characters/shangchi2/skills
shangchi1,shangchi,Marvel Studios' Shang-Chi,false,2,https://thanosvibs.money/images-thumbnails/portraits/md/shangchi1.png,/mff-assets/uniforms/shangchi1.webp,Combat,Hero,Male,Human,"{""Agility"",""Leadership"",""Physical"",""Instinct:Justice"",""Source:Mcu"",""Tier-4"",""Tier-3""}",https://thanosvibs.money/api/characters/shangchi1/skills
shehulk,shehulk,Default,true,0,https://thanosvibs.money/images-thumbnails/portraits/md/shehulk.png,/mff-assets/uniforms/shehulk.webp,Combat,Hero,Female,Human,"{""Gamma Radiation"",""Durability"",""Physical"",""Instinct:Justice"",""Source:Comic"",""Tier-3""}",https://thanosvibs.money/api/characters/shehulk/skills
shehulk1,shehulk,All-New,false,1,https://thanosvibs.money/images-thumbnails/portraits/md/shehulk1.png,/mff-assets/uniforms/shehulk1.webp,Combat,Hero,Female,Human,"{""Gamma Radiation"",""Durability"",""Physical"",""Instinct:Justice"",""Source:Comic"",""Tier-3""}",https://thanosvibs.money/api/characters/shehulk1/skills
shehulk3,shehulk,Avengers,false,2,https://thanosvibs.money/images-thumbnails/portraits/md/shehulk3.png,/mff-assets/uniforms/shehulk3.webp,Combat,Hero,Female,Human,"{""Gamma Radiation"",""Durability"",""Physical"",""Instinct:Justice"",""Source:Comic"",""Tier-3""}",https://thanosvibs.money/api/characters/shehulk3/skills
shehulk2,shehulk,Fantastic Four,false,3,https://thanosvibs.money/images-thumbnails/portraits/md/shehulk2.png,/mff-assets/uniforms/shehulk2.webp,Combat,Hero,Female,Human,"{""Gamma Radiation"",""Durability"",""Fantastic Four"",""Physical"",""Instinct:Justice"",""Source:Comic"",""Tier-3""}",https://thanosvibs.money/api/characters/shehulk2/skills
shehulk4,shehulk,Marvel Studios' She-Hulk: Attorney at Law,false,4,https://thanosvibs.money/images-thumbnails/portraits/md/shehulk4.png,/mff-assets/uniforms/shehulk4.webp,Combat,Hero,Female,Human,"{""Gamma Radiation"",""Durability"",""Physical"",""Instinct:Justice"",""Source:Mcu"",""Tier-3""}",https://thanosvibs.money/api/characters/shehulk4/skills
shuri,shuri,Default,true,0,https://thanosvibs.money/images-thumbnails/portraits/md/shuri.png,/mff-assets/uniforms/shuri.webp,Speed,Hero,Female,Human,"{""Heightened Senses"",""Leadership"",""Physical"",""Instinct:Justice"",""Source:Comic"",""Tier-3""}",https://thanosvibs.money/api/characters/shuri/skills
shuri2,shuri,Black Panther: Wakanda Forever,false,1,https://thanosvibs.money/images-thumbnails/portraits/md/shuri2.png,/mff-assets/uniforms/shuri2.webp,Speed,Hero,Female,Human,"{""Heightened Senses"",""Leadership"",""Physical"",""Instinct:Justice"",""Source:Mcu"",""Tier-3""}",https://thanosvibs.money/api/characters/shuri2/skills
shuri1,shuri,Marvel Studios' Black Panther,false,2,https://thanosvibs.money/images-thumbnails/portraits/md/shuri1.png,/mff-assets/uniforms/shuri1.webp,Speed,Hero,Female,Human,"{""Heightened Senses"",""Leadership"",""Physical"",""Instinct:Justice"",""Source:Mcu"",""Tier-3""}",https://thanosvibs.money/api/characters/shuri1/skills
shuri3,shuri,Marvel Studios' Black Panther: Wakanda Forever,false,3,https://thanosvibs.money/images-thumbnails/portraits/md/shuri3.png,/mff-assets/uniforms/shuri3.webp,Speed,Hero,Female,Human,"{""Heightened Senses"",""Leadership"",""Physical"",""Instinct:Justice"",""Source:Mcu"",""Tier-3"",""Alias:Black Panther""}",https://thanosvibs.money/api/characters/shuri3/skills
sif,sif,Default,true,0,https://thanosvibs.money/images-thumbnails/portraits/md/sif.png,/mff-assets/uniforms/sif.webp,Combat,Hero,Female,Alien,"{""Agility"",""Physical"",""Instinct:Order"",""Source:Tv"",""Transcended""}",https://thanosvibs.money/api/characters/sif/skills
sif2,sif,Asgard Invasion,false,1,https://thanosvibs.money/images-thumbnails/portraits/md/sif2.png,/mff-assets/uniforms/sif2.webp,Combat,Hero,Female,Alien,"{""Agility"",""Physical"",""Instinct:Order"",""Source:Comic"",""Transcended""}",https://thanosvibs.money/api/characters/sif2/skills
sif1,sif,Modern,false,2,https://thanosvibs.money/images-thumbnails/portraits/md/sif1.png,/mff-assets/uniforms/sif1.webp,Combat,Hero,Female,Alien,"{""Agility"",""Physical"",""Energy"",""Instinct:Order"",""Source:Comic"",""Transcended""}",https://thanosvibs.money/api/characters/sif1/skills
silk,silk,Default,true,0,https://thanosvibs.money/images-thumbnails/portraits/md/silk.png,/mff-assets/uniforms/silk.webp,Speed,Hero,Female,Human,"{""Spider-Sense"",""Agility"",""Physical"",""Instinct:Justice"",""Source:Comic"",""Transcended""}",https://thanosvibs.money/api/characters/silk/skills
silk2,silk,Summer Days,false,1,https://thanosvibs.money/images-thumbnails/portraits/md/silk2.png,/mff-assets/uniforms/silk2.webp,Speed,Hero,Female,Human,"{""Spider-Sense"",""Agility"",""Physical"",""Instinct:Justice"",""Source:Original"",""Transcended""}",https://thanosvibs.money/api/characters/silk2/skills
silk1,silk,Web Suit,false,2,https://thanosvibs.money/images-thumbnails/portraits/md/silk1.png,/mff-assets/uniforms/silk1.webp,Speed,Hero,Female,Human,"{""Spider-Sense"",""Agility"",""Physical"",""Instinct:Justice"",""Source:Comic"",""Transcended""}",https://thanosvibs.money/api/characters/silk1/skills
silversamurai,silversamurai,Default,true,0,https://thanosvibs.money/images-thumbnails/portraits/md/silversamurai.png,/mff-assets/uniforms/silversamurai.webp,Combat,Villain,Male,Mutant,"{""Weapons Master"",""Pure Evil"",""Physical"",""Instinct:Destruction"",""Source:Comic"",""Tier-4"",""Tier-3""}",https://thanosvibs.money/api/characters/silversamurai/skills
silversurfer,silversurfer,Default,true,0,https://thanosvibs.money/images-thumbnails/portraits/md/silversurfer.png,/mff-assets/uniforms/silversurfer.webp,Universal,Hero,Male,Alien,"{""Power Cosmic"",""Annihilators"",""Energy"",""Instinct:Order"",""Source:Comic"",""Tier-4"",""Tier-3""}",https://thanosvibs.money/api/characters/silversurfer/skills
silversurfer1,silversurfer,Black,false,1,https://thanosvibs.money/images-thumbnails/portraits/md/silversurfer1.png,/mff-assets/uniforms/silversurfer1.webp,Universal,Hero,Male,Alien,"{""Power Cosmic"",""Annihilators"",""Energy"",""Instinct:Order"",""Source:Comic"",""Tier-4"",""Tier-3""}",https://thanosvibs.money/api/characters/silversurfer1/skills
silversurfer2,silversurfer,Void Knight,false,2,https://thanosvibs.money/images-thumbnails/portraits/md/silversurfer2.png,/mff-assets/uniforms/silversurfer2.webp,Universal,Villain,Male,Alien,"{""Power Cosmic"",""Symbiote"",""Annihilators"",""Energy"",""Instinct:Order"",""Source:Comic"",""Tier-4"",""Tier-3""}",https://thanosvibs.money/api/characters/silversurfer2/skills
shallabal,silversurfershallabal,Default,true,0,https://thanosvibs.money/images-thumbnails/portraits/md/shallabal.png,/mff-assets/uniforms/shallabal.webp,Universal,Villain,Female,Alien,"{""Power Cosmic"",""Energy"",""Instinct:Destruction"",""Source:Mcu"",""Tier-4"",""Tier-3""}",https://thanosvibs.money/api/characters/shallabal/skills
sin,sin,Default,true,0,https://thanosvibs.money/images-thumbnails/portraits/md/sin.png,/mff-assets/uniforms/sin.webp,Speed,Villain,Female,Human,"{""Weapons Master"",""Pure Evil"",""Physical"",""Instinct:Cruelty"",""Source:Comic"",""Tier-3""}",https://thanosvibs.money/api/characters/sin/skills
sin1,sin,Rage Returned,false,1,https://thanosvibs.money/images-thumbnails/portraits/md/sin1.png,/mff-assets/uniforms/sin1.webp,Speed,Villain,Female,Human,"{""Weapons Master"",""Pure Evil"",""Physical"",""Instinct:Cruelty"",""Source:Original"",""Tier-3""}",https://thanosvibs.money/api/characters/sin1/skills
singularity,singularity,Default,true,0,https://thanosvibs.money/images-thumbnails/portraits/md/singularity.png,/mff-assets/uniforms/singularity.webp,Universal,Hero,Female,Alien,"{""Fast Movement"",""Energy Projection"",""Energy"",""Instinct:Order"",""Source:Comic""}",https://thanosvibs.money/api/characters/singularity/skills
sistergrimm,sistergrimm,Default,true,0,https://thanosvibs.money/images-thumbnails/portraits/md/sistergrimm.png,/mff-assets/uniforms/sistergrimm.webp,Blast,Hero,Female,Human,"{""Magic"",""Energy"",""Fire"",""Instinct:Justice"",""Source:Comic"",""Tier-3""}",https://thanosvibs.money/api/characters/sistergrimm/skills
sistergrimm1,sistergrimm,"All-New, All-Different",false,1,https://thanosvibs.money/images-thumbnails/portraits/md/sistergrimm1.png,/mff-assets/uniforms/sistergrimm1.webp,Blast,Hero,Female,Human,"{""Magic"",""Energy"",""Fire"",""Instinct:Justice"",""Source:Comic"",""Tier-3""}",https://thanosvibs.money/api/characters/sistergrimm1/skills
sistergrimm2,sistergrimm,Runaways,false,2,https://thanosvibs.money/images-thumbnails/portraits/md/sistergrimm2.png,/mff-assets/uniforms/sistergrimm2.webp,Blast,Hero,Female,Human,"{""Magic"",""Energy"",""Fire"",""Instinct:Justice"",""Source:Comic"",""Tier-3""}",https://thanosvibs.money/api/characters/sistergrimm2/skills
skurge,skurge,Default,true,0,https://thanosvibs.money/images-thumbnails/portraits/md/skurge.png,/mff-assets/uniforms/skurge.webp,Combat,Villain,Male,Alien,"{""Strong"",""Durability"",""Physical"",""Instinct:Destruction"",""Source:Mcu"",""Transcended""}",https://thanosvibs.money/api/characters/skurge/skills
slapstick,slapstick,Default,true,0,https://thanosvibs.money/images-thumbnails/portraits/md/slapstick.png,/mff-assets/uniforms/slapstick.webp,Universal,Hero,Male,Human,"{""Agility"",""Physical"",""Instinct:Justice"",""Source:Comic"",""Transcended""}",https://thanosvibs.money/api/characters/slapstick/skills
sleeper,sleeper,Default,true,0,https://thanosvibs.money/images-thumbnails/portraits/md/sleeper.png,/mff-assets/uniforms/sleeper.webp,Combat,Hero,Neutral,Alien,"{""Symbiote"",""Healing"",""Leadership"",""Physical"",""Instinct:Order"",""Source:Comic"",""Tier-3""}",https://thanosvibs.money/api/characters/sleeper/skills
songbird,songbird,Default,true,0,https://thanosvibs.money/images-thumbnails/portraits/md/songbird.png,/mff-assets/uniforms/songbird.webp,Blast,Hero,Female,Human,"{""Fast Movement"",""Agent"",""Instinct:Justice"",""Source:Comic""}",https://thanosvibs.money/api/characters/songbird/skills
spectrum,spectrum,Default,true,0,https://thanosvibs.money/images-thumbnails/portraits/md/spectrum.png,/mff-assets/uniforms/spectrum.webp,Blast,Hero,Female,Human,"{""Leadership"",""Energy Projection"",""Energy"",""Lightning"",""Instinct:Justice"",""Source:Comic"",""Transcended""}",https://thanosvibs.money/api/characters/spectrum/skills
spectrum1,spectrum,Marvel Studios' The Marvels,false,1,https://thanosvibs.money/images-thumbnails/portraits/md/spectrum1.png,/mff-assets/uniforms/spectrum1.webp,Blast,Hero,Female,Human,"{""Leadership"",""Energy Projection"",""Energy"",""Instinct:Justice"",""Source:Mcu"",""Transcended"",""Alias:Captain Monica Rambeau""}",https://thanosvibs.money/api/characters/spectrum1/skills
spidergwen,spidergwen,Default,true,0,https://thanosvibs.money/images-thumbnails/portraits/md/spidergwen.png,/mff-assets/uniforms/spidergwen.webp,Speed,Hero,Female,Human,"{""Spider-Sense"",""Agility"",""Leadership"",""Physical"",""Instinct:Justice"",""Source:Comic"",""Tier-4"",""Transcended""}",https://thanosvibs.money/api/characters/spidergwen/skills
spidergwen1,spidergwen,Gwendolyne Stacy,false,1,https://thanosvibs.money/images-thumbnails/portraits/md/spidergwen1.png,/mff-assets/uniforms/spidergwen1.webp,Speed,Hero,Female,Human,"{""Spider-Sense"",""Agility"",""Leadership"",""Physical"",""Instinct:Justice"",""Source:Comic"",""Tier-4"",""Transcended""}",https://thanosvibs.money/api/characters/spidergwen1/skills
spidergwen2,spidergwen,Gwenom,false,2,https://thanosvibs.money/images-thumbnails/portraits/md/spidergwen2.png,/mff-assets/uniforms/spidergwen2.webp,Speed,Villain,Female,Human,"{""Spider-Sense"",""Agility"",""Symbiote"",""Physical"",""Instinct:Justice"",""Source:Comic"",""Tier-4"",""Transcended""}",https://thanosvibs.money/api/characters/spidergwen2/skills
spidergwen3,spidergwen,Spider-Man: Across the Spider-Verse,false,3,https://thanosvibs.money/images-thumbnails/portraits/md/spidergwen3.png,/mff-assets/uniforms/spidergwen3.webp,Speed,Hero,Female,Human,"{""Spider-Sense"",""Agility"",""Leadership"",""Physical"",""Instinct:Justice"",""Source:Sony"",""Tier-4"",""Transcended""}",https://thanosvibs.money/api/characters/spidergwen3/skills
spiderman,spiderman,Default,true,0,https://thanosvibs.money/images-thumbnails/portraits/md/spiderman.png,/mff-assets/uniforms/spiderman.webp,Speed,Hero,Male,Human,"{""Spider-Sense"",""Leadership"",""Agility"",""Physical"",""Instinct:Justice"",""Source:Comic"",""Tier-4"",""Tier-3""}",https://thanosvibs.money/api/characters/spiderman/skills
spiderman2,spiderman,"All-New, All-Different",false,1,https://thanosvibs.money/images-thumbnails/portraits/md/spiderman2.png,/mff-assets/uniforms/spiderman2.webp,Speed,Hero,Male,Human,"{""Spider-Sense"",""Leadership"",""Agility"",""Energy"",""Physical"",""Instinct:Justice"",""Source:Comic"",""Tier-4"",""Tier-3""}",https://thanosvibs.money/api/characters/spiderman2/skills
spiderman10,spiderman,Back to Basics,false,2,https://thanosvibs.money/images-thumbnails/portraits/md/spiderman10.png,/mff-assets/uniforms/spiderman10.webp,Speed,Hero,Male,Human,"{""Spider-Sense"",""Leadership"",""Agility"",""Physical"",""Instinct:Justice"",""Source:Comic"",""Tier-4"",""Tier-3""}",https://thanosvibs.money/api/characters/spiderman10/skills
spiderman5,spiderman,Marvel Studios' Avengers: Infinity War,false,3,https://thanosvibs.money/images-thumbnails/portraits/md/spiderman5.png,/mff-assets/uniforms/spiderman5.webp,Speed,Hero,Male,Human,"{""Spider-Sense"",""Leadership"",""Agility"",""Physical"",""Instinct:Justice"",""Source:Mcu"",""Tier-4"",""Tier-3""}",https://thanosvibs.money/api/characters/spiderman5/skills
spiderman3,spiderman,Marvel Studios' Captain America: Civil War,false,4,https://thanosvibs.money/images-thumbnails/portraits/md/spiderman3.png,/mff-assets/uniforms/spiderman3.webp,Speed,Hero,Male,Human,"{""Spider-Sense"",""Leadership"",""Agility"",""Physical"",""Instinct:Justice"",""Source:Mcu"",""Tier-4"",""Tier-3""}",https://thanosvibs.money/api/characters/spiderman3/skills
spiderman12,spiderman,Marvel Studios' Spider-Man: Brand New Day,false,5,https://thanosvibs.money/images-thumbnails/portraits/md/spiderman12.png,/mff-assets/uniforms/spiderman12.webp,Speed,Hero,Male,Human,"{""Spider-Sense"",""Leadership"",""Symbiote"",""Instinct:Justice"",""Source:Mcu"",""Tier-4"",""Tier-3""}",https://thanosvibs.money/api/characters/spiderman12/skills
spiderman1,spiderman,Secret Wars: Renew Your Vows,false,6,https://thanosvibs.money/images-thumbnails/portraits/md/spiderman1.png,/mff-assets/uniforms/spiderman1.webp,Speed,Hero,Male,Human,"{""Spider-Sense"",""Leadership"",""Agility"",""Physical"",""Instinct:Justice"",""Source:Comic"",""Tier-4"",""Tier-3""}",https://thanosvibs.money/api/characters/spiderman1/skills
spiderman6,spiderman,Spider-Man: Far From Home,false,7,https://thanosvibs.money/images-thumbnails/portraits/md/spiderman6.png,/mff-assets/uniforms/spiderman6.webp,Speed,Hero,Male,Human,"{""Spider-Sense"",""Leadership"",""Agility"",""Physical"",""Lightning"",""Instinct:Justice"",""Source:Mcu"",""Tier-4"",""Tier-3""}",https://thanosvibs.money/api/characters/spiderman6/skills
spiderman7,spiderman,Spider-Man: Far From Home (Stealth Suit),false,8,https://thanosvibs.money/images-thumbnails/portraits/md/spiderman7.png,/mff-assets/uniforms/spiderman7.webp,Speed,Hero,Male,Human,"{""Spider-Sense"",""Leadership"",""Agility"",""Physical"",""Energy"",""Instinct:Justice"",""Source:Mcu"",""Tier-4"",""Tier-3""}",https://thanosvibs.money/api/characters/spiderman7/skills
spiderman4,spiderman,Spider-Man: Homecoming Homemade Suit,false,9,https://thanosvibs.money/images-thumbnails/portraits/md/spiderman4.png,/mff-assets/uniforms/spiderman4.webp,Speed,Hero,Male,Human,"{""Spider-Sense"",""Leadership"",""Agility"",""Physical"",""Instinct:Justice"",""Source:Mcu"",""Tier-4"",""Tier-3""}",https://thanosvibs.money/api/characters/spiderman4/skills
spiderman9,spiderman,Spider-Man: No Way Home (Black & Gold Suit),false,10,https://thanosvibs.money/images-thumbnails/portraits/md/spiderman9.png,/mff-assets/uniforms/spiderman9.webp,Speed,Hero,Male,Human,"{""Spider-Sense"",""Leadership"",""Agility"",""Physical"",""Lightning"",""Instinct:Justice"",""Source:Mcu"",""Tier-4"",""Tier-3""}",https://thanosvibs.money/api/characters/spiderman9/skills
spiderman8,spiderman,Spider-Man: No Way Home (Integrated Suit),false,11,https://thanosvibs.money/images-thumbnails/portraits/md/spiderman8.png,/mff-assets/uniforms/spiderman8.webp,Speed,Hero,Male,Human,"{""Spider-Sense"",""Leadership"",""Agility"",""Physical"",""Lightning"",""Instinct:Justice"",""Source:Mcu"",""Tier-4"",""Tier-3""}",https://thanosvibs.money/api/characters/spiderman8/skills
spiderman11,spiderman,The Symbiote Suit,false,12,https://thanosvibs.money/images-thumbnails/portraits/md/spiderman11.png,/mff-assets/uniforms/spiderman11.webp,Speed,Hero,Male,Human,"{""Spider-Sense"",""Leadership"",""Symbiote"",""Physical"",""Instinct:Justice"",""Source:Comic"",""Tier-4"",""Tier-3""}",https://thanosvibs.money/api/characters/spiderman11/skills
milesmorales,spidermanmilesmorales,Default,true,0,https://thanosvibs.money/images-thumbnails/portraits/md/milesmorales.png,/mff-assets/uniforms/milesmorales.webp,Speed,Hero,Male,Human,"{""Spider-Sense"",""Agility"",""Leadership"",""Physical"",""Energy"",""Lightning"",""Instinct:Justice"",""Source:Comic"",""Tier-4"",""Tier-3""}",https://thanosvibs.money/api/characters/milesmorales/skills
milesmorales2,spidermanmilesmorales,Absolute Carnage,false,1,https://thanosvibs.money/images-thumbnails/portraits/md/milesmorales2.png,/mff-assets/uniforms/milesmorales2.webp,Combat,Villain,Male,Human,"{""Spider-Sense"",""Symbiote"",""Pure Evil"",""Physical"",""Lightning"",""Instinct:Justice"",""Source:Comic"",""Tier-4"",""Tier-3""}",https://thanosvibs.money/api/characters/milesmorales2/skills
milesmorales5,spidermanmilesmorales,Ancient Curse,false,2,https://thanosvibs.money/images-thumbnails/portraits/md/milesmorales5.png,/mff-assets/uniforms/milesmorales5.webp,Speed,Villain,Male,Human,"{""Spider-Sense"",""Agility"",""Leadership"",""Physical"",""Lightning"",""Instinct:Justice"",""Source:Original"",""Tier-4"",""Tier-3""}",https://thanosvibs.money/api/characters/milesmorales5/skills
milesmorales3,spidermanmilesmorales,Anniversary Special,false,3,https://thanosvibs.money/images-thumbnails/portraits/md/milesmorales3.png,/mff-assets/uniforms/milesmorales3.webp,Speed,Hero,Male,Human,"{""Spider-Sense"",""Agility"",""Leadership"",""Physical"",""Lightning"",""Instinct:Justice"",""Source:Comic"",""Tier-4"",""Tier-3""}",https://thanosvibs.money/api/characters/milesmorales3/skills
milesmorales1,spidermanmilesmorales,Into the Spider-Verse,false,4,https://thanosvibs.money/images-thumbnails/portraits/md/milesmorales1.png,/mff-assets/uniforms/milesmorales1.webp,Speed,Hero,Male,Human,"{""Spider-Sense"",""Agility"",""Leadership"",""Physical"",""Lightning"",""Instinct:Justice"",""Source:Sony"",""Tier-4"",""Tier-3""}",https://thanosvibs.money/api/characters/milesmorales1/skills
milesmorales4,spidermanmilesmorales,Spider-Man: Across the Spider-Verse,false,5,https://thanosvibs.money/images-thumbnails/portraits/md/milesmorales4.png,/mff-assets/uniforms/milesmorales4.webp,Speed,Hero,Male,Human,"{""Spider-Sense"",""Agility"",""Leadership"",""Physical"",""Lightning"",""Instinct:Justice"",""Source:Sony"",""Tier-4"",""Tier-3""}",https://thanosvibs.money/api/characters/milesmorales4/skills
spiderman2099,spiderman2099,Default,true,0,https://thanosvibs.money/images-thumbnails/portraits/md/spiderman2099.png,/mff-assets/uniforms/spiderman2099.webp,Speed,Hero,Male,Human,"{""Spider-Sense"",""Leadership"",""Agility"",""Physical"",""Instinct:Justice"",""Source:Comic"",""Tier-3""}",https://thanosvibs.money/api/characters/spiderman2099/skills
spiderman20991,spiderman2099,"All-New, All-Different",false,1,https://thanosvibs.money/images-thumbnails/portraits/md/spiderman20991.png,/mff-assets/uniforms/spiderman20991.webp,Speed,Hero,Male,Human,"{""Spider-Sense"",""Leadership"",""Agility"",""Physical"",""Instinct:Justice"",""Source:Comic"",""Tier-3""}",https://thanosvibs.money/api/characters/spiderman20991/skills
spiderman20992,spiderman2099,Spider-Man: Across the Spider-Verse,false,2,https://thanosvibs.money/images-thumbnails/portraits/md/spiderman20992.png,/mff-assets/uniforms/spiderman20992.webp,Speed,Hero,Male,Human,"{""Spider-Sense"",""Leadership"",""Agility"",""Physical"",""Instinct:Justice"",""Source:Sony"",""Tier-3""}",https://thanosvibs.money/api/characters/spiderman20992/skills
spiderwoman,spiderwoman,Default,true,0,https://thanosvibs.money/images-thumbnails/portraits/md/spiderwoman.png,/mff-assets/uniforms/spiderwoman.webp,Blast,Hero,Female,Human,"{""Spider-Sense"",""Leadership"",""Agility"",""Energy"",""Lightning"",""Instinct:Justice"",""Source:Comic"",""Transcended""}",https://thanosvibs.money/api/characters/spiderwoman/skills
spiderwoman1,spiderwoman,Spider-Man: Across the Spider-Verse,false,1,https://thanosvibs.money/images-thumbnails/portraits/md/spiderwoman1.png,/mff-assets/uniforms/spiderwoman1.webp,Blast,Hero,Female,Human,"{""Spider-Sense"",""Leadership"",""Agility"",""Energy"",""Lightning"",""Instinct:Justice"",""Source:Sony"",""Transcended""}",https://thanosvibs.money/api/characters/spiderwoman1/skills
spot,spot,Default,true,0,https://thanosvibs.money/images-thumbnails/portraits/md/spot.png,/mff-assets/uniforms/spot.webp,Speed,Villain,Male,Human,"{""Fast Movement"",""Pure Evil"",""Physical"",""Instinct:Cruelty"",""Source:Sony"",""Transcended""}",https://thanosvibs.money/api/characters/spot/skills
squirrelgirl,squirrelgirl,Default,true,0,https://thanosvibs.money/images-thumbnails/portraits/md/squirrelgirl.png,/mff-assets/uniforms/squirrelgirl.webp,Speed,Hero,Female,Human,"{""Agility"",""Physical"",""Instinct:Justice"",""Source:Comic"",""Tier-3""}",https://thanosvibs.money/api/characters/squirrelgirl/skills
squirrelgirl1,squirrelgirl,Marvel NOW!,false,1,https://thanosvibs.money/images-thumbnails/portraits/md/squirrelgirl1.png,/mff-assets/uniforms/squirrelgirl1.webp,Speed,Hero,Female,Human,"{""Agility"",""Physical"",""Instinct:Justice"",""Source:Comic"",""Tier-3""}",https://thanosvibs.money/api/characters/squirrelgirl1/skills
squirrelgirl2,squirrelgirl,Nutty Titan,false,2,https://thanosvibs.money/images-thumbnails/portraits/md/squirrelgirl2.png,/mff-assets/uniforms/squirrelgirl2.webp,Speed,Villain,Female,Human,"{""Agility"",""Pure Evil"",""Power Cosmic"",""Physical"",""Instinct:Justice"",""Source:Original"",""Tier-3""}",https://thanosvibs.money/api/characters/squirrelgirl2/skills
starlord,starlord,Default,true,0,https://thanosvibs.money/images-thumbnails/portraits/md/starlord.png,/mff-assets/uniforms/starlord.webp,Blast,Hero,Male,Alien,"{""Weapons Master"",""Command"",""Energy"",""Instinct:Order"",""Source:Mcu"",""Tier-4"",""Tier-3""}",https://thanosvibs.money/api/characters/starlord/skills
starlord4,starlord,Grounded,false,1,https://thanosvibs.money/images-thumbnails/portraits/md/starlord4.png,/mff-assets/uniforms/starlord4.webp,Blast,Hero,Male,Alien,"{""Weapons Master"",""Command"",""Energy"",""Instinct:Order"",""Source:Comic"",""Tier-4"",""Tier-3""}",https://thanosvibs.money/api/characters/starlord4/skills
starlord2,starlord,Guardians of the Galaxy 2,false,2,https://thanosvibs.money/images-thumbnails/portraits/md/starlord2.png,/mff-assets/uniforms/starlord2.webp,Blast,Hero,Male,Alien,"{""Weapons Master"",""Command"",""Energy"",""Physical"",""Instinct:Order"",""Source:Mcu"",""Tier-4"",""Tier-3""}",https://thanosvibs.money/api/characters/starlord2/skills
starlord3,starlord,Marvel Studios' Avengers: Infinity War,false,3,https://thanosvibs.money/images-thumbnails/portraits/md/starlord3.png,/mff-assets/uniforms/starlord3.webp,Blast,Hero,Male,Alien,"{""Weapons Master"",""Command"",""Energy"",""Instinct:Order"",""Source:Mcu"",""Tier-4"",""Tier-3""}",https://thanosvibs.money/api/characters/starlord3/skills
starlord5,starlord,Marvel Studios' Guardians of the Galaxy 3,false,4,https://thanosvibs.money/images-thumbnails/portraits/md/starlord5.png,/mff-assets/uniforms/starlord5.webp,Blast,Hero,Male,Alien,"{""Weapons Master"",""Command"",""Guardians of the Galaxy"",""Energy"",""Instinct:Order"",""Source:Mcu"",""Tier-4"",""Tier-3""}",https://thanosvibs.money/api/characters/starlord5/skills
starlord1,starlord,Space Armor,false,5,https://thanosvibs.money/images-thumbnails/portraits/md/starlord1.png,/mff-assets/uniforms/starlord1.webp,Blast,Hero,Male,Alien,"{""Weapons Master"",""Command"",""Energy"",""Instinct:Order"",""Source:Comic"",""Tier-4"",""Tier-3""}",https://thanosvibs.money/api/characters/starlord1/skills
starlord6,starlord,Wastelanders,false,6,https://thanosvibs.money/images-thumbnails/portraits/md/starlord6.png,/mff-assets/uniforms/starlord6.webp,Blast,Hero,Male,Alien,"{""Weapons Master"",""Command"",""Guardians of the Galaxy"",""Energy"",""Instinct:Order"",""Source:Comic"",""Tier-4"",""Tier-3""}",https://thanosvibs.money/api/characters/starlord6/skills
storm,storm,Default,true,0,https://thanosvibs.money/images-thumbnails/portraits/md/storm.png,/mff-assets/uniforms/storm.webp,Blast,Hero,Female,Mutant,"{""Shock"",""Command"",""Energy"",""Lightning"",""Instinct:Order"",""Source:Comic"",""Tier-4"",""Tier-3""}",https://thanosvibs.money/api/characters/storm/skills
storm3,storm,Inhumans vs X-Men,false,1,https://thanosvibs.money/images-thumbnails/portraits/md/storm3.png,/mff-assets/uniforms/storm3.webp,Blast,Hero,Female,Mutant,"{""Shock"",""Command"",""Energy"",""Lightning"",""Cold"",""Instinct:Order"",""Source:Comic"",""Tier-4"",""Tier-3""}",https://thanosvibs.money/api/characters/storm3/skills
storm4,storm,Krakoan Summer,false,2,https://thanosvibs.money/images-thumbnails/portraits/md/storm4.png,/mff-assets/uniforms/storm4.webp,Blast,Hero,Female,Mutant,"{""Shock"",""Command"",""Energy"",""Lightning"",""Cold"",""Instinct:Order"",""Source:Original"",""Tier-4"",""Tier-3""}",https://thanosvibs.money/api/characters/storm4/skills
storm5,storm,Marvel Animation's X-Men '97,false,3,https://thanosvibs.money/images-thumbnails/portraits/md/storm5.png,/mff-assets/uniforms/storm5.webp,Blast,Hero,Female,Mutant,"{""Shock"",""Command"",""Energy"",""Lightning"",""Instinct:Order"",""Source:Animation"",""Tier-4"",""Tier-3""}",https://thanosvibs.money/api/characters/storm5/skills
storm1,storm,X-Men Red,false,4,https://thanosvibs.money/images-thumbnails/portraits/md/storm1.png,/mff-assets/uniforms/storm1.webp,Blast,Hero,Female,Mutant,"{""Shock"",""Command"",""Energy"",""Lightning"",""Instinct:Order"",""Source:Comic"",""Tier-4"",""Tier-3""}",https://thanosvibs.money/api/characters/storm1/skills
stryfe,stryfe,Default,true,0,https://thanosvibs.money/images-thumbnails/portraits/md/stryfe.png,/mff-assets/uniforms/stryfe.webp,Blast,Villain,Male,Mutant,"{""Pure Evil"",""Energy Projection"",""Energy"",""Physical"",""Instinct:Destruction"",""Source:Comic"",""Tier-4"",""Tier-3""}",https://thanosvibs.money/api/characters/stryfe/skills
stryfe1,stryfe,Classic,false,1,https://thanosvibs.money/images-thumbnails/portraits/md/stryfe1.png,/mff-assets/uniforms/stryfe1.webp,Blast,Villain,Male,Mutant,"{""Pure Evil"",""Energy Projection"",""Energy"",""Instinct:Destruction"",""Source:Comic"",""Tier-4"",""Tier-3""}",https://thanosvibs.money/api/characters/stryfe1/skills
stryfe2,stryfe,The Tyrant of Spring,false,2,https://thanosvibs.money/images-thumbnails/portraits/md/stryfe2.png,/mff-assets/uniforms/stryfe2.webp,Blast,Villain,Male,Mutant,"{""Pure Evil"",""Energy Projection"",""Energy"",""Instinct:Destruction"",""Source:Original"",""Tier-4"",""Tier-3""}",https://thanosvibs.money/api/characters/stryfe2/skills
sunbird,sunbird,Default,true,0,https://thanosvibs.money/images-thumbnails/portraits/md/sunbird.png,/mff-assets/uniforms/sunbird.webp,Speed,Hero,Male,Human,"{""Warriors of the Sky"",""Agility"",""Flame"",""Physical"",""Fire"",""Instinct:Justice"",""Source:Original"",""Transcended""}",https://thanosvibs.money/api/characters/sunbird/skills
sunbird1,sunbird,Moon Temple Defenders,false,1,https://thanosvibs.money/images-thumbnails/portraits/md/sunbird1.png,/mff-assets/uniforms/sunbird1.webp,Speed,Hero,Male,Human,"{""Warriors of the Sky"",""Agility"",""Flame"",""Physical"",""Fire"",""Instinct:Justice"",""Source:Original"",""Transcended""}",https://thanosvibs.money/api/characters/sunbird1/skills
sunspot,sunspot,Default,true,0,https://thanosvibs.money/images-thumbnails/portraits/md/sunspot.png,/mff-assets/uniforms/sunspot.webp,Blast,Hero,Male,Mutant,"{""Flame"",""Fast Movement"",""Energy"",""Fire"",""Instinct:Order"",""Source:Animation"",""Tier-3""}",https://thanosvibs.money/api/characters/sunspot/skills
supergiant,supergiant,Default,true,0,https://thanosvibs.money/images-thumbnails/portraits/md/supergiant.png,/mff-assets/uniforms/supergiant.webp,Universal,Villain,Female,Alien,"{""Mind"",""Mind Resist"",""Black Order"",""Energy"",""Instinct:Destruction"",""Source:Comic"",""Transcended""}",https://thanosvibs.money/api/characters/supergiant/skills
supergiant1,supergiant,Dark Obsidian Armor,false,1,https://thanosvibs.money/images-thumbnails/portraits/md/supergiant1.png,/mff-assets/uniforms/supergiant1.webp,Universal,Villain,Female,Alien,"{""Mind"",""Mind Resist"",""Black Order"",""Energy"",""Instinct:Destruction"",""Source:Original"",""Transcended""}",https://thanosvibs.money/api/characters/supergiant1/skills
swordmaster,swordmaster,Default,true,0,https://thanosvibs.money/images-thumbnails/portraits/md/swordmaster.png,/mff-assets/uniforms/swordmaster.webp,Combat,Hero,Male,Human,"{""Leadership"",""Weapons Master"",""Physical"",""Instinct:Justice"",""Source:Comic"",""Transcended""}",https://thanosvibs.money/api/characters/swordmaster/skills
swordmaster1,swordmaster,Classic,false,1,https://thanosvibs.money/images-thumbnails/portraits/md/swordmaster1.png,/mff-assets/uniforms/swordmaster1.webp,Combat,Hero,Male,Human,"{""Leadership"",""Weapons Master"",""Physical"",""Instinct:Justice"",""Source:Original"",""Transcended""}",https://thanosvibs.money/api/characters/swordmaster1/skills
sylvie,sylvie,Default,true,0,https://thanosvibs.money/images-thumbnails/portraits/md/sylvie.png,/mff-assets/uniforms/sylvie.webp,Universal,Hero,Female,Alien,"{""Mind"",""Chill"",""Energy"",""Instinct:Order"",""Source:Mcu"",""Tier-3""}",https://thanosvibs.money/api/characters/sylvie/skills
taskmaster,taskmaster,Default,true,0,https://thanosvibs.money/images-thumbnails/portraits/md/taskmaster.png,/mff-assets/uniforms/taskmaster.webp,Combat,Villain,Male,Human,"{""Weapons Master"",""Pure Evil"",""Physical"",""Instinct:Cruelty"",""Source:Comic"",""Tier-4"",""Tier-3""}",https://thanosvibs.money/api/characters/taskmaster/skills
taskmaster1,taskmaster,Marvel Studios' Black Widow,false,1,https://thanosvibs.money/images-thumbnails/portraits/md/taskmaster1.png,/mff-assets/uniforms/taskmaster1.webp,Combat,Villain,Male,Human,"{""Weapons Master"",""Pure Evil"",""Physical"",""Instinct:Cruelty"",""Source:Mcu"",""Tier-4"",""Tier-3""}",https://thanosvibs.money/api/characters/taskmaster1/skills
taskmaster2,taskmaster,Marvel Studios' Thunderbolts*,false,2,https://thanosvibs.money/images-thumbnails/portraits/md/taskmaster2.png,/mff-assets/uniforms/taskmaster2.webp,Combat,Hero,Female,Human,"{""Weapons Master"",""Pure Evil"",""Thunderbolts"",""Physical"",""Instinct:Cruelty"",""Source:Mcu"",""Tier-4"",""Tier-3""}",https://thanosvibs.money/api/characters/taskmaster2/skills
thane,thane,Default,true,0,https://thanosvibs.money/images-thumbnails/portraits/md/thane.png,/mff-assets/uniforms/thane.webp,Universal,Villain,Male,Inhuman,"{""Strong"",""Durability"",""Pure Evil"",""Energy"",""Fire"",""Instinct:Destruction"",""Source:Comic"",""Tier-3""}",https://thanosvibs.money/api/characters/thane/skills
thane1,thane,Phoenix Force,false,1,https://thanosvibs.money/images-thumbnails/portraits/md/thane1.png,/mff-assets/uniforms/thane1.webp,Universal,Villain,Male,Inhuman,"{""Phoenix Force"",""Durability"",""Pure Evil"",""Energy"",""Fire"",""Instinct:Destruction"",""Source:Comic"",""Tier-3""}",https://thanosvibs.money/api/characters/thane1/skills
thanos,thanos,Default,true,0,https://thanosvibs.money/images-thumbnails/portraits/md/thanos.png,/mff-assets/uniforms/thanos.webp,Universal,Villain,Male,Alien,"{""Power Cosmic"",""Durability"",""Pure Evil"",""Energy"",""Physical"",""Fire"",""Cold"",""Lightning"",""Poison"",""Instinct:Destruction"",""Source:Comic"",""Tier-4"",""Tier-3""}",https://thanosvibs.money/api/characters/thanos/skills
thanos3,thanos,Marvel Studios' Avengers: Endgame,false,1,https://thanosvibs.money/images-thumbnails/portraits/md/thanos3.png,/mff-assets/uniforms/thanos3.webp,Universal,Villain,Male,Alien,"{""Power Cosmic"",""Durability"",""Pure Evil"",""Energy"",""Physical"",""Fire"",""Instinct:Destruction"",""Source:Mcu"",""Tier-4"",""Tier-3""}",https://thanosvibs.money/api/characters/thanos3/skills
thanos2,thanos,Marvel Studios' Avengers: Infinity War,false,2,https://thanosvibs.money/images-thumbnails/portraits/md/thanos2.png,/mff-assets/uniforms/thanos2.webp,Universal,Villain,Male,Alien,"{""Power Cosmic"",""Durability"",""Pure Evil"",""Energy"",""Physical"",""Fire"",""Instinct:Destruction"",""Source:Mcu"",""Tier-4"",""Tier-3""}",https://thanosvibs.money/api/characters/thanos2/skills
thanos4,thanos,Obsidian King,false,3,https://thanosvibs.money/images-thumbnails/portraits/md/thanos4.png,/mff-assets/uniforms/thanos4.webp,Universal,Villain,Male,Alien,"{""Power Cosmic"",""Durability"",""Pure Evil"",""Energy"",""Physical"",""Instinct:Destruction"",""Source:Original"",""Tier-4"",""Tier-3""}",https://thanosvibs.money/api/characters/thanos4/skills
thanos1,thanos,Secret Wars: Infinity,false,4,https://thanosvibs.money/images-thumbnails/portraits/md/thanos1.png,/mff-assets/uniforms/thanos1.webp,Universal,Villain,Male,Alien,"{""Power Cosmic"",""Durability"",""Pure Evil"",""Energy"",""Physical"",""Cold"",""Lightning"",""Poison"",""Fire"",""Instinct:Destruction"",""Source:Comic"",""Tier-4"",""Tier-3""}",https://thanosvibs.money/api/characters/thanos1/skills
thanos6,thanos,Thanos Wins,false,5,https://thanosvibs.money/images-thumbnails/portraits/md/thanos6.png,/mff-assets/uniforms/thanos6.webp,Universal,Villain,Male,Alien,"{""Power Cosmic"",""Durability"",""Pure Evil"",""Energy"",""Instinct:Destruction"",""Source:Comic"",""Tier-4"",""Tier-3""}",https://thanosvibs.money/api/characters/thanos6/skills
thanos5,thanos,Wise Harvester,false,6,https://thanosvibs.money/images-thumbnails/portraits/md/thanos5.png,/mff-assets/uniforms/thanos5.webp,Universal,Villain,Male,Alien,"{""Power Cosmic"",""Durability"",""Pure Evil"",""Energy"",""Instinct:Destruction"",""Source:Original"",""Tier-4"",""Tier-3""}",https://thanosvibs.money/api/characters/thanos5/skills
thehood,thehood,Default,true,0,https://thanosvibs.money/images-thumbnails/portraits/md/thehood.png,/mff-assets/uniforms/thehood.webp,Blast,Villain,Male,Human,"{""Pure Evil"",""Fast Movement"",""Energy"",""Instinct:Cruelty"",""Source:Mcu"",""Tier-3""}",https://thanosvibs.money/api/characters/thehood/skills
thing,thething,Default,true,0,https://thanosvibs.money/images-thumbnails/portraits/md/thing.png,/mff-assets/uniforms/thing.webp,Combat,Hero,Male,Human,"{""Strong"",""Durability"",""Fantastic Four"",""Physical"",""Fire"",""Instinct:Justice"",""Source:Comic"",""Tier-4"",""Transcended""}",https://thanosvibs.money/api/characters/thing/skills
thing2,thething,Classic,false,1,https://thanosvibs.money/images-thumbnails/portraits/md/thing2.png,/mff-assets/uniforms/thing2.webp,Combat,Hero,Male,Human,"{""Strong"",""Durability"",""Fantastic Four"",""Physical"",""Fire"",""Instinct:Justice"",""Source:Comic"",""Tier-4"",""Transcended""}",https://thanosvibs.money/api/characters/thing2/skills
thing1,thething,Future Foundation,false,2,https://thanosvibs.money/images-thumbnails/portraits/md/thing1.png,/mff-assets/uniforms/thing1.webp,Combat,Hero,Male,Human,"{""Strong"",""Durability"",""Fantastic Four"",""Physical"",""Fire"",""Instinct:Justice"",""Source:Comic"",""Tier-4"",""Transcended""}",https://thanosvibs.money/api/characters/thing1/skills
thing4,thething,Marvel Studios' The Fantastic Four: First Steps,false,3,https://thanosvibs.money/images-thumbnails/portraits/md/thing4.png,/mff-assets/uniforms/thing4.webp,Combat,Hero,Male,Human,"{""Strong"",""Durability"",""Fantastic Four"",""Physical"",""Fire"",""Instinct:Justice"",""Source:Mcu"",""Tier-4"",""Transcended""}",https://thanosvibs.money/api/characters/thing4/skills
thing3,thething,The Fall of the Fantastic Four,false,4,https://thanosvibs.money/images-thumbnails/portraits/md/thing3.png,/mff-assets/uniforms/thing3.webp,Combat,Hero,Male,Human,"{""Strong"",""Durability"",""Fantastic Four"",""Physical"",""Fire"",""Instinct:Justice"",""Source:Comic"",""Tier-4"",""Transcended""}",https://thanosvibs.money/api/characters/thing3/skills
thena,thena,Default,true,0,https://thanosvibs.money/images-thumbnails/portraits/md/thena.png,/mff-assets/uniforms/thena.webp,Universal,Hero,Female,Alien,"{""Leadership"",""Eternals"",""Physical"",""Instinct:Order"",""Source:Comic"",""Tier-3""}",https://thanosvibs.money/api/characters/thena/skills
thena1,thena,Marvel Studios' Eternals,false,1,https://thanosvibs.money/images-thumbnails/portraits/md/thena1.png,/mff-assets/uniforms/thena1.webp,Universal,Hero,Female,Alien,"{""Leadership"",""Eternals"",""Physical"",""Instinct:Order"",""Source:Mcu"",""Tier-3""}",https://thanosvibs.money/api/characters/thena1/skills
thor,thor,Default,true,0,https://thanosvibs.money/images-thumbnails/portraits/md/thor.png,/mff-assets/uniforms/thor.webp,Universal,Hero,Male,Alien,"{""Shock"",""Leadership"",""Energy"",""Lightning"",""Physical"",""Instinct:Order"",""Source:Mcu"",""Tier-4"",""Tier-3""}",https://thanosvibs.money/api/characters/thor/skills
thor10,thor,All-Father Reborn,false,1,https://thanosvibs.money/images-thumbnails/portraits/md/thor10.png,/mff-assets/uniforms/thor10.webp,Universal,Hero,Male,Alien,"{""Shock"",""Leadership"",""Energy"",""Lightning"",""Instinct:Order"",""Source:Comic"",""Tier-4"",""Tier-3""}",https://thanosvibs.money/api/characters/thor10/skills
thor7,thor,Avengers: Age of Ultron,false,2,https://thanosvibs.money/images-thumbnails/portraits/md/thor7.png,/mff-assets/uniforms/thor7.webp,Universal,Hero,Male,Alien,"{""Shock"",""Leadership"",""Energy"",""Lightning"",""Physical"",""Instinct:Order"",""Source:Mcu"",""Tier-4"",""Tier-3""}",https://thanosvibs.money/api/characters/thor7/skills
thor8,thor,Herald of Thunder,false,3,https://thanosvibs.money/images-thumbnails/portraits/md/thor8.png,/mff-assets/uniforms/thor8.webp,Universal,Hero,Male,Alien,"{""Shock"",""Leadership"",""Power Cosmic"",""Physical"",""Lightning"",""Energy"",""Instinct:Order"",""Source:Comic"",""Tier-4"",""Tier-3""}",https://thanosvibs.money/api/characters/thor8/skills
thor5,thor,Marvel Studios' Avengers: Endgame,false,4,https://thanosvibs.money/images-thumbnails/portraits/md/thor5.png,/mff-assets/uniforms/thor5.webp,Universal,Hero,Male,Alien,"{""Shock"",""Leadership"",""Physical"",""Lightning"",""Energy"",""Instinct:Order"",""Source:Mcu"",""Tier-4"",""Tier-3""}",https://thanosvibs.money/api/characters/thor5/skills
thor4,thor,Marvel Studios' Avengers: Infinity War,false,5,https://thanosvibs.money/images-thumbnails/portraits/md/thor4.png,/mff-assets/uniforms/thor4.webp,Universal,Hero,Male,Alien,"{""Shock"",""Leadership"",""Physical"",""Lightning"",""Energy"",""Instinct:Order"",""Source:Mcu"",""Tier-4"",""Tier-3""}",https://thanosvibs.money/api/characters/thor4/skills
thor9,thor,Marvel Studios' Thor: Love and Thunder,false,6,https://thanosvibs.money/images-thumbnails/portraits/md/thor9.png,/mff-assets/uniforms/thor9.webp,Universal,Hero,Male,Alien,"{""Shock"",""Leadership"",""Energy"",""Lightning"",""Instinct:Order"",""Source:Mcu"",""Tier-4"",""Tier-3""}",https://thanosvibs.money/api/characters/thor9/skills
thor3,thor,Marvel Studios' Thor: Ragnarok,false,7,https://thanosvibs.money/images-thumbnails/portraits/md/thor3.png,/mff-assets/uniforms/thor3.webp,Universal,Hero,Male,Alien,"{""Shock"",""Leadership"",""Physical"",""Lightning"",""Energy"",""Instinct:Order"",""Source:Mcu"",""Tier-4"",""Tier-3""}",https://thanosvibs.money/api/characters/thor3/skills
thor6,thor,Team Suit,false,8,https://thanosvibs.money/images-thumbnails/portraits/md/thor6.png,/mff-assets/uniforms/thor6.webp,Universal,Hero,Male,Alien,"{""Shock"",""Leadership"",""Physical"",""Lightning"",""Energy"",""Instinct:Order"",""Source:Mcu"",""Tier-4"",""Tier-3""}",https://thanosvibs.money/api/characters/thor6/skills
thor2,thor,Unworthy,false,9,https://thanosvibs.money/images-thumbnails/portraits/md/thor2.png,/mff-assets/uniforms/thor2.webp,Universal,Hero,Male,Alien,"{""Shock"",""Leadership"",""Energy"",""Lightning"",""Physical"",""Instinct:Order"",""Source:Comic"",""Tier-4"",""Tier-3""}",https://thanosvibs.money/api/characters/thor2/skills
janefoster,thorjanefoster,Default,true,0,https://thanosvibs.money/images-thumbnails/portraits/md/janefoster.png,/mff-assets/uniforms/janefoster.webp,Universal,Hero,Female,Human,"{""Shock"",""Fast Movement"",""Physical"",""Energy"",""Lightning"",""Instinct:Justice"",""Source:Comic"",""Tier-3""}",https://thanosvibs.money/api/characters/janefoster/skills
janefoster1,thorjanefoster,Marvel Studios' Thor: Love and Thunder,false,1,https://thanosvibs.money/images-thumbnails/portraits/md/janefoster1.png,/mff-assets/uniforms/janefoster1.webp,Universal,Hero,Female,Human,"{""Shock"",""Fast Movement"",""Energy"",""Lightning"",""Instinct:Justice"",""Source:Mcu"",""Tier-3""}",https://thanosvibs.money/api/characters/janefoster1/skills
titania,titania,Default,true,0,https://thanosvibs.money/images-thumbnails/portraits/md/titania.png,/mff-assets/uniforms/titania.webp,Combat,Villain,Female,Human,"{""Strong"",""Physical"",""Instinct:Cruelty"",""Source:Comic"",""Transcended""}",https://thanosvibs.money/api/characters/titania/skills
titania1,titania,Fear Itself,false,1,https://thanosvibs.money/images-thumbnails/portraits/md/titania1.png,/mff-assets/uniforms/titania1.webp,Combat,Villain,Female,Human,"{""Strong"",""Physical"",""Instinct:Cruelty"",""Source:Comic"",""Transcended""}",https://thanosvibs.money/api/characters/titania1/skills
toxin,toxin,Default,true,0,https://thanosvibs.money/images-thumbnails/portraits/md/toxin.png,/mff-assets/uniforms/toxin.webp,Combat,Hero,Male,Human,"{""Agility"",""Symbiote"",""Strong"",""Physical"",""Instinct:Justice"",""Source:Comic"",""Transcended""}",https://thanosvibs.money/api/characters/toxin/skills
usagent,usagent,Default,true,0,https://thanosvibs.money/images-thumbnails/portraits/md/usagent.png,/mff-assets/uniforms/usagent.webp,Combat,Hero,Male,Human,"{""Leadership"",""Command"",""Thunderbolts"",""Physical"",""Instinct:Justice"",""Source:Mcu"",""Tier-3""}",https://thanosvibs.money/api/characters/usagent/skills
ulik,ulik,Default,true,0,https://thanosvibs.money/images-thumbnails/portraits/md/ulik.png,/mff-assets/uniforms/ulik.webp,Combat,Villain,Male,Alien,"{""Strong"",""Durability"",""Physical"",""Instinct:Destruction"",""Source:Comic"",""Transcended""}",https://thanosvibs.money/api/characters/ulik/skills
ultron,ultron,Default,true,0,https://thanosvibs.money/images-thumbnails/portraits/md/ultron.png,/mff-assets/uniforms/ultron.webp,Universal,Villain,Male,Other,"{""Machine"",""Pure Evil"",""Energy"",""Physical"",""Lightning"",""Instinct:Destruction"",""Source:Comic"",""Tier-4"",""Tier-3""}",https://thanosvibs.money/api/characters/ultron/skills
ultron5,ultron,All-Father Ultron,false,1,https://thanosvibs.money/images-thumbnails/portraits/md/ultron5.png,/mff-assets/uniforms/ultron5.webp,Universal,Villain,Male,Other,"{""Machine"",""Pure Evil"",""Energy"",""Instinct:Destruction"",""Source:Comic"",""Tier-4"",""Tier-3""}",https://thanosvibs.money/api/characters/ultron5/skills
ultron2,ultron,Avengers: Age of Ultron · Ultron Mark 1,false,2,https://thanosvibs.money/images-thumbnails/portraits/md/ultron2.png,/mff-assets/uniforms/ultron2.webp,Universal,Villain,Male,Other,"{""Machine"",""Pure Evil"",""Energy"",""Physical"",""Lightning"",""Instinct:Destruction"",""Source:Mcu"",""Tier-4"",""Tier-3"",""Alias:Ultron Mark 1""}",https://thanosvibs.money/api/characters/ultron2/skills
ultron3,ultron,Avengers: Age of Ultron · Ultron Mark 3,false,3,https://thanosvibs.money/images-thumbnails/portraits/md/ultron3.png,/mff-assets/uniforms/ultron3.webp,Universal,Villain,Male,Other,"{""Machine"",""Pure Evil"",""Energy"",""Physical"",""Lightning"",""Instinct:Destruction"",""Source:Mcu"",""Tier-4"",""Tier-3"",""Alias:Ultron Mark 3""}",https://thanosvibs.money/api/characters/ultron3/skills
ultron1,ultron,Avengers: Age of Ultron · Ultron Prime,false,4,https://thanosvibs.money/images-thumbnails/portraits/md/ultron1.png,/mff-assets/uniforms/ultron1.webp,Universal,Villain,Male,Other,"{""Machine"",""Pure Evil"",""Energy"",""Physical"",""Lightning"",""Instinct:Destruction"",""Source:Mcu"",""Tier-4"",""Tier-3"",""Alias:Ultron Prime""}",https://thanosvibs.money/api/characters/ultron1/skills
ultron4,ultron,Marvel Studios' What If...?,false,5,https://thanosvibs.money/images-thumbnails/portraits/md/ultron4.png,/mff-assets/uniforms/ultron4.webp,Universal,Villain,Male,Other,"{""Machine"",""Pure Evil"",""Energy"",""Instinct:Destruction"",""Source:Mcu"",""Tier-4"",""Tier-3"",""Alias:Infinity Ultron""}",https://thanosvibs.money/api/characters/ultron4/skills
ulyssesklaue,ulyssesklaue,Default,true,0,https://thanosvibs.money/images-thumbnails/portraits/md/ulyssesklaue.png,/mff-assets/uniforms/ulyssesklaue.webp,Blast,Villain,Male,Human,"{""Weapons Master"",""Energy"",""Physical"",""Instinct:Cruelty"",""Source:Mcu"",""Transcended""}",https://thanosvibs.money/api/characters/ulyssesklaue/skills
valeriarichards,valeriarichards,Default,true,0,https://thanosvibs.money/images-thumbnails/portraits/md/valeriarichards.png,/mff-assets/uniforms/valeriarichards.webp,Blast,Hero,Female,Human,"{""Leadership"",""Fantastic Four"",""Energy"",""Instinct:Justice"",""Source:Comic"",""Transcended""}",https://thanosvibs.money/api/characters/valeriarichards/skills
valkyrie,valkyrie,Default,true,0,https://thanosvibs.money/images-thumbnails/portraits/md/valkyrie.png,/mff-assets/uniforms/valkyrie.webp,Combat,Hero,Female,Alien,"{""Strong"",""Physical"",""Instinct:Order"",""Source:Mcu"",""Tier-4"",""Transcended""}",https://thanosvibs.money/api/characters/valkyrie/skills
valkyrie3,valkyrie,Asgardians of the Galaxy,false,1,https://thanosvibs.money/images-thumbnails/portraits/md/valkyrie3.png,/mff-assets/uniforms/valkyrie3.webp,Combat,Hero,Female,Alien,"{""Strong"",""Physical"",""Instinct:Order"",""Source:Comic"",""Tier-4"",""Transcended""}",https://thanosvibs.money/api/characters/valkyrie3/skills
valkyrie1,valkyrie,Fearless Defenders,false,2,https://thanosvibs.money/images-thumbnails/portraits/md/valkyrie1.png,/mff-assets/uniforms/valkyrie1.webp,Combat,Hero,Female,Alien,"{""Strong"",""Physical"",""Instinct:Order"",""Source:Comic"",""Tier-4"",""Transcended""}",https://thanosvibs.money/api/characters/valkyrie1/skills
valkyrie2,valkyrie,Marvel Studios' Thor: Love and Thunder,false,3,https://thanosvibs.money/images-thumbnails/portraits/md/valkyrie2.png,/mff-assets/uniforms/valkyrie2.webp,Combat,Hero,Female,Alien,"{""Strong"",""Physical"",""Instinct:Order"",""Source:Mcu"",""Tier-4"",""Transcended""}",https://thanosvibs.money/api/characters/valkyrie2/skills
venom,venom,Default,true,0,https://thanosvibs.money/images-thumbnails/portraits/md/venom.png,/mff-assets/uniforms/venom.webp,Combat,Villain,Male,Human,"{""Healing"",""Symbiote"",""Physical"",""Mind"",""Instinct:Cruelty"",""Source:Comic"",""Tier-4"",""Tier-3""}",https://thanosvibs.money/api/characters/venom/skills
venom2,venom,Anti-Venom,false,1,https://thanosvibs.money/images-thumbnails/portraits/md/venom2.png,/mff-assets/uniforms/venom2.webp,Combat,Hero,Male,Human,"{""Healing"",""Symbiote"",""Physical"",""Instinct:Cruelty"",""Source:Comic"",""Tier-4"",""Tier-3""}",https://thanosvibs.money/api/characters/venom2/skills
venom4,venom,King in Black,false,2,https://thanosvibs.money/images-thumbnails/portraits/md/venom4.png,/mff-assets/uniforms/venom4.webp,Combat,Hero,Male,Human,"{""Healing"",""Symbiote"",""Physical"",""Instinct:Cruelty"",""Source:Comic"",""Tier-4"",""Tier-3""}",https://thanosvibs.money/api/characters/venom4/skills
venom1,venom,Secret Wars: Marvel Zombies,false,3,https://thanosvibs.money/images-thumbnails/portraits/md/venom1.png,/mff-assets/uniforms/venom1.webp,Combat,Villain,Male,Human,"{""Healing"",""Symbiote"",""Physical"",""Mind"",""Instinct:Cruelty"",""Source:Comic"",""Tier-4"",""Tier-3""}",https://thanosvibs.money/api/characters/venom1/skills
venom6,venom,Snow Symbiote,false,4,https://thanosvibs.money/images-thumbnails/portraits/md/venom6.png,/mff-assets/uniforms/venom6.webp,Combat,Hero,Male,Human,"{""Healing"",""Symbiote"",""Physical"",""Instinct:Cruelty"",""Source:Collab"",""Tier-4"",""Tier-3""}",https://thanosvibs.money/api/characters/venom6/skills
venom3,venom,War of the Realms,false,5,https://thanosvibs.money/images-thumbnails/portraits/md/venom3.png,/mff-assets/uniforms/venom3.webp,Combat,Hero,Male,Human,"{""Healing"",""Symbiote"",""Physical"",""Instinct:Cruelty"",""Source:Comic"",""Tier-4"",""Tier-3""}",https://thanosvibs.money/api/characters/venom3/skills
venom5,venom,Warstar,false,6,https://thanosvibs.money/images-thumbnails/portraits/md/venom5.png,/mff-assets/uniforms/venom5.webp,Combat,Hero,Male,Human,"{""Healing"",""Symbiote"",""Weapons Master"",""Physical"",""Instinct:Cruelty"",""Source:Comic"",""Tier-4"",""Tier-3""}",https://thanosvibs.money/api/characters/venom5/skills
venus,venusaphrodite,Default,true,0,https://thanosvibs.money/images-thumbnails/portraits/md/venus.png,/mff-assets/uniforms/venus.webp,Universal,Hero,Female,Alien,"{""Mind"",""Mind Resist"",""Olympus"",""Energy"",""Instinct:Order"",""Source:Comic"",""Transcended""}",https://thanosvibs.money/api/characters/venus/skills
victorious,victorious,Default,true,0,https://thanosvibs.money/images-thumbnails/portraits/md/victorious.png,/mff-assets/uniforms/victorious.webp,Universal,Villain,Female,Human,"{""Fast Movement"",""Energy Projection"",""Energy"",""Instinct:Cruelty"",""Source:Comic"",""Tier-3""}",https://thanosvibs.money/api/characters/victorious/skills
victorious1,victorious,Emperor Guarder,false,1,https://thanosvibs.money/images-thumbnails/portraits/md/victorious1.png,/mff-assets/uniforms/victorious1.webp,Universal,Villain,Female,Human,"{""Fast Movement"",""Energy Projection"",""Energy"",""Instinct:Cruelty"",""Source:Original"",""Tier-3""}",https://thanosvibs.money/api/characters/victorious1/skills
viper,viper,Default,true,0,https://thanosvibs.money/images-thumbnails/portraits/md/viper.png,/mff-assets/uniforms/viper.webp,Speed,Villain,Female,Human,"{""Poison"",""Pure Evil"",""Physical"",""Instinct:Cruelty"",""Source:Comic""}",https://thanosvibs.money/api/characters/viper/skills
vision,vision,Default,true,0,https://thanosvibs.money/images-thumbnails/portraits/md/vision.png,/mff-assets/uniforms/vision.webp,Blast,Hero,Male,Creature,"{""Fast Movement"",""Machine"",""Durability"",""Physical"",""Instinct:Order"",""Source:Comic"",""Tier-4"",""Tier-3""}",https://thanosvibs.money/api/characters/vision/skills
vision1,vision,Avengers: Age of Ultron,false,1,https://thanosvibs.money/images-thumbnails/portraits/md/vision1.png,/mff-assets/uniforms/vision1.webp,Universal,Hero,Male,Creature,"{""Fast Movement"",""Machine"",""Durability"",""Physical"",""Instinct:Order"",""Source:Mcu"",""Tier-4"",""Tier-3""}",https://thanosvibs.money/api/characters/vision1/skills
vision3,vision,Marvel Studios' WandaVision,false,2,https://thanosvibs.money/images-thumbnails/portraits/md/vision3.png,/mff-assets/uniforms/vision3.webp,Universal,Hero,Male,Creature,"{""Fast Movement"",""Machine"",""Durability"",""Physical"",""Instinct:Order"",""Source:Mcu"",""Tier-4"",""Tier-3""}",https://thanosvibs.money/api/characters/vision3/skills
vision4,vision,Ultimate Vision,false,3,https://thanosvibs.money/images-thumbnails/portraits/md/vision4.png,/mff-assets/uniforms/vision4.webp,Universal,Hero,Female,Creature,"{""Fast Movement"",""Machine"",""Durability"",""Physical"",""Instinct:Order"",""Source:Comic"",""Tier-4"",""Tier-3""}",https://thanosvibs.money/api/characters/vision4/skills
vision2,vision,Uncanny Avengers,false,4,https://thanosvibs.money/images-thumbnails/portraits/md/vision2.png,/mff-assets/uniforms/vision2.webp,Blast,Hero,Male,Creature,"{""Fast Movement"",""Machine"",""Durability"",""Physical"",""Instinct:Order"",""Source:Comic"",""Tier-4"",""Tier-3""}",https://thanosvibs.money/api/characters/vision2/skills
volstagg,volstagg,Default,true,0,https://thanosvibs.money/images-thumbnails/portraits/md/volstagg.png,/mff-assets/uniforms/volstagg.webp,Combat,Hero,Male,Alien,"{""Durability"",""Physical"",""Energy"",""Instinct:Order"",""Source:Comic"",""Transcended""}",https://thanosvibs.money/api/characters/volstagg/skills
vulture,vulture,Default,true,0,https://thanosvibs.money/images-thumbnails/portraits/md/vulture.png,/mff-assets/uniforms/vulture.webp,Speed,Villain,Male,Human,"{""Fast Movement"",""Agility"",""Sinister Six"",""Physical"",""Lightning"",""Mind"",""Instinct:Cruelty"",""Source:Comic"",""Transcended""}",https://thanosvibs.money/api/characters/vulture/skills
vulture1,vulture,Spider-Man: Homecoming,false,1,https://thanosvibs.money/images-thumbnails/portraits/md/vulture1.png,/mff-assets/uniforms/vulture1.webp,Speed,Villain,Male,Human,"{""Fast Movement"",""Agility"",""Sinister Six"",""Physical"",""Energy"",""Lightning"",""Mind"",""Instinct:Cruelty"",""Source:Mcu"",""Transcended""}",https://thanosvibs.money/api/characters/vulture1/skills
warmachine,warmachine,Default,true,0,https://thanosvibs.money/images-thumbnails/portraits/md/warmachine.png,/mff-assets/uniforms/warmachine.webp,Blast,Hero,Male,Human,"{""Machine"",""Leadership"",""Physical"",""Energy"",""Instinct:Justice"",""Source:Comic"",""Tier-4"",""Tier-3""}",https://thanosvibs.money/api/characters/warmachine/skills
warmachine7,warmachine,3099,false,1,https://thanosvibs.money/images-thumbnails/portraits/md/warmachine7.png,/mff-assets/uniforms/warmachine7.webp,Blast,Hero,Male,Human,"{""Machine"",""Leadership"",""Physical"",""Instinct:Justice"",""Source:Original"",""Tier-4"",""Tier-3""}",https://thanosvibs.money/api/characters/warmachine7/skills
warmachine2,warmachine,Avengers: The Initiative,false,2,https://thanosvibs.money/images-thumbnails/portraits/md/warmachine2.png,/mff-assets/uniforms/warmachine2.webp,Blast,Hero,Male,Human,"{""Machine"",""Leadership"",""Physical"",""Energy"",""Instinct:Justice"",""Source:Comic"",""Tier-4"",""Tier-3""}",https://thanosvibs.money/api/characters/warmachine2/skills
warmachine8,warmachine,Invincible Iron Man,false,3,https://thanosvibs.money/images-thumbnails/portraits/md/warmachine8.png,/mff-assets/uniforms/warmachine8.webp,Blast,Hero,Male,Human,"{""Machine"",""Leadership"",""Physical"",""Instinct:Justice"",""Source:Comic"",""Tier-4"",""Tier-3""}",https://thanosvibs.money/api/characters/warmachine8/skills
warmachine1,warmachine,Iron Patriot,false,4,https://thanosvibs.money/images-thumbnails/portraits/md/warmachine1.png,/mff-assets/uniforms/warmachine1.webp,Blast,Hero,Male,Human,"{""Machine"",""Leadership"",""Physical"",""Energy"",""Instinct:Justice"",""Source:Comic"",""Tier-4"",""Tier-3""}",https://thanosvibs.money/api/characters/warmachine1/skills
warmachine5,warmachine,Marvel Studios' Avengers: Endgame,false,5,https://thanosvibs.money/images-thumbnails/portraits/md/warmachine5.png,/mff-assets/uniforms/warmachine5.webp,Blast,Hero,Male,Human,"{""Machine"",""Leadership"",""Physical"",""Energy"",""Instinct:Justice"",""Source:Mcu"",""Tier-4"",""Tier-3""}",https://thanosvibs.money/api/characters/warmachine5/skills
warmachine4,warmachine,Marvel Studios' Avengers: Infinity War,false,6,https://thanosvibs.money/images-thumbnails/portraits/md/warmachine4.png,/mff-assets/uniforms/warmachine4.webp,Blast,Hero,Male,Human,"{""Machine"",""Leadership"",""Physical"",""Energy"",""Instinct:Justice"",""Source:Mcu"",""Tier-4"",""Tier-3""}",https://thanosvibs.money/api/characters/warmachine4/skills
warmachine3,warmachine,Marvel Studios' Captain America: Civil War,false,7,https://thanosvibs.money/images-thumbnails/portraits/md/warmachine3.png,/mff-assets/uniforms/warmachine3.webp,Blast,Hero,Male,Human,"{""Machine"",""Leadership"",""Physical"",""Energy"",""Instinct:Justice"",""Source:Mcu"",""Tier-4"",""Tier-3""}",https://thanosvibs.money/api/characters/warmachine3/skills
warmachine6,warmachine,Team Suit,false,8,https://thanosvibs.money/images-thumbnails/portraits/md/warmachine6.png,/mff-assets/uniforms/warmachine6.webp,Blast,Hero,Male,Human,"{""Machine"",""Leadership"",""Physical"",""Energy"",""Instinct:Justice"",""Source:Mcu"",""Tier-4"",""Tier-3""}",https://thanosvibs.money/api/characters/warmachine6/skills
wartiger,wartiger,Default,true,0,https://thanosvibs.money/images-thumbnails/portraits/md/wartiger.png,/mff-assets/uniforms/wartiger.webp,Combat,Hero,Male,Human,"{""Warriors of the Sky"",""Strong"",""Durability"",""Physical"",""Instinct:Justice"",""Source:Original"",""Transcended""}",https://thanosvibs.money/api/characters/wartiger/skills
wartiger1,wartiger,Moon Temple Defenders,false,1,https://thanosvibs.money/images-thumbnails/portraits/md/wartiger1.png,/mff-assets/uniforms/wartiger1.webp,Combat,Hero,Male,Human,"{""Warriors of the Sky"",""Strong"",""Durability"",""Physical"",""Instinct:Justice"",""Source:Original"",""Transcended""}",https://thanosvibs.money/api/characters/wartiger1/skills
warpath,warpath,Default,true,0,https://thanosvibs.money/images-thumbnails/portraits/md/warpath.png,/mff-assets/uniforms/warpath.webp,Combat,Hero,Male,Mutant,"{""Strong"",""Leadership"",""Physical"",""Energy"",""Instinct:Order"",""Source:Comic"",""Transcended""}",https://thanosvibs.money/api/characters/warpath/skills
warwolf,warwolf,Default,true,0,https://thanosvibs.money/images-thumbnails/portraits/md/warwolf.png,/mff-assets/uniforms/warwolf.webp,Combat,Hero,Male,Human,"{""Healing"",""Agent"",""Physical"",""Instinct:Justice"",""Source:Comic"",""Transcended""}",https://thanosvibs.money/api/characters/warwolf/skills
wasp,wasp,Default,true,0,https://thanosvibs.money/images-thumbnails/portraits/md/wasp.png,/mff-assets/uniforms/wasp.webp,Blast,Hero,Female,Human,"{""Fast Movement"",""Energy"",""Instinct:Justice"",""Source:Comic"",""Transcended""}",https://thanosvibs.money/api/characters/wasp/skills
wasp1,wasp,"All-New, All-Different",false,1,https://thanosvibs.money/images-thumbnails/portraits/md/wasp1.png,/mff-assets/uniforms/wasp1.webp,Blast,Hero,Female,Human,"{""Fast Movement"",""Energy"",""Instinct:Justice"",""Source:Comic"",""Transcended""}",https://thanosvibs.money/api/characters/wasp1/skills
wasp3,wasp,Ant-Man and the Wasp: Quantumania,false,2,https://thanosvibs.money/images-thumbnails/portraits/md/wasp3.png,/mff-assets/uniforms/wasp3.webp,Blast,Hero,Female,Human,"{""Fast Movement"",""Energy"",""Instinct:Justice"",""Source:Mcu"",""Transcended""}",https://thanosvibs.money/api/characters/wasp3/skills
wasp2,wasp,Marvel Studios' Ant-Man and the Wasp,false,3,https://thanosvibs.money/images-thumbnails/portraits/md/wasp2.png,/mff-assets/uniforms/wasp2.webp,Blast,Hero,Female,Human,"{""Fast Movement"",""Energy"",""Physical"",""Instinct:Justice"",""Source:Mcu"",""Transcended""}",https://thanosvibs.money/api/characters/wasp2/skills
nadiavandyne,waspnadiavandyne,Default,true,0,https://thanosvibs.money/images-thumbnails/portraits/md/nadiavandyne.png,/mff-assets/uniforms/nadiavandyne.webp,Blast,Hero,Female,Human,"{""Agent"",""Fast Movement"",""Energy"",""Physical"",""Instinct:Justice"",""Source:Comic"",""Transcended""}",https://thanosvibs.money/api/characters/nadiavandyne/skills
wave,wave,Default,true,0,https://thanosvibs.money/images-thumbnails/portraits/md/wave.png,/mff-assets/uniforms/wave.webp,Speed,Hero,Female,Human,"{""Heightened Senses"",""Agility"",""Energy"",""Instinct:Justice"",""Source:Comic"",""Transcended""}",https://thanosvibs.money/api/characters/wave/skills
wave1,wave,Classic,false,1,https://thanosvibs.money/images-thumbnails/portraits/md/wave1.png,/mff-assets/uniforms/wave1.webp,Speed,Hero,Female,Human,"{""Heightened Senses"",""Agility"",""Energy"",""Instinct:Justice"",""Source:Original"",""Transcended""}",https://thanosvibs.money/api/characters/wave1/skills
weaponhex,weaponhex,Default,true,0,https://thanosvibs.money/images-thumbnails/portraits/md/weaponhex.png,/mff-assets/uniforms/weaponhex.webp,Blast,Hero,Female,Mutant,"{""Infinity Warps"",""Healing"",""Chaos Magic"",""Energy"",""Instinct:Order"",""Source:Comic"",""Tier-4"",""Transcended""}",https://thanosvibs.money/api/characters/weaponhex/skills
weaponhex1,weaponhex,Infected Bioweapon,false,1,https://thanosvibs.money/images-thumbnails/portraits/md/weaponhex1.png,/mff-assets/uniforms/weaponhex1.webp,Blast,Villain,Female,Mutant,"{""Zombie"",""Healing"",""Chaos Magic"",""Energy"",""Instinct:Order"",""Source:Original"",""Tier-4"",""Transcended""}",https://thanosvibs.money/api/characters/weaponhex1/skills
wenwu,wenwu,Default,true,0,https://thanosvibs.money/images-thumbnails/portraits/md/wenwu.png,/mff-assets/uniforms/wenwu.webp,Blast,Villain,Male,Human,"{""Agility"",""Pure Evil"",""Energy"",""Instinct:Cruelty"",""Source:Mcu"",""Tier-3""}",https://thanosvibs.money/api/characters/wenwu/skills
wenwu1,wenwu,Marvel Studios' What If...?,false,1,https://thanosvibs.money/images-thumbnails/portraits/md/wenwu1.png,/mff-assets/uniforms/wenwu1.webp,Blast,Villain,Male,Human,"{""Agility"",""Pure Evil"",""Energy"",""Instinct:Cruelty"",""Source:Mcu"",""Tier-3""}",https://thanosvibs.money/api/characters/wenwu1/skills
whiplash,whiplash,Default,true,0,https://thanosvibs.money/images-thumbnails/portraits/md/whiplash.png,/mff-assets/uniforms/whiplash.webp,Blast,Villain,Male,Human,"{""Shock"",""Machine"",""Instinct:Cruelty"",""Source:Mcu"",""Transcended""}",https://thanosvibs.money/api/characters/whiplash/skills
whitefox,whitefox,Default,true,0,https://thanosvibs.money/images-thumbnails/portraits/md/whitefox.png,/mff-assets/uniforms/whitefox.webp,Speed,Hero,Female,Human,"{""Agility"",""Agent"",""Leadership"",""Physical"",""Instinct:Justice"",""Source:Comic"",""Tier-4"",""Tier-3""}",https://thanosvibs.money/api/characters/whitefox/skills
whitefox3,whitefox,Agent F-One,false,1,https://thanosvibs.money/images-thumbnails/portraits/md/whitefox3.png,/mff-assets/uniforms/whitefox3.webp,Speed,Hero,Female,Human,"{""Agility"",""Agent"",""Leadership"",""Physical"",""Instinct:Justice"",""Source:Comic"",""Tier-4"",""Tier-3""}",https://thanosvibs.money/api/characters/whitefox3/skills
whitefox1,whitefox,Lifestyle Series 1,false,2,https://thanosvibs.money/images-thumbnails/portraits/md/whitefox1.png,/mff-assets/uniforms/whitefox1.webp,Speed,Hero,Female,Human,"{""Agility"",""Agent"",""Leadership"",""Physical"",""Instinct:Justice"",""Source:Original"",""Tier-4"",""Tier-3""}",https://thanosvibs.money/api/characters/whitefox1/skills
whitefox2,whitefox,Lifestyle Series 2,false,3,https://thanosvibs.money/images-thumbnails/portraits/md/whitefox2.png,/mff-assets/uniforms/whitefox2.webp,Speed,Hero,Female,Human,"{""Agility"",""Agent"",""Leadership"",""Physical"",""Cold"",""Instinct:Justice"",""Source:Original"",""Tier-4"",""Tier-3""}",https://thanosvibs.money/api/characters/whitefox2/skills
whitetiger,whitetiger,Default,true,0,https://thanosvibs.money/images-thumbnails/portraits/md/whitetiger.png,/mff-assets/uniforms/whitetiger.webp,Combat,Hero,Female,Human,"{""Agility"",""Physical"",""Lightning"",""Cold"",""Instinct:Justice"",""Source:Comic"",""Transcended""}",https://thanosvibs.money/api/characters/whitetiger/skills
whitetiger1,whitetiger,Marvel Television's Daredevil: Born Again,false,1,https://thanosvibs.money/images-thumbnails/portraits/md/whitetiger1.png,/mff-assets/uniforms/whitetiger1.webp,Combat,Hero,Male,Human,"{""Agility"",""Physical"",""Lightning"",""Cold"",""Instinct:Justice"",""Source:Mcu"",""Transcended""}",https://thanosvibs.money/api/characters/whitetiger1/skills
wiccan,wiccan,Default,true,0,https://thanosvibs.money/images-thumbnails/portraits/md/wiccan.png,/mff-assets/uniforms/wiccan.webp,Blast,Hero,Male,Human,"{""Fast Movement"",""Energy Projection"",""Energy"",""Instinct:Justice"",""Source:Comic"",""Transcended""}",https://thanosvibs.money/api/characters/wiccan/skills
wintersoldier,wintersoldier,Default,true,0,https://thanosvibs.money/images-thumbnails/portraits/md/wintersoldier.png,/mff-assets/uniforms/wintersoldier.webp,Speed,Hero,Male,Human,"{""Weapons Master"",""Physical"",""Instinct:Justice"",""Source:Mcu"",""Tier-4"",""Tier-3""}",https://thanosvibs.money/api/characters/wintersoldier/skills
wintersoldier2,wintersoldier,Captain America,false,1,https://thanosvibs.money/images-thumbnails/portraits/md/wintersoldier2.png,/mff-assets/uniforms/wintersoldier2.webp,Speed,Hero,Male,Human,"{""Weapons Master"",""Physical"",""Lightning"",""Instinct:Justice"",""Source:Comic"",""Tier-4"",""Tier-3""}",https://thanosvibs.money/api/characters/wintersoldier2/skills
wintersoldier3,wintersoldier,Marvel Studios' Avengers: Infinity War,false,2,https://thanosvibs.money/images-thumbnails/portraits/md/wintersoldier3.png,/mff-assets/uniforms/wintersoldier3.webp,Speed,Hero,Male,Human,"{""Weapons Master"",""Physical"",""Instinct:Justice"",""Source:Mcu"",""Tier-4"",""Tier-3""}",https://thanosvibs.money/api/characters/wintersoldier3/skills
wintersoldier1,wintersoldier,Marvel Studios' Captain America: Civil War,false,3,https://thanosvibs.money/images-thumbnails/portraits/md/wintersoldier1.png,/mff-assets/uniforms/wintersoldier1.webp,Speed,Hero,Male,Human,"{""Weapons Master"",""Physical"",""Instinct:Justice"",""Source:Mcu"",""Tier-4"",""Tier-3""}",https://thanosvibs.money/api/characters/wintersoldier1/skills
wintersoldier4,wintersoldier,Marvel Studios' The Falcon and the Winter Soldier,false,4,https://thanosvibs.money/images-thumbnails/portraits/md/wintersoldier4.png,/mff-assets/uniforms/wintersoldier4.webp,Speed,Hero,Male,Human,"{""Weapons Master"",""Leadership"",""Physical"",""Instinct:Justice"",""Source:Mcu"",""Tier-4"",""Tier-3""}",https://thanosvibs.money/api/characters/wintersoldier4/skills
wintersoldier6,wintersoldier,Marvel Studios' Thunderbolts*,false,5,https://thanosvibs.money/images-thumbnails/portraits/md/wintersoldier6.png,/mff-assets/uniforms/wintersoldier6.webp,Speed,Hero,Male,Human,"{""Weapons Master"",""Leadership"",""Thunderbolts"",""Physical"",""Instinct:Justice"",""Source:Mcu"",""Tier-4"",""Tier-3""}",https://thanosvibs.money/api/characters/wintersoldier6/skills
wintersoldier5,wintersoldier,Revolution,false,6,https://thanosvibs.money/images-thumbnails/portraits/md/wintersoldier5.png,/mff-assets/uniforms/wintersoldier5.webp,Combat,Villain,Male,Human,"{""Weapons Master"",""Leadership"",""Physical"",""Instinct:Justice"",""Source:Comic"",""Tier-4"",""Tier-3""}",https://thanosvibs.money/api/characters/wintersoldier5/skills
wolverine,wolverine,Default,true,0,https://thanosvibs.money/images-thumbnails/portraits/md/wolverine.png,/mff-assets/uniforms/wolverine.webp,Combat,Hero,Male,Mutant,"{""Weapons Master"",""Healing"",""Physical"",""Instinct:Order"",""Source:Comic"",""Tier-4"",""Tier-3""}",https://thanosvibs.money/api/characters/wolverine/skills
wolverine1,wolverine,Age of Apocalypse,false,1,https://thanosvibs.money/images-thumbnails/portraits/md/wolverine1.png,/mff-assets/uniforms/wolverine1.webp,Combat,Hero,Male,Mutant,"{""Weapons Master"",""Healing"",""Physical"",""Instinct:Order"",""Source:Comic"",""Tier-4"",""Tier-3""}",https://thanosvibs.money/api/characters/wolverine1/skills
wolverine2,wolverine,All-New Marvel NOW!,false,2,https://thanosvibs.money/images-thumbnails/portraits/md/wolverine2.png,/mff-assets/uniforms/wolverine2.webp,Combat,Hero,Male,Mutant,"{""Weapons Master"",""Healing"",""Physical"",""Instinct:Order"",""Source:Comic"",""Tier-4"",""Tier-3""}",https://thanosvibs.money/api/characters/wolverine2/skills
wolverine5,wolverine,Enter the Phoenix,false,3,https://thanosvibs.money/images-thumbnails/portraits/md/wolverine5.png,/mff-assets/uniforms/wolverine5.webp,Combat,Hero,Male,Mutant,"{""Weapons Master"",""Healing"",""Phoenix Force"",""Physical"",""Fire"",""Instinct:Order"",""Source:Comic"",""Tier-4"",""Tier-3""}",https://thanosvibs.money/api/characters/wolverine5/skills
wolverine4,wolverine,House of X,false,4,https://thanosvibs.money/images-thumbnails/portraits/md/wolverine4.png,/mff-assets/uniforms/wolverine4.webp,Combat,Hero,Male,Mutant,"{""Weapons Master"",""Healing"",""Physical"",""Instinct:Order"",""Source:Comic"",""Tier-4"",""Tier-3""}",https://thanosvibs.money/api/characters/wolverine4/skills
wolverine7,wolverine,Marvel Studios' Deadpool & Wolverine,false,5,https://thanosvibs.money/images-thumbnails/portraits/md/wolverine7.png,/mff-assets/uniforms/wolverine7.webp,Combat,Hero,Male,Mutant,"{""Weapons Master"",""Healing"",""Physical"",""Instinct:Order"",""Source:Mcu"",""Tier-4"",""Tier-3""}",https://thanosvibs.money/api/characters/wolverine7/skills
wolverine6,wolverine,X Deaths of Wolverine,false,6,https://thanosvibs.money/images-thumbnails/portraits/md/wolverine6.png,/mff-assets/uniforms/wolverine6.webp,Combat,Hero,Male,Mutant,"{""Weapons Master"",""Healing"",""Physical"",""Instinct:Order"",""Source:Comic"",""Tier-4"",""Tier-3""}",https://thanosvibs.money/api/characters/wolverine6/skills
wolverine3,wolverine,X-Force,false,7,https://thanosvibs.money/images-thumbnails/portraits/md/wolverine3.png,/mff-assets/uniforms/wolverine3.webp,Combat,Hero,Male,Mutant,"{""Weapons Master"",""Healing"",""Physical"",""Instinct:Order"",""Source:Comic"",""Tier-4"",""Tier-3""}",https://thanosvibs.money/api/characters/wolverine3/skills
wong,wong,Default,true,0,https://thanosvibs.money/images-thumbnails/portraits/md/wong.png,/mff-assets/uniforms/wong.webp,Speed,Hero,Male,Human,"{""Weapons Master"",""Physical"",""Instinct:Justice"",""Source:Comic"",""Tier-4"",""Tier-3""}",https://thanosvibs.money/api/characters/wong/skills
wong1,wong,Marvel Studios' Doctor Strange,false,1,https://thanosvibs.money/images-thumbnails/portraits/md/wong1.png,/mff-assets/uniforms/wong1.webp,Speed,Hero,Male,Human,"{""Weapons Master"",""Physical"",""Instinct:Justice"",""Source:Mcu"",""Tier-4"",""Tier-3""}",https://thanosvibs.money/api/characters/wong1/skills
wong2,wong,Marvel Studios' Doctor Strange 2,false,2,https://thanosvibs.money/images-thumbnails/portraits/md/wong2.png,/mff-assets/uniforms/wong2.webp,Speed,Hero,Male,Human,"{""Weapons Master"",""Magic"",""Agility"",""Physical"",""Instinct:Justice"",""Source:Mcu"",""Tier-4"",""Tier-3""}",https://thanosvibs.money/api/characters/wong2/skills
wong3,wong,What If... Zombies?!,false,3,https://thanosvibs.money/images-thumbnails/portraits/md/wong3.png,/mff-assets/uniforms/wong3.webp,Speed,Villain,Male,Human,"{""Weapons Master"",""Magic"",""Zombie"",""Physical"",""Instinct:Justice"",""Source:Mcu"",""Tier-4"",""Tier-3""}",https://thanosvibs.money/api/characters/wong3/skills
x-23,x23,Default,true,0,https://thanosvibs.money/images-thumbnails/portraits/md/x-23.png,/mff-assets/uniforms/x23.webp,Speed,Hero,Female,Mutant,"{""Agility"",""Healing"",""Physical"",""Instinct:Order"",""Source:Comic"",""Tier-4"",""Transcended""}",https://thanosvibs.money/api/characters/x-23/skills
x-232,x23,All-New Wolverine,false,1,https://thanosvibs.money/images-thumbnails/portraits/md/x-232.png,/mff-assets/uniforms/x232.webp,Combat,Hero,Female,Mutant,"{""Agility"",""Healing"",""Physical"",""Instinct:Order"",""Source:Comic"",""Tier-4"",""Transcended""}",https://thanosvibs.money/api/characters/x-232/skills
x-233,x23,Target X,false,2,https://thanosvibs.money/images-thumbnails/portraits/md/x-233.png,/mff-assets/uniforms/x233.webp,Speed,Hero,Female,Mutant,"{""Agility"",""Healing"",""Physical"",""Instinct:Order"",""Source:Comic"",""Tier-4"",""Transcended""}",https://thanosvibs.money/api/characters/x-233/skills
x-231,x23,X-Force,false,3,https://thanosvibs.money/images-thumbnails/portraits/md/x-231.png,/mff-assets/uniforms/x231.webp,Speed,Hero,Female,Mutant,"{""Agility"",""Healing"",""Physical"",""Instinct:Order"",""Source:Comic"",""Tier-4"",""Transcended""}",https://thanosvibs.money/api/characters/x-231/skills
yelenabelova,yelenabelova,Default,true,0,https://thanosvibs.money/images-thumbnails/portraits/md/yelenabelova.png,/mff-assets/uniforms/yelenabelova.webp,Speed,Villain,Female,Human,"{""Agility"",""Agent"",""Physical"",""Instinct:Cruelty"",""Source:Comic"",""Tier-4"",""Transcended""}",https://thanosvibs.money/api/characters/yelenabelova/skills
yelenabelova1,yelenabelova,Marvel Studios' Black Widow,false,1,https://thanosvibs.money/images-thumbnails/portraits/md/yelenabelova1.png,/mff-assets/uniforms/yelenabelova1.webp,Speed,Hero,Female,Human,"{""Agility"",""Agent"",""Physical"",""Instinct:Cruelty"",""Source:Mcu"",""Tier-4"",""Transcended""}",https://thanosvibs.money/api/characters/yelenabelova1/skills
yelenabelova2,yelenabelova,Marvel Studios' Black Widow (Snow Suit),false,2,https://thanosvibs.money/images-thumbnails/portraits/md/yelenabelova2.png,/mff-assets/uniforms/yelenabelova2.webp,Speed,Hero,Female,Human,"{""Agility"",""Agent"",""Physical"",""Instinct:Cruelty"",""Source:Mcu"",""Tier-4"",""Transcended""}",https://thanosvibs.money/api/characters/yelenabelova2/skills
yelenabelova3,yelenabelova,Marvel Studios' Thunderbolts*,false,3,https://thanosvibs.money/images-thumbnails/portraits/md/yelenabelova3.png,/mff-assets/uniforms/yelenabelova3.webp,Speed,Hero,Female,Human,"{""Agility"",""Agent"",""Thunderbolts"",""Physical"",""Instinct:Cruelty"",""Source:Mcu"",""Tier-4"",""Transcended""}",https://thanosvibs.money/api/characters/yelenabelova3/skills
yellowjacket,yellowjacket,Default,true,0,https://thanosvibs.money/images-thumbnails/portraits/md/yellowjacket.png,/mff-assets/uniforms/yellowjacket.webp,Blast,Villain,Male,Human,"{""Pure Evil"",""Machine"",""Energy"",""Physical"",""Instinct:Cruelty"",""Source:Mcu"",""Transcended""}",https://thanosvibs.money/api/characters/yellowjacket/skills
yellowjacket1,yellowjacket,Marvel NOW!,false,1,https://thanosvibs.money/images-thumbnails/portraits/md/yellowjacket1.png,/mff-assets/uniforms/yellowjacket1.webp,Blast,Villain,Male,Human,"{""Pure Evil"",""Machine"",""Energy"",""Physical"",""Instinct:Cruelty"",""Source:Comic"",""Transcended""}",https://thanosvibs.money/api/characters/yellowjacket1/skills
yondu,yondu,Default,true,0,https://thanosvibs.money/images-thumbnails/portraits/md/yondu.png,/mff-assets/uniforms/yondu.webp,Speed,Hero,Male,Alien,"{""Command"",""Weapons Master"",""Physical"",""Energy"",""Instinct:Order"",""Source:Mcu"",""Tier-3""}",https://thanosvibs.money/api/characters/yondu/skills
yondu1,yondu,"All-New, All-Different",false,1,https://thanosvibs.money/images-thumbnails/portraits/md/yondu1.png,/mff-assets/uniforms/yondu1.webp,Speed,Hero,Male,Alien,"{""Command"",""Weapons Master"",""Physical"",""Energy"",""Instinct:Order"",""Source:Comic"",""Tier-3""}",https://thanosvibs.money/api/characters/yondu1/skills
yondu2,yondu,Guardians of the Galaxy 2,false,2,https://thanosvibs.money/images-thumbnails/portraits/md/yondu2.png,/mff-assets/uniforms/yondu2.webp,Speed,Hero,Male,Alien,"{""Command"",""Weapons Master"",""Physical"",""Energy"",""Instinct:Order"",""Source:Mcu"",""Tier-3""}",https://thanosvibs.money/api/characters/yondu2/skills
yondu3,yondu,Summer Vacation,false,3,https://thanosvibs.money/images-thumbnails/portraits/md/yondu3.png,/mff-assets/uniforms/yondu3.webp,Speed,Hero,Male,Alien,"{""Command"",""Weapons Master"",""Physical"",""Instinct:Order"",""Source:Original"",""Tier-3""}",https://thanosvibs.money/api/characters/yondu3/skills
zeus,zeus,Default,true,0,https://thanosvibs.money/images-thumbnails/portraits/md/zeus.png,/mff-assets/uniforms/zeus.webp,Universal,Hero,Male,Alien,"{""Shock"",""Energy Projection"",""Olympus"",""Energy"",""Lightning"",""Instinct:Order"",""Source:Comic"",""Tier-4"",""Tier-3""}",https://thanosvibs.money/api/characters/zeus/skills
