id,name,portrait_url,portrait_local_url,combat_type,side,gender,species,tags,source,source_url
abomination,Abomination,https://thanosvibs.money/images-thumbnails/portraits/md/abomination1.png,/mff-assets/characters/abomination1.webp,Combat,Villain,Male,Human,"{""Gamma Radiation"",""Durability"",""Zombie"",""Physical"",""Instinct:Cruelty"",""Source:Original"",""Tier-3"",""Source:Comic"",""lead-support-data"",""artifact-data"",""uniform-data""}",thanosvibs,https://thanosvibs.money
absorbingman,Absorbing Man,https://thanosvibs.money/images-thumbnails/portraits/md/absorbingman1.png,/mff-assets/characters/absorbingman1.webp,Combat,Villain,Male,Human,"{""Strong"",""Physical"",""Instinct:Cruelty"",""Source:Comic"",""Transcended"",""artifact-data"",""uniform-data""}",thanosvibs,https://thanosvibs.money
adamwarlock,Adam Warlock,https://thanosvibs.money/images-thumbnails/portraits/md/adamwarlock2.png,/mff-assets/characters/adamwarlock2.webp,Blast,Hero,Male,Creature,"{""Magic"",""Time Freezing Immunity"",""Energy"",""Instinct:Order"",""Source:Mcu"",""Tier-4"",""Tier-3"",""Source:Comic"",""artifact-data"",""uniform-data""}",thanosvibs,https://thanosvibs.money
aero,Aero,https://thanosvibs.money/images-thumbnails/portraits/md/aero1.png,/mff-assets/characters/aero1.webp,Speed,Hero,Female,Human,"{""Leadership"",""Fast Movement"",""Energy"",""Instinct:Justice"",""Source:Original"",""Transcended"",""Source:Comic"",""artifact-data"",""uniform-data""}",thanosvibs,https://thanosvibs.money
agent13,Agent 13,https://thanosvibs.money/images-thumbnails/portraits/md/sharoncarter1.png,/mff-assets/characters/sharoncarter1.webp,Speed,Hero,Female,Human,"{""Agent"",""Physical"",""Energy"",""Instinct:Justice"",""Source:Mcu"",""Transcended"",""Source:Comic"",""artifact-data"",""uniform-data""}",thanosvibs,https://thanosvibs.money
agentvenom,Agent Venom,https://thanosvibs.money/images-thumbnails/portraits/md/agentvenom3.png,/mff-assets/characters/agentvenom3.webp,Combat,Hero,Male,Human,"{""Symbiote"",""Leadership"",""Agent"",""Physical"",""Instinct:Justice"",""Source:Comic"",""Tier-4"",""Transcended"",""lead-support-data"",""artifact-data"",""uniform-data""}",thanosvibs,https://thanosvibs.money
americachavez,America Chavez,https://thanosvibs.money/images-thumbnails/portraits/md/americachavez3.png,/mff-assets/characters/americachavez3.webp,Combat,Hero,Female,Human,"{""Strong"",""Fast Movement"",""Young Avengers"",""Physical"",""Instinct:Justice"",""Source:Comic"",""Tier-4"",""Transcended"",""Source:Mcu"",""lead-support-data"",""artifact-data"",""uniform-data""}",thanosvibs,https://thanosvibs.money
ancientone,Ancient One,https://thanosvibs.money/images-thumbnails/portraits/md/ancientone3.png,/mff-assets/characters/ancientone3.webp,Blast,Hero,Male,Human,"{""Magic"",""Leadership"",""Energy"",""Instinct:Justice"",""Source:Original"",""Tier-4"",""Tier-3"",""Source:Mcu"",""Source:Comic"",""lead-support-data"",""artifact-data"",""uniform-data""}",thanosvibs,https://thanosvibs.money
angel,Angel,https://thanosvibs.money/images-thumbnails/portraits/md/angel3.png,/mff-assets/characters/angel3.webp,Speed,Hero,Male,Mutant,"{""Fast Movement"",""Leadership"",""Physical"",""Instinct:Order"",""Source:Original"",""Tier-4"",""Transcended"",""Source:Comic"",""Energy"",""Alias:Archangel"",""lead-support-data"",""artifact-data"",""uniform-data""}",thanosvibs,https://thanosvibs.money
angela,Angela,https://thanosvibs.money/images-thumbnails/portraits/md/angela3.png,/mff-assets/characters/angela3.webp,Universal,Hero,Female,Alien,"{""Weapons Master"",""Physical"",""Instinct:Order"",""Source:Comic"",""Transcended"",""Flame"",""Fire"",""lead-support-data"",""artifact-data"",""uniform-data""}",thanosvibs,https://thanosvibs.money
antman,Ant-Man,https://thanosvibs.money/images-thumbnails/portraits/md/antman6.png,/mff-assets/characters/antman6.webp,Speed,Hero,Male,Human,"{""Agility"",""Physical"",""Instinct:Justice"",""Source:Mcu"",""Tier-4"",""Tier-3"",""Source:Comic"",""artifact-data"",""uniform-data""}",thanosvibs,https://thanosvibs.money
antiman,Anti-Man,https://thanosvibs.money/images-thumbnails/portraits/md/antiman1.png,/mff-assets/characters/antiman1.webp,Universal,Villain,Male,Human,"{""Fast Movement"",""Energy Projection"",""Energy"",""Instinct:Cruelty"",""Source:Comic"",""Tier-3"",""lead-support-data"",""artifact-data"",""uniform-data""}",thanosvibs,https://thanosvibs.money
apocalypse,Apocalypse,https://thanosvibs.money/images-thumbnails/portraits/md/apocalypse3.png,/mff-assets/characters/apocalypse3.webp,Combat,Villain,Male,Mutant,"{""Fast Movement"",""Pure Evil"",""Durability"",""Energy"",""Mind"",""Instinct:Destruction"",""Source:Animation"",""Tier-4"",""Tier-3"",""Alias:Young Apocalypse"",""Physical"",""Fire"",""Source:Comic"",""lead-support-data"",""artifact-data"",""uniform-data""}",thanosvibs,https://thanosvibs.money
arachknight,Arachknight,https://thanosvibs.money/images-thumbnails/portraits/md/arachknight1.png,/mff-assets/characters/arachknight1.webp,Speed,Hero,Male,Human,"{""Leadership"",""Infinity Warps"",""Spider-Sense"",""Physical"",""Instinct:Justice"",""Source:Comic"",""Transcended"",""lead-support-data"",""artifact-data"",""uniform-data""}",thanosvibs,https://thanosvibs.money
ares,Ares,https://thanosvibs.money/images-thumbnails/portraits/md/ares1.png,/mff-assets/characters/ares1.webp,Combat,Villain,Male,Alien,"{""Weapons Master"",""Strong"",""Olympus"",""Physical"",""Instinct:Order"",""Source:Comic"",""Tier-4"",""Transcended"",""Dark Avengers"",""lead-support-data"",""artifact-data"",""uniform-data""}",thanosvibs,https://thanosvibs.money
athena,Athena,https://thanosvibs.money/images-thumbnails/portraits/md/athena.png,/mff-assets/characters/athena.webp,Combat,Hero,Female,Alien,"{""Agility"",""Healing"",""Olympus"",""Physical"",""Instinct:Order"",""Source:Comic"",""Transcended"",""lead-support-data"",""artifact-data""}",thanosvibs,https://thanosvibs.money
baronmordo,Baron Mordo,https://thanosvibs.money/images-thumbnails/portraits/md/baronmordo2.png,/mff-assets/characters/baronmordo2.webp,Speed,Hero,Male,Human,"{""Agility"",""Heightened Senses"",""Magic"",""Physical"",""Instinct:Cruelty"",""Source:Mcu"",""Transcended"",""Alias:Mordo"",""Pure Evil"",""Energy"",""Fire"",""Source:Comic"",""artifact-data"",""uniform-data""}",thanosvibs,https://thanosvibs.money
baronzemo,Baron Zemo,https://thanosvibs.money/images-thumbnails/portraits/md/baronzemo1.png,/mff-assets/characters/baronzemo1.webp,Speed,Villain,Male,Human,"{""Agility"",""Pure Evil"",""Physical"",""Instinct:Cruelty"",""Source:Mcu"",""Transcended"",""Source:Comic"",""lead-support-data"",""artifact-data"",""uniform-data""}",thanosvibs,https://thanosvibs.money
beast,Beast,https://thanosvibs.money/images-thumbnails/portraits/md/beast4.png,/mff-assets/characters/beast4.webp,Combat,Hero,Male,Mutant,"{""Strong"",""Agility"",""Physical"",""Instinct:Order"",""Source:Animation"",""Tier-4"",""Transcended"",""Lightning"",""Source:Comic"",""Energy"",""lead-support-data"",""artifact-data"",""uniform-data""}",thanosvibs,https://thanosvibs.money
betaraybill,Beta Ray Bill,https://thanosvibs.money/images-thumbnails/portraits/md/betaraybill1.png,/mff-assets/characters/betaraybill1.webp,Universal,Hero,Male,Alien,"{""Flame"",""Leadership"",""Annihilators"",""Energy"",""Fire"",""Lightning"",""Instinct:Order"",""Source:Comic"",""Tier-4"",""Transcended"",""Shock"",""lead-support-data"",""artifact-data"",""uniform-data""}",thanosvibs,https://thanosvibs.money
bishop,Bishop,https://thanosvibs.money/images-thumbnails/portraits/md/bishop1.png,/mff-assets/characters/bishop1.webp,Blast,Hero,Male,Mutant,"{""Energy Projection"",""Energy"",""Instinct:Order"",""Source:Animation"",""Tier-4"",""Transcended"",""Source:Comic"",""lead-support-data"",""artifact-data"",""uniform-data""}",thanosvibs,https://thanosvibs.money
blackbolt,Black Bolt,https://thanosvibs.money/images-thumbnails/portraits/md/blackbolt4.png,/mff-assets/characters/blackbolt4.webp,Universal,Villain,Male,Inhuman,"{""Fast Movement"",""Energy Projection"",""Energy"",""Instinct:Order"",""Source:Comic"",""Tier-4"",""Tier-3"",""Physical"",""lead-support-data"",""artifact-data"",""uniform-data""}",thanosvibs,https://thanosvibs.money
blackcat,Black Cat,https://thanosvibs.money/images-thumbnails/portraits/md/blackcat4.png,/mff-assets/characters/blackcat4.webp,Universal,Hero,Female,Human,"{""Agility"",""Physical"",""Instinct:Cruelty"",""Source:Comic"",""Tier-4"",""Transcended"",""Source:Original"",""lead-support-data"",""artifact-data"",""uniform-data""}",thanosvibs,https://thanosvibs.money
blackdwarf,Black Dwarf,https://thanosvibs.money/images-thumbnails/portraits/md/blackdwarf2.png,/mff-assets/characters/blackdwarf2.webp,Combat,Villain,Male,Alien,"{""Strong"",""Durability"",""Black Order"",""Physical"",""Mind"",""Instinct:Destruction"",""Source:Original"",""Transcended"",""Source:Comic"",""Source:Mcu"",""Alias:Cull Obsidian"",""lead-support-data"",""uniform-data""}",thanosvibs,https://thanosvibs.money
blackknight,Black Knight,https://thanosvibs.money/images-thumbnails/portraits/md/blackknight.png,/mff-assets/characters/blackknight.webp,Combat,Hero,Male,Human,"{""Weapons Master"",""Physical"",""Instinct:Justice"",""Source:Comic"",""Tier-3"",""lead-support-data"",""artifact-data""}",thanosvibs,https://thanosvibs.money
blackpanther,Black Panther,https://thanosvibs.money/images-thumbnails/portraits/md/blackpanther4.png,/mff-assets/characters/blackpanther4.webp,Combat,Hero,Male,Human,"{""Agility"",""Command"",""Physical"",""Instinct:Justice"",""Source:Original"",""Tier-4"",""Tier-3"",""Energy"",""Source:Mcu"",""Source:Comic"",""artifact-data"",""uniform-data""}",thanosvibs,https://thanosvibs.money
blackswan,Black Swan,https://thanosvibs.money/images-thumbnails/portraits/md/blackswan.png,/mff-assets/characters/blackswan.webp,Speed,Villain,Female,Alien,"{""Pure Evil"",""Black Order"",""Energy"",""Instinct:Destruction"",""Source:Comic"",""Tier-3"",""lead-support-data"",""artifact-data""}",thanosvibs,https://thanosvibs.money
blackwidow,Black Widow,https://thanosvibs.money/images-thumbnails/portraits/md/blackwidow11.png,/mff-assets/characters/blackwidow11.webp,Speed,Hero,Female,Human,"{""Agility"",""Agent"",""Symbiote"",""Physical"",""Instinct:Justice"",""Source:Comic"",""Tier-4"",""Tier-3"",""Lightning"",""Source:Original"",""Energy"",""Source:Mcu"",""artifact-data"",""uniform-data""}",thanosvibs,https://thanosvibs.money
blade,Blade,https://thanosvibs.money/images-thumbnails/portraits/md/blade3.png,/mff-assets/characters/blade3.webp,Combat,Hero,Male,Human,"{""Healing"",""Weapons Master"",""Physical"",""Instinct:Justice"",""Source:Original"",""Tier-3"",""Source:Comic"",""lead-support-data"",""artifact-data"",""uniform-data""}",thanosvibs,https://thanosvibs.money
bluedragon,Blue Dragon,https://thanosvibs.money/images-thumbnails/portraits/md/bluedragon1.png,/mff-assets/characters/bluedragon1.webp,Blast,Hero,Female,Human,"{""Warriors of the Sky"",""Leadership"",""Shock"",""Energy"",""Lightning"",""Instinct:Justice"",""Source:Original"",""Tier-4"",""Transcended"",""lead-support-data"",""artifact-data"",""uniform-data""}",thanosvibs,https://thanosvibs.money
bluemarvel,Blue Marvel,https://thanosvibs.money/images-thumbnails/portraits/md/bluemarvel1.png,/mff-assets/characters/bluemarvel1.webp,Universal,Hero,Male,Human,"{""Leadership"",""Energy Projection"",""Energy"",""Instinct:Justice"",""Source:Comic"",""Tier-3"",""uniform-data""}",thanosvibs,https://thanosvibs.money
bullseye,Bullseye,https://thanosvibs.money/images-thumbnails/portraits/md/bullseye3.png,/mff-assets/characters/bullseye3.webp,Speed,Villain,Male,Human,"{""Weapons Master"",""Pure Evil"",""Physical"",""Instinct:Cruelty"",""Source:Comic"",""Tier-4"",""Transcended"",""Dark Avengers"",""lead-support-data"",""artifact-data"",""uniform-data""}",thanosvibs,https://thanosvibs.money
cable,Cable,https://thanosvibs.money/images-thumbnails/portraits/md/cable5.png,/mff-assets/characters/cable5.webp,Blast,Hero,Male,Mutant,"{""Weapons Master"",""Leadership"",""Machine"",""Energy"",""Instinct:Order"",""Source:Comic"",""Tier-4"",""Tier-3"",""Source:Original"",""lead-support-data"",""artifact-data"",""uniform-data""}",thanosvibs,https://thanosvibs.money
captainamerica,Captain America,https://thanosvibs.money/images-thumbnails/portraits/md/captainamerica15.png,/mff-assets/characters/captainamerica15.webp,Combat,Hero,Male,Human,"{""Leadership"",""Command"",""Physical"",""Instinct:Justice"",""Source:Collab"",""Tier-4"",""Tier-3"",""Source:Original"",""Source:Mcu"",""Source:Comic"",""Phoenix Force"",""Fire"",""Energy"",""Cosmic Cube"",""Zombie"",""lead-support-data"",""artifact-data"",""uniform-data""}",thanosvibs,https://thanosvibs.money
captainamericasharonrogers,Captain America (Sharon Rogers),https://thanosvibs.money/images-thumbnails/portraits/md/sharonrogers6.png,/mff-assets/characters/sharonrogers6.webp,Blast,Hero,Female,Human,"{""Leadership"",""Energy Projection"",""Energy"",""Instinct:Justice"",""Source:Original"",""Tier-4"",""Tier-3"",""Physical"",""artifact-data"",""uniform-data""}",thanosvibs,https://thanosvibs.money
captainmarvel,Captain Marvel,https://thanosvibs.money/images-thumbnails/portraits/md/captainmarvel7.png,/mff-assets/characters/captainmarvel7.webp,Universal,Villain,Female,Human,"{""Zombie"",""Leadership"",""Energy Projection"",""Energy"",""Instinct:Justice"",""Source:Animation"",""Tier-4"",""Tier-3"",""Fast Movement"",""Source:Mcu"",""Source:Comic"",""lead-support-data"",""artifact-data"",""uniform-data""}",thanosvibs,https://thanosvibs.money
carnage,Carnage,https://thanosvibs.money/images-thumbnails/portraits/md/carnage3.png,/mff-assets/characters/carnage3.webp,Combat,Villain,Male,Human,"{""Pure Evil"",""Healing"",""Symbiote"",""Physical"",""Instinct:Cruelty"",""Source:Comic"",""Tier-4"",""Tier-3"",""artifact-data"",""uniform-data""}",thanosvibs,https://thanosvibs.money
cassandranova,Cassandra Nova,https://thanosvibs.money/images-thumbnails/portraits/md/cassandranova.png,/mff-assets/characters/cassandranova.webp,Blast,Villain,Female,Mutant,"{""Mind"",""Mind Resist"",""Pure Evil"",""Energy"",""Instinct:Destruction"",""Source:Mcu"",""Tier-3"",""lead-support-data"",""artifact-data""}",thanosvibs,https://thanosvibs.money
cassielang,Cassie Lang,https://thanosvibs.money/images-thumbnails/portraits/md/cassielang.png,/mff-assets/characters/cassielang.webp,Speed,Hero,Female,Human,"{""Fast Movement"",""Agility"",""Energy"",""Instinct:Justice"",""Source:Mcu"",""Transcended"",""lead-support-data"",""artifact-data""}",thanosvibs,https://thanosvibs.money
clea,Clea,https://thanosvibs.money/images-thumbnails/portraits/md/clea.png,/mff-assets/characters/clea.webp,Universal,Hero,Female,Alien,"{""Magic"",""Fast Movement"",""Energy"",""Instinct:Order"",""Source:Comic"",""Transcended"",""artifact-data""}",thanosvibs,https://thanosvibs.money
colossus,Colossus,https://thanosvibs.money/images-thumbnails/portraits/md/colossus3.png,/mff-assets/characters/colossus3.webp,Combat,Hero,Male,Mutant,"{""Strong"",""Leadership"",""Physical"",""Instinct:Order"",""Source:Comic"",""Transcended"",""Phoenix Force"",""Fire"",""lead-support-data"",""artifact-data"",""uniform-data""}",thanosvibs,https://thanosvibs.money
corvusglaive,Corvus Glaive,https://thanosvibs.money/images-thumbnails/portraits/md/corvusglaive2.png,/mff-assets/characters/corvusglaive2.webp,Speed,Villain,Male,Alien,"{""Agility"",""Fast Movement"",""Black Order"",""Physical"",""Mind"",""Instinct:Destruction"",""Source:Original"",""Transcended"",""Energy"",""Source:Comic"",""Source:Mcu"",""uniform-data""}",thanosvibs,https://thanosvibs.money
crescent,Crescent,https://thanosvibs.money/images-thumbnails/portraits/md/crescent3.png,/mff-assets/characters/crescent3.webp,Combat,Hero,Female,Human,"{""Leadership"",""Durability"",""Strong"",""Physical"",""Instinct:Justice"",""Source:Original"",""Tier-4"",""Tier-3"",""lead-support-data"",""artifact-data"",""uniform-data""}",thanosvibs,https://thanosvibs.money
crossbones,Crossbones,https://thanosvibs.money/images-thumbnails/portraits/md/crossbones2.png,/mff-assets/characters/crossbones2.webp,Combat,Villain,Male,Human,"{""Weapons Master"",""Physical"",""Instinct:Cruelty"",""Source:Comic"",""Transcended"",""Source:Mcu"",""Energy"",""Fire"",""lead-support-data"",""artifact-data"",""uniform-data""}",thanosvibs,https://thanosvibs.money
crystal,Crystal,https://thanosvibs.money/images-thumbnails/portraits/md/crystal3.png,/mff-assets/characters/crystal3.webp,Blast,Hero,Female,Inhuman,"{""Command"",""Energy Projection"",""Energy"",""Cold"",""Instinct:Order"",""Source:Original"",""Tier-4"",""Transcended"",""Physical"",""Fire"",""Lightning"",""Source:Comic"",""Fantastic Four"",""lead-support-data"",""artifact-data"",""uniform-data""}",thanosvibs,https://thanosvibs.money
cyclops,Cyclops,https://thanosvibs.money/images-thumbnails/portraits/md/cyclops5.png,/mff-assets/characters/cyclops5.webp,Blast,Hero,Male,Mutant,"{""Energy Projection"",""Command"",""Energy"",""Instinct:Order"",""Source:Animation"",""Tier-4"",""Tier-3"",""Source:Comic"",""Phoenix Force"",""Fire"",""lead-support-data"",""artifact-data"",""uniform-data""}",thanosvibs,https://thanosvibs.money
daisyjohnson,Daisy Johnson,https://thanosvibs.money/images-thumbnails/portraits/md/daisyjohnson2.png,/mff-assets/characters/daisyjohnson2.webp,Blast,Hero,Female,Inhuman,"{""Mind Resist"",""Agent"",""Physical"",""Energy"",""Instinct:Order"",""Source:Tv"",""Transcended"",""Command"",""Source:Comic"",""Alias:Quake"",""artifact-data"",""uniform-data""}",thanosvibs,https://thanosvibs.money
daken,Daken,https://thanosvibs.money/images-thumbnails/portraits/md/daken1.png,/mff-assets/characters/daken1.webp,Combat,Villain,Male,Mutant,"{""Weapons Master"",""Healing"",""Physical"",""Instinct:Destruction"",""Source:Comic"",""Tier-3"",""artifact-data"",""uniform-data""}",thanosvibs,https://thanosvibs.money
daredevil,Daredevil,https://thanosvibs.money/images-thumbnails/portraits/md/daredevil4.png,/mff-assets/characters/daredevil4.webp,Speed,Hero,Male,Human,"{""Heightened Senses"",""Defenders"",""Leadership"",""Physical"",""Instinct:Justice"",""Source:Mcu"",""Tier-4"",""Tier-3"",""Source:Comic"",""Source:Tv"",""artifact-data"",""uniform-data""}",thanosvibs,https://thanosvibs.money
darkhawk,Darkhawk,https://thanosvibs.money/images-thumbnails/portraits/md/darkhawk.png,/mff-assets/characters/darkhawk.webp,Speed,Hero,Male,Human,"{""Leadership"",""Fast Movement"",""Instinct:Justice"",""Source:Comic""}",thanosvibs,https://thanosvibs.money
dazzler,Dazzler,https://thanosvibs.money/images-thumbnails/portraits/md/dazzler1.png,/mff-assets/characters/dazzler1.webp,Blast,Hero,Female,Mutant,"{""Energy Projection"",""Energy"",""Instinct:Order"",""Source:Comic"",""Tier-4"",""Transcended"",""lead-support-data"",""artifact-data"",""uniform-data""}",thanosvibs,https://thanosvibs.money
deadpool,Deadpool,https://thanosvibs.money/images-thumbnails/portraits/md/deadpool7.png,/mff-assets/characters/deadpool7.webp,Speed,Hero,Male,Mutant,"{""Healing"",""Weapons Master"",""Physical"",""Instinct:Order"",""Source:Mcu"",""Tier-4"",""Tier-3"",""Alias:Nicepool"",""Source:Original"",""Source:Comic"",""lead-support-data"",""artifact-data"",""uniform-data""}",thanosvibs,https://thanosvibs.money
deathlok,Deathlok,https://thanosvibs.money/images-thumbnails/portraits/md/deathlok1.png,/mff-assets/characters/deathlok1.webp,Blast,Hero,Male,Human,"{""Machine"",""Agent"",""Physical"",""Energy"",""Instinct:Justice"",""Source:Comic"",""Source:Tv"",""lead-support-data"",""uniform-data""}",thanosvibs,https://thanosvibs.money
destroyer,Destroyer,https://thanosvibs.money/images-thumbnails/portraits/md/destroyer2.png,/mff-assets/characters/destroyer2.webp,Universal,Neutral,Neutral,Creature,"{""Energy Projection"",""Machine"",""Energy"",""Lightning"",""Instinct:Destruction"",""Source:Comic"",""Tier-4"",""Transcended"",""Flame"",""Physical"",""Fire"",""Source:Mcu"",""lead-support-data"",""artifact-data"",""uniform-data""}",thanosvibs,https://thanosvibs.money
doctordoom,Doctor Doom,https://thanosvibs.money/images-thumbnails/portraits/md/doctordoom2.png,/mff-assets/characters/doctordoom2.webp,Universal,Villain,Male,Human,"{""Pure Evil"",""Magic"",""Energy"",""Instinct:Cruelty"",""Source:Comic"",""Tier-4"",""Tier-3"",""Source:Original"",""Fire"",""lead-support-data"",""artifact-data"",""uniform-data""}",thanosvibs,https://thanosvibs.money
doctoroctopus,Doctor Octopus,https://thanosvibs.money/images-thumbnails/portraits/md/doctoroctopus4.png,/mff-assets/characters/doctoroctopus4.webp,Combat,Villain,Male,Human,"{""Machine"",""Durability"",""Sinister Six"",""Physical"",""Lightning"",""Mind"",""Instinct:Cruelty"",""Source:Comic"",""Tier-4"",""Transcended"",""Source:Mcu"",""Agility"",""Spider-Sense"",""Energy"",""lead-support-data"",""artifact-data"",""uniform-data""}",thanosvibs,https://thanosvibs.money
doctorstrange,Doctor Strange,https://thanosvibs.money/images-thumbnails/portraits/md/doctorstrange6.png,/mff-assets/characters/doctorstrange6.webp,Blast,Villain,Male,Human,"{""Magic"",""Fast Movement"",""Zombie"",""Energy"",""Instinct:Justice"",""Source:Mcu"",""Tier-4"",""Tier-3"",""Source:Comic"",""lead-support-data"",""artifact-data"",""uniform-data""}",thanosvibs,https://thanosvibs.money
doctorvoodoo,Doctor Voodoo,https://thanosvibs.money/images-thumbnails/portraits/md/doctorvoodoo2.png,/mff-assets/characters/doctorvoodoo2.webp,Universal,Hero,Male,Human,"{""Magic"",""Command"",""Energy"",""Instinct:Justice"",""Source:Comic"",""Tier-4"",""Transcended"",""lead-support-data"",""artifact-data"",""uniform-data""}",thanosvibs,https://thanosvibs.money
domino,Domino,https://thanosvibs.money/images-thumbnails/portraits/md/domino2.png,/mff-assets/characters/domino2.webp,Speed,Hero,Female,Mutant,"{""Agility"",""Weapons Master"",""Physical"",""Instinct:Order"",""Source:Comic"",""Transcended"",""lead-support-data"",""artifact-data"",""uniform-data""}",thanosvibs,https://thanosvibs.money
dormammu,Dormammu,https://thanosvibs.money/images-thumbnails/portraits/md/dormammu1.png,/mff-assets/characters/dormammu1.webp,Universal,Villain,Male,Other,"{""Magic"",""Pure Evil"",""Energy"",""Fire"",""Instinct:Destruction"",""Source:Comic"",""Tier-3"",""lead-support-data"",""uniform-data""}",thanosvibs,https://thanosvibs.money
drax,Drax,https://thanosvibs.money/images-thumbnails/portraits/md/drax2.png,/mff-assets/characters/drax2.webp,Combat,Hero,Male,Alien,"{""Healing"",""Physical"",""Instinct:Order"",""Source:Comic"",""Transcended"",""Source:Mcu"",""lead-support-data"",""artifact-data"",""uniform-data""}",thanosvibs,https://thanosvibs.money
ebonymaw,Ebony Maw,https://thanosvibs.money/images-thumbnails/portraits/md/ebonymaw3.png,/mff-assets/characters/ebonymaw3.webp,Blast,Villain,Male,Alien,"{""Pure Evil"",""Mind Resist"",""Black Order"",""Energy"",""Mind"",""Instinct:Destruction"",""Source:Original"",""Tier-4"",""Tier-3"",""Physical"",""Source:Comic"",""Source:Mcu"",""lead-support-data"",""artifact-data"",""uniform-data""}",thanosvibs,https://thanosvibs.money
echo,Echo,https://thanosvibs.money/images-thumbnails/portraits/md/echo2.png,/mff-assets/characters/echo2.webp,Speed,Hero,Female,Human,"{""Agility"",""Physical"",""Instinct:Justice"",""Source:Mcu"",""Tier-4"",""Transcended"",""Alias:Maya Lopez (Echo)"",""Phoenix Force"",""Fire"",""Source:Comic"",""Alias:Maya Lopez"",""lead-support-data"",""artifact-data"",""uniform-data""}",thanosvibs,https://thanosvibs.money
electro,Electro,https://thanosvibs.money/images-thumbnails/portraits/md/electro1.png,/mff-assets/characters/electro1.webp,Speed,Villain,Male,Human,"{""Pure Evil"",""Shock"",""Sinister Six"",""Energy"",""Lightning"",""Mind"",""Instinct:Cruelty"",""Source:Mcu"",""Transcended"",""Source:Comic"",""lead-support-data"",""artifact-data"",""uniform-data""}",thanosvibs,https://thanosvibs.money
elektra,Elektra,https://thanosvibs.money/images-thumbnails/portraits/md/elektra3.png,/mff-assets/characters/elektra3.webp,Speed,Hero,Female,Human,"{""Weapons Master"",""Physical"",""Instinct:Justice"",""Source:Comic"",""Tier-4"",""Tier-3"",""Source:Tv"",""artifact-data"",""uniform-data""}",thanosvibs,https://thanosvibs.money
elsabloodstone,Elsa Bloodstone,https://thanosvibs.money/images-thumbnails/portraits/md/elsabloodstone2.png,/mff-assets/characters/elsabloodstone2.webp,Speed,Hero,Female,Human,"{""Weapons Master"",""Physical"",""Energy"",""Instinct:Justice"",""Source:Original"",""Transcended"",""Source:Comic"",""lead-support-data"",""uniform-data""}",thanosvibs,https://thanosvibs.money
emmafrost,Emma Frost,https://thanosvibs.money/images-thumbnails/portraits/md/emmafrost4.png,/mff-assets/characters/emmafrost4.webp,Blast,Hero,Female,Mutant,"{""Mind Resist"",""Durability"",""Energy"",""Mind"",""Instinct:Order"",""Source:Original"",""Tier-4"",""Tier-3"",""Source:Comic"",""Phoenix Force"",""Fire"",""artifact-data"",""uniform-data""}",thanosvibs,https://thanosvibs.money
enchantress,Enchantress,https://thanosvibs.money/images-thumbnails/portraits/md/enchantress2.png,/mff-assets/characters/enchantress2.webp,Blast,Villain,Female,Alien,"{""Magic"",""Mind"",""Energy"",""Instinct:Destruction"",""Source:Comic"",""Tier-3"",""Source:Original"",""lead-support-data"",""artifact-data"",""uniform-data""}",thanosvibs,https://thanosvibs.money
exodus,Exodus,https://thanosvibs.money/images-thumbnails/portraits/md/exodus.png,/mff-assets/characters/exodus.webp,Universal,Hero,Male,Mutant,"{""Energy Projection"",""Command"",""Energy"",""Instinct:Order"",""Source:Comic"",""Transcended"",""lead-support-data"",""artifact-data""}",thanosvibs,https://thanosvibs.money
falcon,Falcon,https://thanosvibs.money/images-thumbnails/portraits/md/falcon6.png,/mff-assets/characters/falcon6.webp,Speed,Hero,Male,Human,"{""Fast Movement"",""Leadership"",""Command"",""Physical"",""Instinct:Justice"",""Source:Mcu"",""Tier-4"",""Tier-3"",""Alias:Captain America (Sam Wilson)"",""Source:Comic"",""Zombie"",""lead-support-data"",""artifact-data"",""uniform-data""}",thanosvibs,https://thanosvibs.money
falconjoaquintorres,Falcon (Joaquin Torres),https://thanosvibs.money/images-thumbnails/portraits/md/joaquintorres.png,/mff-assets/characters/joaquintorres.webp,Speed,Hero,Male,Human,"{""Fast Movement"",""Leadership"",""Physical"",""Instinct:Justice"",""Source:Mcu"",""Tier-3"",""lead-support-data"",""artifact-data""}",thanosvibs,https://thanosvibs.money
fandral,Fandral,https://thanosvibs.money/images-thumbnails/portraits/md/fandral.png,/mff-assets/characters/fandral.webp,Speed,Hero,Male,Alien,"{""Agility"",""Physical"",""Instinct:Order"",""Source:Comic"",""Transcended"",""artifact-data""}",thanosvibs,https://thanosvibs.money
fantomex,Fantomex,https://thanosvibs.money/images-thumbnails/portraits/md/fantomex.png,/mff-assets/characters/fantomex.webp,Speed,Hero,Male,Mutant,"{""Agility"",""Weapons Master"",""Physical"",""Instinct:Order"",""Source:Comic"",""Transcended"",""artifact-data""}",thanosvibs,https://thanosvibs.money
franklinrichards,Franklin Richards,https://thanosvibs.money/images-thumbnails/portraits/md/franklinrichards.png,/mff-assets/characters/franklinrichards.webp,Universal,Hero,Male,Human,"{""Energy Projection"",""Mind"",""Fantastic Four"",""Energy"",""Instinct:Justice"",""Source:Comic"",""Transcended"",""lead-support-data"",""artifact-data""}",thanosvibs,https://thanosvibs.money
gambit,Gambit,https://thanosvibs.money/images-thumbnails/portraits/md/gambit2.png,/mff-assets/characters/gambit2.webp,Blast,Hero,Male,Mutant,"{""Agility"",""Mind"",""Energy"",""Instinct:Order"",""Source:Original"",""Tier-4"",""Transcended"",""Source:Comic"",""Physical"",""lead-support-data"",""artifact-data"",""uniform-data""}",thanosvibs,https://thanosvibs.money
gamora,Gamora,https://thanosvibs.money/images-thumbnails/portraits/md/gamora5.png,/mff-assets/characters/gamora5.webp,Speed,Hero,Female,Alien,"{""Agility"",""Weapons Master"",""Guardians of the Galaxy"",""Physical"",""Instinct:Order"",""Source:Comic"",""Tier-4"",""Transcended"",""Source:Mcu"",""Energy"",""lead-support-data"",""artifact-data"",""uniform-data""}",thanosvibs,https://thanosvibs.money
ghost,Ghost,https://thanosvibs.money/images-thumbnails/portraits/md/ghost2.png,/mff-assets/characters/ghost2.webp,Speed,Hero,Female,Human,"{""Weapons Master"",""Machine"",""Thunderbolts"",""Energy"",""Instinct:Cruelty"",""Source:Mcu"",""Tier-3"",""Physical"",""Source:Comic"",""lead-support-data"",""artifact-data"",""uniform-data""}",thanosvibs,https://thanosvibs.money
ghostpanther,Ghost Panther,https://thanosvibs.money/images-thumbnails/portraits/md/ghostpanther.png,/mff-assets/characters/ghostpanther.webp,Universal,Hero,Male,Human,"{""Agility"",""Flame"",""Infinity Warps"",""Physical"",""Fire"",""Instinct:Justice"",""Source:Comic"",""Transcended"",""lead-support-data"",""artifact-data""}",thanosvibs,https://thanosvibs.money
ghostrider,Ghost Rider,https://thanosvibs.money/images-thumbnails/portraits/md/ghostrider5.png,/mff-assets/characters/ghostrider5.webp,Universal,Hero,Male,Human,"{""Leadership"",""Flame"",""Energy"",""Fire"",""Instinct:Justice"",""Source:Comic"",""Tier-4"",""Tier-3"",""Physical"",""artifact-data"",""uniform-data""}",thanosvibs,https://thanosvibs.money
ghostriderrobbiereyes,Ghost Rider (Robbie Reyes),https://thanosvibs.money/images-thumbnails/portraits/md/robbiereyes1.png,/mff-assets/characters/robbiereyes1.webp,Universal,Hero,Male,Human,"{""Fast Movement"",""Flame"",""Energy"",""Fire"",""Instinct:Justice"",""Source:Comic"",""Transcended"",""lead-support-data"",""artifact-data"",""uniform-data""}",thanosvibs,https://thanosvibs.money
giantman,Giant-Man,https://thanosvibs.money/images-thumbnails/portraits/md/giantman2.png,/mff-assets/characters/giantman2.webp,Universal,Villain,Male,Human,"{""Strong"",""Energy"",""Physical"",""Instinct:Justice"",""Source:Comic"",""Transcended"",""Alias:Goliath"",""lead-support-data"",""artifact-data"",""uniform-data""}",thanosvibs,https://thanosvibs.money
gilgamesh,Gilgamesh,https://thanosvibs.money/images-thumbnails/portraits/md/gilgamesh1.png,/mff-assets/characters/gilgamesh1.webp,Combat,Hero,Male,Alien,"{""Strong"",""Eternals"",""Physical"",""Instinct:Order"",""Source:Mcu"",""Transcended"",""Source:Comic"",""lead-support-data"",""artifact-data"",""uniform-data""}",thanosvibs,https://thanosvibs.money
gladiator,Gladiator,https://thanosvibs.money/images-thumbnails/portraits/md/gladiator1.png,/mff-assets/characters/gladiator1.webp,Combat,Hero,Male,Alien,"{""Annihilators"",""Strong"",""Leadership"",""Physical"",""Instinct:Order"",""Source:Comic"",""Tier-4"",""Tier-3"",""Cold"",""Fire"",""lead-support-data"",""artifact-data"",""uniform-data""}",thanosvibs,https://thanosvibs.money
goliath,Goliath,https://thanosvibs.money/images-thumbnails/portraits/md/goliath.png,/mff-assets/characters/goliath.webp,Combat,Hero,Male,Human,"{""Strong"",""Durability"",""Physical"",""Instinct:Justice"",""Source:Comic"",""Transcended"",""lead-support-data"",""artifact-data""}",thanosvibs,https://thanosvibs.money
gorgon,Gorgon,https://thanosvibs.money/images-thumbnails/portraits/md/gorgon.png,/mff-assets/characters/gorgon.webp,Combat,Hero,Male,Inhuman,"{""Strong"",""Physical"",""Instinct:Order"",""Source:Comic"",""Transcended"",""lead-support-data"",""artifact-data""}",thanosvibs,https://thanosvibs.money
gorillaman,Gorilla-Man,https://thanosvibs.money/images-thumbnails/portraits/md/gorillaman.png,/mff-assets/characters/gorillaman.webp,Combat,Hero,Male,Human,"{""Strong"",""Agility"",""Weapons Master"",""Physical"",""Instinct:Justice"",""Source:Comic"",""Transcended"",""artifact-data""}",thanosvibs,https://thanosvibs.money
gorr,Gorr,https://thanosvibs.money/images-thumbnails/portraits/md/gorr2.png,/mff-assets/characters/gorr2.webp,Universal,Villain,Male,Alien,"{""Healing"",""Pure Evil"",""Symbiote"",""Physical"",""Instinct:Destruction"",""Source:Comic"",""Tier-4"",""Tier-3"",""Fast Movement"",""Source:Mcu"",""lead-support-data"",""artifact-data"",""uniform-data""}",thanosvibs,https://thanosvibs.money
greengoblin,Green Goblin,https://thanosvibs.money/images-thumbnails/portraits/md/greengoblin5.png,/mff-assets/characters/greengoblin5.webp,Speed,Hero,Male,Human,"{""Poison"",""Fast Movement"",""Sinister Six"",""Instinct:Cruelty"",""Source:Comic"",""Tier-4"",""Tier-3"",""Energy"",""Dark Avengers"",""Machine"",""Energy Projection"",""Fire"",""Flame"",""Source:Mcu"",""Physical"",""lead-support-data"",""artifact-data"",""uniform-data""}",thanosvibs,https://thanosvibs.money
groot,Groot,https://thanosvibs.money/images-thumbnails/portraits/md/groot6.png,/mff-assets/characters/groot6.webp,Combat,Hero,Male,Alien,"{""Healing"",""Guardians of the Galaxy"",""Physical"",""Instinct:Order"",""Source:Original"",""Tier-4"",""Tier-3"",""Source:Mcu"",""Lightning"",""Source:Comic"",""lead-support-data"",""artifact-data"",""uniform-data""}",thanosvibs,https://thanosvibs.money
gwenpool,Gwenpool,https://thanosvibs.money/images-thumbnails/portraits/md/gwenpool4.png,/mff-assets/characters/gwenpool4.webp,Speed,Villain,Female,Human,"{""Agility"",""Physical"",""Instinct:Justice"",""Source:Comic"",""Tier-4"",""Tier-3"",""Source:Original"",""Cold"",""lead-support-data"",""artifact-data"",""uniform-data""}",thanosvibs,https://thanosvibs.money
hadespluto,Hades (Pluto),https://thanosvibs.money/images-thumbnails/portraits/md/hades.png,/mff-assets/characters/hades.webp,Universal,Villain,Male,Alien,"{""Hellfire"",""Pure Evil"",""Olympus"",""Energy"",""Fire"",""Instinct:Destruction"",""Source:Comic"",""Tier-4"",""Tier-3"",""lead-support-data"",""artifact-data""}",thanosvibs,https://thanosvibs.money
havok,Havok,https://thanosvibs.money/images-thumbnails/portraits/md/havok.png,/mff-assets/characters/havok.webp,Blast,Hero,Male,Mutant,"{""Energy Projection"",""Energy"",""Instinct:Order"",""Source:Comic"",""Tier-3"",""lead-support-data"",""artifact-data""}",thanosvibs,https://thanosvibs.money
hawkeye,Hawkeye,https://thanosvibs.money/images-thumbnails/portraits/md/hawkeye6.png,/mff-assets/characters/hawkeye6.webp,Speed,Hero,Male,Human,"{""Weapons Master"",""Agent"",""Physical"",""Instinct:Justice"",""Source:Comic"",""Tier-4"",""Tier-3"",""Source:Mcu"",""Alias:Ronin"",""artifact-data"",""uniform-data""}",thanosvibs,https://thanosvibs.money
hawkeyekatebishop,Hawkeye (Kate Bishop),https://thanosvibs.money/images-thumbnails/portraits/md/katebishop2.png,/mff-assets/characters/katebishop2.webp,Speed,Hero,Female,Human,"{""Agility"",""Agent"",""Young Avengers"",""Physical"",""Instinct:Justice"",""Source:Comic"",""Tier-4"",""Transcended"",""Source:Mcu"",""artifact-data"",""uniform-data""}",thanosvibs,https://thanosvibs.money
heimdall,Heimdall,https://thanosvibs.money/images-thumbnails/portraits/md/heimdall1.png,/mff-assets/characters/heimdall1.webp,Universal,Hero,Male,Alien,"{""Strong"",""Leadership"",""Physical"",""Instinct:Order"",""Source:Comic"",""Transcended"",""Source:Mcu"",""lead-support-data"",""artifact-data"",""uniform-data""}",thanosvibs,https://thanosvibs.money
hela,Hela,https://thanosvibs.money/images-thumbnails/portraits/md/hela3.png,/mff-assets/characters/hela3.webp,Universal,Villain,Female,Alien,"{""Command"",""Pure Evil"",""Energy"",""Instinct:Destruction"",""Source:Mcu"",""Tier-4"",""Tier-3"",""Source:Comic"",""lead-support-data"",""artifact-data"",""uniform-data""}",thanosvibs,https://thanosvibs.money
hellcat,Hellcat,https://thanosvibs.money/images-thumbnails/portraits/md/hellcat.png,/mff-assets/characters/hellcat.webp,Speed,Hero,Female,Human,"{""Agility"",""Physical"",""Instinct:Justice"",""Source:Comic"",""Transcended"",""artifact-data""}",thanosvibs,https://thanosvibs.money
hellstorm,Hellstorm,https://thanosvibs.money/images-thumbnails/portraits/md/hellstorm1.png,/mff-assets/characters/hellstorm1.webp,Universal,Hero,Male,Human,"{""Magic"",""Flame"",""Energy"",""Fire"",""Instinct:Justice"",""Source:Comic"",""Tier-4"",""Transcended"",""artifact-data"",""uniform-data""}",thanosvibs,https://thanosvibs.money
hercules,Hercules,https://thanosvibs.money/images-thumbnails/portraits/md/hercules.png,/mff-assets/characters/hercules.webp,Combat,Hero,Male,Alien,"{""Strong"",""Leadership"",""Olympus"",""Physical"",""Instinct:Order"",""Source:Comic"",""Tier-4"",""Tier-3"",""lead-support-data"",""artifact-data""}",thanosvibs,https://thanosvibs.money
hogun,Hogun,https://thanosvibs.money/images-thumbnails/portraits/md/hogun.png,/mff-assets/characters/hogun.webp,Combat,Hero,Male,Alien,"{""Strong"",""Physical"",""Instinct:Order"",""Source:Comic"",""Transcended"",""lead-support-data"",""artifact-data""}",thanosvibs,https://thanosvibs.money
hopesummers,Hope Summers,https://thanosvibs.money/images-thumbnails/portraits/md/hopesummers.png,/mff-assets/characters/hopesummers.webp,Combat,Hero,Female,Mutant,"{""Phoenix Force"",""Strong"",""Physical"",""Instinct:Order"",""Source:Comic"",""Transcended"",""lead-support-data"",""artifact-data""}",thanosvibs,https://thanosvibs.money
hulk,Hulk,https://thanosvibs.money/images-thumbnails/portraits/md/hulk9.png,/mff-assets/characters/hulk9.webp,Combat,Hero,Male,Human,"{""Gamma Radiation"",""Durability"",""Instinct:Justice"",""Source:Mcu"",""Tier-4"",""Tier-3"",""Physical"",""Source:Comic"",""Poison"",""Alias:Maestro"",""lead-support-data"",""artifact-data"",""uniform-data""}",thanosvibs,https://thanosvibs.money
hulkamadeuscho,Hulk (Amadeus Cho),https://thanosvibs.money/images-thumbnails/portraits/md/amadeuscho3.png,/mff-assets/characters/amadeuscho3.webp,Speed,Hero,Male,Human,"{""Gamma Radiation"",""Durability"",""Physical"",""Instinct:Justice"",""Source:Comic"",""Transcended"",""Alias:Amadeus Cho"",""Source:Original"",""lead-support-data"",""artifact-data"",""uniform-data""}",thanosvibs,https://thanosvibs.money
hulkbusterironmanmark44,Hulkbuster (Iron Man Mark 44),https://thanosvibs.money/images-thumbnails/portraits/md/hulkbuster4.png,/mff-assets/characters/hulkbuster4.webp,Combat,Hero,Male,Creature,"{""Strong"",""Machine"",""Physical"",""Energy"",""Instinct:Order"",""Source:Comic"",""Tier-4"",""Transcended"",""Alias:Hulkbuster"",""Source:Original"",""Source:Mcu"",""Alias:Hulkbuster (Iron Man Mark 43)"",""Alias:Hulkbuster 2.0"",""lead-support-data"",""artifact-data"",""uniform-data""}",thanosvibs,https://thanosvibs.money
hulkling,Hulkling,https://thanosvibs.money/images-thumbnails/portraits/md/hulkling.png,/mff-assets/characters/hulkling.webp,Combat,Hero,Male,Alien,"{""Strong"",""Durability"",""Physical"",""Energy"",""Instinct:Order"",""Source:Comic"",""Transcended"",""artifact-data""}",thanosvibs,https://thanosvibs.money
humantorch,Human Torch,https://thanosvibs.money/images-thumbnails/portraits/md/humantorch4.png,/mff-assets/characters/humantorch4.webp,Blast,Hero,Male,Human,"{""Flame"",""Fast Movement"",""Fantastic Four"",""Energy"",""Fire"",""Instinct:Justice"",""Source:Mcu"",""Tier-4"",""Transcended"",""Source:Comic"",""lead-support-data"",""artifact-data"",""uniform-data""}",thanosvibs,https://thanosvibs.money
hydroman,Hydro-Man,https://thanosvibs.money/images-thumbnails/portraits/md/hydroman.png,/mff-assets/characters/hydroman.webp,Blast,Villain,Male,Human,"{""Pure Evil"",""Energy"",""Instinct:Cruelty"",""Source:Mcu"",""Transcended"",""artifact-data""}",thanosvibs,https://thanosvibs.money
hyperion,Hyperion,https://thanosvibs.money/images-thumbnails/portraits/md/hyperion2.png,/mff-assets/characters/hyperion2.webp,Universal,Hero,Male,Alien,"{""Leadership"",""Eternals"",""Phoenix Force"",""Energy"",""Fire"",""Instinct:Order"",""Source:Comic"",""Tier-3"",""Energy Projection"",""Physical"",""lead-support-data"",""artifact-data"",""uniform-data""}",thanosvibs,https://thanosvibs.money
iceman,Iceman,https://thanosvibs.money/images-thumbnails/portraits/md/iceman2.png,/mff-assets/characters/iceman2.webp,Blast,Hero,Male,Mutant,"{""Chill"",""Cold Blooded"",""Energy"",""Cold"",""Instinct:Order"",""Source:Original"",""Tier-3"",""Source:Comic"",""artifact-data"",""uniform-data""}",thanosvibs,https://thanosvibs.money
ikaris,Ikaris,https://thanosvibs.money/images-thumbnails/portraits/md/ikaris1.png,/mff-assets/characters/ikaris1.webp,Universal,Hero,Male,Alien,"{""Energy Projection"",""Leadership"",""Eternals"",""Energy"",""Instinct:Order"",""Source:Mcu"",""Tier-3"",""Source:Comic"",""lead-support-data"",""artifact-data"",""uniform-data""}",thanosvibs,https://thanosvibs.money
ikon,Ikon,https://thanosvibs.money/images-thumbnails/portraits/md/ikon.png,/mff-assets/characters/ikon.webp,Speed,Hero,Female,Alien,"{""Agility"",""Energy Projection"",""Annihilators"",""Energy"",""Instinct:Order"",""Source:Comic"",""Transcended"",""artifact-data""}",thanosvibs,https://thanosvibs.money
inferno,Inferno,https://thanosvibs.money/images-thumbnails/portraits/md/inferno1.png,/mff-assets/characters/inferno1.webp,Blast,Hero,Male,Inhuman,"{""Flame"",""Energy"",""Fire"",""Instinct:Order"",""Source:Comic"",""Transcended"",""artifact-data"",""uniform-data""}",thanosvibs,https://thanosvibs.money
invisiblewoman,Invisible Woman,https://thanosvibs.money/images-thumbnails/portraits/md/invisiblewoman4.png,/mff-assets/characters/invisiblewoman4.webp,Blast,Hero,Female,Human,"{""Energy Projection"",""Fantastic Four"",""Energy"",""Fire"",""Instinct:Justice"",""Source:Mcu"",""Tier-4"",""Transcended"",""Source:Comic"",""lead-support-data"",""artifact-data"",""uniform-data""}",thanosvibs,https://thanosvibs.money
ironfist,Iron Fist,https://thanosvibs.money/images-thumbnails/portraits/md/ironfist4.png,/mff-assets/characters/ironfist4.webp,Combat,Hero,Male,Human,"{""Agility"",""Healing"",""Defenders"",""Physical"",""Energy"",""Instinct:Justice"",""Source:Original"",""Transcended"",""Source:Comic"",""Source:Tv"",""lead-support-data"",""uniform-data""}",thanosvibs,https://thanosvibs.money
ironhammer,Iron Hammer,https://thanosvibs.money/images-thumbnails/portraits/md/ironhammer.png,/mff-assets/characters/ironhammer.webp,Universal,Hero,Male,Alien,"{""Machine"",""Shock"",""Infinity Warps"",""Energy"",""Lightning"",""Instinct:Order"",""Source:Comic"",""Transcended"",""lead-support-data"",""artifact-data""}",thanosvibs,https://thanosvibs.money
ironman,Iron Man,https://thanosvibs.money/images-thumbnails/portraits/md/ironman10.png,/mff-assets/characters/ironman10.webp,Blast,Hero,Male,Human,"{""Machine"",""Energy Projection"",""Energy"",""Instinct:Justice"",""Source:Comic"",""Tier-4"",""Tier-3"",""Source:Original"",""Physical"",""Source:Mcu"",""artifact-data"",""uniform-data""}",thanosvibs,https://thanosvibs.money
ironheart,Ironheart,https://thanosvibs.money/images-thumbnails/portraits/md/ironheart2.png,/mff-assets/characters/ironheart2.webp,Blast,Hero,Female,Human,"{""Machine"",""Leadership"",""Energy"",""Instinct:Justice"",""Source:Mcu"",""Tier-4"",""Transcended"",""Alias:Riri Williams"",""Physical"",""Source:Comic"",""lead-support-data"",""artifact-data"",""uniform-data""}",thanosvibs,https://thanosvibs.money
jeangrey,Jean Grey,https://thanosvibs.money/images-thumbnails/portraits/md/jeangrey4.png,/mff-assets/characters/jeangrey4.webp,Universal,Hero,Female,Mutant,"{""Mind"",""Mind Resist"",""Phoenix Force"",""Energy"",""Fire"",""Instinct:Order"",""Source:Original"",""Tier-4"",""Tier-3"",""Source:Comic"",""lead-support-data"",""artifact-data"",""uniform-data""}",thanosvibs,https://thanosvibs.money
jeffthelandshark,Jeff the Land Shark,https://thanosvibs.money/images-thumbnails/portraits/md/jeffthelandshark.png,/mff-assets/characters/jeffthelandshark.webp,Blast,Hero,Male,Creature,"{""Agility"",""Healing"",""Energy"",""Instinct:Order"",""Source:Collab"",""Tier-4"",""Tier-3"",""lead-support-data"",""artifact-data""}",thanosvibs,https://thanosvibs.money
jessicajones,Jessica Jones,https://thanosvibs.money/images-thumbnails/portraits/md/jessicajones1.png,/mff-assets/characters/jessicajones1.webp,Combat,Hero,Female,Human,"{""Strong"",""Durability"",""Defenders"",""Physical"",""Instinct:Justice"",""Source:Comic"",""Transcended"",""Source:Tv"",""lead-support-data"",""uniform-data""}",thanosvibs,https://thanosvibs.money
jubilee,Jubilee,https://thanosvibs.money/images-thumbnails/portraits/md/jubilee1.png,/mff-assets/characters/jubilee1.webp,Blast,Hero,Female,Mutant,"{""Energy Projection"",""Energy"",""Instinct:Order"",""Source:Animation"",""Tier-4"",""Transcended"",""Source:Comic"",""lead-support-data"",""artifact-data"",""uniform-data""}",thanosvibs,https://thanosvibs.money
juggernaut,Juggernaut,https://thanosvibs.money/images-thumbnails/portraits/md/juggernaut2.png,/mff-assets/characters/juggernaut2.webp,Combat,Hero,Male,Mutant,"{""Strong"",""Durability"",""Pure Evil"",""Physical"",""Instinct:Destruction"",""Source:Comic"",""Tier-4"",""Transcended"",""artifact-data"",""uniform-data""}",thanosvibs,https://thanosvibs.money
kaecilius,Kaecilius,https://thanosvibs.money/images-thumbnails/portraits/md/kaecilius.png,/mff-assets/characters/kaecilius.webp,Blast,Villain,Male,Human,"{""Magic"",""Agility"",""Physical"",""Instinct:Cruelty"",""Source:Mcu"",""Transcended"",""artifact-data""}",thanosvibs,https://thanosvibs.money
kahhori,Kahhori,https://thanosvibs.money/images-thumbnails/portraits/md/kahhori.png,/mff-assets/characters/kahhori.webp,Blast,Hero,Female,Human,"{""Energy Projection"",""Fast Movement"",""Cosmic Cube"",""Energy"",""Instinct:Justice"",""Source:Mcu"",""Transcended"",""lead-support-data"",""artifact-data""}",thanosvibs,https://thanosvibs.money
kangtheconqueror,Kang the Conqueror,https://thanosvibs.money/images-thumbnails/portraits/md/kang1.png,/mff-assets/characters/kang1.webp,Universal,Villain,Male,Human,"{""Pure Evil"",""Fast Movement"",""Energy"",""Instinct:Cruelty"",""Source:Comic"",""Tier-4"",""Tier-3"",""Source:Mcu"",""lead-support-data"",""artifact-data"",""uniform-data""}",thanosvibs,https://thanosvibs.money
karnak,Karnak,https://thanosvibs.money/images-thumbnails/portraits/md/karnak1.png,/mff-assets/characters/karnak1.webp,Speed,Hero,Male,Inhuman,"{""Heightened Senses"",""Physical"",""Instinct:Order"",""Source:Comic"",""Transcended"",""artifact-data"",""uniform-data""}",thanosvibs,https://thanosvibs.money
katy,Katy,https://thanosvibs.money/images-thumbnails/portraits/md/katy.png,/mff-assets/characters/katy.webp,Speed,Hero,Female,Human,"{""Weapons Master"",""Agility"",""Physical"",""Energy"",""Lightning"",""Instinct:Justice"",""Source:Mcu"",""Transcended"",""lead-support-data"",""artifact-data""}",thanosvibs,https://thanosvibs.money
kidkaiju,Kid Kaiju,https://thanosvibs.money/images-thumbnails/portraits/md/kidkaiju1.png,/mff-assets/characters/kidkaiju1.webp,Speed,Hero,Male,Inhuman,"{""Command"",""Physical"",""Fire"",""Instinct:Order"",""Source:Original"",""Transcended"",""Source:Comic"",""lead-support-data"",""artifact-data"",""uniform-data""}",thanosvibs,https://thanosvibs.money
kidomega,Kid Omega,https://thanosvibs.money/images-thumbnails/portraits/md/kidomega1.png,/mff-assets/characters/kidomega1.webp,Blast,Hero,Male,Mutant,"{""Phoenix Force"",""Energy Projection"",""Energy"",""Mind"",""Instinct:Order"",""Source:Comic"",""Tier-4"",""Transcended"",""lead-support-data"",""artifact-data"",""uniform-data""}",thanosvibs,https://thanosvibs.money
killmonger,Killmonger,https://thanosvibs.money/images-thumbnails/portraits/md/killmonger1.png,/mff-assets/characters/killmonger1.webp,Combat,Villain,Male,Human,"{""Strong"",""Command"",""Physical"",""Instinct:Cruelty"",""Source:Mcu"",""Transcended"",""Alias:Erik Killmonger (Black Panther)"",""Source:Comic"",""artifact-data"",""uniform-data""}",thanosvibs,https://thanosvibs.money
kingo,Kingo,https://thanosvibs.money/images-thumbnails/portraits/md/kingo1.png,/mff-assets/characters/kingo1.webp,Blast,Hero,Male,Alien,"{""Eternals"",""Leadership"",""Energy Projection"",""Energy"",""Instinct:Order"",""Source:Mcu"",""Transcended"",""Source:Comic"",""artifact-data"",""uniform-data""}",thanosvibs,https://thanosvibs.money
kingpin,Kingpin,https://thanosvibs.money/images-thumbnails/portraits/md/kingpin3.png,/mff-assets/characters/kingpin3.webp,Combat,Villain,Male,Human,"{""Strong"",""Command"",""Physical"",""Instinct:Cruelty"",""Source:Mcu"",""Tier-4"",""Tier-3"",""Source:Comic"",""Machine"",""Energy"",""Source:Original"",""lead-support-data"",""artifact-data"",""uniform-data""}",thanosvibs,https://thanosvibs.money
kittypryde,Kitty Pryde,https://thanosvibs.money/images-thumbnails/portraits/md/kittypryde1.png,/mff-assets/characters/kittypryde1.webp,Speed,Hero,Female,Mutant,"{""Command"",""Weapons Master"",""Physical"",""Instinct:Order"",""Source:Comic"",""Tier-3"",""lead-support-data"",""artifact-data"",""uniform-data""}",thanosvibs,https://thanosvibs.money
knull,Knull,https://thanosvibs.money/images-thumbnails/portraits/md/knull1.png,/mff-assets/characters/knull1.webp,Universal,Villain,Male,Alien,"{""Symbiote"",""Strong"",""Pure Evil"",""Physical"",""Instinct:Destruction"",""Source:Comic"",""Tier-4"",""Tier-3"",""lead-support-data"",""artifact-data"",""uniform-data""}",thanosvibs,https://thanosvibs.money
korath,Korath,https://thanosvibs.money/images-thumbnails/portraits/md/korath.png,/mff-assets/characters/korath.webp,Speed,Villain,Male,Alien,"{""Weapons Master"",""Pure Evil"",""Physical"",""Instinct:Destruction"",""Source:Mcu"",""Transcended"",""artifact-data""}",thanosvibs,https://thanosvibs.money
kraventhehunter,Kraven The Hunter,https://thanosvibs.money/images-thumbnails/portraits/md/kraventhehunter1.png,/mff-assets/characters/kraventhehunter1.webp,Speed,Villain,Male,Human,"{""Weapons Master"",""Agility"",""Sinister Six"",""Physical"",""Instinct:Cruelty"",""Source:Comic"",""Transcended"",""lead-support-data"",""artifact-data"",""uniform-data""}",thanosvibs,https://thanosvibs.money
lash,Lash,https://thanosvibs.money/images-thumbnails/portraits/md/lash1.png,/mff-assets/characters/lash1.webp,Blast,Villain,Male,Inhuman,"{""Energy Projection"",""Energy"",""Instinct:Destruction"",""Source:Comic"",""Transcended"",""Source:Tv"",""lead-support-data"",""artifact-data"",""uniform-data""}",thanosvibs,https://thanosvibs.money
leader,Leader,https://thanosvibs.money/images-thumbnails/portraits/md/leader.png,/mff-assets/characters/leader.webp,Blast,Villain,Male,Human,"{""Mind Resist"",""Pure Evil"",""Energy"",""Instinct:Cruelty"",""Source:Comic"",""Tier-3"",""lead-support-data"",""artifact-data""}",thanosvibs,https://thanosvibs.money
lincolncampbell,Lincoln Campbell,https://thanosvibs.money/images-thumbnails/portraits/md/lincolncampbell.png,/mff-assets/characters/lincolncampbell.webp,Blast,Hero,Male,Inhuman,"{""Shock"",""Energy"",""Lightning"",""Instinct:Order"",""Source:Tv"",""Transcended"",""lead-support-data"",""artifact-data""}",thanosvibs,https://thanosvibs.money
lizard,Lizard,https://thanosvibs.money/images-thumbnails/portraits/md/lizard.png,/mff-assets/characters/lizard.webp,Combat,Villain,Male,Human,"{""Healing"",""Sinister Six"",""Physical"",""Poison"",""Instinct:Cruelty"",""Source:Comic"",""Transcended"",""lead-support-data"",""artifact-data""}",thanosvibs,https://thanosvibs.money
loki,Loki,https://thanosvibs.money/images-thumbnails/portraits/md/loki8.png,/mff-assets/characters/loki8.webp,Universal,Hero,Male,Alien,"{""Mind"",""Chill"",""Young Avengers"",""Energy"",""Instinct:Destruction"",""Source:Comic"",""Tier-4"",""Tier-3"",""Cold"",""Source:Mcu"",""Physical"",""lead-support-data"",""artifact-data"",""uniform-data""}",thanosvibs,https://thanosvibs.money
lukecage,Luke Cage,https://thanosvibs.money/images-thumbnails/portraits/md/lukecage3.png,/mff-assets/characters/lukecage3.webp,Combat,Hero,Male,Human,"{""Strong"",""Durability"",""Defenders"",""Physical"",""Instinct:Justice"",""Source:Comic"",""Transcended"",""Source:Tv"",""lead-support-data"",""uniform-data""}",thanosvibs,https://thanosvibs.money
lunasnow,Luna Snow,https://thanosvibs.money/images-thumbnails/portraits/md/lunasnow5.png,/mff-assets/characters/lunasnow5.webp,Speed,Hero,Female,Human,"{""Leadership"",""Cold Blooded"",""Energy"",""Cold"",""Instinct:Justice"",""Source:Collab"",""Tier-4"",""Tier-3"",""Source:Original"",""artifact-data"",""uniform-data""}",thanosvibs,https://thanosvibs.money
modok,M.O.D.O.K.,https://thanosvibs.money/images-thumbnails/portraits/md/modok3.png,/mff-assets/characters/modok3.webp,Blast,Villain,Male,Human,"{""Mind"",""Machine"",""Pure Evil"",""Energy"",""Instinct:Cruelty"",""Source:Mcu"",""Tier-3"",""Physical"",""Source:Comic"",""lead-support-data"",""artifact-data"",""uniform-data""}",thanosvibs,https://thanosvibs.money
mbaku,M'Baku,https://thanosvibs.money/images-thumbnails/portraits/md/mbaku1.png,/mff-assets/characters/mbaku1.webp,Combat,Hero,Male,Human,"{""Leadership"",""Strong"",""Physical"",""Instinct:Justice"",""Source:Mcu"",""Transcended"",""lead-support-data"",""artifact-data""}",thanosvibs,https://thanosvibs.money
madelynepryor,Madelyne Pryor,https://thanosvibs.money/images-thumbnails/portraits/md/madelynepryor1.png,/mff-assets/characters/madelynepryor1.webp,Blast,Villain,Female,Mutant,"{""Chill"",""Mind Resist"",""Energy"",""Cold"",""Instinct:Destruction"",""Source:Original"",""Tier-4"",""Tier-3"",""Mind"",""Source:Comic"",""lead-support-data"",""artifact-data"",""uniform-data""}",thanosvibs,https://thanosvibs.money
magik,Magik,https://thanosvibs.money/images-thumbnails/portraits/md/magik3.png,/mff-assets/characters/magik3.webp,Blast,Hero,Female,Mutant,"{""Magic"",""Mind Resist"",""Energy"",""Instinct:Order"",""Source:Collab"",""Tier-4"",""Tier-3"",""Source:Original"",""Physical"",""Source:Comic"",""Phoenix Force"",""Fire"",""lead-support-data"",""artifact-data"",""uniform-data""}",thanosvibs,https://thanosvibs.money
magneto,Magneto,https://thanosvibs.money/images-thumbnails/portraits/md/magneto4.png,/mff-assets/characters/magneto4.webp,Blast,Hero,Male,Mutant,"{""Energy Projection"",""Mind Resist"",""Energy"",""Instinct:Destruction"",""Source:Animation"",""Tier-4"",""Tier-3"",""Lightning"",""Source:Comic"",""Source:Original"",""Physical"",""lead-support-data"",""artifact-data"",""uniform-data""}",thanosvibs,https://thanosvibs.money
makkari,Makkari,https://thanosvibs.money/images-thumbnails/portraits/md/makkari1.png,/mff-assets/characters/makkari1.webp,Speed,Hero,Female,Alien,"{""Leadership"",""Fast Movement"",""Eternals"",""Physical"",""Instinct:Order"",""Source:Mcu"",""Transcended"",""Source:Comic"",""artifact-data"",""uniform-data""}",thanosvibs,https://thanosvibs.money
malekith,Malekith,https://thanosvibs.money/images-thumbnails/portraits/md/malekith2.png,/mff-assets/characters/malekith2.webp,Blast,Villain,Male,Alien,"{""Pure Evil"",""Symbiote"",""Energy"",""Physical"",""Instinct:Destruction"",""Source:Comic"",""Transcended"",""Mind"",""Source:Mcu"",""lead-support-data"",""artifact-data"",""uniform-data""}",thanosvibs,https://thanosvibs.money
manthing,Man-Thing,https://thanosvibs.money/images-thumbnails/portraits/md/manthing.png,/mff-assets/characters/manthing.webp,Combat,Hero,Male,Human,"{""Strong"",""Healing"",""Magic"",""Physical"",""Instinct:Justice"",""Source:Comic"",""Transcended"",""lead-support-data"",""artifact-data""}",thanosvibs,https://thanosvibs.money
mantis,Mantis,https://thanosvibs.money/images-thumbnails/portraits/md/mantis1.png,/mff-assets/characters/mantis1.webp,Blast,Hero,Female,Alien,"{""Mind"",""Healing"",""Guardians of the Galaxy"",""Energy"",""Instinct:Order"",""Source:Mcu"",""Transcended"",""Physical"",""lead-support-data"",""artifact-data"",""uniform-data""}",thanosvibs,https://thanosvibs.money
marvelboy,Marvel Boy,https://thanosvibs.money/images-thumbnails/portraits/md/marvelboy.png,/mff-assets/characters/marvelboy.webp,Universal,Hero,Male,Alien,"{""Fast Movement"",""Young Avengers"",""Energy"",""Instinct:Order"",""Source:Comic"",""Tier-3"",""lead-support-data"",""artifact-data""}",thanosvibs,https://thanosvibs.money
maximus,Maximus,https://thanosvibs.money/images-thumbnails/portraits/md/maximus.png,/mff-assets/characters/maximus.webp,Blast,Villain,Male,Inhuman,"{""Mind Resist"",""Pure Evil"",""Energy"",""Lightning"",""Instinct:Destruction"",""Source:Comic"",""Transcended"",""artifact-data""}",thanosvibs,https://thanosvibs.money
medusa,Medusa,https://thanosvibs.money/images-thumbnails/portraits/md/medusa3.png,/mff-assets/characters/medusa3.webp,Universal,Hero,Female,Inhuman,"{""Command"",""Physical"",""Instinct:Order"",""Source:Original"",""Tier-4"",""Transcended"",""Source:Comic"",""lead-support-data"",""artifact-data"",""uniform-data""}",thanosvibs,https://thanosvibs.money
mephisto,Mephisto,https://thanosvibs.money/images-thumbnails/portraits/md/mephisto1.png,/mff-assets/characters/mephisto1.webp,Universal,Villain,Male,Other,"{""Hellfire"",""Magic"",""Pure Evil"",""Energy"",""Fire"",""Instinct:Destruction"",""Source:Comic"",""Tier-4"",""Tier-3"",""lead-support-data"",""artifact-data"",""uniform-data""}",thanosvibs,https://thanosvibs.money
minnerva,Minn-Erva,https://thanosvibs.money/images-thumbnails/portraits/md/minn-erva1.png,/mff-assets/characters/minnerva1.webp,Combat,Villain,Female,Alien,"{""Strong"",""Agility"",""Pure Evil"",""Energy"",""Physical"",""Instinct:Destruction"",""Source:Mcu"",""Transcended"",""Source:Comic"",""artifact-data"",""uniform-data""}",thanosvibs,https://thanosvibs.money
misterfantastic,Mister Fantastic,https://thanosvibs.money/images-thumbnails/portraits/md/misterfantastic4.png,/mff-assets/characters/misterfantastic4.webp,Combat,Hero,Male,Human,"{""Durability"",""Leadership"",""Fantastic Four"",""Physical"",""Instinct:Justice"",""Source:Mcu"",""Tier-4"",""Tier-3"",""Source:Comic"",""Pure Evil"",""lead-support-data"",""artifact-data"",""uniform-data""}",thanosvibs,https://thanosvibs.money
mistersinister,Mister Sinister,https://thanosvibs.money/images-thumbnails/portraits/md/mistersinister1.png,/mff-assets/characters/mistersinister1.webp,Blast,Villain,Male,Mutant,"{""Pure Evil"",""Energy Projection"",""Healing"",""Energy"",""Mind"",""Instinct:Destruction"",""Source:Comic"",""Transcended"",""artifact-data"",""uniform-data""}",thanosvibs,https://thanosvibs.money
mistyknight,Misty Knight,https://thanosvibs.money/images-thumbnails/portraits/md/mistyknight.png,/mff-assets/characters/mistyknight.webp,Speed,Hero,Female,Human,"{""Agent"",""Weapons Master"",""Physical"",""Cold"",""Lightning"",""Instinct:Justice"",""Source:Comic"",""Transcended"",""lead-support-data"",""artifact-data""}",thanosvibs,https://thanosvibs.money
mockingbird,Mockingbird,https://thanosvibs.money/images-thumbnails/portraits/md/mockingbird2.png,/mff-assets/characters/mockingbird2.webp,Speed,Hero,Female,Human,"{""Agility"",""Agent"",""Physical"",""Instinct:Justice"",""Source:Comic"",""Transcended"",""Source:Tv"",""Alias:Bobbi Morse"",""artifact-data"",""uniform-data""}",thanosvibs,https://thanosvibs.money
moleculeman,Molecule Man,https://thanosvibs.money/images-thumbnails/portraits/md/moleculeman.png,/mff-assets/characters/moleculeman.webp,Universal,Villain,Male,Human,"{""Fast Movement"",""Energy Projection"",""Energy"",""Instinct:Cruelty"",""Source:Comic"",""Tier-3"",""lead-support-data""}",thanosvibs,https://thanosvibs.money
moltenman,Molten Man,https://thanosvibs.money/images-thumbnails/portraits/md/moltenman.png,/mff-assets/characters/moltenman.webp,Combat,Villain,Male,Human,"{""Pure Evil"",""Durability"",""Flame"",""Physical"",""Fire"",""Instinct:Cruelty"",""Source:Mcu"",""Transcended"",""artifact-data""}",thanosvibs,https://thanosvibs.money
moongirl,Moon Girl,https://thanosvibs.money/images-thumbnails/portraits/md/moongirl1.png,/mff-assets/characters/moongirl1.webp,Blast,Hero,Female,Inhuman,"{""Weapons Master"",""Leadership"",""Energy"",""Physical"",""Lightning"",""Instinct:Order"",""Source:Original"",""Transcended"",""Source:Comic"",""lead-support-data"",""artifact-data"",""uniform-data""}",thanosvibs,https://thanosvibs.money
moonknight,Moon Knight,https://thanosvibs.money/images-thumbnails/portraits/md/moonknight4.png,/mff-assets/characters/moonknight4.webp,Speed,Hero,Male,Human,"{""Weapons Master"",""Leadership"",""Physical"",""Instinct:Justice"",""Source:Collab"",""Tier-4"",""Transcended"",""Source:Comic"",""Source:Mcu"",""artifact-data"",""uniform-data""}",thanosvibs,https://thanosvibs.money
moonstone,Moonstone,https://thanosvibs.money/images-thumbnails/portraits/md/moonstone.png,/mff-assets/characters/moonstone.webp,Blast,Villain,Female,Human,"{""Dark Avengers"",""Energy Projection"",""Instinct:Cruelty"",""Source:Comic"",""Transcended""}",thanosvibs,https://thanosvibs.money
morbius,Morbius,https://thanosvibs.money/images-thumbnails/portraits/md/morbius.png,/mff-assets/characters/morbius.webp,Combat,Villain,Male,Human,"{""Strong"",""Agility"",""Physical"",""Instinct:Cruelty"",""Source:Comic"",""Transcended"",""lead-support-data""}",thanosvibs,https://thanosvibs.money
morganlefay,Morgan le Fay,https://thanosvibs.money/images-thumbnails/portraits/md/morganlefay1.png,/mff-assets/characters/morganlefay1.webp,Universal,Villain,Female,Human,"{""Magic"",""Pure Evil"",""Energy"",""Instinct:Cruelty"",""Source:Original"",""Tier-3"",""Poison"",""lead-support-data"",""artifact-data"",""uniform-data""}",thanosvibs,https://thanosvibs.money
morph,Morph,https://thanosvibs.money/images-thumbnails/portraits/md/morph.png,/mff-assets/characters/morph.webp,Combat,Hero,Neutral,Mutant,"{""Weapons Master"",""Agility"",""Physical"",""Instinct:Order"",""Source:Animation"",""Tier-3"",""lead-support-data"",""artifact-data""}",thanosvibs,https://thanosvibs.money
msmarvelkamalakhan,Ms. Marvel (Kamala Khan),https://thanosvibs.money/images-thumbnails/portraits/md/kamalakhan5.png,/mff-assets/characters/kamalakhan5.webp,Speed,Hero,Female,Inhuman,"{""Strong"",""Leadership"",""Physical"",""Instinct:Order"",""Source:Animation"",""Tier-4"",""Tier-3"",""Healing"",""Source:Comic"",""Lightning"",""Source:Mcu"",""artifact-data"",""uniform-data""}",thanosvibs,https://thanosvibs.money
mysterio,Mysterio,https://thanosvibs.money/images-thumbnails/portraits/md/mysterio2.png,/mff-assets/characters/mysterio2.webp,Blast,Villain,Male,Human,"{""Mind"",""Sinister Six"",""Energy"",""Lightning"",""Instinct:Cruelty"",""Source:Original"",""Transcended"",""Source:Comic"",""Source:Mcu"",""lead-support-data"",""artifact-data"",""uniform-data""}",thanosvibs,https://thanosvibs.money
mystique,Mystique,https://thanosvibs.money/images-thumbnails/portraits/md/mystique1.png,/mff-assets/characters/mystique1.webp,Speed,Villain,Female,Mutant,"{""Agility"",""Weapons Master"",""Physical"",""Instinct:Destruction"",""Source:Comic"",""Tier-4"",""Transcended"",""lead-support-data"",""artifact-data"",""uniform-data""}",thanosvibs,https://thanosvibs.money
namor,Namor,https://thanosvibs.money/images-thumbnails/portraits/md/namor2.png,/mff-assets/characters/namor2.webp,Combat,Villain,Male,Mutant,"{""Strong"",""Durability"",""Physical"",""Cold"",""Instinct:Order"",""Source:Mcu"",""Tier-4"",""Tier-3"",""Source:Comic"",""Phoenix Force"",""Fire"",""artifact-data"",""uniform-data""}",thanosvibs,https://thanosvibs.money
nebula,Nebula,https://thanosvibs.money/images-thumbnails/portraits/md/nebula6.png,/mff-assets/characters/nebula6.webp,Combat,Hero,Female,Alien,"{""Weapons Master"",""Machine"",""Physical"",""Fire"",""Lightning"",""Instinct:Destruction"",""Source:Mcu"",""Transcended"",""Alias:Super Nova Nebula"",""Shock"",""Source:Comic"",""Energy"",""artifact-data"",""uniform-data""}",thanosvibs,https://thanosvibs.money
negasonicteenagewarhead,Negasonic Teenage Warhead,https://thanosvibs.money/images-thumbnails/portraits/md/negasonicteenagewarhead.png,/mff-assets/characters/negasonicteenagewarhead.webp,Blast,Hero,Female,Mutant,"{""Agility"",""Fast Movement"",""Energy Projection"",""Energy"",""Instinct:Order"",""Source:Comic"",""Transcended"",""artifact-data""}",thanosvibs,https://thanosvibs.money
nickfury,Nick Fury,https://thanosvibs.money/images-thumbnails/portraits/md/nickfury4.png,/mff-assets/characters/nickfury4.webp,Speed,Hero,Male,Human,"{""Agent"",""Leadership"",""Weapons Master"",""Physical"",""Instinct:Justice"",""Source:Comic"",""Tier-4"",""Tier-3"",""Source:Mcu"",""lead-support-data"",""artifact-data"",""uniform-data""}",thanosvibs,https://thanosvibs.money
nightcrawler,Nightcrawler,https://thanosvibs.money/images-thumbnails/portraits/md/nightcrawler2.png,/mff-assets/characters/nightcrawler2.webp,Speed,Hero,Male,Mutant,"{""Agility"",""Leadership"",""Physical"",""Instinct:Order"",""Source:Comic"",""Transcended"",""uniform-data""}",thanosvibs,https://thanosvibs.money
novarichardrider,Nova (Richard Rider),https://thanosvibs.money/images-thumbnails/portraits/md/nova1.png,/mff-assets/characters/nova1.webp,Universal,Hero,Male,Human,"{""Energy Projection"",""Leadership"",""Energy"",""Instinct:Justice"",""Source:Collab"",""Tier-4"",""Transcended"",""Source:Comic"",""lead-support-data"",""artifact-data"",""uniform-data""}",thanosvibs,https://thanosvibs.money
novasamalexander,Nova (Sam Alexander),https://thanosvibs.money/images-thumbnails/portraits/md/samalexander.png,/mff-assets/characters/samalexander.webp,Universal,Hero,Male,Human,"{""Fast Movement"",""Energy Projection"",""Energy"",""Instinct:Justice"",""Source:Comic"",""Transcended"",""artifact-data""}",thanosvibs,https://thanosvibs.money
odin,Odin,https://thanosvibs.money/images-thumbnails/portraits/md/odin3.png,/mff-assets/characters/odin3.webp,Universal,Hero,Male,Alien,"{""Command"",""Energy Projection"",""Energy"",""Lightning"",""Instinct:Order"",""Source:Comic"",""Tier-4"",""Tier-3"",""Physical"",""Cold"",""lead-support-data"",""artifact-data"",""uniform-data""}",thanosvibs,https://thanosvibs.money
okoye,Okoye,https://thanosvibs.money/images-thumbnails/portraits/md/okoye.png,/mff-assets/characters/okoye.webp,Speed,Hero,Female,Human,"{""Agility"",""Weapons Master"",""Physical"",""Instinct:Justice"",""Source:Mcu"",""Tier-3"",""artifact-data""}",thanosvibs,https://thanosvibs.money
omegared,Omega Red,https://thanosvibs.money/images-thumbnails/portraits/md/omegared.png,/mff-assets/characters/omegared.webp,Combat,Villain,Male,Mutant,"{""Healing"",""Pure Evil"",""Strong"",""Physical"",""Instinct:Destruction"",""Source:Comic"",""Tier-3"",""artifact-data""}",thanosvibs,https://thanosvibs.money
philcoulson,Phil Coulson,https://thanosvibs.money/images-thumbnails/portraits/md/philcoulson2.png,/mff-assets/characters/philcoulson2.webp,Blast,Hero,Male,Human,"{""Command"",""Agent"",""Energy"",""Instinct:Justice"",""Source:Original"",""Tier-3"",""Physical"",""Source:Tv"",""lead-support-data"",""artifact-data"",""uniform-data""}",thanosvibs,https://thanosvibs.money
phylavell,Phyla-Vell,https://thanosvibs.money/images-thumbnails/portraits/md/phylavell1.png,/mff-assets/characters/phylavell1.webp,Universal,Hero,Female,Alien,"{""Energy Projection"",""Leadership"",""Energy"",""Instinct:Order"",""Source:Collab"",""Tier-4"",""Transcended"",""Source:Comic"",""lead-support-data"",""artifact-data"",""uniform-data""}",thanosvibs,https://thanosvibs.money
polaris,Polaris,https://thanosvibs.money/images-thumbnails/portraits/md/polaris1.png,/mff-assets/characters/polaris1.webp,Blast,Villain,Female,Mutant,"{""Energy Projection"",""Fast Movement"",""Energy"",""Instinct:Order"",""Source:Comic"",""Tier-4"",""Tier-3"",""lead-support-data"",""artifact-data"",""uniform-data""}",thanosvibs,https://thanosvibs.money
professorx,Professor X,https://thanosvibs.money/images-thumbnails/portraits/md/professorx2.png,/mff-assets/characters/professorx2.webp,Blast,Hero,Male,Mutant,"{""Leadership"",""Mind"",""Mind Resist"",""Energy"",""Instinct:Order"",""Source:Comic"",""Tier-4"",""Tier-3"",""lead-support-data"",""artifact-data"",""uniform-data""}",thanosvibs,https://thanosvibs.money
proximamidnight,Proxima Midnight,https://thanosvibs.money/images-thumbnails/portraits/md/proximamidnight2.png,/mff-assets/characters/proximamidnight2.webp,Universal,Villain,Female,Alien,"{""Agility"",""Fast Movement"",""Black Order"",""Energy"",""Instinct:Destruction"",""Source:Original"",""Tier-3"",""Physical"",""Source:Comic"",""Source:Mcu"",""lead-support-data"",""uniform-data""}",thanosvibs,https://thanosvibs.money
psylocke,Psylocke,https://thanosvibs.money/images-thumbnails/portraits/md/psylocke4.png,/mff-assets/characters/psylocke4.webp,Blast,Hero,Female,Mutant,"{""Agility"",""Mind"",""Energy"",""Instinct:Order"",""Source:Original"",""Tier-4"",""Transcended"",""Source:Comic"",""Alias:Captain Britain"",""artifact-data"",""uniform-data""}",thanosvibs,https://thanosvibs.money
punisher,Punisher,https://thanosvibs.money/images-thumbnails/portraits/md/punisher7.png,/mff-assets/characters/punisher7.webp,Combat,Hero,Male,Human,"{""Leadership"",""Weapons Master"",""Physical"",""Instinct:Justice"",""Source:Mcu"",""Tier-4"",""Tier-3"",""Power Cosmic"",""Flame"",""Fire"",""Energy"",""Source:Comic"",""Machine"",""Source:Tv"",""lead-support-data"",""artifact-data"",""uniform-data""}",thanosvibs,https://thanosvibs.money
quasaravrilkincaid,Quasar (Avril Kincaid),https://thanosvibs.money/images-thumbnails/portraits/md/quasar1.png,/mff-assets/characters/quasar1.webp,Universal,Hero,Female,Human,"{""Heightened Senses"",""Energy Projection"",""Energy"",""Instinct:Justice"",""Source:Comic"",""Transcended"",""Physical"",""uniform-data""}",thanosvibs,https://thanosvibs.money
quasarwendellvaughn,Quasar (Wendell Vaughn),https://thanosvibs.money/images-thumbnails/portraits/md/wendellvaughn.png,/mff-assets/characters/wendellvaughn.webp,Universal,Hero,Male,Human,"{""Energy Projection"",""Fast Movement"",""Annihilators"",""Energy"",""Instinct:Justice"",""Source:Comic"",""Transcended"",""lead-support-data"",""artifact-data""}",thanosvibs,https://thanosvibs.money
quicksilver,Quicksilver,https://thanosvibs.money/images-thumbnails/portraits/md/quicksilver4.png,/mff-assets/characters/quicksilver4.webp,Speed,Hero,Male,Human,"{""Fast Movement"",""Agility"",""Physical"",""Instinct:Justice"",""Source:Comic"",""Tier-4"",""Tier-3"",""Source:Original"",""artifact-data"",""uniform-data""}",thanosvibs,https://thanosvibs.money
rachelsummers,Rachel Summers,https://thanosvibs.money/images-thumbnails/portraits/md/rachelsummers1.png,/mff-assets/characters/rachelsummers1.webp,Universal,Hero,Female,Mutant,"{""Phoenix Force"",""Fast Movement"",""Energy"",""Fire"",""Instinct:Order"",""Source:Comic"",""Transcended"",""lead-support-data"",""artifact-data"",""uniform-data""}",thanosvibs,https://thanosvibs.money
redguardian,Red Guardian,https://thanosvibs.money/images-thumbnails/portraits/md/redguardian2.png,/mff-assets/characters/redguardian2.webp,Combat,Hero,Male,Human,"{""Strong"",""Agility"",""Thunderbolts"",""Physical"",""Lightning"",""Instinct:Cruelty"",""Source:Mcu"",""Tier-4"",""Transcended"",""Source:Comic"",""lead-support-data"",""artifact-data"",""uniform-data""}",thanosvibs,https://thanosvibs.money
redhulk,Red Hulk,https://thanosvibs.money/images-thumbnails/portraits/md/redhulk3.png,/mff-assets/characters/redhulk3.webp,Combat,Villain,Male,Human,"{""Flame"",""Gamma Radiation"",""Durability"",""Physical"",""Fire"",""Instinct:Cruelty"",""Source:Mcu"",""Transcended"",""Source:Comic"",""Symbiote"",""lead-support-data"",""artifact-data"",""uniform-data""}",thanosvibs,https://thanosvibs.money
redshehulk,Red She-Hulk,https://thanosvibs.money/images-thumbnails/portraits/md/redshehulk.png,/mff-assets/characters/redshehulk.webp,Combat,Hero,Female,Human,"{""Gamma Radiation"",""Durability"",""Flame"",""Physical"",""Fire"",""Instinct:Justice"",""Source:Comic"",""Transcended"",""lead-support-data"",""artifact-data""}",thanosvibs,https://thanosvibs.money
redskull,Red Skull,https://thanosvibs.money/images-thumbnails/portraits/md/redskull2.png,/mff-assets/characters/redskull2.webp,Blast,Villain,Male,Human,"{""Pure Evil"",""Command"",""Cosmic Cube"",""Physical"",""Energy"",""Instinct:Cruelty"",""Source:Comic"",""Transcended"",""Source:Mcu"",""uniform-data""}",thanosvibs,https://thanosvibs.money
rescue,Rescue,https://thanosvibs.money/images-thumbnails/portraits/md/rescue2.png,/mff-assets/characters/rescue2.webp,Blast,Hero,Female,Human,"{""Machine"",""Leadership"",""Energy"",""Instinct:Justice"",""Source:Comic"",""Transcended"",""Source:Original"",""Source:Mcu"",""lead-support-data"",""artifact-data"",""uniform-data""}",thanosvibs,https://thanosvibs.money
rhino,Rhino,https://thanosvibs.money/images-thumbnails/portraits/md/rhino1.png,/mff-assets/characters/rhino1.webp,Combat,Villain,Male,Human,"{""Strong"",""Durability"",""Sinister Six"",""Instinct:Cruelty"",""Source:Comic"",""Tier-4"",""Transcended"",""Physical"",""artifact-data"",""uniform-data""}",thanosvibs,https://thanosvibs.money
rocketraccoon,Rocket Raccoon,https://thanosvibs.money/images-thumbnails/portraits/md/rocketraccoon6.png,/mff-assets/characters/rocketraccoon6.webp,Blast,Hero,Male,Alien,"{""Weapons Master"",""Guardians of the Galaxy"",""Energy"",""Instinct:Order"",""Source:Mcu"",""Tier-3"",""Physical"",""Source:Comic"",""lead-support-data"",""artifact-data"",""uniform-data""}",thanosvibs,https://thanosvibs.money
rogue,Rogue,https://thanosvibs.money/images-thumbnails/portraits/md/rogue4.png,/mff-assets/characters/rogue4.webp,Speed,Hero,Female,Mutant,"{""Healing"",""Fast Movement"",""Physical"",""Mind"",""Cold"",""Lightning"",""Instinct:Order"",""Source:Original"",""Tier-4"",""Tier-3"",""Energy"",""Source:Comic"",""artifact-data"",""uniform-data""}",thanosvibs,https://thanosvibs.money
ronan,Ronan,https://thanosvibs.money/images-thumbnails/portraits/md/ronan3.png,/mff-assets/characters/ronan3.webp,Universal,Hero,Male,Alien,"{""Mind Resist"",""Command"",""Annihilators"",""Energy"",""Instinct:Destruction"",""Source:Comic"",""Tier-3"",""Physical"",""Mind"",""Source:Mcu"",""lead-support-data"",""artifact-data"",""uniform-data""}",thanosvibs,https://thanosvibs.money
sabretooth,Sabretooth,https://thanosvibs.money/images-thumbnails/portraits/md/sabretooth2.png,/mff-assets/characters/sabretooth2.webp,Combat,Villain,Male,Mutant,"{""Pure Evil"",""Agility"",""Physical"",""Instinct:Destruction"",""Source:Comic"",""Tier-3"",""artifact-data"",""uniform-data""}",thanosvibs,https://thanosvibs.money
sandman,Sandman,https://thanosvibs.money/images-thumbnails/portraits/md/sandman1.png,/mff-assets/characters/sandman1.webp,Combat,Villain,Male,Human,"{""Durability"",""Sinister Six"",""Physical"",""Lightning"",""Mind"",""Instinct:Cruelty"",""Source:Original"",""Tier-4"",""Transcended"",""Energy"",""Source:Comic"",""lead-support-data"",""artifact-data"",""uniform-data""}",thanosvibs,https://thanosvibs.money
satana,Satana,https://thanosvibs.money/images-thumbnails/portraits/md/satana2.png,/mff-assets/characters/satana2.webp,Universal,Hero,Female,Human,"{""Magic"",""Flame"",""Energy"",""Fire"",""Instinct:Justice"",""Source:Original"",""Transcended"",""Source:Comic"",""lead-support-data"",""artifact-data"",""uniform-data""}",thanosvibs,https://thanosvibs.money
scarletspider,Scarlet Spider,https://thanosvibs.money/images-thumbnails/portraits/md/scarletspider2.png,/mff-assets/characters/scarletspider2.webp,Speed,Hero,Male,Human,"{""Spider-Sense"",""Leadership"",""Agility"",""Physical"",""Instinct:Justice"",""Source:Original"",""Tier-4"",""Tier-3"",""Source:Comic"",""Alias:Chasm"",""Fire"",""lead-support-data"",""artifact-data"",""uniform-data""}",thanosvibs,https://thanosvibs.money
scarletwitch,Scarlet Witch,https://thanosvibs.money/images-thumbnails/portraits/md/scarletwitch7.png,/mff-assets/characters/scarletwitch7.webp,Universal,Villain,Female,Human,"{""Chaos Magic"",""Fast Movement"",""Zombie"",""Energy"",""Mind"",""Instinct:Justice"",""Source:Animation"",""Tier-4"",""Tier-3"",""Source:Comic"",""Source:Mcu"",""lead-support-data"",""artifact-data"",""uniform-data""}",thanosvibs,https://thanosvibs.money
scorpion,Scorpion,https://thanosvibs.money/images-thumbnails/portraits/md/scorpion1.png,/mff-assets/characters/scorpion1.webp,Speed,Villain,Male,Human,"{""Pure Evil"",""Durability"",""Poison"",""Instinct:Cruelty"",""Source:Mcu"",""Tier-4"",""Transcended"",""Physical"",""Source:Comic"",""artifact-data"",""uniform-data""}",thanosvibs,https://thanosvibs.money
scream,Scream,https://thanosvibs.money/images-thumbnails/portraits/md/scream1.png,/mff-assets/characters/scream1.webp,Combat,Hero,Female,Human,"{""Strong"",""Leadership"",""Symbiote"",""Physical"",""Instinct:Cruelty"",""Source:Comic"",""Transcended"",""Pure Evil"",""artifact-data"",""uniform-data""}",thanosvibs,https://thanosvibs.money
sentinel,Sentinel,https://thanosvibs.money/images-thumbnails/portraits/md/sentinel2.png,/mff-assets/characters/sentinel2.webp,Universal,Villain,Neutral,Other,"{""Machine"",""Pure Evil"",""Energy"",""Instinct:Destruction"",""Source:Comic"",""Tier-4"",""Tier-3"",""Physical"",""Lightning"",""lead-support-data"",""artifact-data"",""uniform-data""}",thanosvibs,https://thanosvibs.money
sentry,Sentry,https://thanosvibs.money/images-thumbnails/portraits/md/sentry2.png,/mff-assets/characters/sentry2.webp,Universal,Hero,Male,Human,"{""Leadership"",""Energy Projection"",""Energy"",""Instinct:Justice"",""Source:Mcu"",""Tier-4"",""Tier-3"",""Dark Avengers"",""Source:Comic"",""lead-support-data"",""artifact-data"",""uniform-data""}",thanosvibs,https://thanosvibs.money
sersi,Sersi,https://thanosvibs.money/images-thumbnails/portraits/md/sersi1.png,/mff-assets/characters/sersi1.webp,Blast,Hero,Female,Alien,"{""Eternals"",""Leadership"",""Magic"",""Energy"",""Instinct:Order"",""Source:Mcu"",""Transcended"",""Source:Comic"",""lead-support-data"",""artifact-data"",""uniform-data""}",thanosvibs,https://thanosvibs.money
shadowshell,Shadow Shell,https://thanosvibs.money/images-thumbnails/portraits/md/shadowshell1.png,/mff-assets/characters/shadowshell1.webp,Speed,Hero,Female,Human,"{""Warriors of the Sky"",""Agility"",""Poison"",""Physical"",""Instinct:Justice"",""Source:Original"",""Tier-4"",""Transcended"",""lead-support-data"",""artifact-data"",""uniform-data""}",thanosvibs,https://thanosvibs.money
shangchi,Shang-Chi,https://thanosvibs.money/images-thumbnails/portraits/md/shangchi2.png,/mff-assets/characters/shangchi2.webp,Combat,Hero,Male,Human,"{""Agility"",""Leadership"",""Physical"",""Instinct:Justice"",""Source:Animation"",""Tier-4"",""Tier-3"",""Source:Mcu"",""Source:Comic"",""lead-support-data"",""artifact-data"",""uniform-data""}",thanosvibs,https://thanosvibs.money
shehulk,She-Hulk,https://thanosvibs.money/images-thumbnails/portraits/md/shehulk4.png,/mff-assets/characters/shehulk4.webp,Combat,Hero,Female,Human,"{""Gamma Radiation"",""Durability"",""Physical"",""Instinct:Justice"",""Source:Mcu"",""Tier-3"",""Source:Comic"",""Fantastic Four"",""lead-support-data"",""artifact-data"",""uniform-data""}",thanosvibs,https://thanosvibs.money
shuri,Shuri,https://thanosvibs.money/images-thumbnails/portraits/md/shuri3.png,/mff-assets/characters/shuri3.webp,Speed,Hero,Female,Human,"{""Heightened Senses"",""Leadership"",""Physical"",""Instinct:Justice"",""Source:Mcu"",""Tier-3"",""Alias:Black Panther"",""Source:Comic"",""lead-support-data"",""artifact-data"",""uniform-data""}",thanosvibs,https://thanosvibs.money
sif,Sif,https://thanosvibs.money/images-thumbnails/portraits/md/sif2.png,/mff-assets/characters/sif2.webp,Combat,Hero,Female,Alien,"{""Agility"",""Physical"",""Instinct:Order"",""Source:Comic"",""Transcended"",""Source:Tv"",""Energy"",""lead-support-data"",""artifact-data"",""uniform-data""}",thanosvibs,https://thanosvibs.money
silk,Silk,https://thanosvibs.money/images-thumbnails/portraits/md/silk2.png,/mff-assets/characters/silk2.webp,Speed,Hero,Female,Human,"{""Spider-Sense"",""Agility"",""Physical"",""Instinct:Justice"",""Source:Original"",""Transcended"",""Source:Comic"",""uniform-data""}",thanosvibs,https://thanosvibs.money
silversamurai,Silver Samurai,https://thanosvibs.money/images-thumbnails/portraits/md/silversamurai.png,/mff-assets/characters/silversamurai.webp,Combat,Villain,Male,Mutant,"{""Weapons Master"",""Pure Evil"",""Physical"",""Instinct:Destruction"",""Source:Comic"",""Tier-4"",""Tier-3"",""lead-support-data"",""artifact-data""}",thanosvibs,https://thanosvibs.money
silversurfer,Silver Surfer,https://thanosvibs.money/images-thumbnails/portraits/md/silversurfer2.png,/mff-assets/characters/silversurfer2.webp,Universal,Villain,Male,Alien,"{""Power Cosmic"",""Symbiote"",""Annihilators"",""Energy"",""Instinct:Order"",""Source:Comic"",""Tier-4"",""Tier-3"",""lead-support-data"",""artifact-data"",""uniform-data""}",thanosvibs,https://thanosvibs.money
silversurfershallabal,Silver Surfer (Shalla-Bal),https://thanosvibs.money/images-thumbnails/portraits/md/shallabal.png,/mff-assets/characters/shallabal.webp,Universal,Villain,Female,Alien,"{""Power Cosmic"",""Energy"",""Instinct:Destruction"",""Source:Mcu"",""Tier-4"",""Tier-3"",""lead-support-data"",""artifact-data""}",thanosvibs,https://thanosvibs.money
sin,Sin,https://thanosvibs.money/images-thumbnails/portraits/md/sin1.png,/mff-assets/characters/sin1.webp,Speed,Villain,Female,Human,"{""Weapons Master"",""Pure Evil"",""Physical"",""Instinct:Cruelty"",""Source:Original"",""Tier-3"",""Source:Comic"",""lead-support-data"",""artifact-data"",""uniform-data""}",thanosvibs,https://thanosvibs.money
singularity,Singularity,https://thanosvibs.money/images-thumbnails/portraits/md/singularity.png,/mff-assets/characters/singularity.webp,Universal,Hero,Female,Alien,"{""Fast Movement"",""Energy Projection"",""Energy"",""Instinct:Order"",""Source:Comic"",""lead-support-data""}",thanosvibs,https://thanosvibs.money
sistergrimm,Sister Grimm,https://thanosvibs.money/images-thumbnails/portraits/md/sistergrimm2.png,/mff-assets/characters/sistergrimm2.webp,Blast,Hero,Female,Human,"{""Magic"",""Energy"",""Fire"",""Instinct:Justice"",""Source:Comic"",""Tier-3"",""lead-support-data"",""artifact-data"",""uniform-data""}",thanosvibs,https://thanosvibs.money
skurge,Skurge,https://thanosvibs.money/images-thumbnails/portraits/md/skurge.png,/mff-assets/characters/skurge.webp,Combat,Villain,Male,Alien,"{""Strong"",""Durability"",""Physical"",""Instinct:Destruction"",""Source:Mcu"",""Transcended"",""artifact-data""}",thanosvibs,https://thanosvibs.money
slapstick,Slapstick,https://thanosvibs.money/images-thumbnails/portraits/md/slapstick.png,/mff-assets/characters/slapstick.webp,Universal,Hero,Male,Human,"{""Agility"",""Physical"",""Instinct:Justice"",""Source:Comic"",""Transcended"",""artifact-data""}",thanosvibs,https://thanosvibs.money
sleeper,Sleeper,https://thanosvibs.money/images-thumbnails/portraits/md/sleeper.png,/mff-assets/characters/sleeper.webp,Combat,Hero,Neutral,Alien,"{""Symbiote"",""Healing"",""Leadership"",""Physical"",""Instinct:Order"",""Source:Comic"",""Tier-3"",""lead-support-data"",""artifact-data""}",thanosvibs,https://thanosvibs.money
songbird,Songbird,https://thanosvibs.money/images-thumbnails/portraits/md/songbird.png,/mff-assets/characters/songbird.webp,Blast,Hero,Female,Human,"{""Fast Movement"",""Agent"",""Instinct:Justice"",""Source:Comic""}",thanosvibs,https://thanosvibs.money
spectrum,Spectrum,https://thanosvibs.money/images-thumbnails/portraits/md/spectrum1.png,/mff-assets/characters/spectrum1.webp,Blast,Hero,Female,Human,"{""Leadership"",""Energy Projection"",""Energy"",""Instinct:Justice"",""Source:Mcu"",""Transcended"",""Alias:Captain Monica Rambeau"",""Lightning"",""Source:Comic"",""lead-support-data"",""artifact-data"",""uniform-data""}",thanosvibs,https://thanosvibs.money
spidergwen,Spider-Gwen,https://thanosvibs.money/images-thumbnails/portraits/md/spidergwen3.png,/mff-assets/characters/spidergwen3.webp,Speed,Hero,Female,Human,"{""Spider-Sense"",""Agility"",""Leadership"",""Physical"",""Instinct:Justice"",""Source:Sony"",""Tier-4"",""Transcended"",""Source:Comic"",""Symbiote"",""artifact-data"",""uniform-data""}",thanosvibs,https://thanosvibs.money
spiderman,Spider-Man,https://thanosvibs.money/images-thumbnails/portraits/md/spiderman12.png,/mff-assets/characters/spiderman12.webp,Speed,Hero,Male,Human,"{""Spider-Sense"",""Leadership"",""Symbiote"",""Instinct:Justice"",""Source:Mcu"",""Tier-4"",""Tier-3"",""Agility"",""Energy"",""Physical"",""Source:Comic"",""Lightning"",""artifact-data"",""uniform-data""}",thanosvibs,https://thanosvibs.money
spidermanmilesmorales,Spider-Man (Miles Morales),https://thanosvibs.money/images-thumbnails/portraits/md/milesmorales5.png,/mff-assets/characters/milesmorales5.webp,Speed,Villain,Male,Human,"{""Spider-Sense"",""Agility"",""Leadership"",""Physical"",""Lightning"",""Instinct:Justice"",""Source:Original"",""Tier-4"",""Tier-3"",""Symbiote"",""Pure Evil"",""Source:Comic"",""Energy"",""Source:Sony"",""lead-support-data"",""artifact-data"",""uniform-data""}",thanosvibs,https://thanosvibs.money
spiderman2099,Spider-Man 2099,https://thanosvibs.money/images-thumbnails/portraits/md/spiderman20992.png,/mff-assets/characters/spiderman20992.webp,Speed,Hero,Male,Human,"{""Spider-Sense"",""Leadership"",""Agility"",""Physical"",""Instinct:Justice"",""Source:Sony"",""Tier-3"",""Source:Comic"",""lead-support-data"",""artifact-data"",""uniform-data""}",thanosvibs,https://thanosvibs.money
spiderwoman,Spider-Woman,https://thanosvibs.money/images-thumbnails/portraits/md/spiderwoman1.png,/mff-assets/characters/spiderwoman1.webp,Blast,Hero,Female,Human,"{""Spider-Sense"",""Leadership"",""Agility"",""Energy"",""Lightning"",""Instinct:Justice"",""Source:Sony"",""Transcended"",""Source:Comic"",""lead-support-data"",""artifact-data"",""uniform-data""}",thanosvibs,https://thanosvibs.money
spot,Spot,https://thanosvibs.money/images-thumbnails/portraits/md/spot.png,/mff-assets/characters/spot.webp,Speed,Villain,Male,Human,"{""Fast Movement"",""Pure Evil"",""Physical"",""Instinct:Cruelty"",""Source:Sony"",""Transcended"",""artifact-data""}",thanosvibs,https://thanosvibs.money
squirrelgirl,Squirrel Girl,https://thanosvibs.money/images-thumbnails/portraits/md/squirrelgirl2.png,/mff-assets/characters/squirrelgirl2.webp,Speed,Villain,Female,Human,"{""Agility"",""Pure Evil"",""Power Cosmic"",""Physical"",""Instinct:Justice"",""Source:Original"",""Tier-3"",""Source:Comic"",""lead-support-data"",""artifact-data"",""uniform-data""}",thanosvibs,https://thanosvibs.money
starlord,Star-Lord,https://thanosvibs.money/images-thumbnails/portraits/md/starlord6.png,/mff-assets/characters/starlord6.webp,Blast,Hero,Male,Alien,"{""Weapons Master"",""Command"",""Guardians of the Galaxy"",""Energy"",""Instinct:Order"",""Source:Comic"",""Tier-4"",""Tier-3"",""Source:Mcu"",""Physical"",""lead-support-data"",""artifact-data"",""uniform-data""}",thanosvibs,https://thanosvibs.money
storm,Storm,https://thanosvibs.money/images-thumbnails/portraits/md/storm5.png,/mff-assets/characters/storm5.webp,Blast,Hero,Female,Mutant,"{""Shock"",""Command"",""Energy"",""Lightning"",""Instinct:Order"",""Source:Animation"",""Tier-4"",""Tier-3"",""Cold"",""Source:Comic"",""Source:Original"",""lead-support-data"",""artifact-data"",""uniform-data""}",thanosvibs,https://thanosvibs.money
stryfe,Stryfe,https://thanosvibs.money/images-thumbnails/portraits/md/stryfe2.png,/mff-assets/characters/stryfe2.webp,Blast,Villain,Male,Mutant,"{""Pure Evil"",""Energy Projection"",""Energy"",""Instinct:Destruction"",""Source:Original"",""Tier-4"",""Tier-3"",""Source:Comic"",""Physical"",""lead-support-data"",""artifact-data"",""uniform-data""}",thanosvibs,https://thanosvibs.money
sunbird,Sun Bird,https://thanosvibs.money/images-thumbnails/portraits/md/sunbird1.png,/mff-assets/characters/sunbird1.webp,Speed,Hero,Male,Human,"{""Warriors of the Sky"",""Agility"",""Flame"",""Physical"",""Fire"",""Instinct:Justice"",""Source:Original"",""Transcended"",""lead-support-data"",""artifact-data"",""uniform-data""}",thanosvibs,https://thanosvibs.money
sunspot,Sunspot,https://thanosvibs.money/images-thumbnails/portraits/md/sunspot.png,/mff-assets/characters/sunspot.webp,Blast,Hero,Male,Mutant,"{""Flame"",""Fast Movement"",""Energy"",""Fire"",""Instinct:Order"",""Source:Animation"",""Tier-3"",""lead-support-data"",""artifact-data""}",thanosvibs,https://thanosvibs.money
supergiant,Supergiant,https://thanosvibs.money/images-thumbnails/portraits/md/supergiant1.png,/mff-assets/characters/supergiant1.webp,Universal,Villain,Female,Alien,"{""Mind"",""Mind Resist"",""Black Order"",""Energy"",""Instinct:Destruction"",""Source:Original"",""Transcended"",""Source:Comic"",""lead-support-data"",""uniform-data""}",thanosvibs,https://thanosvibs.money
swordmaster,Sword Master,https://thanosvibs.money/images-thumbnails/portraits/md/swordmaster1.png,/mff-assets/characters/swordmaster1.webp,Combat,Hero,Male,Human,"{""Leadership"",""Weapons Master"",""Physical"",""Instinct:Justice"",""Source:Original"",""Transcended"",""Source:Comic"",""lead-support-data"",""artifact-data"",""uniform-data""}",thanosvibs,https://thanosvibs.money
sylvie,Sylvie,https://thanosvibs.money/images-thumbnails/portraits/md/sylvie.png,/mff-assets/characters/sylvie.webp,Universal,Hero,Female,Alien,"{""Mind"",""Chill"",""Energy"",""Instinct:Order"",""Source:Mcu"",""Tier-3"",""artifact-data""}",thanosvibs,https://thanosvibs.money
taskmaster,Taskmaster,https://thanosvibs.money/images-thumbnails/portraits/md/taskmaster2.png,/mff-assets/characters/taskmaster2.webp,Combat,Hero,Female,Human,"{""Weapons Master"",""Pure Evil"",""Thunderbolts"",""Physical"",""Instinct:Cruelty"",""Source:Mcu"",""Tier-4"",""Tier-3"",""Source:Comic"",""lead-support-data"",""artifact-data"",""uniform-data""}",thanosvibs,https://thanosvibs.money
thane,Thane,https://thanosvibs.money/images-thumbnails/portraits/md/thane1.png,/mff-assets/characters/thane1.webp,Universal,Villain,Male,Inhuman,"{""Phoenix Force"",""Durability"",""Pure Evil"",""Energy"",""Fire"",""Instinct:Destruction"",""Source:Comic"",""Tier-3"",""Strong"",""lead-support-data"",""artifact-data"",""uniform-data""}",thanosvibs,https://thanosvibs.money
thanos,Thanos,https://thanosvibs.money/images-thumbnails/portraits/md/thanos6.png,/mff-assets/characters/thanos6.webp,Universal,Villain,Male,Alien,"{""Power Cosmic"",""Durability"",""Pure Evil"",""Energy"",""Instinct:Destruction"",""Source:Comic"",""Tier-4"",""Tier-3"",""Physical"",""Fire"",""Cold"",""Lightning"",""Poison"",""Source:Mcu"",""Source:Original"",""lead-support-data"",""artifact-data"",""uniform-data""}",thanosvibs,https://thanosvibs.money
thehood,The Hood,https://thanosvibs.money/images-thumbnails/portraits/md/thehood.png,/mff-assets/characters/thehood.webp,Blast,Villain,Male,Human,"{""Pure Evil"",""Fast Movement"",""Energy"",""Instinct:Cruelty"",""Source:Mcu"",""Tier-3"",""lead-support-data"",""artifact-data""}",thanosvibs,https://thanosvibs.money
thething,The Thing,https://thanosvibs.money/images-thumbnails/portraits/md/thing4.png,/mff-assets/characters/thing4.webp,Combat,Hero,Male,Human,"{""Strong"",""Durability"",""Fantastic Four"",""Physical"",""Fire"",""Instinct:Justice"",""Source:Mcu"",""Tier-4"",""Transcended"",""Source:Comic"",""lead-support-data"",""artifact-data"",""uniform-data""}",thanosvibs,https://thanosvibs.money
thena,Thena,https://thanosvibs.money/images-thumbnails/portraits/md/thena1.png,/mff-assets/characters/thena1.webp,Universal,Hero,Female,Alien,"{""Leadership"",""Eternals"",""Physical"",""Instinct:Order"",""Source:Mcu"",""Tier-3"",""Source:Comic"",""lead-support-data"",""artifact-data"",""uniform-data""}",thanosvibs,https://thanosvibs.money
thor,Thor,https://thanosvibs.money/images-thumbnails/portraits/md/thor10.png,/mff-assets/characters/thor10.webp,Universal,Hero,Male,Alien,"{""Shock"",""Leadership"",""Energy"",""Lightning"",""Instinct:Order"",""Source:Comic"",""Tier-4"",""Tier-3"",""Physical"",""Source:Mcu"",""Power Cosmic"",""artifact-data"",""uniform-data""}",thanosvibs,https://thanosvibs.money
thorjanefoster,Thor (Jane Foster),https://thanosvibs.money/images-thumbnails/portraits/md/janefoster1.png,/mff-assets/characters/janefoster1.webp,Universal,Hero,Female,Human,"{""Shock"",""Fast Movement"",""Energy"",""Lightning"",""Instinct:Justice"",""Source:Mcu"",""Tier-3"",""Physical"",""Source:Comic"",""lead-support-data"",""artifact-data"",""uniform-data""}",thanosvibs,https://thanosvibs.money
titania,Titania,https://thanosvibs.money/images-thumbnails/portraits/md/titania1.png,/mff-assets/characters/titania1.webp,Combat,Villain,Female,Human,"{""Strong"",""Physical"",""Instinct:Cruelty"",""Source:Comic"",""Transcended"",""lead-support-data"",""artifact-data"",""uniform-data""}",thanosvibs,https://thanosvibs.money
toxin,Toxin,https://thanosvibs.money/images-thumbnails/portraits/md/toxin.png,/mff-assets/characters/toxin.webp,Combat,Hero,Male,Human,"{""Agility"",""Symbiote"",""Strong"",""Physical"",""Instinct:Justice"",""Source:Comic"",""Transcended"",""lead-support-data"",""artifact-data""}",thanosvibs,https://thanosvibs.money
usagent,U.S. Agent,https://thanosvibs.money/images-thumbnails/portraits/md/usagent.png,/mff-assets/characters/usagent.webp,Combat,Hero,Male,Human,"{""Leadership"",""Command"",""Thunderbolts"",""Physical"",""Instinct:Justice"",""Source:Mcu"",""Tier-3"",""lead-support-data"",""artifact-data""}",thanosvibs,https://thanosvibs.money
ulik,Ulik,https://thanosvibs.money/images-thumbnails/portraits/md/ulik.png,/mff-assets/characters/ulik.webp,Combat,Villain,Male,Alien,"{""Strong"",""Durability"",""Physical"",""Instinct:Destruction"",""Source:Comic"",""Transcended"",""lead-support-data"",""artifact-data""}",thanosvibs,https://thanosvibs.money
ultron,Ultron,https://thanosvibs.money/images-thumbnails/portraits/md/ultron5.png,/mff-assets/characters/ultron5.webp,Universal,Villain,Male,Other,"{""Machine"",""Pure Evil"",""Energy"",""Instinct:Destruction"",""Source:Comic"",""Tier-4"",""Tier-3"",""Physical"",""Lightning"",""Source:Mcu"",""Alias:Ultron Mark 1"",""Alias:Ultron Mark 3"",""Alias:Ultron Prime"",""Alias:Infinity Ultron"",""lead-support-data"",""artifact-data"",""uniform-data""}",thanosvibs,https://thanosvibs.money
ulyssesklaue,Ulysses Klaue,https://thanosvibs.money/images-thumbnails/portraits/md/ulyssesklaue.png,/mff-assets/characters/ulyssesklaue.webp,Blast,Villain,Male,Human,"{""Weapons Master"",""Energy"",""Physical"",""Instinct:Cruelty"",""Source:Mcu"",""Transcended"",""lead-support-data"",""artifact-data""}",thanosvibs,https://thanosvibs.money
valeriarichards,Valeria Richards,https://thanosvibs.money/images-thumbnails/portraits/md/valeriarichards.png,/mff-assets/characters/valeriarichards.webp,Blast,Hero,Female,Human,"{""Leadership"",""Fantastic Four"",""Energy"",""Instinct:Justice"",""Source:Comic"",""Transcended"",""lead-support-data"",""artifact-data""}",thanosvibs,https://thanosvibs.money
valkyrie,Valkyrie,https://thanosvibs.money/images-thumbnails/portraits/md/valkyrie3.png,/mff-assets/characters/valkyrie3.webp,Combat,Hero,Female,Alien,"{""Strong"",""Physical"",""Instinct:Order"",""Source:Comic"",""Tier-4"",""Transcended"",""Source:Mcu"",""lead-support-data"",""artifact-data"",""uniform-data""}",thanosvibs,https://thanosvibs.money
venom,Venom,https://thanosvibs.money/images-thumbnails/portraits/md/venom6.png,/mff-assets/characters/venom6.webp,Combat,Hero,Male,Human,"{""Healing"",""Symbiote"",""Physical"",""Instinct:Cruelty"",""Source:Collab"",""Tier-4"",""Tier-3"",""Source:Comic"",""Mind"",""Weapons Master"",""artifact-data"",""uniform-data""}",thanosvibs,https://thanosvibs.money
venusaphrodite,Venus (Aphrodite),https://thanosvibs.money/images-thumbnails/portraits/md/venus.png,/mff-assets/characters/venus.webp,Universal,Hero,Female,Alien,"{""Mind"",""Mind Resist"",""Olympus"",""Energy"",""Instinct:Order"",""Source:Comic"",""Transcended"",""lead-support-data"",""artifact-data""}",thanosvibs,https://thanosvibs.money
victorious,Victorious,https://thanosvibs.money/images-thumbnails/portraits/md/victorious1.png,/mff-assets/characters/victorious1.webp,Universal,Villain,Female,Human,"{""Fast Movement"",""Energy Projection"",""Energy"",""Instinct:Cruelty"",""Source:Original"",""Tier-3"",""Source:Comic"",""lead-support-data"",""artifact-data"",""uniform-data""}",thanosvibs,https://thanosvibs.money
viper,Viper,https://thanosvibs.money/images-thumbnails/portraits/md/viper.png,/mff-assets/characters/viper.webp,Speed,Villain,Female,Human,"{""Poison"",""Pure Evil"",""Physical"",""Instinct:Cruelty"",""Source:Comic"",""lead-support-data""}",thanosvibs,https://thanosvibs.money
vision,Vision,https://thanosvibs.money/images-thumbnails/portraits/md/vision4.png,/mff-assets/characters/vision4.webp,Universal,Hero,Female,Creature,"{""Fast Movement"",""Machine"",""Durability"",""Physical"",""Instinct:Order"",""Source:Comic"",""Tier-4"",""Tier-3"",""Source:Mcu"",""lead-support-data"",""artifact-data"",""uniform-data""}",thanosvibs,https://thanosvibs.money
volstagg,Volstagg,https://thanosvibs.money/images-thumbnails/portraits/md/volstagg.png,/mff-assets/characters/volstagg.webp,Combat,Hero,Male,Alien,"{""Durability"",""Physical"",""Energy"",""Instinct:Order"",""Source:Comic"",""Transcended"",""lead-support-data"",""artifact-data""}",thanosvibs,https://thanosvibs.money
vulture,Vulture,https://thanosvibs.money/images-thumbnails/portraits/md/vulture1.png,/mff-assets/characters/vulture1.webp,Speed,Villain,Male,Human,"{""Fast Movement"",""Agility"",""Sinister Six"",""Physical"",""Energy"",""Lightning"",""Mind"",""Instinct:Cruelty"",""Source:Mcu"",""Transcended"",""Source:Comic"",""artifact-data"",""uniform-data""}",thanosvibs,https://thanosvibs.money
warmachine,War Machine,https://thanosvibs.money/images-thumbnails/portraits/md/warmachine8.png,/mff-assets/characters/warmachine8.webp,Blast,Hero,Male,Human,"{""Machine"",""Leadership"",""Physical"",""Instinct:Justice"",""Source:Comic"",""Tier-4"",""Tier-3"",""Source:Original"",""Energy"",""Source:Mcu"",""lead-support-data"",""artifact-data"",""uniform-data""}",thanosvibs,https://thanosvibs.money
wartiger,War Tiger,https://thanosvibs.money/images-thumbnails/portraits/md/wartiger1.png,/mff-assets/characters/wartiger1.webp,Combat,Hero,Male,Human,"{""Warriors of the Sky"",""Strong"",""Durability"",""Physical"",""Instinct:Justice"",""Source:Original"",""Transcended"",""artifact-data"",""uniform-data""}",thanosvibs,https://thanosvibs.money
warpath,Warpath,https://thanosvibs.money/images-thumbnails/portraits/md/warpath.png,/mff-assets/characters/warpath.webp,Combat,Hero,Male,Mutant,"{""Strong"",""Leadership"",""Physical"",""Energy"",""Instinct:Order"",""Source:Comic"",""Transcended"",""artifact-data""}",thanosvibs,https://thanosvibs.money
warwolf,Warwolf,https://thanosvibs.money/images-thumbnails/portraits/md/warwolf.png,/mff-assets/characters/warwolf.webp,Combat,Hero,Male,Human,"{""Healing"",""Agent"",""Physical"",""Instinct:Justice"",""Source:Comic"",""Transcended"",""lead-support-data"",""artifact-data""}",thanosvibs,https://thanosvibs.money
wasp,Wasp,https://thanosvibs.money/images-thumbnails/portraits/md/wasp3.png,/mff-assets/characters/wasp3.webp,Blast,Hero,Female,Human,"{""Fast Movement"",""Energy"",""Instinct:Justice"",""Source:Mcu"",""Transcended"",""Source:Comic"",""Physical"",""lead-support-data"",""artifact-data"",""uniform-data""}",thanosvibs,https://thanosvibs.money
waspnadiavandyne,Wasp (Nadia Van Dyne),https://thanosvibs.money/images-thumbnails/portraits/md/nadiavandyne.png,/mff-assets/characters/nadiavandyne.webp,Blast,Hero,Female,Human,"{""Agent"",""Fast Movement"",""Energy"",""Physical"",""Instinct:Justice"",""Source:Comic"",""Transcended"",""lead-support-data"",""artifact-data""}",thanosvibs,https://thanosvibs.money
wave,Wave,https://thanosvibs.money/images-thumbnails/portraits/md/wave1.png,/mff-assets/characters/wave1.webp,Speed,Hero,Female,Human,"{""Heightened Senses"",""Agility"",""Energy"",""Instinct:Justice"",""Source:Original"",""Transcended"",""Source:Comic"",""lead-support-data"",""artifact-data"",""uniform-data""}",thanosvibs,https://thanosvibs.money
weaponhex,Weapon Hex,https://thanosvibs.money/images-thumbnails/portraits/md/weaponhex1.png,/mff-assets/characters/weaponhex1.webp,Blast,Villain,Female,Mutant,"{""Zombie"",""Healing"",""Chaos Magic"",""Energy"",""Instinct:Order"",""Source:Original"",""Tier-4"",""Transcended"",""Infinity Warps"",""Source:Comic"",""lead-support-data"",""artifact-data"",""uniform-data""}",thanosvibs,https://thanosvibs.money
wenwu,Wenwu,https://thanosvibs.money/images-thumbnails/portraits/md/wenwu1.png,/mff-assets/characters/wenwu1.webp,Blast,Villain,Male,Human,"{""Agility"",""Pure Evil"",""Energy"",""Instinct:Cruelty"",""Source:Mcu"",""Tier-3"",""lead-support-data"",""artifact-data"",""uniform-data""}",thanosvibs,https://thanosvibs.money
whiplash,Whiplash,https://thanosvibs.money/images-thumbnails/portraits/md/whiplash.png,/mff-assets/characters/whiplash.webp,Blast,Villain,Male,Human,"{""Shock"",""Machine"",""Instinct:Cruelty"",""Source:Mcu"",""Transcended"",""artifact-data""}",thanosvibs,https://thanosvibs.money
whitefox,White Fox,https://thanosvibs.money/images-thumbnails/portraits/md/whitefox3.png,/mff-assets/characters/whitefox3.webp,Speed,Hero,Female,Human,"{""Agility"",""Agent"",""Leadership"",""Physical"",""Instinct:Justice"",""Source:Comic"",""Tier-4"",""Tier-3"",""Source:Original"",""Cold"",""lead-support-data"",""artifact-data"",""uniform-data""}",thanosvibs,https://thanosvibs.money
whitetiger,White Tiger,https://thanosvibs.money/images-thumbnails/portraits/md/whitetiger1.png,/mff-assets/characters/whitetiger1.webp,Combat,Hero,Male,Human,"{""Agility"",""Physical"",""Lightning"",""Cold"",""Instinct:Justice"",""Source:Mcu"",""Transcended"",""Source:Comic"",""artifact-data"",""uniform-data""}",thanosvibs,https://thanosvibs.money
wiccan,Wiccan,https://thanosvibs.money/images-thumbnails/portraits/md/wiccan.png,/mff-assets/characters/wiccan.webp,Blast,Hero,Male,Human,"{""Fast Movement"",""Energy Projection"",""Energy"",""Instinct:Justice"",""Source:Comic"",""Transcended"",""lead-support-data"",""artifact-data""}",thanosvibs,https://thanosvibs.money
wintersoldier,Winter Soldier,https://thanosvibs.money/images-thumbnails/portraits/md/wintersoldier6.png,/mff-assets/characters/wintersoldier6.webp,Speed,Hero,Male,Human,"{""Weapons Master"",""Leadership"",""Thunderbolts"",""Physical"",""Instinct:Justice"",""Source:Mcu"",""Tier-4"",""Tier-3"",""Lightning"",""Source:Comic"",""lead-support-data"",""artifact-data"",""uniform-data""}",thanosvibs,https://thanosvibs.money
wolverine,Wolverine,https://thanosvibs.money/images-thumbnails/portraits/md/wolverine7.png,/mff-assets/characters/wolverine7.webp,Combat,Hero,Male,Mutant,"{""Weapons Master"",""Healing"",""Physical"",""Instinct:Order"",""Source:Mcu"",""Tier-4"",""Tier-3"",""Source:Comic"",""Phoenix Force"",""Fire"",""artifact-data"",""uniform-data""}",thanosvibs,https://thanosvibs.money
wong,Wong,https://thanosvibs.money/images-thumbnails/portraits/md/wong3.png,/mff-assets/characters/wong3.webp,Speed,Villain,Male,Human,"{""Weapons Master"",""Magic"",""Zombie"",""Physical"",""Instinct:Justice"",""Source:Mcu"",""Tier-4"",""Tier-3"",""Source:Comic"",""Agility"",""lead-support-data"",""artifact-data"",""uniform-data""}",thanosvibs,https://thanosvibs.money
x23,X-23,https://thanosvibs.money/images-thumbnails/portraits/md/x-233.png,/mff-assets/characters/x233.webp,Speed,Hero,Female,Mutant,"{""Agility"",""Healing"",""Physical"",""Instinct:Order"",""Source:Comic"",""Tier-4"",""Transcended"",""artifact-data"",""uniform-data""}",thanosvibs,https://thanosvibs.money
yelenabelova,Yelena Belova,https://thanosvibs.money/images-thumbnails/portraits/md/yelenabelova3.png,/mff-assets/characters/yelenabelova3.webp,Speed,Hero,Female,Human,"{""Agility"",""Agent"",""Thunderbolts"",""Physical"",""Instinct:Cruelty"",""Source:Mcu"",""Tier-4"",""Transcended"",""Source:Comic"",""artifact-data"",""uniform-data""}",thanosvibs,https://thanosvibs.money
yellowjacket,Yellowjacket,https://thanosvibs.money/images-thumbnails/portraits/md/yellowjacket1.png,/mff-assets/characters/yellowjacket1.webp,Blast,Villain,Male,Human,"{""Pure Evil"",""Machine"",""Energy"",""Physical"",""Instinct:Cruelty"",""Source:Comic"",""Transcended"",""Source:Mcu"",""artifact-data"",""uniform-data""}",thanosvibs,https://thanosvibs.money
yondu,Yondu,https://thanosvibs.money/images-thumbnails/portraits/md/yondu3.png,/mff-assets/characters/yondu3.webp,Speed,Hero,Male,Alien,"{""Command"",""Weapons Master"",""Physical"",""Instinct:Order"",""Source:Original"",""Tier-3"",""Energy"",""Source:Comic"",""Source:Mcu"",""lead-support-data"",""artifact-data"",""uniform-data""}",thanosvibs,https://thanosvibs.money
zeus,Zeus,https://thanosvibs.money/images-thumbnails/portraits/md/zeus.png,/mff-assets/characters/zeus.webp,Universal,Hero,Male,Alien,"{""Shock"",""Energy Projection"",""Olympus"",""Energy"",""Lightning"",""Instinct:Order"",""Source:Comic"",""Tier-4"",""Tier-3"",""lead-support-data"",""artifact-data""}",thanosvibs,https://thanosvibs.money
