character_id,portrait_id,uniform,source_kind,effect_name,magnitude,magnitude_text,restriction_text,raw_text,source_url
abomination,abomination1,Infected Bioweapon,Leadership,All Basic Attacks,65,65%,Ability: Zombie,All Basic Attacks 65%,https://thanosvibs.money/api/supports
abomination,abomination1,Infected Bioweapon,Tier-2 Passive,Ignore Dodge,45,45%,Ability: Gamma Radiation,Ignore Dodge 45%,https://thanosvibs.money/api/supports
abomination,abomination1,Infected Bioweapon,Tier-2 Passive,Basic Damage Dealt to Villains,60,60%,Ability: Gamma Radiation,Basic Damage Dealt to Villains 60%,https://thanosvibs.money/api/supports
abomination,abomination1,Infected Bioweapon,Tier-2 Passive,Basic Damage Dealt to Heroes,60,60%,Ability: Gamma Radiation,Basic Damage Dealt to Heroes 60%,https://thanosvibs.money/api/supports
abomination,abomination1,Infected Bioweapon,Artifact Exclusive Skill,All Basic Attacks,18,18%,Ability: Gamma Radiation,3★ | All Basic Attacks 18% 0.2%,https://thanosvibs.money/api/supports
abomination,abomination1,Infected Bioweapon,Artifact Exclusive Skill,HP,4,4%,Ability: Gamma Radiation,3★ | HP 4% 0.1%,https://thanosvibs.money/api/supports
abomination,abomination1,Infected Bioweapon,Artifact Exclusive Skill,All Basic Attacks,20,20%,Ability: Gamma Radiation,4★ | All Basic Attacks 20% 0.3%,https://thanosvibs.money/api/supports
abomination,abomination1,Infected Bioweapon,Artifact Exclusive Skill,HP,6,6%,Ability: Gamma Radiation,4★ | HP 6% 0.1%,https://thanosvibs.money/api/supports
abomination,abomination1,Infected Bioweapon,Artifact Exclusive Skill,All Basic Attacks,22,22%,Ability: Gamma Radiation,5★ | All Basic Attacks 22% 0.4%,https://thanosvibs.money/api/supports
abomination,abomination1,Infected Bioweapon,Artifact Exclusive Skill,HP,8,8%,Ability: Gamma Radiation,5★ | HP 8% 0.1%,https://thanosvibs.money/api/supports
abomination,abomination1,Infected Bioweapon,Artifact Exclusive Skill,All Basic Attacks,25,25%,Ability: Gamma Radiation,6★ | All Basic Attacks 25% 0.5%,https://thanosvibs.money/api/supports
abomination,abomination1,Infected Bioweapon,Artifact Exclusive Skill,HP,10,10%,Ability: Gamma Radiation,6★ | HP 10% 0.1%,https://thanosvibs.money/api/supports
abomination,abomination,Modern,Leadership,All Basic Attacks,60,60%,Type: Combat,All Basic Attacks 60%,https://thanosvibs.money/api/supports
abomination,abomination,Modern,Tier-2 Passive,Chain Hit Damage,20,20%,Ability: Gamma Radiation,Chain Hit Damage 20%,https://thanosvibs.money/api/supports
abomination,abomination,Modern,Tier-2 Passive,Basic Damage Dealt to Villains,45,45%,Ability: Gamma Radiation,Basic Damage Dealt to Villains 45%,https://thanosvibs.money/api/supports
abomination,abomination,Modern,Tier-2 Passive,Basic Damage Dealt to Heroes,45,45%,Ability: Gamma Radiation,Basic Damage Dealt to Heroes 45%,https://thanosvibs.money/api/supports
abomination,abomination,Modern,Artifact Exclusive Skill,All Basic Attacks,18,18%,Ability: Gamma Radiation,3★ | All Basic Attacks 18% 0.2%,https://thanosvibs.money/api/supports
abomination,abomination,Modern,Artifact Exclusive Skill,HP,4,4%,Ability: Gamma Radiation,3★ | HP 4% 0.1%,https://thanosvibs.money/api/supports
abomination,abomination,Modern,Artifact Exclusive Skill,All Basic Attacks,20,20%,Ability: Gamma Radiation,4★ | All Basic Attacks 20% 0.3%,https://thanosvibs.money/api/supports
abomination,abomination,Modern,Artifact Exclusive Skill,HP,6,6%,Ability: Gamma Radiation,4★ | HP 6% 0.1%,https://thanosvibs.money/api/supports
abomination,abomination,Modern,Artifact Exclusive Skill,All Basic Attacks,22,22%,Ability: Gamma Radiation,5★ | All Basic Attacks 22% 0.4%,https://thanosvibs.money/api/supports
abomination,abomination,Modern,Artifact Exclusive Skill,HP,8,8%,Ability: Gamma Radiation,5★ | HP 8% 0.1%,https://thanosvibs.money/api/supports
abomination,abomination,Modern,Artifact Exclusive Skill,All Basic Attacks,25,25%,Ability: Gamma Radiation,6★ | All Basic Attacks 25% 0.5%,https://thanosvibs.money/api/supports
abomination,abomination,Modern,Artifact Exclusive Skill,HP,10,10%,Ability: Gamma Radiation,6★ | HP 10% 0.1%,https://thanosvibs.money/api/supports
agentvenom,agentvenom,"All-New, All-Different",Leadership,Physical Attack,30,30%,,Physical Attack 30%,https://thanosvibs.money/api/supports
agentvenom,agentvenom,"All-New, All-Different",Artifact Exclusive Skill,Basic Damage Dealt to Enemies with 25% HP or Higher,5,5%,Ability: Symbiote,3★ | Basic Damage Dealt to Enemies with 25% HP or Higher 5% 0.1%,https://thanosvibs.money/api/supports
agentvenom,agentvenom,"All-New, All-Different",Artifact Exclusive Skill,Basic Damage Received,-15,-15%,Ability: Symbiote,3★ | Basic Damage Received -15% 0.15%,https://thanosvibs.money/api/supports
agentvenom,agentvenom,"All-New, All-Different",Artifact Exclusive Skill,Basic Damage Dealt to Enemies with 25% HP or Higher,10,10%,Ability: Symbiote,4★ | Basic Damage Dealt to Enemies with 25% HP or Higher 10% 0.2%,https://thanosvibs.money/api/supports
agentvenom,agentvenom,"All-New, All-Different",Artifact Exclusive Skill,Basic Damage Received,-20,-20%,Ability: Symbiote,4★ | Basic Damage Received -20% 0.2%,https://thanosvibs.money/api/supports
agentvenom,agentvenom,"All-New, All-Different",Artifact Exclusive Skill,Basic Damage Dealt to Enemies with 25% HP or Higher,15,15%,Ability: Symbiote,5★ | Basic Damage Dealt to Enemies with 25% HP or Higher 15% 0.3%,https://thanosvibs.money/api/supports
agentvenom,agentvenom,"All-New, All-Different",Artifact Exclusive Skill,Basic Damage Received,-25,-25%,Ability: Symbiote,5★ | Basic Damage Received -25% 0.25%,https://thanosvibs.money/api/supports
agentvenom,agentvenom,"All-New, All-Different",Artifact Exclusive Skill,Basic Damage Dealt to Enemies with 25% HP or Higher,20,20%,Ability: Symbiote,6★ | Basic Damage Dealt to Enemies with 25% HP or Higher 20% 0.4%,https://thanosvibs.money/api/supports
agentvenom,agentvenom,"All-New, All-Different",Artifact Exclusive Skill,Basic Damage Received,-30,-30%,Ability: Symbiote,6★ | Basic Damage Received -30% 0.3%,https://thanosvibs.money/api/supports
agentvenom,agentvenom2,Classic,Leadership,Physical Attack,30,30%,,Physical Attack 30%,https://thanosvibs.money/api/supports
agentvenom,agentvenom2,Classic,Uniform Effect,Chain Hit Damage Received,-35,-35%,Ability: Symbiote,Chain Hit Damage Received -35%,https://thanosvibs.money/api/supports
agentvenom,agentvenom2,Classic,Uniform Effect,Chain Hit Damage,20,20%,Ability: Symbiote,Chain Hit Damage 20%,https://thanosvibs.money/api/supports
agentvenom,agentvenom2,Classic,Artifact Exclusive Skill,Basic Damage Dealt to Enemies with 25% HP or Higher,5,5%,Ability: Symbiote,3★ | Basic Damage Dealt to Enemies with 25% HP or Higher 5% 0.1%,https://thanosvibs.money/api/supports
agentvenom,agentvenom2,Classic,Artifact Exclusive Skill,Basic Damage Received,-15,-15%,Ability: Symbiote,3★ | Basic Damage Received -15% 0.15%,https://thanosvibs.money/api/supports
agentvenom,agentvenom2,Classic,Artifact Exclusive Skill,Basic Damage Dealt to Enemies with 25% HP or Higher,10,10%,Ability: Symbiote,4★ | Basic Damage Dealt to Enemies with 25% HP or Higher 10% 0.2%,https://thanosvibs.money/api/supports
agentvenom,agentvenom2,Classic,Artifact Exclusive Skill,Basic Damage Received,-20,-20%,Ability: Symbiote,4★ | Basic Damage Received -20% 0.2%,https://thanosvibs.money/api/supports
agentvenom,agentvenom2,Classic,Artifact Exclusive Skill,Basic Damage Dealt to Enemies with 25% HP or Higher,15,15%,Ability: Symbiote,5★ | Basic Damage Dealt to Enemies with 25% HP or Higher 15% 0.3%,https://thanosvibs.money/api/supports
agentvenom,agentvenom2,Classic,Artifact Exclusive Skill,Basic Damage Received,-25,-25%,Ability: Symbiote,5★ | Basic Damage Received -25% 0.25%,https://thanosvibs.money/api/supports
agentvenom,agentvenom2,Classic,Artifact Exclusive Skill,Basic Damage Dealt to Enemies with 25% HP or Higher,20,20%,Ability: Symbiote,6★ | Basic Damage Dealt to Enemies with 25% HP or Higher 20% 0.4%,https://thanosvibs.money/api/supports
agentvenom,agentvenom2,Classic,Artifact Exclusive Skill,Basic Damage Received,-30,-30%,Ability: Symbiote,6★ | Basic Damage Received -30% 0.3%,https://thanosvibs.money/api/supports
agentvenom,agentvenom3,Guardians of the Galaxy,Leadership,Physical Attack,30,30%,,Physical Attack 30%,https://thanosvibs.money/api/supports
agentvenom,agentvenom3,Guardians of the Galaxy,Uniform Effect,Chain Hit Damage Received,-40,-40%,Ability: Symbiote,Chain Hit Damage Received -40%,https://thanosvibs.money/api/supports
agentvenom,agentvenom3,Guardians of the Galaxy,Uniform Effect,Chain Hit Damage,20,20%,Ability: Symbiote,Chain Hit Damage 20%,https://thanosvibs.money/api/supports
agentvenom,agentvenom3,Guardians of the Galaxy,Artifact Exclusive Skill,Basic Damage Dealt to Enemies with 25% HP or Higher,5,5%,Ability: Symbiote,3★ | Basic Damage Dealt to Enemies with 25% HP or Higher 5% 0.1%,https://thanosvibs.money/api/supports
agentvenom,agentvenom3,Guardians of the Galaxy,Artifact Exclusive Skill,Basic Damage Received,-15,-15%,Ability: Symbiote,3★ | Basic Damage Received -15% 0.15%,https://thanosvibs.money/api/supports
agentvenom,agentvenom3,Guardians of the Galaxy,Artifact Exclusive Skill,Basic Damage Dealt to Enemies with 25% HP or Higher,10,10%,Ability: Symbiote,4★ | Basic Damage Dealt to Enemies with 25% HP or Higher 10% 0.2%,https://thanosvibs.money/api/supports
agentvenom,agentvenom3,Guardians of the Galaxy,Artifact Exclusive Skill,Basic Damage Received,-20,-20%,Ability: Symbiote,4★ | Basic Damage Received -20% 0.2%,https://thanosvibs.money/api/supports
agentvenom,agentvenom3,Guardians of the Galaxy,Artifact Exclusive Skill,Basic Damage Dealt to Enemies with 25% HP or Higher,15,15%,Ability: Symbiote,5★ | Basic Damage Dealt to Enemies with 25% HP or Higher 15% 0.3%,https://thanosvibs.money/api/supports
agentvenom,agentvenom3,Guardians of the Galaxy,Artifact Exclusive Skill,Basic Damage Received,-25,-25%,Ability: Symbiote,5★ | Basic Damage Received -25% 0.25%,https://thanosvibs.money/api/supports
agentvenom,agentvenom3,Guardians of the Galaxy,Artifact Exclusive Skill,Basic Damage Dealt to Enemies with 25% HP or Higher,20,20%,Ability: Symbiote,6★ | Basic Damage Dealt to Enemies with 25% HP or Higher 20% 0.4%,https://thanosvibs.money/api/supports
agentvenom,agentvenom3,Guardians of the Galaxy,Artifact Exclusive Skill,Basic Damage Received,-30,-30%,Ability: Symbiote,6★ | Basic Damage Received -30% 0.3%,https://thanosvibs.money/api/supports
americachavez,americachavez1,Classic,Leadership,All Basic Attacks,30,30%,,All Basic Attacks 30%,https://thanosvibs.money/api/supports
americachavez,americachavez1,Classic,Leadership,Dodge,6,6%,,Dodge 6%,https://thanosvibs.money/api/supports
americachavez,americachavez2,Marvel Studios' Doctor Strange 2,Leadership,All Basic Attacks,30,30%,,All Basic Attacks 30%,https://thanosvibs.money/api/supports
americachavez,americachavez2,Marvel Studios' Doctor Strange 2,Leadership,Dodge,6,6%,,Dodge 6%,https://thanosvibs.money/api/supports
americachavez,americachavez2,Marvel Studios' Doctor Strange 2,Uniform Effect,HP,40,40%,,HP 40%,https://thanosvibs.money/api/supports
americachavez,americachavez2,Marvel Studios' Doctor Strange 2,Uniform Effect,All Reflect Damage Received,-50,-50%,,All Reflect Damage Received -50%,https://thanosvibs.money/api/supports
americachavez,americachavez,Ultimates,Leadership,All Basic Attacks,24,24%,,All Basic Attacks 24%,https://thanosvibs.money/api/supports
americachavez,americachavez,Ultimates,Leadership,Dodge,6,6%,,Dodge 6%,https://thanosvibs.money/api/supports
americachavez,americachavez3,Young Avengers,Leadership,All Basic Attacks,30,30%,,All Basic Attacks 30%,https://thanosvibs.money/api/supports
americachavez,americachavez3,Young Avengers,Leadership,Dodge,6,6%,,Dodge 6%,https://thanosvibs.money/api/supports
americachavez,americachavez3,Young Avengers,Uniform Effect,HP,45,45%,,HP 45%,https://thanosvibs.money/api/supports
americachavez,americachavez3,Young Avengers,Uniform Effect,All Reflect Damage Received,-60,-60%,,All Reflect Damage Received -60%,https://thanosvibs.money/api/supports
ancientone,ancientone,Modern,Leadership,Energy Attack,45,45%,Type: Blast,Energy Attack 45%,https://thanosvibs.money/api/supports
ancientone,ancientone,Modern,Tier-2 Passive,Ignore Dodge,25,25%,,Ignore Dodge 25%,https://thanosvibs.money/api/supports
ancientone,ancientone,Modern,Tier-2 Passive,All Element Damage,25,25%,,All Element Damage 25%,https://thanosvibs.money/api/supports
ancientone,ancientone3,The Monk of Kamar-Taj,Leadership,Energy Attack,55,55%,Type: Blast,Energy Attack 55%,https://thanosvibs.money/api/supports
ancientone,ancientone3,The Monk of Kamar-Taj,Tier-2 Passive,All Resistances,30,30%,,All Resistances 30%,https://thanosvibs.money/api/supports
ancientone,ancientone3,The Monk of Kamar-Taj,Tier-2 Passive,Ignore Dodge,30,30%,,Ignore Dodge 30%,https://thanosvibs.money/api/supports
ancientone,ancientone3,The Monk of Kamar-Taj,Tier-2 Passive,All Element Damage,45,45%,,All Element Damage 45%,https://thanosvibs.money/api/supports
ancientone,ancientone2,Unleashed Mystic,Leadership,Energy Attack,50,50%,Type: Blast,Energy Attack 50%,https://thanosvibs.money/api/supports
ancientone,ancientone2,Unleashed Mystic,Tier-2 Passive,All Resistances,30,30%,,All Resistances 30%,https://thanosvibs.money/api/supports
ancientone,ancientone2,Unleashed Mystic,Tier-2 Passive,Ignore Dodge,30,30%,,Ignore Dodge 30%,https://thanosvibs.money/api/supports
ancientone,ancientone2,Unleashed Mystic,Tier-2 Passive,All Element Damage,40,40%,,All Element Damage 40%,https://thanosvibs.money/api/supports
angel,angel2,All-New X-Men,Leadership,Remove All Debuffs,12,N/A,,When Debuffed | Cooldown 25s | Remove All Debuffs N/A 12,https://thanosvibs.money/api/supports
angel,angel2,All-New X-Men,Uniform Effect,Dodge,30,30%,,Dodge 30%,https://thanosvibs.money/api/supports
angel,angel2,All-New X-Men,Uniform Effect,Recovery Rate,50,50%,,Recovery Rate 50%,https://thanosvibs.money/api/supports
angel,angel3,Fallen One,Leadership,Recovery Rate,50,50%,,Recovery Rate 50%,https://thanosvibs.money/api/supports
angel,angel3,Fallen One,Leadership,Dodge,30,30%,,Dodge 30%,https://thanosvibs.money/api/supports
angel,angel3,Fallen One,Uniform Effect,Remove All Debuffs,12,N/A,,When Debuffed | Cooldown 20s | Remove All Debuffs N/A 12,https://thanosvibs.money/api/supports
angel,angel,Modern,Leadership,Remove All Debuffs,12,N/A,,When Debuffed | Cooldown 25s | Remove All Debuffs N/A 12,https://thanosvibs.money/api/supports
angel,angel,Modern,4★ Passive,Recovery Rate,30,30%,,Recovery Rate 30%,https://thanosvibs.money/api/supports
angela,angela3,Asgard's Assassin,Uniform Effect,Basic Damage Dealt to Villains,40,40%,Side: Hero,Basic Damage Dealt to Villains 40%,https://thanosvibs.money/api/supports
antiman,antiman,"All-New, All-Different",Leadership,All Basic Attacks,45,45%,,All Basic Attacks 45%,https://thanosvibs.money/api/supports
antiman,antiman1,Ultimates,Leadership,All Basic Attacks,60,60%,,All Basic Attacks 60%,https://thanosvibs.money/api/supports
antiman,antiman1,Ultimates,Leadership,HP,30,30%,,HP 30%,https://thanosvibs.money/api/supports
apocalypse,apocalypse,Age of Apocalypse,Leadership,All Basic Attacks,18,18%,,All Basic Attacks 18%,https://thanosvibs.money/api/supports
apocalypse,apocalypse,Age of Apocalypse,Leadership,All Basic Defenses,18,18%,,All Basic Defenses 18%,https://thanosvibs.money/api/supports
apocalypse,apocalypse,Age of Apocalypse,Leadership,All Speeds,6,6%,,All Speeds 6%,https://thanosvibs.money/api/supports
apocalypse,apocalypse2,Heralds of Apocalypse,Leadership,All Basic Attacks,18,18%,,All Basic Attacks 18%,https://thanosvibs.money/api/supports
apocalypse,apocalypse2,Heralds of Apocalypse,Leadership,All Basic Defenses,18,18%,,All Basic Defenses 18%,https://thanosvibs.money/api/supports
apocalypse,apocalypse2,Heralds of Apocalypse,Leadership,All Speeds,6,6%,,All Speeds 6%,https://thanosvibs.money/api/supports
apocalypse,apocalypse2,Heralds of Apocalypse,4★ Passive,Remove All Debuffs,12,N/A,Allies: Mutant,When Debuffed | Cooldown 20s | Remove All Debuffs N/A 12,https://thanosvibs.money/api/supports
apocalypse,apocalypse3,Marvel Animation's X-Men '97,Leadership,All Basic Attacks,60,60%,Allies: Mutant,All Basic Attacks 60%,https://thanosvibs.money/api/supports
apocalypse,apocalypse3,Marvel Animation's X-Men '97,4★ Passive,Remove All Debuffs,12,N/A,Allies: Mutant,When Debuffed | Cooldown 20s | Remove All Debuffs N/A 12,https://thanosvibs.money/api/supports
arachknight,arachknight1,Arachknight 2099,Leadership,All Basic Attacks,45,45%,,All Basic Attacks 45% when 1 Infinity Warp,https://thanosvibs.money/api/supports
arachknight,arachknight1,Arachknight 2099,Leadership,All Basic Attacks,55,55%,,All Basic Attacks 55% when 2 Infinity Warps,https://thanosvibs.money/api/supports
arachknight,arachknight1,Arachknight 2099,Leadership,All Basic Attacks,65,65%,,All Basic Attacks 65% when 3 Infinity Warps,https://thanosvibs.money/api/supports
ares,ares,Modern,Leadership,Physical Attack,30,30%,,Physical Attack 30%,https://thanosvibs.money/api/supports
athena,athena,Incredible Hercules,4★ Passive,All Basic Attacks,25,25%,,All Basic Attacks 25%,https://thanosvibs.money/api/supports
athena,athena,Incredible Hercules,4★ Passive,Basic Damage Dealt to Villains,45,45%,,Basic Damage Dealt to Villains 45%,https://thanosvibs.money/api/supports
baronzemo,baronzemo1,Marvel Studios' The Falcon and the Winter Soldier,Leadership,All Basic Attacks,60,60%,Side: Villain,All Basic Attacks 60%,https://thanosvibs.money/api/supports
baronzemo,baronzemo1,Marvel Studios' The Falcon and the Winter Soldier,Leadership,Ignore Dodge,35,35%,Side: Villain,Ignore Dodge 35%,https://thanosvibs.money/api/supports
baronzemo,baronzemo,Modern,Leadership,All Basic Attacks,50,50%,Side: Villain,All Basic Attacks 50%,https://thanosvibs.money/api/supports
beast,beast1,Age of Apocalypse,Leadership,Physical Attack,50,50%,,Physical Attack 50%,https://thanosvibs.money/api/supports
beast,beast1,Age of Apocalypse,Tier-2 Passive,Recovery Rate,10,10%,,Recovery Rate 10%,https://thanosvibs.money/api/supports
beast,beast1,Age of Apocalypse,Tier-2 Passive,Guaranteed Critical Rate,8,8%,,Guaranteed Critical Rate 8%,https://thanosvibs.money/api/supports
beast,beast1,Age of Apocalypse,Tier-2 Passive,Basic Damage Received,-15,-15%,,Basic Damage Received -15%,https://thanosvibs.money/api/supports
beast,beast3,All-New X-Men,Leadership,Physical Attack,50,50%,,Physical Attack 50%,https://thanosvibs.money/api/supports
beast,beast3,All-New X-Men,Leadership,Critical Damage,10,10%,,Critical Damage 10%,https://thanosvibs.money/api/supports
beast,beast3,All-New X-Men,Uniform Effect,HP,40,40%,,HP 40%,https://thanosvibs.money/api/supports
beast,beast3,All-New X-Men,Uniform Effect,Ignore Dodge,25,25%,,Ignore Dodge 25%,https://thanosvibs.money/api/supports
beast,beast,Classic,Leadership,Physical Attack,45,45%,,Physical Attack 45%,https://thanosvibs.money/api/supports
beast,beast,Classic,Tier-2 Passive,Recovery Rate,10,10%,,Recovery Rate 10%,https://thanosvibs.money/api/supports
beast,beast,Classic,Tier-2 Passive,Guaranteed Critical Rate,8,8%,,Guaranteed Critical Rate 8%,https://thanosvibs.money/api/supports
beast,beast,Classic,Tier-2 Passive,Basic Damage Received,-15,-15%,,Basic Damage Received -15%,https://thanosvibs.money/api/supports
beast,beast4,Marvel Animation's X-Men '97,Leadership,Physical Attack,50,50%,,Physical Attack 50%,https://thanosvibs.money/api/supports
beast,beast4,Marvel Animation's X-Men '97,Leadership,Critical Damage,10,10%,,Critical Damage 10%,https://thanosvibs.money/api/supports
beast,beast4,Marvel Animation's X-Men '97,Uniform Effect,HP,45,45%,,HP 45%,https://thanosvibs.money/api/supports
beast,beast4,Marvel Animation's X-Men '97,Uniform Effect,Ignore Dodge,25,25%,,Ignore Dodge 25%,https://thanosvibs.money/api/supports
beast,beast2,Uncanny X-Men,Leadership,Physical Attack,50,50%,,Physical Attack 50%,https://thanosvibs.money/api/supports
beast,beast2,Uncanny X-Men,Leadership,Critical Damage,10,10%,,Critical Damage 10%,https://thanosvibs.money/api/supports
beast,beast2,Uncanny X-Men,Tier-2 Passive,Recovery Rate,10,10%,,Recovery Rate 10%,https://thanosvibs.money/api/supports
beast,beast2,Uncanny X-Men,Tier-2 Passive,Guaranteed Critical Rate,8,8%,,Guaranteed Critical Rate 8%,https://thanosvibs.money/api/supports
beast,beast2,Uncanny X-Men,Tier-2 Passive,Basic Damage Received,-15,-15%,,Basic Damage Received -15%,https://thanosvibs.money/api/supports
betaraybill,betaraybill1,Beta Ray Bill,Leadership,Fire Damage,60,60%,,Fire Damage 60%,https://thanosvibs.money/api/supports
betaraybill,betaraybill1,Beta Ray Bill,Uniform Effect,Basic Damage Dealt to Villains,35,35%,Allies: Alien,Basic Damage Dealt to Villains 35%,https://thanosvibs.money/api/supports
betaraybill,betaraybill,Modern,Leadership,Lightning Damage,60,60%,,Lightning Damage 60%,https://thanosvibs.money/api/supports
bishop,bishop,Disassembled,Leadership,Energy Defense,45,45%,,Energy Defense 45%,https://thanosvibs.money/api/supports
bishop,bishop,Disassembled,Leadership,Energy Attack,24,24%,,Energy Attack 24%,https://thanosvibs.money/api/supports
blackbolt,blackbolt3,Marvels X,Leadership,All Basic Attacks,65,65%,Allies: Inhuman,All Basic Attacks 65%,https://thanosvibs.money/api/supports
blackbolt,blackbolt,Modern,Leadership,Energy Attack,30,30%,,Energy Attack 30%,https://thanosvibs.money/api/supports
blackcat,blackcat,Modern,Artifact Exclusive Skill,Basic Damage Dealt to Villains,4,4%,,3★ | Basic Damage Dealt to Villains 4% 0.2%,https://thanosvibs.money/api/supports
blackcat,blackcat,Modern,Artifact Exclusive Skill,Basic Damage Dealt to Heroes,4,4%,,3★ | Basic Damage Dealt to Heroes 4% 0.2%,https://thanosvibs.money/api/supports
blackcat,blackcat,Modern,Artifact Exclusive Skill,Basic Damage Dealt to Boss Types,8,8%,,3★ | Basic Damage Dealt to Boss Types 8% 0.1%,https://thanosvibs.money/api/supports
blackcat,blackcat,Modern,Artifact Exclusive Skill,Basic Damage Dealt to Villains,6,6%,,4★ | Basic Damage Dealt to Villains 6% 0.2%,https://thanosvibs.money/api/supports
blackcat,blackcat,Modern,Artifact Exclusive Skill,Basic Damage Dealt to Heroes,6,6%,,4★ | Basic Damage Dealt to Heroes 6% 0.2%,https://thanosvibs.money/api/supports
blackcat,blackcat,Modern,Artifact Exclusive Skill,Basic Damage Dealt to Boss Types,12,12%,,4★ | Basic Damage Dealt to Boss Types 12% 0.1%,https://thanosvibs.money/api/supports
blackcat,blackcat,Modern,Artifact Exclusive Skill,Basic Damage Dealt to Villains,8,8%,,5★ | Basic Damage Dealt to Villains 8% 0.2%,https://thanosvibs.money/api/supports
blackcat,blackcat,Modern,Artifact Exclusive Skill,Basic Damage Dealt to Heroes,8,8%,,5★ | Basic Damage Dealt to Heroes 8% 0.2%,https://thanosvibs.money/api/supports
blackcat,blackcat,Modern,Artifact Exclusive Skill,Basic Damage Dealt to Boss Types,16,16%,,5★ | Basic Damage Dealt to Boss Types 16% 0.1%,https://thanosvibs.money/api/supports
blackcat,blackcat,Modern,Artifact Exclusive Skill,Basic Damage Dealt to Villains,10,10%,,6★ | Basic Damage Dealt to Villains 10% 0.2%,https://thanosvibs.money/api/supports
blackcat,blackcat,Modern,Artifact Exclusive Skill,Basic Damage Dealt to Heroes,10,10%,,6★ | Basic Damage Dealt to Heroes 10% 0.2%,https://thanosvibs.money/api/supports
blackcat,blackcat,Modern,Artifact Exclusive Skill,Basic Damage Dealt to Boss Types,20,20%,,6★ | Basic Damage Dealt to Boss Types 20% 0.1%,https://thanosvibs.money/api/supports
blackcat,blackcat4,Queen in Black,Leadership,All Basic Attacks,65,65%,,All Basic Attacks 65%,https://thanosvibs.money/api/supports
blackcat,blackcat4,Queen in Black,Leadership,Ignore Dodge,35,35%,,Ignore Dodge 35%,https://thanosvibs.money/api/supports
blackcat,blackcat4,Queen in Black,Tier-2 Passive,All Debuffs Effect,40,40%,,All Debuffs Effect 40%,https://thanosvibs.money/api/supports
blackcat,blackcat4,Queen in Black,Artifact Exclusive Skill,Basic Damage Dealt to Villains,4,4%,,3★ | Basic Damage Dealt to Villains 4% 0.2%,https://thanosvibs.money/api/supports
blackcat,blackcat4,Queen in Black,Artifact Exclusive Skill,Basic Damage Dealt to Heroes,4,4%,,3★ | Basic Damage Dealt to Heroes 4% 0.2%,https://thanosvibs.money/api/supports
blackcat,blackcat4,Queen in Black,Artifact Exclusive Skill,Basic Damage Dealt to Boss Types,8,8%,,3★ | Basic Damage Dealt to Boss Types 8% 0.1%,https://thanosvibs.money/api/supports
blackcat,blackcat4,Queen in Black,Artifact Exclusive Skill,Basic Damage Dealt to Villains,6,6%,,4★ | Basic Damage Dealt to Villains 6% 0.2%,https://thanosvibs.money/api/supports
blackcat,blackcat4,Queen in Black,Artifact Exclusive Skill,Basic Damage Dealt to Heroes,6,6%,,4★ | Basic Damage Dealt to Heroes 6% 0.2%,https://thanosvibs.money/api/supports
blackcat,blackcat4,Queen in Black,Artifact Exclusive Skill,Basic Damage Dealt to Boss Types,12,12%,,4★ | Basic Damage Dealt to Boss Types 12% 0.1%,https://thanosvibs.money/api/supports
blackcat,blackcat4,Queen in Black,Artifact Exclusive Skill,Basic Damage Dealt to Villains,8,8%,,5★ | Basic Damage Dealt to Villains 8% 0.2%,https://thanosvibs.money/api/supports
blackcat,blackcat4,Queen in Black,Artifact Exclusive Skill,Basic Damage Dealt to Heroes,8,8%,,5★ | Basic Damage Dealt to Heroes 8% 0.2%,https://thanosvibs.money/api/supports
blackcat,blackcat4,Queen in Black,Artifact Exclusive Skill,Basic Damage Dealt to Boss Types,16,16%,,5★ | Basic Damage Dealt to Boss Types 16% 0.1%,https://thanosvibs.money/api/supports
blackcat,blackcat4,Queen in Black,Artifact Exclusive Skill,Basic Damage Dealt to Villains,10,10%,,6★ | Basic Damage Dealt to Villains 10% 0.2%,https://thanosvibs.money/api/supports
blackcat,blackcat4,Queen in Black,Artifact Exclusive Skill,Basic Damage Dealt to Heroes,10,10%,,6★ | Basic Damage Dealt to Heroes 10% 0.2%,https://thanosvibs.money/api/supports
blackcat,blackcat4,Queen in Black,Artifact Exclusive Skill,Basic Damage Dealt to Boss Types,20,20%,,6★ | Basic Damage Dealt to Boss Types 20% 0.1%,https://thanosvibs.money/api/supports
blackcat,blackcat3,Winter Criminal,Leadership,All Basic Attacks,65,65%,Side: Villain,All Basic Attacks 65%,https://thanosvibs.money/api/supports
blackcat,blackcat3,Winter Criminal,Leadership,Ignore Dodge,35,35%,Side: Villain,Ignore Dodge 35%,https://thanosvibs.money/api/supports
blackcat,blackcat3,Winter Criminal,Tier-2 Passive,All Debuffs Effect,40,40%,,All Debuffs Effect 40%,https://thanosvibs.money/api/supports
blackcat,blackcat3,Winter Criminal,Artifact Exclusive Skill,Basic Damage Dealt to Villains,4,4%,,3★ | Basic Damage Dealt to Villains 4% 0.2%,https://thanosvibs.money/api/supports
blackcat,blackcat3,Winter Criminal,Artifact Exclusive Skill,Basic Damage Dealt to Heroes,4,4%,,3★ | Basic Damage Dealt to Heroes 4% 0.2%,https://thanosvibs.money/api/supports
blackcat,blackcat3,Winter Criminal,Artifact Exclusive Skill,Basic Damage Dealt to Boss Types,8,8%,,3★ | Basic Damage Dealt to Boss Types 8% 0.1%,https://thanosvibs.money/api/supports
blackcat,blackcat3,Winter Criminal,Artifact Exclusive Skill,Basic Damage Dealt to Villains,6,6%,,4★ | Basic Damage Dealt to Villains 6% 0.2%,https://thanosvibs.money/api/supports
blackcat,blackcat3,Winter Criminal,Artifact Exclusive Skill,Basic Damage Dealt to Heroes,6,6%,,4★ | Basic Damage Dealt to Heroes 6% 0.2%,https://thanosvibs.money/api/supports
blackcat,blackcat3,Winter Criminal,Artifact Exclusive Skill,Basic Damage Dealt to Boss Types,12,12%,,4★ | Basic Damage Dealt to Boss Types 12% 0.1%,https://thanosvibs.money/api/supports
blackcat,blackcat3,Winter Criminal,Artifact Exclusive Skill,Basic Damage Dealt to Villains,8,8%,,5★ | Basic Damage Dealt to Villains 8% 0.2%,https://thanosvibs.money/api/supports
blackcat,blackcat3,Winter Criminal,Artifact Exclusive Skill,Basic Damage Dealt to Heroes,8,8%,,5★ | Basic Damage Dealt to Heroes 8% 0.2%,https://thanosvibs.money/api/supports
blackcat,blackcat3,Winter Criminal,Artifact Exclusive Skill,Basic Damage Dealt to Boss Types,16,16%,,5★ | Basic Damage Dealt to Boss Types 16% 0.1%,https://thanosvibs.money/api/supports
blackcat,blackcat3,Winter Criminal,Artifact Exclusive Skill,Basic Damage Dealt to Villains,10,10%,,6★ | Basic Damage Dealt to Villains 10% 0.2%,https://thanosvibs.money/api/supports
blackcat,blackcat3,Winter Criminal,Artifact Exclusive Skill,Basic Damage Dealt to Heroes,10,10%,,6★ | Basic Damage Dealt to Heroes 10% 0.2%,https://thanosvibs.money/api/supports
blackcat,blackcat3,Winter Criminal,Artifact Exclusive Skill,Basic Damage Dealt to Boss Types,20,20%,,6★ | Basic Damage Dealt to Boss Types 20% 0.1%,https://thanosvibs.money/api/supports
blackdwarf,blackdwarf2,Dark Obsidian Armor,4★ Passive,Physical Reflect Damage Received,60,60%,Ability: Black Order,Physical Reflect Damage Received 60%,https://thanosvibs.money/api/supports
blackdwarf,blackdwarf2,Dark Obsidian Armor,4★ Passive,Stun Immunity,,,Ability: Black Order,Stun Immunity N/A,https://thanosvibs.money/api/supports
blackdwarf,blackdwarf2,Dark Obsidian Armor,4★ Passive,Guard Break Immunity,,,Ability: Black Order,Guard Break Immunity N/A,https://thanosvibs.money/api/supports
blackknight,blackknight,Savage Avengers,4★ Passive,HP,40,40%,,HP 40%,https://thanosvibs.money/api/supports
blackknight,blackknight,Savage Avengers,4★ Passive,All Reflect Damage Received,-50,-50%,,All Reflect Damage Received -50%,https://thanosvibs.money/api/supports
blackswan,blackswan,Modern,Leadership,Remove All Debuffs,12,N/A,,When Debuffed | Cooldown 20s | Remove All Debuffs N/A 12,https://thanosvibs.money/api/supports
blade,blade3,Vampire Slayer,Leadership,All Basic Attacks,60,60%,Ability: Weapons Master,All Basic Attacks 60%,https://thanosvibs.money/api/supports
bluedragon,bluedragon,Modern,Leadership,All Basic Attacks,65,65%,Ability: Warriors of the Sky,All Basic Attacks 65%,https://thanosvibs.money/api/supports
bluedragon,bluedragon,Modern,Leadership,Remove All Debuffs,5,N/A,Ability: Warriors of the Sky,When Debuffed | Cooldown 23s | Remove All Debuffs N/A 5,https://thanosvibs.money/api/supports
bluedragon,bluedragon1,Moon Temple Defenders,Leadership,All Basic Attacks,65,65%,Ability: Warriors of the Sky,All Basic Attacks 65%,https://thanosvibs.money/api/supports
bluedragon,bluedragon1,Moon Temple Defenders,Leadership,Remove All Debuffs,10,N/A,Ability: Warriors of the Sky,When Debuffed | Cooldown 23s | Remove All Debuffs N/A 10,https://thanosvibs.money/api/supports
bullseye,bullseye,Modern,Leadership,Ignore Dodge,50,50%,,Ignore Dodge 50%,https://thanosvibs.money/api/supports
cable,cable,Modern,Leadership,Ignore Dodge,50,50%,,Ignore Dodge 50%,https://thanosvibs.money/api/supports
captainamerica,captainamerica13,Back to Basics,Leadership,HP,45,45%,,HP 45%,https://thanosvibs.money/api/supports
captainmarvel,captainmarvel6,Marvel Studios' The Marvels,Leadership,Energy Attack,35,35%,,Energy Attack 35%,https://thanosvibs.money/api/supports
captainmarvel,captainmarvel,Modern,Leadership,Energy Attack,30,30%,,Energy Attack 30%,https://thanosvibs.money/api/supports
cassandranova,cassandranova,Marvel Studios' Deadpool & Wolverine,Leadership,Remove All Debuffs,12,N/A,Allies: Mutant,When Debuffed | Cooldown 20s | Remove All Debuffs N/A 12,https://thanosvibs.money/api/supports
cassielang,cassielang,Ant-Man and the Wasp: Quantumania,4★ Passive,Ignore Dodge,25,25%,Type: Speed,Ignore Dodge 25%,https://thanosvibs.money/api/supports
cassielang,cassielang,Ant-Man and the Wasp: Quantumania,4★ Passive,Basic Damage Dealt to Heroes,15,15%,Type: Speed,Basic Damage Dealt to Heroes 15%,https://thanosvibs.money/api/supports
cassielang,cassielang,Ant-Man and the Wasp: Quantumania,4★ Passive,Basic Damage Dealt to Villains,15,15%,Type: Speed,Basic Damage Dealt to Villains 15%,https://thanosvibs.money/api/supports
colossus,colossus3,Hellfire Gala,4★ Passive,Physical Reflect Damage Received,-65,-65%,,Physical Reflect Damage Received -65%,https://thanosvibs.money/api/supports
colossus,colossus3,Hellfire Gala,4★ Passive,Basic Damage Received from Villains,-50,-50%,,Basic Damage Received from Villains -50%,https://thanosvibs.money/api/supports
colossus,colossus3,Hellfire Gala,4★ Passive,Basic Damage Received from Heroes,-50,-50%,,Basic Damage Received from Heroes -50%,https://thanosvibs.money/api/supports
colossus,colossus,Modern,4★ Passive,Physical Reflect Damage Received,-60,-60%,,Physical Reflect Damage Received -60%,https://thanosvibs.money/api/supports
colossus,colossus,Modern,4★ Passive,Basic Damage Received from Villains,-50,-50%,,Basic Damage Received from Villains -50%,https://thanosvibs.money/api/supports
colossus,colossus2,Phoenix Five,4★ Passive,Physical Reflect Damage Received,-60,-60%,,Physical Reflect Damage Received -60%,https://thanosvibs.money/api/supports
colossus,colossus2,Phoenix Five,4★ Passive,Basic Damage Received from Villains,-50,-50%,,Basic Damage Received from Villains -50%,https://thanosvibs.money/api/supports
colossus,colossus2,Phoenix Five,4★ Passive,Basic Damage Received from Heroes,-50,-50%,,Basic Damage Received from Heroes -50%,https://thanosvibs.money/api/supports
crescent,crescent2,Light Sirius Armor,Leadership,Physical Attack,60,60%,,Physical Attack 60%,https://thanosvibs.money/api/supports
crescent,crescent,Modern,Leadership,Physical Attack,60,60%,Type: Combat,Physical Attack 60%,https://thanosvibs.money/api/supports
crossbones,crossbones,Marvel Studios' Captain America: Civil War,Leadership,Physical Attack,30,30%,,Physical Attack 30%,https://thanosvibs.money/api/supports
crystal,crystal,"All-New, All-Different",Leadership,Energy Attack,30,30%,,Energy Attack 30%,https://thanosvibs.money/api/supports
cyclops,cyclops1,Age of Apocalypse,Leadership,All Basic Attacks,25,25%,,All Basic Attacks 25%,https://thanosvibs.money/api/supports
cyclops,cyclops1,Age of Apocalypse,Leadership,All Basic Defenses,25,25%,,All Basic Defenses 25%,https://thanosvibs.money/api/supports
cyclops,cyclops1,Age of Apocalypse,4★ Passive,Energy Attack,15,15%,,Energy Attack 15%,https://thanosvibs.money/api/supports
cyclops,cyclops,Classic,Leadership,All Basic Attacks,25,25%,,All Basic Attacks 25%,https://thanosvibs.money/api/supports
cyclops,cyclops,Classic,Leadership,All Basic Defenses,25,25%,,All Basic Defenses 25%,https://thanosvibs.money/api/supports
cyclops,cyclops,Classic,4★ Passive,Energy Attack,10,10%,,Energy Attack 10%,https://thanosvibs.money/api/supports
cyclops,cyclops5,Marvel Animation's X-Men '97,Leadership,All Basic Attacks,50,50%,,All Basic Attacks 50%,https://thanosvibs.money/api/supports
cyclops,cyclops5,Marvel Animation's X-Men '97,Leadership,All Basic Defenses,30,30%,,All Basic Defenses 30%,https://thanosvibs.money/api/supports
cyclops,cyclops5,Marvel Animation's X-Men '97,4★ Passive,Energy Attack,40,40%,,Energy Attack 40%,https://thanosvibs.money/api/supports
cyclops,cyclops5,Marvel Animation's X-Men '97,4★ Passive,Basic Damage Dealt to Villains,30,30%,,Basic Damage Dealt to Villains 30%,https://thanosvibs.money/api/supports
cyclops,cyclops2,Marvel NOW!,Leadership,All Basic Attacks,35,35%,,All Basic Attacks 35%,https://thanosvibs.money/api/supports
cyclops,cyclops2,Marvel NOW!,Leadership,All Basic Defenses,25,25%,,All Basic Defenses 25%,https://thanosvibs.money/api/supports
cyclops,cyclops2,Marvel NOW!,4★ Passive,Energy Attack,15,15%,,Energy Attack 15%,https://thanosvibs.money/api/supports
cyclops,cyclops4,Modern,Leadership,All Basic Attacks,45,45%,,All Basic Attacks 45%,https://thanosvibs.money/api/supports
cyclops,cyclops4,Modern,Leadership,All Basic Defenses,30,30%,,All Basic Defenses 30%,https://thanosvibs.money/api/supports
cyclops,cyclops4,Modern,4★ Passive,Energy Attack,40,40%,,Energy Attack 40%,https://thanosvibs.money/api/supports
cyclops,cyclops3,Phoenix Five,Leadership,All Basic Attacks,35,35%,,All Basic Attacks 35%,https://thanosvibs.money/api/supports
cyclops,cyclops3,Phoenix Five,Leadership,All Basic Defenses,25,25%,,All Basic Defenses 25%,https://thanosvibs.money/api/supports
cyclops,cyclops3,Phoenix Five,4★ Passive,Energy Attack,30,30%,,Energy Attack 30%,https://thanosvibs.money/api/supports
dazzler,dazzler,Modern,Tier-2 Passive,Ignore Dodge,70,70%,Allies: Mutant,Ignore Dodge 70%,https://thanosvibs.money/api/supports
dazzler,dazzler,Modern,Tier-2 Passive,Basic Damage Dealt to Boss Types,65,65%,Allies: Mutant,Basic Damage Dealt to Boss Types 65%,https://thanosvibs.money/api/supports
dazzler,dazzler,Modern,Artifact Exclusive Skill,Basic Damage Dealt to Villains,3,3%,Allies: Mutant,3★ | Basic Damage Dealt to Villains 3% 0.2%,https://thanosvibs.money/api/supports
dazzler,dazzler,Modern,Artifact Exclusive Skill,All Basic Attacks,13,13%,Allies: Mutant,3★ | All Basic Attacks 13% 0.2%,https://thanosvibs.money/api/supports
dazzler,dazzler,Modern,Artifact Exclusive Skill,Basic Damage Dealt to Villains,5,5%,Allies: Mutant,4★ | Basic Damage Dealt to Villains 5% 0.3%,https://thanosvibs.money/api/supports
dazzler,dazzler,Modern,Artifact Exclusive Skill,All Basic Attacks,15,15%,Allies: Mutant,4★ | All Basic Attacks 15% 0.3%,https://thanosvibs.money/api/supports
dazzler,dazzler,Modern,Artifact Exclusive Skill,Basic Damage Dealt to Villains,7,7%,Allies: Mutant,5★ | Basic Damage Dealt to Villains 7% 0.4%,https://thanosvibs.money/api/supports
dazzler,dazzler,Modern,Artifact Exclusive Skill,All Basic Attacks,17,17%,Allies: Mutant,5★ | All Basic Attacks 17% 0.4%,https://thanosvibs.money/api/supports
dazzler,dazzler,Modern,Artifact Exclusive Skill,Basic Damage Dealt to Villains,10,10%,Allies: Mutant,6★ | Basic Damage Dealt to Villains 10% 0.5%,https://thanosvibs.money/api/supports
dazzler,dazzler,Modern,Artifact Exclusive Skill,All Basic Attacks,20,20%,Allies: Mutant,6★ | All Basic Attacks 20% 0.5%,https://thanosvibs.money/api/supports
dazzler,dazzler1,X-Song,Tier-2 Passive,All Basic Attacks,25,25%,Allies: Mutant,All Basic Attacks 25%,https://thanosvibs.money/api/supports
dazzler,dazzler1,X-Song,Tier-2 Passive,Ignore Dodge,70,70%,Allies: Mutant,Ignore Dodge 70%,https://thanosvibs.money/api/supports
dazzler,dazzler1,X-Song,Tier-2 Passive,Basic Damage Dealt to Boss Types,65,65%,Allies: Mutant,Basic Damage Dealt to Boss Types 65%,https://thanosvibs.money/api/supports
dazzler,dazzler1,X-Song,Artifact Exclusive Skill,Basic Damage Dealt to Villains,3,3%,Allies: Mutant,3★ | Basic Damage Dealt to Villains 3% 0.2%,https://thanosvibs.money/api/supports
dazzler,dazzler1,X-Song,Artifact Exclusive Skill,All Basic Attacks,13,13%,Allies: Mutant,3★ | All Basic Attacks 13% 0.2%,https://thanosvibs.money/api/supports
dazzler,dazzler1,X-Song,Artifact Exclusive Skill,Basic Damage Dealt to Villains,5,5%,Allies: Mutant,4★ | Basic Damage Dealt to Villains 5% 0.3%,https://thanosvibs.money/api/supports
dazzler,dazzler1,X-Song,Artifact Exclusive Skill,All Basic Attacks,15,15%,Allies: Mutant,4★ | All Basic Attacks 15% 0.3%,https://thanosvibs.money/api/supports
dazzler,dazzler1,X-Song,Artifact Exclusive Skill,Basic Damage Dealt to Villains,7,7%,Allies: Mutant,5★ | Basic Damage Dealt to Villains 7% 0.4%,https://thanosvibs.money/api/supports
dazzler,dazzler1,X-Song,Artifact Exclusive Skill,All Basic Attacks,17,17%,Allies: Mutant,5★ | All Basic Attacks 17% 0.4%,https://thanosvibs.money/api/supports
dazzler,dazzler1,X-Song,Artifact Exclusive Skill,Basic Damage Dealt to Villains,10,10%,Allies: Mutant,6★ | Basic Damage Dealt to Villains 10% 0.5%,https://thanosvibs.money/api/supports
dazzler,dazzler1,X-Song,Artifact Exclusive Skill,All Basic Attacks,20,20%,Allies: Mutant,6★ | All Basic Attacks 20% 0.5%,https://thanosvibs.money/api/supports
deadpool,deadpool6,April Pools,Leadership,All Basic Attacks,40,40%,,All Basic Attacks 40%,https://thanosvibs.money/api/supports
deadpool,deadpool6,April Pools,Leadership,All Basic Defenses,40,40%,,All Basic Defenses 40%,https://thanosvibs.money/api/supports
deadpool,deadpool6,April Pools,Leadership,All Speeds,15,15%,,All Speeds 15%,https://thanosvibs.money/api/supports
deadpool,deadpool6,April Pools,Leadership,Basic Damage Dealt to Boss Types,60,60%,Character: Gwenpool,Basic Damage Dealt to Boss Types 60%,https://thanosvibs.money/api/supports
deadpool,deadpool8,Marvel Studios' Deadpool & Wolverine,Leadership,All Basic Attacks,40,40%,,All Basic Attacks 40%,https://thanosvibs.money/api/supports
deadpool,deadpool8,Marvel Studios' Deadpool & Wolverine,Leadership,All Basic Defenses,40,40%,,All Basic Defenses 40%,https://thanosvibs.money/api/supports
deadpool,deadpool8,Marvel Studios' Deadpool & Wolverine,Leadership,All Speeds,15,15%,,All Speeds 15%,https://thanosvibs.money/api/supports
deadpool,deadpool8,Marvel Studios' Deadpool & Wolverine,Leadership,Remove All Debuffs,10,N/A,Character: Deadpool,When Debuffed | Cooldown 25s | Remove All Debuffs N/A 10,https://thanosvibs.money/api/supports
deadpool,deadpool7,Marvel Studios' Deadpool & Wolverine · Nicepool,Leadership,All Basic Attacks,40,40%,,All Basic Attacks 40%,https://thanosvibs.money/api/supports
deadpool,deadpool7,Marvel Studios' Deadpool & Wolverine · Nicepool,Leadership,All Basic Defenses,40,40%,,All Basic Defenses 40%,https://thanosvibs.money/api/supports
deadpool,deadpool7,Marvel Studios' Deadpool & Wolverine · Nicepool,Leadership,All Speeds,15,15%,,All Speeds 15%,https://thanosvibs.money/api/supports
deadpool,deadpool7,Marvel Studios' Deadpool & Wolverine · Nicepool,Leadership,Basic Damage Dealt to Boss Types,40,40%,Character: Deadpool,Basic Damage Dealt to Boss Types 40%,https://thanosvibs.money/api/supports
deathlok,deathlok,Marvel Studios' Agents of S.H.I.E.L.D.,Leadership,Physical Attack,30,30%,,Physical Attack 30%,https://thanosvibs.money/api/supports
destroyer,destroyer2,The Mighty Thor,4★ Passive,HP,55,55%,Ability: Machine,HP 55%,https://thanosvibs.money/api/supports
doctordoom,doctordoom,Modern,Leadership,Remove All Debuffs,12,N/A,,When Debuffed | Cooldown 20s | Remove All Debuffs N/A 12,https://thanosvibs.money/api/supports
doctoroctopus,doctoroctopus,Classic,Leadership,HP,30,30%,,HP 30%,https://thanosvibs.money/api/supports
doctorstrange,doctorstrange,"All-New, All-Different",Leadership,Energy Attack,30,30%,,Energy Attack 30%,https://thanosvibs.money/api/supports
doctorstrange,doctorstrange,"All-New, All-Different",Leadership,Ignore Dodge,20,20%,,Ignore Dodge 20%,https://thanosvibs.money/api/supports
doctorstrange,doctorstrange5,Death of Doctor Strange,Leadership,Energy Attack,45,45%,,Energy Attack 45%,https://thanosvibs.money/api/supports
doctorstrange,doctorstrange5,Death of Doctor Strange,Leadership,Ignore Dodge,20,20%,,Ignore Dodge 20%,https://thanosvibs.money/api/supports
doctorvoodoo,doctorvoodoo,Modern,Leadership,All Debuffs Effect,40,40%,,All Debuffs Effect 40%,https://thanosvibs.money/api/supports
doctorvoodoo,doctorvoodoo2,Savage Avengers,Leadership,All Debuffs Effect,40,40%,,All Debuffs Effect 40%,https://thanosvibs.money/api/supports
doctorvoodoo,doctorvoodoo2,Savage Avengers,Leadership,All Basic Attacks,30,30%,,All Basic Attacks 30%,https://thanosvibs.money/api/supports
doctorvoodoo,doctorvoodoo2,Savage Avengers,Tier-2 Passive,Ignore Dodge,30,30%,,Ignore Dodge 30%,https://thanosvibs.money/api/supports
doctorvoodoo,doctorvoodoo2,Savage Avengers,Uniform Effect,Basic Damage Dealt to Villains,50,50%,Type: Universal,Basic Damage Dealt to Villains 50%,https://thanosvibs.money/api/supports
doctorvoodoo,doctorvoodoo2,Savage Avengers,Uniform Effect,Basic Damage Received from Villains,-20,-20%,Type: Universal,Basic Damage Received from Villains -20%,https://thanosvibs.money/api/supports
doctorvoodoo,doctorvoodoo1,Strange Academy,Leadership,All Debuffs Effect,40,40%,,All Debuffs Effect 40%,https://thanosvibs.money/api/supports
doctorvoodoo,doctorvoodoo1,Strange Academy,Leadership,All Basic Attacks,30,30%,,All Basic Attacks 30%,https://thanosvibs.money/api/supports
doctorvoodoo,doctorvoodoo1,Strange Academy,Uniform Effect,Ignore Dodge,30,30%,,Ignore Dodge 30%,https://thanosvibs.money/api/supports
domino,domino,X-Force,Leadership,Critical Rate,8,8%,,Critical Rate 8%,https://thanosvibs.money/api/supports
domino,domino,X-Force,Leadership,Ignore Dodge,45,45%,,Ignore Dodge 45%,https://thanosvibs.money/api/supports
dormammu,dormammu1,Damnation,Leadership,Basic Damage Dealt to Heroes,60,60%,Side: Villain,Basic Damage Dealt to Heroes 60%,https://thanosvibs.money/api/supports
drax,drax2,Classic,Leadership,HP,45,45%,,HP 45% when 1 Combat,https://thanosvibs.money/api/supports
drax,drax2,Classic,Leadership,HP,55,55%,,HP 55% when 2 Combats,https://thanosvibs.money/api/supports
drax,drax2,Classic,Leadership,HP,65,65%,,HP 65% when 3 Combats,https://thanosvibs.money/api/supports
drax,drax,Guardians of the Galaxy,Leadership,HP,21,21%,,HP 21% when 1 Combat,https://thanosvibs.money/api/supports
drax,drax,Guardians of the Galaxy,Leadership,HP,30,30%,,HP 30% when 2 Combats,https://thanosvibs.money/api/supports
drax,drax,Guardians of the Galaxy,Leadership,HP,45,45%,,HP 45% when 3 Combats,https://thanosvibs.money/api/supports
ebonymaw,ebonymaw2,Dark Obsidian Armor,Leadership,Energy Attack,50,50%,,Energy Attack 50%,https://thanosvibs.money/api/supports
ebonymaw,ebonymaw2,Dark Obsidian Armor,Uniform Effect,Basic Damage Dealt to Universals,35,35%,,Basic Damage Dealt to Universals 35%,https://thanosvibs.money/api/supports
ebonymaw,ebonymaw2,Dark Obsidian Armor,Uniform Effect,Basic Damage Received from Universals,-35,-35%,,Basic Damage Received from Universals -35%,https://thanosvibs.money/api/supports
ebonymaw,ebonymaw2,Dark Obsidian Armor,Artifact Exclusive Skill,Basic Damage Dealt to Heroes,11,11%,Ability: Black Order,3★ | Basic Damage Dealt to Heroes 11% 0.2%,https://thanosvibs.money/api/supports
ebonymaw,ebonymaw2,Dark Obsidian Armor,Artifact Exclusive Skill,Basic Damage Dealt to Villains,11,11%,Ability: Black Order,3★ | Basic Damage Dealt to Villains 11% 0.2%,https://thanosvibs.money/api/supports
ebonymaw,ebonymaw2,Dark Obsidian Armor,Artifact Exclusive Skill,Basic Damage Dealt to Heroes,14,14%,Ability: Black Order,4★ | Basic Damage Dealt to Heroes 14% 0.3%,https://thanosvibs.money/api/supports
ebonymaw,ebonymaw2,Dark Obsidian Armor,Artifact Exclusive Skill,Basic Damage Dealt to Villains,14,14%,Ability: Black Order,4★ | Basic Damage Dealt to Villains 14% 0.3%,https://thanosvibs.money/api/supports
ebonymaw,ebonymaw2,Dark Obsidian Armor,Artifact Exclusive Skill,Basic Damage Dealt to Heroes,17,17%,Ability: Black Order,5★ | Basic Damage Dealt to Heroes 17% 0.4%,https://thanosvibs.money/api/supports
ebonymaw,ebonymaw2,Dark Obsidian Armor,Artifact Exclusive Skill,Basic Damage Dealt to Villains,17,17%,Ability: Black Order,5★ | Basic Damage Dealt to Villains 17% 0.4%,https://thanosvibs.money/api/supports
ebonymaw,ebonymaw2,Dark Obsidian Armor,Artifact Exclusive Skill,Basic Damage Dealt to Heroes,20,20%,Ability: Black Order,6★ | Basic Damage Dealt to Heroes 20% 0.5%,https://thanosvibs.money/api/supports
ebonymaw,ebonymaw2,Dark Obsidian Armor,Artifact Exclusive Skill,Basic Damage Dealt to Villains,20,20%,Ability: Black Order,6★ | Basic Damage Dealt to Villains 20% 0.5%,https://thanosvibs.money/api/supports
ebonymaw,ebonymaw3,General's Hand,Leadership,Energy Attack,50,50%,,Energy Attack 50%,https://thanosvibs.money/api/supports
ebonymaw,ebonymaw3,General's Hand,Uniform Effect,Basic Damage Dealt to Universals,40,40%,,Basic Damage Dealt to Universals 40%,https://thanosvibs.money/api/supports
ebonymaw,ebonymaw3,General's Hand,Uniform Effect,Basic Damage Received from Universals,-35,-35%,,Basic Damage Received from Universals -35%,https://thanosvibs.money/api/supports
ebonymaw,ebonymaw3,General's Hand,Artifact Exclusive Skill,Basic Damage Dealt to Heroes,11,11%,Ability: Black Order,3★ | Basic Damage Dealt to Heroes 11% 0.2%,https://thanosvibs.money/api/supports
ebonymaw,ebonymaw3,General's Hand,Artifact Exclusive Skill,Basic Damage Dealt to Villains,11,11%,Ability: Black Order,3★ | Basic Damage Dealt to Villains 11% 0.2%,https://thanosvibs.money/api/supports
ebonymaw,ebonymaw3,General's Hand,Artifact Exclusive Skill,Basic Damage Dealt to Heroes,14,14%,Ability: Black Order,4★ | Basic Damage Dealt to Heroes 14% 0.3%,https://thanosvibs.money/api/supports
ebonymaw,ebonymaw3,General's Hand,Artifact Exclusive Skill,Basic Damage Dealt to Villains,14,14%,Ability: Black Order,4★ | Basic Damage Dealt to Villains 14% 0.3%,https://thanosvibs.money/api/supports
ebonymaw,ebonymaw3,General's Hand,Artifact Exclusive Skill,Basic Damage Dealt to Heroes,17,17%,Ability: Black Order,5★ | Basic Damage Dealt to Heroes 17% 0.4%,https://thanosvibs.money/api/supports
ebonymaw,ebonymaw3,General's Hand,Artifact Exclusive Skill,Basic Damage Dealt to Villains,17,17%,Ability: Black Order,5★ | Basic Damage Dealt to Villains 17% 0.4%,https://thanosvibs.money/api/supports
ebonymaw,ebonymaw3,General's Hand,Artifact Exclusive Skill,Basic Damage Dealt to Heroes,20,20%,Ability: Black Order,6★ | Basic Damage Dealt to Heroes 20% 0.5%,https://thanosvibs.money/api/supports
ebonymaw,ebonymaw3,General's Hand,Artifact Exclusive Skill,Basic Damage Dealt to Villains,20,20%,Ability: Black Order,6★ | Basic Damage Dealt to Villains 20% 0.5%,https://thanosvibs.money/api/supports
ebonymaw,ebonymaw,Infinity,Leadership,Energy Attack,40,40%,,Energy Attack 40%,https://thanosvibs.money/api/supports
ebonymaw,ebonymaw,Infinity,Artifact Exclusive Skill,Basic Damage Dealt to Heroes,11,11%,Ability: Black Order,3★ | Basic Damage Dealt to Heroes 11% 0.2%,https://thanosvibs.money/api/supports
ebonymaw,ebonymaw,Infinity,Artifact Exclusive Skill,Basic Damage Dealt to Villains,11,11%,Ability: Black Order,3★ | Basic Damage Dealt to Villains 11% 0.2%,https://thanosvibs.money/api/supports
ebonymaw,ebonymaw,Infinity,Artifact Exclusive Skill,Basic Damage Dealt to Heroes,14,14%,Ability: Black Order,4★ | Basic Damage Dealt to Heroes 14% 0.3%,https://thanosvibs.money/api/supports
ebonymaw,ebonymaw,Infinity,Artifact Exclusive Skill,Basic Damage Dealt to Villains,14,14%,Ability: Black Order,4★ | Basic Damage Dealt to Villains 14% 0.3%,https://thanosvibs.money/api/supports
ebonymaw,ebonymaw,Infinity,Artifact Exclusive Skill,Basic Damage Dealt to Heroes,17,17%,Ability: Black Order,5★ | Basic Damage Dealt to Heroes 17% 0.4%,https://thanosvibs.money/api/supports
ebonymaw,ebonymaw,Infinity,Artifact Exclusive Skill,Basic Damage Dealt to Villains,17,17%,Ability: Black Order,5★ | Basic Damage Dealt to Villains 17% 0.4%,https://thanosvibs.money/api/supports
ebonymaw,ebonymaw,Infinity,Artifact Exclusive Skill,Basic Damage Dealt to Heroes,20,20%,Ability: Black Order,6★ | Basic Damage Dealt to Heroes 20% 0.5%,https://thanosvibs.money/api/supports
ebonymaw,ebonymaw,Infinity,Artifact Exclusive Skill,Basic Damage Dealt to Villains,20,20%,Ability: Black Order,6★ | Basic Damage Dealt to Villains 20% 0.5%,https://thanosvibs.money/api/supports
ebonymaw,ebonymaw1,Marvel Studios' Avengers: Infinity War,Leadership,Energy Attack,40,40%,,Energy Attack 40%,https://thanosvibs.money/api/supports
ebonymaw,ebonymaw1,Marvel Studios' Avengers: Infinity War,Uniform Effect,Basic Damage Dealt to Universals,25,25%,,Basic Damage Dealt to Universals 25%,https://thanosvibs.money/api/supports
ebonymaw,ebonymaw1,Marvel Studios' Avengers: Infinity War,Uniform Effect,Basic Damage Received from Universals,-25,-25%,,Basic Damage Received from Universals -25%,https://thanosvibs.money/api/supports
ebonymaw,ebonymaw1,Marvel Studios' Avengers: Infinity War,Artifact Exclusive Skill,Basic Damage Dealt to Heroes,11,11%,Ability: Black Order,3★ | Basic Damage Dealt to Heroes 11% 0.2%,https://thanosvibs.money/api/supports
ebonymaw,ebonymaw1,Marvel Studios' Avengers: Infinity War,Artifact Exclusive Skill,Basic Damage Dealt to Villains,11,11%,Ability: Black Order,3★ | Basic Damage Dealt to Villains 11% 0.2%,https://thanosvibs.money/api/supports
ebonymaw,ebonymaw1,Marvel Studios' Avengers: Infinity War,Artifact Exclusive Skill,Basic Damage Dealt to Heroes,14,14%,Ability: Black Order,4★ | Basic Damage Dealt to Heroes 14% 0.3%,https://thanosvibs.money/api/supports
ebonymaw,ebonymaw1,Marvel Studios' Avengers: Infinity War,Artifact Exclusive Skill,Basic Damage Dealt to Villains,14,14%,Ability: Black Order,4★ | Basic Damage Dealt to Villains 14% 0.3%,https://thanosvibs.money/api/supports
ebonymaw,ebonymaw1,Marvel Studios' Avengers: Infinity War,Artifact Exclusive Skill,Basic Damage Dealt to Heroes,17,17%,Ability: Black Order,5★ | Basic Damage Dealt to Heroes 17% 0.4%,https://thanosvibs.money/api/supports
ebonymaw,ebonymaw1,Marvel Studios' Avengers: Infinity War,Artifact Exclusive Skill,Basic Damage Dealt to Villains,17,17%,Ability: Black Order,5★ | Basic Damage Dealt to Villains 17% 0.4%,https://thanosvibs.money/api/supports
ebonymaw,ebonymaw1,Marvel Studios' Avengers: Infinity War,Artifact Exclusive Skill,Basic Damage Dealt to Heroes,20,20%,Ability: Black Order,6★ | Basic Damage Dealt to Heroes 20% 0.5%,https://thanosvibs.money/api/supports
ebonymaw,ebonymaw1,Marvel Studios' Avengers: Infinity War,Artifact Exclusive Skill,Basic Damage Dealt to Villains,20,20%,Ability: Black Order,6★ | Basic Damage Dealt to Villains 20% 0.5%,https://thanosvibs.money/api/supports
echo,echo,Enter the Phoenix,Leadership,Fire Damage,60,60%,,Fire Damage 60%,https://thanosvibs.money/api/supports
echo,echo,Enter the Phoenix,4★ Passive,Fire Resist,25,25%,,Fire Resist 25%,https://thanosvibs.money/api/supports
echo,echo,Enter the Phoenix,4★ Passive,All Element Damage,15,15%,,All Element Damage 15%,https://thanosvibs.money/api/supports
echo,echo1,Marvel Studios' Hawkeye,Leadership,All Basic Attacks,60,60%,Type: Speed,All Basic Attacks 60%,https://thanosvibs.money/api/supports
echo,echo1,Marvel Studios' Hawkeye,Leadership,All Basic Defenses,60,60%,Type: Speed,All Basic Defenses 60%,https://thanosvibs.money/api/supports
echo,echo1,Marvel Studios' Hawkeye,Leadership,Remove All Debuffs,12,N/A,Type: Speed,When Debuffed | Cooldown 20s | Remove All Debuffs N/A 12,https://thanosvibs.money/api/supports
echo,echo1,Marvel Studios' Hawkeye,4★ Passive,Chain Hit Damage Received,-20,-20%,Type: Speed,Chain Hit Damage Received -20%,https://thanosvibs.money/api/supports
echo,echo1,Marvel Studios' Hawkeye,4★ Passive,Ignore Dodge,20,20%,Type: Speed,Ignore Dodge 20%,https://thanosvibs.money/api/supports
electro,electro,Modern,Leadership,All Basic Attacks,40,40%,Ability: Sinister Six,All Basic Attacks 40%,https://thanosvibs.money/api/supports
electro,electro,Modern,Leadership,All Basic Defenses,40,40%,Ability: Sinister Six,All Basic Defenses 40%,https://thanosvibs.money/api/supports
electro,electro,Modern,Leadership,All Speeds,10,10%,Ability: Sinister Six,All Speeds 10%,https://thanosvibs.money/api/supports
electro,electro,Modern,4★ Passive,Lightning Damage,15,15%,,Lightning Damage 15%,https://thanosvibs.money/api/supports
electro,electro1,Spider-Man: No Way Home,Leadership,All Basic Attacks,60,60%,Ability: Sinister Six,All Basic Attacks 60%,https://thanosvibs.money/api/supports
electro,electro1,Spider-Man: No Way Home,Leadership,All Basic Defenses,60,60%,Ability: Sinister Six,All Basic Defenses 60%,https://thanosvibs.money/api/supports
electro,electro1,Spider-Man: No Way Home,Leadership,All Speeds,15,15%,Ability: Sinister Six,All Speeds 15%,https://thanosvibs.money/api/supports
electro,electro1,Spider-Man: No Way Home,4★ Passive,Lightning Damage,30,30%,,Lightning Damage 30%,https://thanosvibs.money/api/supports
elsabloodstone,elsabloodstone,Modern,Leadership,Physical Attack,30,30%,,Physical Attack 30%,https://thanosvibs.money/api/supports
enchantress,enchantress,Modern,Leadership,All Debuffs Effect,25,25%,,All Debuffs Effect 25%,https://thanosvibs.money/api/supports
enchantress,enchantress1,Summer Days,Leadership,All Debuffs Effect,40,40%,,All Debuffs Effect 40%,https://thanosvibs.money/api/supports
enchantress,enchantress1,Summer Days,4★ Passive,Mind Damage,30,30%,,Mind Damage 30%,https://thanosvibs.money/api/supports
enchantress,enchantress2,War of the Realms,Leadership,All Debuffs Effect,40,40%,,All Debuffs Effect 40%,https://thanosvibs.money/api/supports
enchantress,enchantress2,War of the Realms,4★ Passive,Mind Damage,30,30%,,Mind Damage 30%,https://thanosvibs.money/api/supports
enchantress,enchantress2,War of the Realms,4★ Passive,Mind Resist,20,20%,,Mind Resist 20%,https://thanosvibs.money/api/supports
enchantress,enchantress2,War of the Realms,Uniform Effect,All Basic Attacks,20,20%,Side: Villain,All Basic Attacks 20%,https://thanosvibs.money/api/supports
enchantress,enchantress2,War of the Realms,Uniform Effect,Basic Damage Dealt to Boss Types,40,40%,Side: Villain,Basic Damage Dealt to Boss Types 40%,https://thanosvibs.money/api/supports
exodus,exodus,Modern,Leadership,All Basic Attacks,30,30%,Character: Exodus,All Basic Attacks 30% when 1 Mutant,https://thanosvibs.money/api/supports
exodus,exodus,Modern,Leadership,All Basic Attacks,40,40%,Character: Exodus,All Basic Attacks 40% when 2 Mutants,https://thanosvibs.money/api/supports
exodus,exodus,Modern,Leadership,All Basic Attacks,50,50%,Character: Exodus,All Basic Attacks 50% when 3 Mutants,https://thanosvibs.money/api/supports
exodus,exodus,Modern,4★ Passive,Remove All Debuffs,12,N/A,Allies: Mutant,When Debuffed | Cooldown 20s | Remove All Debuffs N/A 12,https://thanosvibs.money/api/supports
exodus,exodus,Modern,Artifact Exclusive Skill,HP,16,16%,Allies: Mutant,3★ | HP 16% 0.1%,https://thanosvibs.money/api/supports
exodus,exodus,Modern,Artifact Exclusive Skill,HP,19,19%,Allies: Mutant,4★ | HP 19% 0.1%,https://thanosvibs.money/api/supports
exodus,exodus,Modern,Artifact Exclusive Skill,HP,22,22%,Allies: Mutant,5★ | HP 22% 0.1%,https://thanosvibs.money/api/supports
exodus,exodus,Modern,Artifact Exclusive Skill,HP,25,25%,Allies: Mutant,6★ | HP 25% 0.1%,https://thanosvibs.money/api/supports
falcon,falcon5,What If... Zombies?!,4★ Passive,Basic Damage Dealt to Heroes,50,50%,Ability: Zombie,Basic Damage Dealt to Heroes 50%,https://thanosvibs.money/api/supports
falcon,falcon5,What If... Zombies?!,4★ Passive,Basic Damage Dealt to Villains,50,50%,Ability: Zombie,Basic Damage Dealt to Villains 50%,https://thanosvibs.money/api/supports
falconjoaquintorres,joaquintorres,Marvel Studios' Captain America: Brave New World,4★ Passive,Basic Damage Dealt to Villains,60,60%,Character: Falcon,Basic Damage Dealt to Villains 60%,https://thanosvibs.money/api/supports
franklinrichards,franklinrichards,Modern,4★ Passive,Heal,40,40%,Ability: Fantastic Four,When HP is below 40% | Cooldown 300s | Heal 40% 1,https://thanosvibs.money/api/supports
franklinrichards,franklinrichards,Modern,4★ Passive,HP,40,40%,Ability: Fantastic Four,When HP is below 40% | Cooldown 300s | HP 40% 7,https://thanosvibs.money/api/supports
franklinrichards,franklinrichards,Modern,Artifact Exclusive Skill,Immortality + Heal,5,5%,Ability: Fantastic Four,3★ | When HP is below 5% | Cooldown 180s | Immortality + Heal 5% 0.5% 1,https://thanosvibs.money/api/supports
franklinrichards,franklinrichards,Modern,Artifact Exclusive Skill,Immortality + Heal,10,10%,Ability: Fantastic Four,4★ | When HP is below 5% | Cooldown 180s | Immortality + Heal 10% 0.5% 2,https://thanosvibs.money/api/supports
franklinrichards,franklinrichards,Modern,Artifact Exclusive Skill,Immortality + Heal,15,15%,Ability: Fantastic Four,5★ | When HP is below 5% | Cooldown 180s | Immortality + Heal 15% 0.5% 3,https://thanosvibs.money/api/supports
franklinrichards,franklinrichards,Modern,Artifact Exclusive Skill,Immortality + Heal,20,20%,Ability: Fantastic Four,6★ | When HP is below 5% | Cooldown 180s | Immortality + Heal 20% 0.5% 4,https://thanosvibs.money/api/supports
gambit,gambit,Modern,Leadership,Ignore Dodge,50,50%,,Ignore Dodge 50%,https://thanosvibs.money/api/supports
gamora,gamora4,Marvel Studios' Guardians of the Galaxy 3,Leadership,Physical Attack,60,60%,Type: Speed,Physical Attack 60%,https://thanosvibs.money/api/supports
gamora,gamora4,Marvel Studios' Guardians of the Galaxy 3,Leadership,All Speeds,6,6%,Type: Speed,All Speeds 6%,https://thanosvibs.money/api/supports
gamora,gamora3,Requiem,Leadership,Physical Attack,55,55%,Type: Speed,Physical Attack 55%,https://thanosvibs.money/api/supports
gamora,gamora3,Requiem,Leadership,All Speeds,6,6%,Type: Speed,All Speeds 6%,https://thanosvibs.money/api/supports
ghost,ghost1,Marvel Studios' Ant-Man and the Wasp,Leadership,All Basic Attacks,50,50%,Ability: Machine,All Basic Attacks 50%,https://thanosvibs.money/api/supports
ghost,ghost1,Marvel Studios' Ant-Man and the Wasp,Tier-2 Passive,Energy Attack,20,20%,,Energy Attack 20%,https://thanosvibs.money/api/supports
ghost,ghost1,Marvel Studios' Ant-Man and the Wasp,Uniform Effect,Remove All Debuffs,12,N/A,Ability: Thunderbolts,When Debuffed | Cooldown 20s | Remove All Debuffs N/A 12,https://thanosvibs.money/api/supports
ghost,ghost,Modern,Leadership,All Basic Attacks,50,50%,Ability: Machine,All Basic Attacks 50%,https://thanosvibs.money/api/supports
ghost,ghost,Modern,Tier-2 Passive,Energy Attack,10,10%,Side: Villain,Energy Attack 10%,https://thanosvibs.money/api/supports
ghostpanther,ghostpanther,Infinity Warps,Leadership,Critical Rate,15,15%,,Critical Rate 15%,https://thanosvibs.money/api/supports
ghostpanther,ghostpanther,Infinity Warps,Leadership,Fire Damage,30,30%,,Fire Damage 30%,https://thanosvibs.money/api/supports
ghostpanther,ghostpanther,Infinity Warps,Tier-2 Passive,Fire Damage,50,50%,,Fire Damage 50%,https://thanosvibs.money/api/supports
ghostpanther,ghostpanther,Infinity Warps,Tier-2 Passive,Basic Damage Dealt to Villains,45,45%,,Basic Damage Dealt to Villains 45%,https://thanosvibs.money/api/supports
ghostpanther,ghostpanther,Infinity Warps,Tier-2 Passive,Basic Damage Received from Villains,-15,-15%,,Basic Damage Received from Villains -15%,https://thanosvibs.money/api/supports
ghostriderrobbiereyes,robbiereyes1,Lord of Vengeance,Leadership,Ignore Dodge,50,50%,,Ignore Dodge 50%,https://thanosvibs.money/api/supports
ghostriderrobbiereyes,robbiereyes1,Lord of Vengeance,4★ Passive,Fire Resist,60,60%,Ability: Flame,Fire Resist 60%,https://thanosvibs.money/api/supports
ghostriderrobbiereyes,robbiereyes1,Lord of Vengeance,4★ Passive,Fire Immunity Chance,80,80%,Ability: Flame,Fire Immunity Chance 80%,https://thanosvibs.money/api/supports
ghostriderrobbiereyes,robbiereyes1,Lord of Vengeance,4★ Passive,Fire Damage,30,30%,Ability: Flame,Fire Damage 30%,https://thanosvibs.money/api/supports
ghostriderrobbiereyes,robbiereyes1,Lord of Vengeance,Artifact Exclusive Skill,Fire Damage by % Fire Resist,20,20%,Ability: Flame,3★ | When Skill (regular attacks excuded) is used | Cooldown 15s | Fire Damage by % Fire Resist 20% 0.2% 7,https://thanosvibs.money/api/supports
ghostriderrobbiereyes,robbiereyes1,Lord of Vengeance,Artifact Exclusive Skill,Fire Damage,8,8%,Ability: Flame,3★ | When Skill (regular attacks excuded) is used | Cooldown 15s | Fire Damage 8% 0.2% 7,https://thanosvibs.money/api/supports
ghostriderrobbiereyes,robbiereyes1,Lord of Vengeance,Artifact Exclusive Skill,Fire Damage by % Fire Resist,23,23%,Ability: Flame,4★ | When Skill (regular attacks excuded) is used | Cooldown 15s | Fire Damage by % Fire Resist 23% 0.3% 8,https://thanosvibs.money/api/supports
ghostriderrobbiereyes,robbiereyes1,Lord of Vengeance,Artifact Exclusive Skill,Fire Damage,10,10%,Ability: Flame,4★ | When Skill (regular attacks excuded) is used | Cooldown 15s | Fire Damage 10% 0.2% 8,https://thanosvibs.money/api/supports
ghostriderrobbiereyes,robbiereyes1,Lord of Vengeance,Artifact Exclusive Skill,Fire Damage by % Fire Resist,26,26%,Ability: Flame,5★ | When Skill (regular attacks excuded) is used | Cooldown 15s | Fire Damage by % Fire Resist 26% 0.4% 9,https://thanosvibs.money/api/supports
ghostriderrobbiereyes,robbiereyes1,Lord of Vengeance,Artifact Exclusive Skill,Fire Damage,12,12%,Ability: Flame,5★ | When Skill (regular attacks excuded) is used | Cooldown 15s | Fire Damage 12% 0.2% 9,https://thanosvibs.money/api/supports
ghostriderrobbiereyes,robbiereyes1,Lord of Vengeance,Artifact Exclusive Skill,Fire Damage by % Fire Resist,30,30%,Ability: Flame,6★ | When Skill (regular attacks excuded) is used | Cooldown 15s | Fire Damage by % Fire Resist 30% 0.5% 10,https://thanosvibs.money/api/supports
ghostriderrobbiereyes,robbiereyes1,Lord of Vengeance,Artifact Exclusive Skill,Fire Damage,15,15%,Ability: Flame,6★ | When Skill (regular attacks excuded) is used | Cooldown 15s | Fire Damage 15% 0.2% 10,https://thanosvibs.money/api/supports
ghostriderrobbiereyes,robbiereyes,Marvel NOW!,Leadership,Ignore Dodge,50,50%,,Ignore Dodge 50%,https://thanosvibs.money/api/supports
ghostriderrobbiereyes,robbiereyes,Marvel NOW!,Artifact Exclusive Skill,Fire Damage by % Fire Resist,20,20%,Ability: Flame,3★ | When Skill (regular attacks excuded) is used | Cooldown 15s | Fire Damage by % Fire Resist 20% 0.2% 7,https://thanosvibs.money/api/supports
ghostriderrobbiereyes,robbiereyes,Marvel NOW!,Artifact Exclusive Skill,Fire Damage,8,8%,Ability: Flame,3★ | When Skill (regular attacks excuded) is used | Cooldown 15s | Fire Damage 8% 0.2% 7,https://thanosvibs.money/api/supports
ghostriderrobbiereyes,robbiereyes,Marvel NOW!,Artifact Exclusive Skill,Fire Damage by % Fire Resist,23,23%,Ability: Flame,4★ | When Skill (regular attacks excuded) is used | Cooldown 15s | Fire Damage by % Fire Resist 23% 0.3% 8,https://thanosvibs.money/api/supports
ghostriderrobbiereyes,robbiereyes,Marvel NOW!,Artifact Exclusive Skill,Fire Damage,10,10%,Ability: Flame,4★ | When Skill (regular attacks excuded) is used | Cooldown 15s | Fire Damage 10% 0.2% 8,https://thanosvibs.money/api/supports
ghostriderrobbiereyes,robbiereyes,Marvel NOW!,Artifact Exclusive Skill,Fire Damage by % Fire Resist,26,26%,Ability: Flame,5★ | When Skill (regular attacks excuded) is used | Cooldown 15s | Fire Damage by % Fire Resist 26% 0.4% 9,https://thanosvibs.money/api/supports
ghostriderrobbiereyes,robbiereyes,Marvel NOW!,Artifact Exclusive Skill,Fire Damage,12,12%,Ability: Flame,5★ | When Skill (regular attacks excuded) is used | Cooldown 15s | Fire Damage 12% 0.2% 9,https://thanosvibs.money/api/supports
ghostriderrobbiereyes,robbiereyes,Marvel NOW!,Artifact Exclusive Skill,Fire Damage by % Fire Resist,30,30%,Ability: Flame,6★ | When Skill (regular attacks excuded) is used | Cooldown 15s | Fire Damage by % Fire Resist 30% 0.5% 10,https://thanosvibs.money/api/supports
ghostriderrobbiereyes,robbiereyes,Marvel NOW!,Artifact Exclusive Skill,Fire Damage,15,15%,Ability: Flame,6★ | When Skill (regular attacks excuded) is used | Cooldown 15s | Fire Damage 15% 0.2% 10,https://thanosvibs.money/api/supports
giantman,giantman,Modern,Leadership,HP,30,30%,,HP 30%,https://thanosvibs.money/api/supports
gilgamesh,gilgamesh1,Marvel Studios' Eternals,Uniform Effect,All Basic Defenses,35,35%,Ability: Eternals,All Basic Defenses 35%,https://thanosvibs.money/api/supports
gilgamesh,gilgamesh1,Marvel Studios' Eternals,Uniform Effect,Chain Hit Damage Received,-15,-15%,Ability: Eternals,Chain Hit Damage Received -15%,https://thanosvibs.money/api/supports
gilgamesh,gilgamesh1,Marvel Studios' Eternals,Uniform Effect,Physical Reflect Damage Received,-80,-80%,Ability: Eternals,Physical Reflect Damage Received -80%,https://thanosvibs.money/api/supports
gladiator,gladiator,Modern,Leadership,All Basic Attacks,55,55%,,All Basic Attacks 55%,https://thanosvibs.money/api/supports
gladiator,gladiator1,Thanos: The Infinity Revelation,Leadership,All Basic Attacks,60,60%,,All Basic Attacks 60%,https://thanosvibs.money/api/supports
goliath,goliath,Classic,Leadership,Physical Attack,45,45%,,Physical Attack 45%,https://thanosvibs.money/api/supports
gorgon,gorgon,War of Kings,Leadership,Physical Attack,45,45%,,Physical Attack 45%,https://thanosvibs.money/api/supports
gorr,gorr1,Marvel Studios' Thor: Love and Thunder,Leadership,HP,35,35%,Side: Villain,HP 35%,https://thanosvibs.money/api/supports
gorr,gorr1,Marvel Studios' Thor: Love and Thunder,Leadership,Remove All Debuffs,12,N/A,Side: Villain,When Debuffed | Cooldown 20s | Remove All Debuffs N/A 12,https://thanosvibs.money/api/supports
greengoblin,greengoblin2,Dark Avengers,Leadership,All Basic Attacks,60,60%,Ability: Dark Avengers,All Basic Attacks 60%,https://thanosvibs.money/api/supports
greengoblin,greengoblin2,Dark Avengers,Tier-2 Passive,Basic Damage Dealt to Villains,40,40%,Ability: Dark Avengers,Basic Damage Dealt to Villains 40%,https://thanosvibs.money/api/supports
greengoblin,greengoblin2,Dark Avengers,Tier-2 Passive,Basic Damage Dealt to Heroes,40,40%,Ability: Dark Avengers,Basic Damage Dealt to Heroes 40%,https://thanosvibs.money/api/supports
greengoblin,greengoblin3,Spider-Man: No Way Home,Leadership,All Basic Attacks,40,40%,,All Basic Attacks 40%,https://thanosvibs.money/api/supports
greengoblin,greengoblin3,Spider-Man: No Way Home,Leadership,Ignore Dodge,40,40%,,Ignore Dodge 40%,https://thanosvibs.money/api/supports
greengoblin,greengoblin3,Spider-Man: No Way Home,Tier-2 Passive,Basic Damage Dealt to Villains,45,45%,Side: Villain,Basic Damage Dealt to Villains 45%,https://thanosvibs.money/api/supports
greengoblin,greengoblin3,Spider-Man: No Way Home,Tier-2 Passive,Basic Damage Dealt to Heroes,45,45%,Side: Villain,Basic Damage Dealt to Heroes 45%,https://thanosvibs.money/api/supports
groot,groot,Guardians of the Galaxy,Tier-2 Passive,Heal,20,20%,,25% chance when hit | Cooldown 15s | Heal 20% 1,https://thanosvibs.money/api/supports
groot,groot5,Marvel Studios' Guardians of the Galaxy 3,Tier-2 Passive,Basic Damage Dealt to Boss Types,40,40%,Ability: Guardians of the Galaxy,Basic Damage Dealt to Boss Types 40%,https://thanosvibs.money/api/supports
groot,groot5,Marvel Studios' Guardians of the Galaxy 3,Tier-2 Passive,Heal,20,20%,Ability: Guardians of the Galaxy,50% chance when hit | Cooldown 15s | Heal 20% 1,https://thanosvibs.money/api/supports
groot,groot6,Planet X Palm,Tier-2 Passive,Basic Damage Dealt to Boss Types,45,45%,Allies: Alien,Basic Damage Dealt to Boss Types 45%,https://thanosvibs.money/api/supports
groot,groot6,Planet X Palm,Tier-2 Passive,Heal,20,20%,Allies: Alien,50% chance when hit | Cooldown 15s | Heal 20% 1,https://thanosvibs.money/api/supports
gwenpool,gwenpool3,April Pools,Uniform Effect,Additional Pierce Damage,4,4%,Character: Deadpool,Additional Pierce Damage 4%,https://thanosvibs.money/api/supports
hadespluto,hades,Modern,Leadership,Fire Damage,60,60%,,Fire Damage 60%,https://thanosvibs.money/api/supports
havok,havok,Modern,Leadership,Energy Attack,50,50%,,Energy Attack 50%,https://thanosvibs.money/api/supports
heimdall,heimdall1,Asgard Invasion,Leadership,All Basic Defenses,40,40%,,All Basic Defenses 40%,https://thanosvibs.money/api/supports
heimdall,heimdall1,Asgard Invasion,Leadership,Ignore Dodge,30,30%,,Ignore Dodge 30%,https://thanosvibs.money/api/supports
hela,hela2,Asgard Invasion,Leadership,Energy Attack,60,60%,,Energy Attack 60%,https://thanosvibs.money/api/supports
hela,hela2,Asgard Invasion,Uniform Effect,Basic Damage Dealt to Heroes,50,50%,,Basic Damage Dealt to Heroes 50%,https://thanosvibs.money/api/supports
hela,hela2,Asgard Invasion,Uniform Effect,Basic Damage Received from Heroes,-30,-30%,,Basic Damage Received from Heroes -30%,https://thanosvibs.money/api/supports
hela,hela1,Marvel Studios' Thor: Ragnarok,Leadership,Energy Attack,45,45%,,Energy Attack 45%,https://thanosvibs.money/api/supports
hela,hela1,Marvel Studios' Thor: Ragnarok,Uniform Effect,Basic Damage Dealt to Heroes,15,15%,,Basic Damage Dealt to Heroes 15%,https://thanosvibs.money/api/supports
hela,hela1,Marvel Studios' Thor: Ragnarok,Uniform Effect,Basic Damage Received from Heroes,-15,-15%,,Basic Damage Received from Heroes -15%,https://thanosvibs.money/api/supports
hela,hela3,Marvel Studios' What If...?,Leadership,Energy Attack,60,60%,,Energy Attack 60%,https://thanosvibs.money/api/supports
hela,hela3,Marvel Studios' What If...?,Uniform Effect,Ignore Dodge,20,20%,,Ignore Dodge 20%,https://thanosvibs.money/api/supports
hela,hela3,Marvel Studios' What If...?,Uniform Effect,Basic Damage Dealt to Heroes,50,50%,,Basic Damage Dealt to Heroes 50%,https://thanosvibs.money/api/supports
hela,hela3,Marvel Studios' What If...?,Uniform Effect,Basic Damage Received from Heroes,-30,-30%,,Basic Damage Received from Heroes -30%,https://thanosvibs.money/api/supports
hela,hela,Modern,Leadership,Energy Attack,45,45%,,Energy Attack 45%,https://thanosvibs.money/api/supports
hercules,hercules,Modern,Leadership,HP,40,40%,,HP 40%,https://thanosvibs.money/api/supports
hogun,hogun,Modern,Leadership,All Basic Attacks,24,24%,,All Basic Attacks 24%,https://thanosvibs.money/api/supports
hopesummers,hopesummers,Modern,Leadership,All Basic Attacks,30,30%,Allies: Mutant,All Basic Attacks 30%,https://thanosvibs.money/api/supports
hopesummers,hopesummers,Modern,Leadership,All Basic Attacks,70,70%,Character: Cable,All Basic Attacks 70%,https://thanosvibs.money/api/supports
hopesummers,hopesummers,Modern,Artifact Exclusive Skill,Basic Damage Dealt to Villains,6,6%,Allies: Mutant,3★ | Basic Damage Dealt to Villains 6% 0.2%,https://thanosvibs.money/api/supports
hopesummers,hopesummers,Modern,Artifact Exclusive Skill,Basic Damage Received from Villains,6,6%,Allies: Mutant,3★ | Basic Damage Received from Villains 6% 0.2%,https://thanosvibs.money/api/supports
hopesummers,hopesummers,Modern,Artifact Exclusive Skill,Basic Damage Dealt to Villains,9,9%,Allies: Mutant,4★ | Basic Damage Dealt to Villains 9% 0.3%,https://thanosvibs.money/api/supports
hopesummers,hopesummers,Modern,Artifact Exclusive Skill,Basic Damage Received from Villains,9,9%,Allies: Mutant,4★ | Basic Damage Received from Villains 9% 0.3%,https://thanosvibs.money/api/supports
hopesummers,hopesummers,Modern,Artifact Exclusive Skill,Basic Damage Dealt to Villains,12,12%,Allies: Mutant,5★ | Basic Damage Dealt to Villains 12% 0.4%,https://thanosvibs.money/api/supports
hopesummers,hopesummers,Modern,Artifact Exclusive Skill,Basic Damage Received from Villains,12,12%,Allies: Mutant,5★ | Basic Damage Received from Villains 12% 0.4%,https://thanosvibs.money/api/supports
hopesummers,hopesummers,Modern,Artifact Exclusive Skill,Basic Damage Dealt to Villains,15,15%,Allies: Mutant,6★ | Basic Damage Dealt to Villains 15% 0.5%,https://thanosvibs.money/api/supports
hopesummers,hopesummers,Modern,Artifact Exclusive Skill,Basic Damage Received from Villains,15,15%,Allies: Mutant,6★ | Basic Damage Received from Villains 15% 0.5%,https://thanosvibs.money/api/supports
hulk,hulk,The Avengers,Leadership,Physical Attack,30,30%,,Physical Attack 30%,https://thanosvibs.money/api/supports
hulkamadeuscho,amadeuscho3,Heroic Age,Uniform Effect,Basic Damage Dealt to Villains,40,40%,,Basic Damage Dealt to Villains 40%,https://thanosvibs.money/api/supports
hulkbusterironmanmark44,hulkbuster3,3099,Leadership,All Basic Attacks,35,35%,,All Basic Attacks 35%,https://thanosvibs.money/api/supports
hulkbusterironmanmark44,hulkbuster3,3099,Leadership,All Basic Attacks,70,70%,Character: Iron Man,All Basic Attacks 70%,https://thanosvibs.money/api/supports
hulkbusterironmanmark44,hulkbuster,Avengers: Age of Ultron,Leadership,All Basic Attacks,24,24%,,All Basic Attacks 24%,https://thanosvibs.money/api/supports
hulkbusterironmanmark44,hulkbuster4,Celestial Hulkbuster,Leadership,All Basic Attacks,35,35%,,All Basic Attacks 35%,https://thanosvibs.money/api/supports
hulkbusterironmanmark44,hulkbuster4,Celestial Hulkbuster,Leadership,All Basic Attacks,70,70%,Character: Iron Man,All Basic Attacks 70%,https://thanosvibs.money/api/supports
hulkbusterironmanmark44,hulkbuster4,Celestial Hulkbuster,4★ Passive,HP,35,35%,Ability: Machine,HP 35%,https://thanosvibs.money/api/supports
humantorch,humantorch,Modern,Leadership,Fire Damage,25,25%,,Fire Damage 25%,https://thanosvibs.money/api/supports
hyperion,hyperion,"All-New, All-Different",Leadership,All Basic Attacks,45,45%,,All Basic Attacks 45%,https://thanosvibs.money/api/supports
hyperion,hyperion2,Enter the Phoenix,Leadership,All Basic Attacks,55,55%,,All Basic Attacks 55%,https://thanosvibs.money/api/supports
ikaris,ikaris,Modern,Leadership,All Basic Attacks,60,60%,Ability: Eternals,All Basic Attacks 60%,https://thanosvibs.money/api/supports
invisiblewoman,invisiblewoman2,Classic,Leadership,Remove All Debuffs,6,N/A,,When Debuffed | Cooldown 20s | Remove All Debuffs N/A 6,https://thanosvibs.money/api/supports
invisiblewoman,invisiblewoman2,Classic,Leadership,Debuff Immunity,12,12%,,When Debuffed | Cooldown 20s | Debuff Immunity N/A 12,https://thanosvibs.money/api/supports
invisiblewoman,invisiblewoman3,The Fall of the Fantastic Four,Leadership,Energy Attack,45,45%,,Energy Attack 45%,https://thanosvibs.money/api/supports
invisiblewoman,invisiblewoman3,The Fall of the Fantastic Four,4★ Passive,Barrier,1,1 hit,,When Hit | Cooldown 5s | Barrier 1 hit 2,https://thanosvibs.money/api/supports
invisiblewoman,invisiblewoman3,The Fall of the Fantastic Four,Uniform Effect,Remove All Debuffs,12,N/A,,When Debuffed | Cooldown 20s | Remove All Debuffs N/A 12,https://thanosvibs.money/api/supports
invisiblewoman,invisiblewoman3,The Fall of the Fantastic Four,Uniform Effect,Debuff Immunity,12,12%,,When Debuffed | Cooldown 20s | Debuff Immunity N/A 12,https://thanosvibs.money/api/supports
ironfist,ironfist4,The Living Weapon,Leadership,All Basic Attacks,60,60%,Ability: Defenders,All Basic Attacks 60%,https://thanosvibs.money/api/supports
ironhammer,ironhammer,Infinity Warps,Leadership,Skill Cooldown,-24,-24%,,Skill Cooldown -24%,https://thanosvibs.money/api/supports
ironhammer,ironhammer,Infinity Warps,Leadership,Energy Attack,15,15%,,Energy Attack 15%,https://thanosvibs.money/api/supports
ironhammer,ironhammer,Infinity Warps,Leadership,Lightning Damage,15,15%,,Lightning Damage 15%,https://thanosvibs.money/api/supports
ironheart,ironheart1,Black Panther: Wakanda Forever,Leadership,Energy Attack,55,55%,Type: Blast,Energy Attack 55%,https://thanosvibs.money/api/supports
ironheart,ironheart1,Black Panther: Wakanda Forever,Uniform Effect,Ignore Dodge,25,25%,,Ignore Dodge 25%,https://thanosvibs.money/api/supports
ironheart,ironheart1,Black Panther: Wakanda Forever,Uniform Effect,Basic Damage Dealt to Boss Types,35,35%,,Basic Damage Dealt to Boss Types 35%,https://thanosvibs.money/api/supports
ironheart,ironheart,Marvel NOW!,Leadership,Energy Attack,45,45%,,Energy Attack 45%,https://thanosvibs.money/api/supports
ironheart,ironheart2,Marvel Television's Ironheart,Leadership,Energy Attack,55,55%,Type: Blast,Energy Attack 55%,https://thanosvibs.money/api/supports
ironheart,ironheart2,Marvel Television's Ironheart,Uniform Effect,Ignore Dodge,25,25%,,Ignore Dodge 25%,https://thanosvibs.money/api/supports
ironheart,ironheart2,Marvel Television's Ironheart,Uniform Effect,Basic Damage Dealt to Boss Types,45,45%,,Basic Damage Dealt to Boss Types 45%,https://thanosvibs.money/api/supports
jeangrey,jeangrey,Phoenix,Leadership,Remove All Debuffs,12,N/A,,When Debuffed | Cooldown 20s | Remove All Debuffs N/A 12,https://thanosvibs.money/api/supports
jeffthelandshark,jeffthelandshark,Marvel Rivals,4★ Passive,Basic Damage Dealt to Villains,45,45%,Side: Hero,Basic Damage Dealt to Villains 45%,https://thanosvibs.money/api/supports
jeffthelandshark,jeffthelandshark,Marvel Rivals,4★ Passive,Basic Damage Received from Villains,-40,-40%,Side: Hero,Basic Damage Received from Villains -40%,https://thanosvibs.money/api/supports
jeffthelandshark,jeffthelandshark,Marvel Rivals,4★ Passive,Ignore Non-Boss Damage Decrease,10,10%,Side: Hero,Ignore Non-Boss Damage Decrease 10%,https://thanosvibs.money/api/supports
jeffthelandshark,jeffthelandshark,Marvel Rivals,4★ Passive,Remove All Debuffs,12,N/A,Side: Hero,When Debuffed | Cooldown 20s | Remove All Debuffs N/A 12,https://thanosvibs.money/api/supports
jeffthelandshark,jeffthelandshark,Marvel Rivals,Artifact Exclusive Skill,Basic Damage Dealt to Villains,5,5%,Side: Hero,3★ | Basic Damage Dealt to Villains 5% 0.2%,https://thanosvibs.money/api/supports
jeffthelandshark,jeffthelandshark,Marvel Rivals,Artifact Exclusive Skill,HP,8,8%,Side: Hero,3★ | HP 8% 0.1%,https://thanosvibs.money/api/supports
jeffthelandshark,jeffthelandshark,Marvel Rivals,Artifact Exclusive Skill,Basic Damage Dealt to Villains,10,10%,Side: Hero,4★ | Basic Damage Dealt to Villains 10% 0.3%,https://thanosvibs.money/api/supports
jeffthelandshark,jeffthelandshark,Marvel Rivals,Artifact Exclusive Skill,HP,12,12%,Side: Hero,4★ | HP 12% 0.2%,https://thanosvibs.money/api/supports
jeffthelandshark,jeffthelandshark,Marvel Rivals,Artifact Exclusive Skill,Basic Damage Dealt to Villains,15,15%,Side: Hero,5★ | Basic Damage Dealt to Villains 15% 0.4%,https://thanosvibs.money/api/supports
jeffthelandshark,jeffthelandshark,Marvel Rivals,Artifact Exclusive Skill,HP,16,16%,Side: Hero,5★ | HP 16% 0.3%,https://thanosvibs.money/api/supports
jeffthelandshark,jeffthelandshark,Marvel Rivals,Artifact Exclusive Skill,Basic Damage Dealt to Villains,20,20%,Side: Hero,6★ | Basic Damage Dealt to Villains 20% 0.5%,https://thanosvibs.money/api/supports
jeffthelandshark,jeffthelandshark,Marvel Rivals,Artifact Exclusive Skill,HP,20,20%,Side: Hero,6★ | HP 20% 0.4%,https://thanosvibs.money/api/supports
jessicajones,jessicajones1,Jewel,4★ Passive,All Basic Attacks,50,50%,Ability: Defenders,All Basic Attacks 50%,https://thanosvibs.money/api/supports
jessicajones,jessicajones1,Jewel,4★ Passive,Mind Immunity Chance,100,100%,Ability: Defenders,Mind Immunity Chance 100%,https://thanosvibs.money/api/supports
jessicajones,jessicajones1,Jewel,Uniform Effect,Heal,25,25%,Ability: Defenders,When HP is below 35% | Cooldown 100s | Heal 25% 1,https://thanosvibs.money/api/supports
jessicajones,jessicajones1,Jewel,Uniform Effect,Basic Damage Received,-95,-95%,Ability: Defenders,When HP is below 35% | Cooldown 100s | Basic Damage Received -95% 10,https://thanosvibs.money/api/supports
jubilee,jubilee1,Marvel Animation's X-Men '97,4★ Passive,Basic Damage Dealt to Villains,35,35%,Allies: Mutant,Basic Damage Dealt to Villains 35%,https://thanosvibs.money/api/supports
jubilee,jubilee1,Marvel Animation's X-Men '97,4★ Passive,Basic Damage Received from Villains,-45,-45%,Allies: Mutant,Basic Damage Received from Villains -45%,https://thanosvibs.money/api/supports
jubilee,jubilee1,Marvel Animation's X-Men '97,4★ Passive,Basic Damage Received from Heroes,-45,-45%,Allies: Mutant,Basic Damage Received from Heroes -45%,https://thanosvibs.money/api/supports
jubilee,jubilee1,Marvel Animation's X-Men '97,Uniform Effect,Ignore Non-Boss Damage Decrease,15,15%,Allies: Mutant,Ignore Non-Boss Damage Decrease 15%,https://thanosvibs.money/api/supports
kahhori,kahhori,Marvel Studios' What If...?,Tier-2 Passive,"Basic Damage Dealt to Enemies with ""Removes All Debuffs"" Effect",50,50%,Side: Hero,"Basic Damage Dealt to Enemies with ""Removes All Debuffs"" Effect 50%",https://thanosvibs.money/api/supports
kahhori,kahhori,Marvel Studios' What If...?,Tier-2 Passive,"Basic Damage Dealt to Enemies with ""Debuff Removal (Instinct)"" Effect",50,50%,Side: Hero,"Basic Damage Dealt to Enemies with ""Debuff Removal (Instinct)"" Effect 50%",https://thanosvibs.money/api/supports
kangtheconqueror,kang,Ant-Man and the Wasp: Quantumania,Leadership,All Basic Attacks,55,55%,Character: Kang,All Basic Attacks 55%,https://thanosvibs.money/api/supports
kangtheconqueror,kang,Ant-Man and the Wasp: Quantumania,Leadership,Remove All Debuffs,12,N/A,,When Debuffed | Cooldown 20s | Remove All Debuffs N/A 12,https://thanosvibs.money/api/supports
katy,katy,Marvel Studios' Shang-Chi,Leadership,Critical Rate,18,18%,,Critical Rate 18%,https://thanosvibs.money/api/supports
katy,katy,Marvel Studios' Shang-Chi,Leadership,All Basic Attacks,60,60%,Character: Shang-Chi,All Basic Attacks 60%,https://thanosvibs.money/api/supports
katy,katy,Marvel Studios' Shang-Chi,4★ Passive,Critical Damage,30,30%,,Critical Damage 30%,https://thanosvibs.money/api/supports
katy,katy,Marvel Studios' Shang-Chi,4★ Passive,Ignore Dodge,30,30%,,Ignore Dodge 30%,https://thanosvibs.money/api/supports
kidkaiju,kidkaiju,Monsters Unleashed!,Leadership,All Basic Attacks,20,20%,,All Basic Attacks 20%,https://thanosvibs.money/api/supports
kidkaiju,kidkaiju,Monsters Unleashed!,Leadership,All Basic Defenses,20,20%,,All Basic Defenses 20%,https://thanosvibs.money/api/supports
kidkaiju,kidkaiju,Monsters Unleashed!,Leadership,All Speeds,10,10%,,All Speeds 10%,https://thanosvibs.money/api/supports
kidkaiju,kidkaiju,Monsters Unleashed!,Artifact Exclusive Skill,Basic Damage Dealt to Villains,9,9%,Allies: Inhuman,3★ | Basic Damage Dealt to Villains 9% 0.2%,https://thanosvibs.money/api/supports
kidkaiju,kidkaiju,Monsters Unleashed!,Artifact Exclusive Skill,Basic Damage Dealt to Heroes,9,9%,Allies: Inhuman,3★ | Basic Damage Dealt to Heroes 9% 0.2%,https://thanosvibs.money/api/supports
kidkaiju,kidkaiju,Monsters Unleashed!,Artifact Exclusive Skill,Basic Damage Dealt to Villains,11,11%,Allies: Inhuman,4★ | Basic Damage Dealt to Villains 11% 0.3%,https://thanosvibs.money/api/supports
kidkaiju,kidkaiju,Monsters Unleashed!,Artifact Exclusive Skill,Basic Damage Dealt to Heroes,11,11%,Allies: Inhuman,4★ | Basic Damage Dealt to Heroes 11% 0.3%,https://thanosvibs.money/api/supports
kidkaiju,kidkaiju,Monsters Unleashed!,Artifact Exclusive Skill,Basic Damage Dealt to Villains,13,13%,Allies: Inhuman,5★ | Basic Damage Dealt to Villains 13% 0.4%,https://thanosvibs.money/api/supports
kidkaiju,kidkaiju,Monsters Unleashed!,Artifact Exclusive Skill,Basic Damage Dealt to Heroes,13,13%,Allies: Inhuman,5★ | Basic Damage Dealt to Heroes 13% 0.4%,https://thanosvibs.money/api/supports
kidkaiju,kidkaiju,Monsters Unleashed!,Artifact Exclusive Skill,Basic Damage Dealt to Villains,15,15%,Allies: Inhuman,6★ | Basic Damage Dealt to Villains 15% 0.5%,https://thanosvibs.money/api/supports
kidkaiju,kidkaiju,Monsters Unleashed!,Artifact Exclusive Skill,Basic Damage Dealt to Heroes,15,15%,Allies: Inhuman,6★ | Basic Damage Dealt to Heroes 15% 0.5%,https://thanosvibs.money/api/supports
kidomega,kidomega,Modern,Leadership,Mind Damage,40,40%,,Mind Damage 40%,https://thanosvibs.money/api/supports
kingpin,kingpin3,Marvel Television's Daredevil: Born Again,Leadership,Physical Attack,55,55%,Side: Villain,Physical Attack 55%,https://thanosvibs.money/api/supports
kingpin,kingpin3,Marvel Television's Daredevil: Born Again,Leadership,HP,30,30%,Side: Villain,HP 30%,https://thanosvibs.money/api/supports
kingpin,kingpin,Modern,Leadership,HP,30,30%,,HP 30%,https://thanosvibs.money/api/supports
kingpin,kingpin2,Winter Criminal,Leadership,Physical Attack,40,40%,Side: Villain,Physical Attack 40%,https://thanosvibs.money/api/supports
kingpin,kingpin2,Winter Criminal,Leadership,HP,30,30%,Side: Villain,HP 30%,https://thanosvibs.money/api/supports
kittypryde,kittypryde,Modern,Leadership,All Basic Attacks,55,55%,Allies: Mutant,All Basic Attacks 55%,https://thanosvibs.money/api/supports
kittypryde,kittypryde,Modern,Leadership,Critical Rate,6,6%,Allies: Mutant,Critical Rate 6%,https://thanosvibs.money/api/supports
kittypryde,kittypryde1,Red Queen,Leadership,All Basic Attacks,60,60%,Allies: Mutant,All Basic Attacks 60%,https://thanosvibs.money/api/supports
kittypryde,kittypryde1,Red Queen,Leadership,Critical Rate,6,6%,Allies: Mutant,Critical Rate 6%,https://thanosvibs.money/api/supports
knull,knull,Modern,Leadership,All Basic Attacks,60,60%,Ability: Symbiote,All Basic Attacks 60%,https://thanosvibs.money/api/supports
kraventhehunter,kraventhehunter1,Interdimensional Hunter,Uniform Effect,Basic Damage Dealt to Villains,35,35%,Ability: Sinister Six,Basic Damage Dealt to Villains 35%,https://thanosvibs.money/api/supports
kraventhehunter,kraventhehunter1,Interdimensional Hunter,Uniform Effect,Basic Damage Dealt to Heroes,35,35%,Ability: Sinister Six,Basic Damage Dealt to Heroes 35%,https://thanosvibs.money/api/supports
kraventhehunter,kraventhehunter1,Interdimensional Hunter,Uniform Effect,Skill Damage,30,30%,Ability: Sinister Six,Skill Damage 30%,https://thanosvibs.money/api/supports
kraventhehunter,kraventhehunter1,Interdimensional Hunter,Uniform Effect,Bonus Damage,30,30%,Ability: Sinister Six,Bonus Damage 30%,https://thanosvibs.money/api/supports
lash,lash,Marvel Studios' Agents of S.H.I.E.L.D.,Leadership,Energy Attack,30,30%,,Energy Attack 30%,https://thanosvibs.money/api/supports
leader,leader,Modern,Leadership,Energy Attack,50,50%,Side: Villain,Energy Attack 50%,https://thanosvibs.money/api/supports
leader,leader,Modern,4★ Passive,Basic Damage Dealt to Villains,25,25%,Side: Villain,Basic Damage Dealt to Villains 25%,https://thanosvibs.money/api/supports
leader,leader,Modern,4★ Passive,Basic Damage Dealt to Heroes,25,25%,Side: Villain,Basic Damage Dealt to Heroes 25%,https://thanosvibs.money/api/supports
lincolncampbell,lincolncampbell,Marvel Studios' Agents of S.H.I.E.L.D.,Leadership,Lightning Damage,60,60%,,Lightning Damage 60%,https://thanosvibs.money/api/supports
lizard,lizard,Classic,Leadership,Physical Attack,30,30%,,Physical Attack 30%,https://thanosvibs.money/api/supports
loki,loki8,Young Avengers,4★ Passive,Chain Hit Damage Received,-40,-40%,Ability: Young Avengers,Chain Hit Damage Received -40%,https://thanosvibs.money/api/supports
loki,loki8,Young Avengers,4★ Passive,Basic Damage Dealt to Villains,40,40%,Ability: Young Avengers,Basic Damage Dealt to Villains 40%,https://thanosvibs.money/api/supports
lukecage,lukecage3,Uptown Suit,Leadership,Physical Immunity Chance,100,100%,Ability: Defenders,When Debuffed | Cooldown 20s | Physical Immunity Chance 100% 6,https://thanosvibs.money/api/supports
lukecage,lukecage3,Uptown Suit,Leadership,Remove All Debuffs,12,N/A,Ability: Defenders,When Debuffed | Cooldown 20s | Remove All Debuffs N/A 12,https://thanosvibs.money/api/supports
lukecage,lukecage3,Uptown Suit,Uniform Effect,Ignore Dodge,35,35%,Ability: Defenders,Ignore Dodge 35%,https://thanosvibs.money/api/supports
modok,modok3,Ant-Man and the Wasp: Quantumania,Leadership,Energy Attack,45,45%,,Energy Attack 45%,https://thanosvibs.money/api/supports
modok,modok,Classic,Leadership,Energy Attack,30,30%,,Energy Attack 30%,https://thanosvibs.money/api/supports
mbaku,mbaku1,Black Panther: Wakanda Forever,Leadership,Physical Attack,30,30%,,Physical Attack 30%,https://thanosvibs.money/api/supports
mbaku,mbaku1,Black Panther: Wakanda Forever,Tier-2 Passive,Basic Damage Dealt to Villains,45,45%,,Basic Damage Dealt to Villains 45%,https://thanosvibs.money/api/supports
mbaku,mbaku1,Black Panther: Wakanda Forever,Tier-2 Passive,Basic Damage Received from Villains,35,35%,,Basic Damage Received from Villains 35%,https://thanosvibs.money/api/supports
madelynepryor,madelynepryor,Modern,Leadership,Remove All Debuffs,12,N/A,,When Debuffed | Cooldown 20s | Remove All Debuffs N/A 12,https://thanosvibs.money/api/supports
magik,magik2,Krakoan Winter,Leadership,All Basic Attacks,40,40%,Allies: Mutant,All Basic Attacks 40%,https://thanosvibs.money/api/supports
magneto,magneto,Classic,Leadership,All Basic Attacks,45,45%,Allies: Mutant,All Basic Attacks 45%,https://thanosvibs.money/api/supports
magneto,magneto3,Krakoan Winter,Leadership,All Basic Attacks,50,50%,Allies: Mutant,All Basic Attacks 50%,https://thanosvibs.money/api/supports
malekith,malekith,Thor: The Dark World,Leadership,Energy Defense,30,30%,,When Debuffed | Cooldown 40s | Energy Defense 30% 20,https://thanosvibs.money/api/supports
malekith,malekith,Thor: The Dark World,Leadership,Remove All Debuffs,20,N/A,,When Debuffed | Cooldown 40s | Remove All Debuffs N/A 20,https://thanosvibs.money/api/supports
malekith,malekith2,War of the Realms,Leadership,Energy Defense,30,30%,,When Debuffed | Cooldown 35s | Energy Defense 30% 20,https://thanosvibs.money/api/supports
malekith,malekith2,War of the Realms,Leadership,Remove All Debuffs,20,N/A,,When Debuffed | Cooldown 35s | Remove All Debuffs N/A 20,https://thanosvibs.money/api/supports
manthing,manthing,Modern,Leadership,Debuff Duration,-30,-30%,,Debuff Duration -30%,https://thanosvibs.money/api/supports
manthing,manthing,Modern,Leadership,HP,30,30%,,HP 30%,https://thanosvibs.money/api/supports
mantis,mantis,Guardians of the Galaxy 2,Tier-2 Passive,Critical Damage,20,20%,,Critical Damage 20%,https://thanosvibs.money/api/supports
mantis,mantis,Guardians of the Galaxy 2,Tier-2 Passive,Ignore Defense,15,15%,,Ignore Defense 15%,https://thanosvibs.money/api/supports
mantis,mantis1,Marvel Studios' Guardians of the Galaxy 3,Tier-2 Passive,Basic Damage Received from Villains,-30,-30%,,Basic Damage Received from Villains -30%,https://thanosvibs.money/api/supports
mantis,mantis1,Marvel Studios' Guardians of the Galaxy 3,Tier-2 Passive,Basic Damage Received from Heroes,-30,-30%,,Basic Damage Received from Heroes -30%,https://thanosvibs.money/api/supports
marvelboy,marvelboy,Young Avengers,Leadership,All Basic Attacks,60,60%,Ability: Young Avengers,All Basic Attacks 60%,https://thanosvibs.money/api/supports
marvelboy,marvelboy,Young Avengers,4★ Passive,Remove All Debuffs,12,N/A,Ability: Young Avengers,When Debuffed | Cooldown 20s | Remove All Debuffs N/A 12,https://thanosvibs.money/api/supports
marvelboy,marvelboy,Young Avengers,Artifact Exclusive Skill,Basic Damage Dealt to Villains,10,10%,Ability: Young Avengers,3★ | Basic Damage Dealt to Villains 10% 0.2%,https://thanosvibs.money/api/supports
marvelboy,marvelboy,Young Avengers,Artifact Exclusive Skill,Basic Damage Received from Villains,10,10%,Ability: Young Avengers,3★ | Basic Damage Received from Villains 10% 0.2%,https://thanosvibs.money/api/supports
marvelboy,marvelboy,Young Avengers,Artifact Exclusive Skill,Basic Damage Dealt to Villains,13,13%,Ability: Young Avengers,4★ | Basic Damage Dealt to Villains 13% 0.3%,https://thanosvibs.money/api/supports
marvelboy,marvelboy,Young Avengers,Artifact Exclusive Skill,Basic Damage Received from Villains,13,13%,Ability: Young Avengers,4★ | Basic Damage Received from Villains 13% 0.3%,https://thanosvibs.money/api/supports
marvelboy,marvelboy,Young Avengers,Artifact Exclusive Skill,Basic Damage Dealt to Villains,16,16%,Ability: Young Avengers,5★ | Basic Damage Dealt to Villains 16% 0.4%,https://thanosvibs.money/api/supports
marvelboy,marvelboy,Young Avengers,Artifact Exclusive Skill,Basic Damage Received from Villains,16,16%,Ability: Young Avengers,5★ | Basic Damage Received from Villains 16% 0.4%,https://thanosvibs.money/api/supports
marvelboy,marvelboy,Young Avengers,Artifact Exclusive Skill,Basic Damage Dealt to Villains,20,20%,Ability: Young Avengers,6★ | Basic Damage Dealt to Villains 20% 0.5%,https://thanosvibs.money/api/supports
marvelboy,marvelboy,Young Avengers,Artifact Exclusive Skill,Basic Damage Received from Villains,20,20%,Ability: Young Avengers,6★ | Basic Damage Received from Villains 20% 0.5%,https://thanosvibs.money/api/supports
medusa,medusa,"All-New, All-Different",Leadership,All Basic Attacks,36,36%,Type: Universal,All Basic Attacks 36%,https://thanosvibs.money/api/supports
medusa,medusa,"All-New, All-Different",Artifact Exclusive Skill,Ignore Dodge,5,5%,,3★ | Ignore Dodge 5% 0.2%,https://thanosvibs.money/api/supports
medusa,medusa,"All-New, All-Different",Artifact Exclusive Skill,Basic Damage Dealt to Boss Types,5,5%,,3★ | Basic Damage Dealt to Boss Types 5% 0.1%,https://thanosvibs.money/api/supports
medusa,medusa,"All-New, All-Different",Artifact Exclusive Skill,Ignore Dodge,8,8%,,4★ | Ignore Dodge 8% 0.3%,https://thanosvibs.money/api/supports
medusa,medusa,"All-New, All-Different",Artifact Exclusive Skill,Basic Damage Dealt to Boss Types,8,8%,,4★ | Basic Damage Dealt to Boss Types 8% 0.15%,https://thanosvibs.money/api/supports
medusa,medusa,"All-New, All-Different",Artifact Exclusive Skill,Ignore Dodge,11,11%,,5★ | Ignore Dodge 11% 0.4%,https://thanosvibs.money/api/supports
medusa,medusa,"All-New, All-Different",Artifact Exclusive Skill,Basic Damage Dealt to Boss Types,11,11%,,5★ | Basic Damage Dealt to Boss Types 11% 0.2%,https://thanosvibs.money/api/supports
medusa,medusa,"All-New, All-Different",Artifact Exclusive Skill,Ignore Dodge,15,15%,,6★ | Ignore Dodge 15% 0.5%,https://thanosvibs.money/api/supports
medusa,medusa,"All-New, All-Different",Artifact Exclusive Skill,Basic Damage Dealt to Boss Types,15,15%,,6★ | Basic Damage Dealt to Boss Types 15% 0.25%,https://thanosvibs.money/api/supports
medusa,medusa3,Ancient Curse,Leadership,All Basic Attacks,45,45%,Type: Universal,All Basic Attacks 45%,https://thanosvibs.money/api/supports
medusa,medusa3,Ancient Curse,4★ Passive,All Basic Attacks,40,40%,Allies: Inhuman,All Basic Attacks 40%,https://thanosvibs.money/api/supports
medusa,medusa3,Ancient Curse,Uniform Effect,Basic Damage Dealt to Villains,45,45%,Side: Hero,Basic Damage Dealt to Villains 45%,https://thanosvibs.money/api/supports
medusa,medusa3,Ancient Curse,Artifact Exclusive Skill,Ignore Dodge,5,5%,,3★ | Ignore Dodge 5% 0.2%,https://thanosvibs.money/api/supports
medusa,medusa3,Ancient Curse,Artifact Exclusive Skill,Basic Damage Dealt to Boss Types,5,5%,,3★ | Basic Damage Dealt to Boss Types 5% 0.1%,https://thanosvibs.money/api/supports
medusa,medusa3,Ancient Curse,Artifact Exclusive Skill,Ignore Dodge,8,8%,,4★ | Ignore Dodge 8% 0.3%,https://thanosvibs.money/api/supports
medusa,medusa3,Ancient Curse,Artifact Exclusive Skill,Basic Damage Dealt to Boss Types,8,8%,,4★ | Basic Damage Dealt to Boss Types 8% 0.15%,https://thanosvibs.money/api/supports
medusa,medusa3,Ancient Curse,Artifact Exclusive Skill,Ignore Dodge,11,11%,,5★ | Ignore Dodge 11% 0.4%,https://thanosvibs.money/api/supports
medusa,medusa3,Ancient Curse,Artifact Exclusive Skill,Basic Damage Dealt to Boss Types,11,11%,,5★ | Basic Damage Dealt to Boss Types 11% 0.2%,https://thanosvibs.money/api/supports
medusa,medusa3,Ancient Curse,Artifact Exclusive Skill,Ignore Dodge,15,15%,,6★ | Ignore Dodge 15% 0.5%,https://thanosvibs.money/api/supports
medusa,medusa3,Ancient Curse,Artifact Exclusive Skill,Basic Damage Dealt to Boss Types,15,15%,,6★ | Basic Damage Dealt to Boss Types 15% 0.25%,https://thanosvibs.money/api/supports
medusa,medusa2,Inhumans vs X-Men,Leadership,All Basic Attacks,45,45%,Type: Universal,All Basic Attacks 45%,https://thanosvibs.money/api/supports
medusa,medusa2,Inhumans vs X-Men,4★ Passive,Basic Damage Dealt to Villains,45,45%,Allies: Inhuman,Basic Damage Dealt to Villains 45%,https://thanosvibs.money/api/supports
medusa,medusa2,Inhumans vs X-Men,Artifact Exclusive Skill,Ignore Dodge,5,5%,,3★ | Ignore Dodge 5% 0.2%,https://thanosvibs.money/api/supports
medusa,medusa2,Inhumans vs X-Men,Artifact Exclusive Skill,Basic Damage Dealt to Boss Types,5,5%,,3★ | Basic Damage Dealt to Boss Types 5% 0.1%,https://thanosvibs.money/api/supports
medusa,medusa2,Inhumans vs X-Men,Artifact Exclusive Skill,Ignore Dodge,8,8%,,4★ | Ignore Dodge 8% 0.3%,https://thanosvibs.money/api/supports
medusa,medusa2,Inhumans vs X-Men,Artifact Exclusive Skill,Basic Damage Dealt to Boss Types,8,8%,,4★ | Basic Damage Dealt to Boss Types 8% 0.15%,https://thanosvibs.money/api/supports
medusa,medusa2,Inhumans vs X-Men,Artifact Exclusive Skill,Ignore Dodge,11,11%,,5★ | Ignore Dodge 11% 0.4%,https://thanosvibs.money/api/supports
medusa,medusa2,Inhumans vs X-Men,Artifact Exclusive Skill,Basic Damage Dealt to Boss Types,11,11%,,5★ | Basic Damage Dealt to Boss Types 11% 0.2%,https://thanosvibs.money/api/supports
medusa,medusa2,Inhumans vs X-Men,Artifact Exclusive Skill,Ignore Dodge,15,15%,,6★ | Ignore Dodge 15% 0.5%,https://thanosvibs.money/api/supports
medusa,medusa2,Inhumans vs X-Men,Artifact Exclusive Skill,Basic Damage Dealt to Boss Types,15,15%,,6★ | Basic Damage Dealt to Boss Types 15% 0.25%,https://thanosvibs.money/api/supports
medusa,medusa1,Monsters Unleashed! (MFF Variant),Leadership,All Basic Attacks,42,42%,Type: Universal,All Basic Attacks 42%,https://thanosvibs.money/api/supports
medusa,medusa1,Monsters Unleashed! (MFF Variant),Artifact Exclusive Skill,Ignore Dodge,5,5%,,3★ | Ignore Dodge 5% 0.2%,https://thanosvibs.money/api/supports
medusa,medusa1,Monsters Unleashed! (MFF Variant),Artifact Exclusive Skill,Basic Damage Dealt to Boss Types,5,5%,,3★ | Basic Damage Dealt to Boss Types 5% 0.1%,https://thanosvibs.money/api/supports
medusa,medusa1,Monsters Unleashed! (MFF Variant),Artifact Exclusive Skill,Ignore Dodge,8,8%,,4★ | Ignore Dodge 8% 0.3%,https://thanosvibs.money/api/supports
medusa,medusa1,Monsters Unleashed! (MFF Variant),Artifact Exclusive Skill,Basic Damage Dealt to Boss Types,8,8%,,4★ | Basic Damage Dealt to Boss Types 8% 0.15%,https://thanosvibs.money/api/supports
medusa,medusa1,Monsters Unleashed! (MFF Variant),Artifact Exclusive Skill,Ignore Dodge,11,11%,,5★ | Ignore Dodge 11% 0.4%,https://thanosvibs.money/api/supports
medusa,medusa1,Monsters Unleashed! (MFF Variant),Artifact Exclusive Skill,Basic Damage Dealt to Boss Types,11,11%,,5★ | Basic Damage Dealt to Boss Types 11% 0.2%,https://thanosvibs.money/api/supports
medusa,medusa1,Monsters Unleashed! (MFF Variant),Artifact Exclusive Skill,Ignore Dodge,15,15%,,6★ | Ignore Dodge 15% 0.5%,https://thanosvibs.money/api/supports
medusa,medusa1,Monsters Unleashed! (MFF Variant),Artifact Exclusive Skill,Basic Damage Dealt to Boss Types,15,15%,,6★ | Basic Damage Dealt to Boss Types 15% 0.25%,https://thanosvibs.money/api/supports
mephisto,mephisto,Modern,Leadership,Fire Damage,30,30%,Side: Villain,Fire Damage 30%,https://thanosvibs.money/api/supports
mephisto,mephisto,Modern,Leadership,Remove All Debuffs,12,N/A,Side: Villain,When Debuffed | Cooldown 20s | Remove All Debuffs N/A 12,https://thanosvibs.money/api/supports
misterfantastic,misterfantastic,Modern,Leadership,All Basic Attacks,65,65%,Ability: Fantastic Four,All Basic Attacks 65%,https://thanosvibs.money/api/supports
mistyknight,mistyknight,"All-New, All-Different",Leadership,Cold Damage,60,60%,,Cold Damage 60%,https://thanosvibs.money/api/supports
moleculeman,moleculeman,Modern,Leadership,Ignores Damage Increase/Decrease Effect Between Self and Opposing Faction,,,,Ignores Damage Increase/Decrease Effect Between Self and Opposing Faction N/A,https://thanosvibs.money/api/supports
moleculeman,moleculeman,Modern,Leadership,Chain Hit Damage Received,-15,-15%,,Chain Hit Damage Received -15%,https://thanosvibs.money/api/supports
moleculeman,moleculeman,Modern,Leadership,Remove All Debuffs,6,N/A,,When Debuffed | Cooldown 10s | Remove All Debuffs N/A 6,https://thanosvibs.money/api/supports
moongirl,moongirl,Marvel NOW!,Leadership,All Basic Attacks,36,36%,,All Basic Attacks 36%,https://thanosvibs.money/api/supports
morbius,morbius,Modern,Leadership,HP,30,30%,,HP 30%,https://thanosvibs.money/api/supports
morganlefay,morganlefay1,Fallen Soul,Uniform Effect,All Basic Attacks,35,35%,Type: Universal,All Basic Attacks 35%,https://thanosvibs.money/api/supports
morganlefay,morganlefay1,Fallen Soul,Uniform Effect,Basic Damage Dealt to Boss Types,35,35%,Type: Universal,Basic Damage Dealt to Boss Types 35%,https://thanosvibs.money/api/supports
morganlefay,morganlefay1,Fallen Soul,Uniform Effect,Remove All Debuffs,10,N/A,Type: Universal,When Debuffed | Cooldown 18s | Remove All Debuffs N/A 10,https://thanosvibs.money/api/supports
morph,morph,Marvel Animation's X-Men '97,Tier-2 Passive,Basic Damage Dealt to Males,40,40%,,Basic Damage Dealt to Males 40%,https://thanosvibs.money/api/supports
morph,morph,Marvel Animation's X-Men '97,Tier-2 Passive,Basic Damage Dealt to Females,40,40%,,Basic Damage Dealt to Females 40%,https://thanosvibs.money/api/supports
mysterio,mysterio2,Summer Mystery,Uniform Effect,All Basic Attacks,30,30%,Side: Villain,All Basic Attacks 30%,https://thanosvibs.money/api/supports
mysterio,mysterio2,Summer Mystery,Uniform Effect,Basic Damage Dealt to Boss Types,40,40%,Side: Villain,Basic Damage Dealt to Boss Types 40%,https://thanosvibs.money/api/supports
mystique,mystique1,Hellfire Gala,Tier-2 Passive,Basic Damage Dealt to Villains,45,45%,,Basic Damage Dealt to Villains 45%,https://thanosvibs.money/api/supports
mystique,mystique1,Hellfire Gala,Tier-2 Passive,Basic Damage Dealt to Heroes,50,50%,,Basic Damage Dealt to Heroes 50%,https://thanosvibs.money/api/supports
mystique,mystique,Modern,Tier-2 Passive,Basic Damage Dealt to Villains,40,40%,,Basic Damage Dealt to Villains 40%,https://thanosvibs.money/api/supports
mystique,mystique,Modern,Tier-2 Passive,Basic Damage Dealt to Heroes,45,45%,,Basic Damage Dealt to Heroes 45%,https://thanosvibs.money/api/supports
nickfury,nickfury2,Marvel Studios' Captain Marvel,Leadership,All Basic Attacks,50,50%,Side: Hero,All Basic Attacks 50%,https://thanosvibs.money/api/supports
nickfury,nickfury2,Marvel Studios' Captain Marvel,Tier-2 Passive,"Super Armor, All Basic Defenses",30,30%,Side: Hero,"Super Armor, All Basic Defenses 30%",https://thanosvibs.money/api/supports
nickfury,nickfury2,Marvel Studios' Captain Marvel,Tier-2 Passive,Basic Damage Dealt to Villains,55,55%,Side: Hero,Basic Damage Dealt to Villains 55%,https://thanosvibs.money/api/supports
nickfury,nickfury2,Marvel Studios' Captain Marvel,Artifact Exclusive Skill,Ignore Dodge,4,4%,Side: Hero,3★ | Ignore Dodge 4% 0.2%,https://thanosvibs.money/api/supports
nickfury,nickfury2,Marvel Studios' Captain Marvel,Artifact Exclusive Skill,Basic Damage Dealt to Boss Types,5,5%,Side: Hero,3★ | Basic Damage Dealt to Boss Types 5% 0.1%,https://thanosvibs.money/api/supports
nickfury,nickfury2,Marvel Studios' Captain Marvel,Artifact Exclusive Skill,Ignore Dodge,6,6%,Side: Hero,4★ | Ignore Dodge 6% 0.3%,https://thanosvibs.money/api/supports
nickfury,nickfury2,Marvel Studios' Captain Marvel,Artifact Exclusive Skill,Basic Damage Dealt to Boss Types,8,8%,Side: Hero,4★ | Basic Damage Dealt to Boss Types 8% 0.15%,https://thanosvibs.money/api/supports
nickfury,nickfury2,Marvel Studios' Captain Marvel,Artifact Exclusive Skill,Ignore Dodge,8,8%,Side: Hero,5★ | Ignore Dodge 8% 0.4%,https://thanosvibs.money/api/supports
nickfury,nickfury2,Marvel Studios' Captain Marvel,Artifact Exclusive Skill,Basic Damage Dealt to Boss Types,11,11%,Side: Hero,5★ | Basic Damage Dealt to Boss Types 11% 0.2%,https://thanosvibs.money/api/supports
nickfury,nickfury2,Marvel Studios' Captain Marvel,Artifact Exclusive Skill,Ignore Dodge,10,10%,Side: Hero,6★ | Ignore Dodge 10% 0.5%,https://thanosvibs.money/api/supports
nickfury,nickfury2,Marvel Studios' Captain Marvel,Artifact Exclusive Skill,Basic Damage Dealt to Boss Types,15,15%,Side: Hero,6★ | Basic Damage Dealt to Boss Types 15% 0.25%,https://thanosvibs.money/api/supports
nickfury,nickfury3,Marvel Studios' The Marvels,Leadership,All Basic Attacks,60,60%,Side: Hero,All Basic Attacks 60%,https://thanosvibs.money/api/supports
nickfury,nickfury3,Marvel Studios' The Marvels,Tier-2 Passive,"Super Armor, All Basic Defenses",30,30%,Side: Hero,"Super Armor, All Basic Defenses 30%",https://thanosvibs.money/api/supports
nickfury,nickfury3,Marvel Studios' The Marvels,Tier-2 Passive,Incapacitation Immunity,,,Side: Hero,Incapacitation Immunity N/A,https://thanosvibs.money/api/supports
nickfury,nickfury3,Marvel Studios' The Marvels,Tier-2 Passive,Basic Damage Dealt to Villains,55,55%,Side: Hero,Basic Damage Dealt to Villains 55%,https://thanosvibs.money/api/supports
nickfury,nickfury3,Marvel Studios' The Marvels,Artifact Exclusive Skill,Ignore Dodge,4,4%,Side: Hero,3★ | Ignore Dodge 4% 0.2%,https://thanosvibs.money/api/supports
nickfury,nickfury3,Marvel Studios' The Marvels,Artifact Exclusive Skill,Basic Damage Dealt to Boss Types,5,5%,Side: Hero,3★ | Basic Damage Dealt to Boss Types 5% 0.1%,https://thanosvibs.money/api/supports
nickfury,nickfury3,Marvel Studios' The Marvels,Artifact Exclusive Skill,Ignore Dodge,6,6%,Side: Hero,4★ | Ignore Dodge 6% 0.3%,https://thanosvibs.money/api/supports
nickfury,nickfury3,Marvel Studios' The Marvels,Artifact Exclusive Skill,Basic Damage Dealt to Boss Types,8,8%,Side: Hero,4★ | Basic Damage Dealt to Boss Types 8% 0.15%,https://thanosvibs.money/api/supports
nickfury,nickfury3,Marvel Studios' The Marvels,Artifact Exclusive Skill,Ignore Dodge,8,8%,Side: Hero,5★ | Ignore Dodge 8% 0.4%,https://thanosvibs.money/api/supports
nickfury,nickfury3,Marvel Studios' The Marvels,Artifact Exclusive Skill,Basic Damage Dealt to Boss Types,11,11%,Side: Hero,5★ | Basic Damage Dealt to Boss Types 11% 0.2%,https://thanosvibs.money/api/supports
nickfury,nickfury3,Marvel Studios' The Marvels,Artifact Exclusive Skill,Ignore Dodge,10,10%,Side: Hero,6★ | Ignore Dodge 10% 0.5%,https://thanosvibs.money/api/supports
nickfury,nickfury3,Marvel Studios' The Marvels,Artifact Exclusive Skill,Basic Damage Dealt to Boss Types,15,15%,Side: Hero,6★ | Basic Damage Dealt to Boss Types 15% 0.25%,https://thanosvibs.money/api/supports
nickfury,nickfury1,Modern,Leadership,All Basic Attacks,50,50%,Side: Hero,All Basic Attacks 50%,https://thanosvibs.money/api/supports
nickfury,nickfury1,Modern,Tier-2 Passive,"Super Armor, All Basic Defenses",30,30%,Side: Hero,"Super Armor, All Basic Defenses 30%",https://thanosvibs.money/api/supports
nickfury,nickfury1,Modern,Tier-2 Passive,Basic Damage Dealt to Villains,50,50%,Side: Hero,Basic Damage Dealt to Villains 50%,https://thanosvibs.money/api/supports
nickfury,nickfury1,Modern,Artifact Exclusive Skill,Ignore Dodge,4,4%,Side: Hero,3★ | Ignore Dodge 4% 0.2%,https://thanosvibs.money/api/supports
nickfury,nickfury1,Modern,Artifact Exclusive Skill,Basic Damage Dealt to Boss Types,5,5%,Side: Hero,3★ | Basic Damage Dealt to Boss Types 5% 0.1%,https://thanosvibs.money/api/supports
nickfury,nickfury1,Modern,Artifact Exclusive Skill,Ignore Dodge,6,6%,Side: Hero,4★ | Ignore Dodge 6% 0.3%,https://thanosvibs.money/api/supports
nickfury,nickfury1,Modern,Artifact Exclusive Skill,Basic Damage Dealt to Boss Types,8,8%,Side: Hero,4★ | Basic Damage Dealt to Boss Types 8% 0.15%,https://thanosvibs.money/api/supports
nickfury,nickfury1,Modern,Artifact Exclusive Skill,Ignore Dodge,8,8%,Side: Hero,5★ | Ignore Dodge 8% 0.4%,https://thanosvibs.money/api/supports
nickfury,nickfury1,Modern,Artifact Exclusive Skill,Basic Damage Dealt to Boss Types,11,11%,Side: Hero,5★ | Basic Damage Dealt to Boss Types 11% 0.2%,https://thanosvibs.money/api/supports
nickfury,nickfury1,Modern,Artifact Exclusive Skill,Ignore Dodge,10,10%,Side: Hero,6★ | Ignore Dodge 10% 0.5%,https://thanosvibs.money/api/supports
nickfury,nickfury1,Modern,Artifact Exclusive Skill,Basic Damage Dealt to Boss Types,15,15%,Side: Hero,6★ | Basic Damage Dealt to Boss Types 15% 0.25%,https://thanosvibs.money/api/supports
nickfury,nickfury4,Secret Avengers,Leadership,All Basic Attacks,60,60%,Side: Hero,All Basic Attacks 60%,https://thanosvibs.money/api/supports
nickfury,nickfury4,Secret Avengers,Tier-2 Passive,"Super Armor, All Basic Defenses",30,30%,Side: Hero,"Super Armor, All Basic Defenses 30%",https://thanosvibs.money/api/supports
nickfury,nickfury4,Secret Avengers,Tier-2 Passive,Incapacitation Immunity,,,Side: Hero,Incapacitation Immunity N/A,https://thanosvibs.money/api/supports
nickfury,nickfury4,Secret Avengers,Tier-2 Passive,Basic Damage Dealt to Villains,60,60%,Side: Hero,Basic Damage Dealt to Villains 60%,https://thanosvibs.money/api/supports
nickfury,nickfury4,Secret Avengers,Artifact Exclusive Skill,Ignore Dodge,4,4%,Side: Hero,3★ | Ignore Dodge 4% 0.2%,https://thanosvibs.money/api/supports
nickfury,nickfury4,Secret Avengers,Artifact Exclusive Skill,Basic Damage Dealt to Boss Types,5,5%,Side: Hero,3★ | Basic Damage Dealt to Boss Types 5% 0.1%,https://thanosvibs.money/api/supports
nickfury,nickfury4,Secret Avengers,Artifact Exclusive Skill,Ignore Dodge,6,6%,Side: Hero,4★ | Ignore Dodge 6% 0.3%,https://thanosvibs.money/api/supports
nickfury,nickfury4,Secret Avengers,Artifact Exclusive Skill,Basic Damage Dealt to Boss Types,8,8%,Side: Hero,4★ | Basic Damage Dealt to Boss Types 8% 0.15%,https://thanosvibs.money/api/supports
nickfury,nickfury4,Secret Avengers,Artifact Exclusive Skill,Ignore Dodge,8,8%,Side: Hero,5★ | Ignore Dodge 8% 0.4%,https://thanosvibs.money/api/supports
nickfury,nickfury4,Secret Avengers,Artifact Exclusive Skill,Basic Damage Dealt to Boss Types,11,11%,Side: Hero,5★ | Basic Damage Dealt to Boss Types 11% 0.2%,https://thanosvibs.money/api/supports
nickfury,nickfury4,Secret Avengers,Artifact Exclusive Skill,Ignore Dodge,10,10%,Side: Hero,6★ | Ignore Dodge 10% 0.5%,https://thanosvibs.money/api/supports
nickfury,nickfury4,Secret Avengers,Artifact Exclusive Skill,Basic Damage Dealt to Boss Types,15,15%,Side: Hero,6★ | Basic Damage Dealt to Boss Types 15% 0.25%,https://thanosvibs.money/api/supports
novarichardrider,nova1,Marvel Cosmic Invasion,Leadership,Energy Attack,30,30%,Side: Hero,Energy Attack 30%,https://thanosvibs.money/api/supports
novarichardrider,nova1,Marvel Cosmic Invasion,4★ Passive,Ignore Dodge,40,40%,Side: Hero,Ignore Dodge 40%,https://thanosvibs.money/api/supports
novarichardrider,nova1,Marvel Cosmic Invasion,4★ Passive,Basic Damage Dealt to Villains,50,50%,Side: Hero,Basic Damage Dealt to Villains 50%,https://thanosvibs.money/api/supports
novarichardrider,nova1,Marvel Cosmic Invasion,Artifact Exclusive Skill,Basic Damage Dealt to Villains,6,6%,,3★ | Basic Damage Dealt to Villains 6% 0.2%,https://thanosvibs.money/api/supports
novarichardrider,nova1,Marvel Cosmic Invasion,Artifact Exclusive Skill,Basic Damage Dealt to Heroes,6,6%,,3★ | Basic Damage Dealt to Heroes 6% 0.2%,https://thanosvibs.money/api/supports
novarichardrider,nova1,Marvel Cosmic Invasion,Artifact Exclusive Skill,Basic Damage Dealt to Villains,9,9%,,4★ | Basic Damage Dealt to Villains 9% 0.3%,https://thanosvibs.money/api/supports
novarichardrider,nova1,Marvel Cosmic Invasion,Artifact Exclusive Skill,Basic Damage Dealt to Heroes,9,9%,,4★ | Basic Damage Dealt to Heroes 9% 0.3%,https://thanosvibs.money/api/supports
novarichardrider,nova1,Marvel Cosmic Invasion,Artifact Exclusive Skill,Basic Damage Dealt to Villains,12,12%,,5★ | Basic Damage Dealt to Villains 12% 0.4%,https://thanosvibs.money/api/supports
novarichardrider,nova1,Marvel Cosmic Invasion,Artifact Exclusive Skill,Basic Damage Dealt to Heroes,12,12%,,5★ | Basic Damage Dealt to Heroes 12% 0.4%,https://thanosvibs.money/api/supports
novarichardrider,nova1,Marvel Cosmic Invasion,Artifact Exclusive Skill,Basic Damage Dealt to Villains,15,15%,,6★ | Basic Damage Dealt to Villains 15% 0.5%,https://thanosvibs.money/api/supports
novarichardrider,nova1,Marvel Cosmic Invasion,Artifact Exclusive Skill,Basic Damage Dealt to Heroes,15,15%,,6★ | Basic Damage Dealt to Heroes 15% 0.5%,https://thanosvibs.money/api/supports
novarichardrider,nova,Modern,Leadership,Energy Attack,30,30%,Side: Hero,Energy Attack 30%,https://thanosvibs.money/api/supports
novarichardrider,nova,Modern,4★ Passive,Ignore Dodge,25,25%,Side: Hero,Ignore Dodge 25%,https://thanosvibs.money/api/supports
novarichardrider,nova,Modern,4★ Passive,Basic Damage Dealt to Villains,40,40%,Side: Hero,Basic Damage Dealt to Villains 40%,https://thanosvibs.money/api/supports
novarichardrider,nova,Modern,Artifact Exclusive Skill,Basic Damage Dealt to Villains,6,6%,,3★ | Basic Damage Dealt to Villains 6% 0.2%,https://thanosvibs.money/api/supports
novarichardrider,nova,Modern,Artifact Exclusive Skill,Basic Damage Dealt to Heroes,6,6%,,3★ | Basic Damage Dealt to Heroes 6% 0.2%,https://thanosvibs.money/api/supports
novarichardrider,nova,Modern,Artifact Exclusive Skill,Basic Damage Dealt to Villains,9,9%,,4★ | Basic Damage Dealt to Villains 9% 0.3%,https://thanosvibs.money/api/supports
novarichardrider,nova,Modern,Artifact Exclusive Skill,Basic Damage Dealt to Heroes,9,9%,,4★ | Basic Damage Dealt to Heroes 9% 0.3%,https://thanosvibs.money/api/supports
novarichardrider,nova,Modern,Artifact Exclusive Skill,Basic Damage Dealt to Villains,12,12%,,5★ | Basic Damage Dealt to Villains 12% 0.4%,https://thanosvibs.money/api/supports
novarichardrider,nova,Modern,Artifact Exclusive Skill,Basic Damage Dealt to Heroes,12,12%,,5★ | Basic Damage Dealt to Heroes 12% 0.4%,https://thanosvibs.money/api/supports
novarichardrider,nova,Modern,Artifact Exclusive Skill,Basic Damage Dealt to Villains,15,15%,,6★ | Basic Damage Dealt to Villains 15% 0.5%,https://thanosvibs.money/api/supports
novarichardrider,nova,Modern,Artifact Exclusive Skill,Basic Damage Dealt to Heroes,15,15%,,6★ | Basic Damage Dealt to Heroes 15% 0.5%,https://thanosvibs.money/api/supports
odin,odin1,All-Father,Leadership,Remove All Debuffs,12,N/A,,When Debuffed | Cooldown 20s | Remove All Debuffs N/A 12,https://thanosvibs.money/api/supports
odin,odin1,All-Father,Leadership,All Resistances,30,30%,,When Debuffed | Cooldown 20s | All Resistances 30% 12,https://thanosvibs.money/api/supports
odin,odin2,"Avengers 1,000,000 BC",Leadership,Lightning Damage,50,50%,,Lightning Damage 50%,https://thanosvibs.money/api/supports
odin,odin2,"Avengers 1,000,000 BC",Leadership,Remove All Debuffs,12,N/A,,When Debuffed | Cooldown 20s | Remove All Debuffs N/A 12,https://thanosvibs.money/api/supports
odin,odin,Modern,Leadership,Remove All Debuffs,12,N/A,,When Debuffed | Cooldown 25s | Remove All Debuffs N/A 12,https://thanosvibs.money/api/supports
odin,odin,Modern,Leadership,All Resistances,30,30%,,When Debuffed | Cooldown 25s | All Resistances 30% 12,https://thanosvibs.money/api/supports
philcoulson,philcoulson1,A.O.S. Season 3,Tier-2 Passive,Guaranteed Critical Rate,20,20%,Side: Hero,Guaranteed Critical Rate 20%,https://thanosvibs.money/api/supports
philcoulson,philcoulson1,A.O.S. Season 3,Tier-2 Passive,Basic Damage Dealt to Villains,45,45%,Side: Hero,Basic Damage Dealt to Villains 45%,https://thanosvibs.money/api/supports
philcoulson,philcoulson1,A.O.S. Season 3,Tier-2 Passive,Basic Damage Received from Villains,15,15%,Side: Hero,Basic Damage Received from Villains 15%,https://thanosvibs.money/api/supports
philcoulson,philcoulson1,A.O.S. Season 3,Uniform Effect,All Basic Defenses,10,10%,,All Basic Defenses 10%,https://thanosvibs.money/api/supports
philcoulson,philcoulson1,A.O.S. Season 3,Artifact Exclusive Skill,Ignore Dodge,9,9%,Side: Hero,3★ | Ignore Dodge 9% 0.2%,https://thanosvibs.money/api/supports
philcoulson,philcoulson1,A.O.S. Season 3,Artifact Exclusive Skill,Basic Damage Dealt to Boss Types,5,5%,Side: Hero,3★ | Basic Damage Dealt to Boss Types 5% 0.1%,https://thanosvibs.money/api/supports
philcoulson,philcoulson1,A.O.S. Season 3,Artifact Exclusive Skill,Ignore Dodge,11,11%,Side: Hero,4★ | Ignore Dodge 11% 0.3%,https://thanosvibs.money/api/supports
philcoulson,philcoulson1,A.O.S. Season 3,Artifact Exclusive Skill,Basic Damage Dealt to Boss Types,8,8%,Side: Hero,4★ | Basic Damage Dealt to Boss Types 8% 0.15%,https://thanosvibs.money/api/supports
philcoulson,philcoulson1,A.O.S. Season 3,Artifact Exclusive Skill,Ignore Dodge,13,13%,Side: Hero,5★ | Ignore Dodge 13% 0.4%,https://thanosvibs.money/api/supports
philcoulson,philcoulson1,A.O.S. Season 3,Artifact Exclusive Skill,Basic Damage Dealt to Boss Types,11,11%,Side: Hero,5★ | Basic Damage Dealt to Boss Types 11% 0.2%,https://thanosvibs.money/api/supports
philcoulson,philcoulson1,A.O.S. Season 3,Artifact Exclusive Skill,Ignore Dodge,15,15%,Side: Hero,6★ | Ignore Dodge 15% 0.5%,https://thanosvibs.money/api/supports
philcoulson,philcoulson1,A.O.S. Season 3,Artifact Exclusive Skill,Basic Damage Dealt to Boss Types,15,15%,Side: Hero,6★ | Basic Damage Dealt to Boss Types 15% 0.25%,https://thanosvibs.money/api/supports
philcoulson,philcoulson,Marvel Studios' Agents of S.H.I.E.L.D.,Tier-2 Passive,Guaranteed Critical Rate,20,20%,Side: Hero,Guaranteed Critical Rate 20%,https://thanosvibs.money/api/supports
philcoulson,philcoulson,Marvel Studios' Agents of S.H.I.E.L.D.,Tier-2 Passive,Basic Damage Dealt to Villains,45,45%,Side: Hero,Basic Damage Dealt to Villains 45%,https://thanosvibs.money/api/supports
philcoulson,philcoulson,Marvel Studios' Agents of S.H.I.E.L.D.,Tier-2 Passive,Basic Damage Received from Villains,15,15%,Side: Hero,Basic Damage Received from Villains 15%,https://thanosvibs.money/api/supports
philcoulson,philcoulson,Marvel Studios' Agents of S.H.I.E.L.D.,Artifact Exclusive Skill,Ignore Dodge,9,9%,Side: Hero,3★ | Ignore Dodge 9% 0.2%,https://thanosvibs.money/api/supports
philcoulson,philcoulson,Marvel Studios' Agents of S.H.I.E.L.D.,Artifact Exclusive Skill,Basic Damage Dealt to Boss Types,5,5%,Side: Hero,3★ | Basic Damage Dealt to Boss Types 5% 0.1%,https://thanosvibs.money/api/supports
philcoulson,philcoulson,Marvel Studios' Agents of S.H.I.E.L.D.,Artifact Exclusive Skill,Ignore Dodge,11,11%,Side: Hero,4★ | Ignore Dodge 11% 0.3%,https://thanosvibs.money/api/supports
philcoulson,philcoulson,Marvel Studios' Agents of S.H.I.E.L.D.,Artifact Exclusive Skill,Basic Damage Dealt to Boss Types,8,8%,Side: Hero,4★ | Basic Damage Dealt to Boss Types 8% 0.15%,https://thanosvibs.money/api/supports
philcoulson,philcoulson,Marvel Studios' Agents of S.H.I.E.L.D.,Artifact Exclusive Skill,Ignore Dodge,13,13%,Side: Hero,5★ | Ignore Dodge 13% 0.4%,https://thanosvibs.money/api/supports
philcoulson,philcoulson,Marvel Studios' Agents of S.H.I.E.L.D.,Artifact Exclusive Skill,Basic Damage Dealt to Boss Types,11,11%,Side: Hero,5★ | Basic Damage Dealt to Boss Types 11% 0.2%,https://thanosvibs.money/api/supports
philcoulson,philcoulson,Marvel Studios' Agents of S.H.I.E.L.D.,Artifact Exclusive Skill,Ignore Dodge,15,15%,Side: Hero,6★ | Ignore Dodge 15% 0.5%,https://thanosvibs.money/api/supports
philcoulson,philcoulson,Marvel Studios' Agents of S.H.I.E.L.D.,Artifact Exclusive Skill,Basic Damage Dealt to Boss Types,15,15%,Side: Hero,6★ | Basic Damage Dealt to Boss Types 15% 0.25%,https://thanosvibs.money/api/supports
philcoulson,philcoulson2,Winter Ops,Tier-2 Passive,Guaranteed Critical Rate,20,20%,,Guaranteed Critical Rate 20%,https://thanosvibs.money/api/supports
philcoulson,philcoulson2,Winter Ops,Tier-2 Passive,Basic Damage Dealt to Villains,50,50%,,Basic Damage Dealt to Villains 50%,https://thanosvibs.money/api/supports
philcoulson,philcoulson2,Winter Ops,Tier-2 Passive,Basic Damage Received from Villains,20,20%,,Basic Damage Received from Villains 20%,https://thanosvibs.money/api/supports
philcoulson,philcoulson2,Winter Ops,Uniform Effect,HP,30,30%,Side: Hero,HP 30%,https://thanosvibs.money/api/supports
philcoulson,philcoulson2,Winter Ops,Uniform Effect,Basic Damage Received,-20,-20%,Side: Hero,Basic Damage Received -20%,https://thanosvibs.money/api/supports
philcoulson,philcoulson2,Winter Ops,Artifact Exclusive Skill,Ignore Dodge,9,9%,Side: Hero,3★ | Ignore Dodge 9% 0.2%,https://thanosvibs.money/api/supports
philcoulson,philcoulson2,Winter Ops,Artifact Exclusive Skill,Basic Damage Dealt to Boss Types,5,5%,Side: Hero,3★ | Basic Damage Dealt to Boss Types 5% 0.1%,https://thanosvibs.money/api/supports
philcoulson,philcoulson2,Winter Ops,Artifact Exclusive Skill,Ignore Dodge,11,11%,Side: Hero,4★ | Ignore Dodge 11% 0.3%,https://thanosvibs.money/api/supports
philcoulson,philcoulson2,Winter Ops,Artifact Exclusive Skill,Basic Damage Dealt to Boss Types,8,8%,Side: Hero,4★ | Basic Damage Dealt to Boss Types 8% 0.15%,https://thanosvibs.money/api/supports
philcoulson,philcoulson2,Winter Ops,Artifact Exclusive Skill,Ignore Dodge,13,13%,Side: Hero,5★ | Ignore Dodge 13% 0.4%,https://thanosvibs.money/api/supports
philcoulson,philcoulson2,Winter Ops,Artifact Exclusive Skill,Basic Damage Dealt to Boss Types,11,11%,Side: Hero,5★ | Basic Damage Dealt to Boss Types 11% 0.2%,https://thanosvibs.money/api/supports
philcoulson,philcoulson2,Winter Ops,Artifact Exclusive Skill,Ignore Dodge,15,15%,Side: Hero,6★ | Ignore Dodge 15% 0.5%,https://thanosvibs.money/api/supports
philcoulson,philcoulson2,Winter Ops,Artifact Exclusive Skill,Basic Damage Dealt to Boss Types,15,15%,Side: Hero,6★ | Basic Damage Dealt to Boss Types 15% 0.25%,https://thanosvibs.money/api/supports
phylavell,phylavell1,Marvel Cosmic Invasion,Tier-2 Passive,All Basic Attacks,30,30%,Type: Universal,All Basic Attacks 30%,https://thanosvibs.money/api/supports
phylavell,phylavell1,Marvel Cosmic Invasion,Tier-2 Passive,Basic Damage Dealt to Boss Types,45,45%,Type: Universal,Basic Damage Dealt to Boss Types 45%,https://thanosvibs.money/api/supports
phylavell,phylavell,Modern,Tier-2 Passive,All Basic Attacks,30,30%,Type: Universal,All Basic Attacks 30%,https://thanosvibs.money/api/supports
phylavell,phylavell,Modern,Tier-2 Passive,Skill Damage,25,25%,Type: Universal,Skill Damage 25%,https://thanosvibs.money/api/supports
phylavell,phylavell,Modern,Tier-2 Passive,Bonus Damage,15,15%,Type: Universal,Bonus Damage 15%,https://thanosvibs.money/api/supports
polaris,polaris,Modern,Leadership,All Basic Attacks,45,45%,Allies: Mutant,All Basic Attacks 45%,https://thanosvibs.money/api/supports
polaris,polaris,Modern,Tier-2 Passive,Basic Damage Dealt to Villains,45,45%,Allies: Mutant,Basic Damage Dealt to Villains 45%,https://thanosvibs.money/api/supports
polaris,polaris,Modern,Tier-2 Passive,Basic Damage Received from Villains,35,35%,Allies: Mutant,Basic Damage Received from Villains 35%,https://thanosvibs.money/api/supports
polaris,polaris1,Uncanny X-Men,Leadership,All Basic Attacks,45,45%,Allies: Mutant,All Basic Attacks 45%,https://thanosvibs.money/api/supports
polaris,polaris1,Uncanny X-Men,Tier-2 Passive,Ignore Dodge,10,10%,Allies: Mutant,Ignore Dodge 10%,https://thanosvibs.money/api/supports
polaris,polaris1,Uncanny X-Men,Tier-2 Passive,Basic Damage Dealt to Enemies except Mutant Characters,55,55%,Allies: Mutant,Basic Damage Dealt to Enemies except Mutant Characters 55%,https://thanosvibs.money/api/supports
professorx,professorx,Modern,Leadership,All Basic Attacks,20,20%,Allies: Mutant,All Basic Attacks 20%,https://thanosvibs.money/api/supports
professorx,professorx,Modern,Leadership,Mind Resist,50,50%,Allies: Mutant,Mind Resist 50%,https://thanosvibs.money/api/supports
proximamidnight,proximamidnight2,Dark Obsidian Armor,Leadership,Ignore Dodge,45,45%,,Ignore Dodge 45%,https://thanosvibs.money/api/supports
proximamidnight,proximamidnight2,Dark Obsidian Armor,Leadership,Critical Damage,30,30%,,Critical Damage 30%,https://thanosvibs.money/api/supports
proximamidnight,proximamidnight2,Dark Obsidian Armor,Uniform Effect,Basic Damage Dealt to Villains,35,35%,Side: Villain,Basic Damage Dealt to Villains 35%,https://thanosvibs.money/api/supports
proximamidnight,proximamidnight2,Dark Obsidian Armor,Uniform Effect,Basic Damage Dealt to Heroes,40,40%,Side: Villain,Basic Damage Dealt to Heroes 40%,https://thanosvibs.money/api/supports
proximamidnight,proximamidnight,Infinity,Leadership,Ignore Dodge,40,40%,,Ignore Dodge 40%,https://thanosvibs.money/api/supports
proximamidnight,proximamidnight,Infinity,Leadership,Critical Damage,18,18%,,Critical Damage 18%,https://thanosvibs.money/api/supports
punisher,punisher6,Fist of the Beast,Leadership,All Basic Attacks,30,30%,,All Basic Attacks 30%,https://thanosvibs.money/api/supports
punisher,punisher,Modern,Leadership,All Basic Attacks,24,24%,,All Basic Attacks 24%,https://thanosvibs.money/api/supports
quasarwendellvaughn,wendellvaughn,Modern,Leadership,HP,40,40%,Ability: Annihilators,HP 40%,https://thanosvibs.money/api/supports
quasarwendellvaughn,wendellvaughn,Modern,Leadership,Remove All Debuffs,12,N/A,Ability: Annihilators,When Debuffed | Cooldown 20s | Remove All Debuffs N/A 12,https://thanosvibs.money/api/supports
quasarwendellvaughn,wendellvaughn,Modern,Artifact Exclusive Skill,Ignore Non-Boss Damage Decrease,9,9%,Ability: Annihilators,3★ | Ignore Non-Boss Damage Decrease 9% 0.15%,https://thanosvibs.money/api/supports
quasarwendellvaughn,wendellvaughn,Modern,Artifact Exclusive Skill,Ignore Non-Boss Damage Decrease,11,11%,Ability: Annihilators,4★ | Ignore Non-Boss Damage Decrease 11% 0.2%,https://thanosvibs.money/api/supports
quasarwendellvaughn,wendellvaughn,Modern,Artifact Exclusive Skill,Ignore Non-Boss Damage Decrease,13,13%,Ability: Annihilators,5★ | Ignore Non-Boss Damage Decrease 13% 0.25%,https://thanosvibs.money/api/supports
quasarwendellvaughn,wendellvaughn,Modern,Artifact Exclusive Skill,Ignore Non-Boss Damage Decrease,15,15%,Ability: Annihilators,6★ | Ignore Non-Boss Damage Decrease 15% 0.3%,https://thanosvibs.money/api/supports
rachelsummers,rachelsummers1,X-Men: Days of Future Past,Leadership,Mind Resist,40,40%,Ability: Phoenix Force,Mind Resist 40%,https://thanosvibs.money/api/supports
rachelsummers,rachelsummers1,X-Men: Days of Future Past,Leadership,Remove All Debuffs,12,N/A,Ability: Phoenix Force,When Debuffed | Cooldown 20s | Remove All Debuffs N/A 12,https://thanosvibs.money/api/supports
redguardian,redguardian1,Marvel Studios' Black Widow,Leadership,HP,35,35%,Side: Hero,HP 35%,https://thanosvibs.money/api/supports
redguardian,redguardian2,Marvel Studios' Thunderbolts*,Leadership,HP,55,55%,Side: Hero,HP 55%,https://thanosvibs.money/api/supports
redguardian,redguardian,Modern,Leadership,HP,35,35%,Side: Villain,HP 35%,https://thanosvibs.money/api/supports
redhulk,redhulk3,Marvel Studios' Captain America: Brave New World,Leadership,Fire Damage,70,70%,,Fire Damage 70%,https://thanosvibs.money/api/supports
redhulk,redhulk3,Marvel Studios' Captain America: Brave New World,Leadership,Burn Immunity,,,,Burn Immunity N/A,https://thanosvibs.money/api/supports
redhulk,redhulk3,Marvel Studios' Captain America: Brave New World,Uniform Effect,HP,15,15%,,HP 15%,https://thanosvibs.money/api/supports
redhulk,redhulk3,Marvel Studios' Captain America: Brave New World,Uniform Effect,Basic Damage Dealt to Villains,25,25%,,Basic Damage Dealt to Villains 25%,https://thanosvibs.money/api/supports
redhulk,redhulk,Modern,Leadership,Fire Damage,60,60%,,Fire Damage 60%,https://thanosvibs.money/api/supports
redhulk,redhulk,Modern,Leadership,Burn Immunity,,,,Burn Immunity N/A,https://thanosvibs.money/api/supports
redhulk,redhulk2,Symbiote of Vengeance,Leadership,Fire Damage,70,70%,,Fire Damage 70%,https://thanosvibs.money/api/supports
redhulk,redhulk2,Symbiote of Vengeance,Leadership,Burn Immunity,,,,Burn Immunity N/A,https://thanosvibs.money/api/supports
redshehulk,redshehulk,Modern,Leadership,Fire Damage,65,65%,,Fire Damage 65%,https://thanosvibs.money/api/supports
redshehulk,redshehulk,Modern,Leadership,HP,25,25%,,HP 25%,https://thanosvibs.money/api/supports
redshehulk,redshehulk,Modern,4★ Passive,HP,30,30%,,HP 30%,https://thanosvibs.money/api/supports
redshehulk,redshehulk,Modern,4★ Passive,Basic Damage Received,-10,-10%,,Basic Damage Received -10%,https://thanosvibs.money/api/supports
rescue,rescue1,3099,Leadership,Max HP Shield,50,50%,,When HP is below 99% | Cooldown 10s | Max HP Shield 50% 5,https://thanosvibs.money/api/supports
rescue,rescue1,3099,Uniform Effect,Recovery Rate,25,25%,,Recovery Rate 25%,https://thanosvibs.money/api/supports
rescue,rescue2,Invincible Iron Man,Leadership,Max HP Shield,50,50%,,When HP is below 99% | Cooldown 10s | Max HP Shield 50% 5,https://thanosvibs.money/api/supports
rescue,rescue2,Invincible Iron Man,Uniform Effect,HP,25,25%,,HP 25%,https://thanosvibs.money/api/supports
rescue,rescue2,Invincible Iron Man,Uniform Effect,Recovery Rate,25,25%,,Recovery Rate 25%,https://thanosvibs.money/api/supports
rocketraccoon,rocketraccoon6,Marvel Studios' Guardians of the Galaxy 3,4★ Passive,Energy Attack,40,40%,Ability: Guardians of the Galaxy,Energy Attack 40%,https://thanosvibs.money/api/supports
ronan,ronan3,Annihilators,Leadership,All Basic Attacks,50,50%,Type: Universal,All Basic Attacks 50%,https://thanosvibs.money/api/supports
ronan,ronan3,Annihilators,Leadership,All Basic Defenses,36,36%,Type: Universal,All Basic Defenses 36%,https://thanosvibs.money/api/supports
ronan,ronan3,Annihilators,Uniform Effect,Ignore Dodge,25,25%,Type: Universal,Ignore Dodge 25%,https://thanosvibs.money/api/supports
ronan,ronan3,Annihilators,Uniform Effect,Basic Damage Dealt to Villains,40,40%,Type: Universal,Basic Damage Dealt to Villains 40%,https://thanosvibs.money/api/supports
ronan,ronan3,Annihilators,Uniform Effect,Basic Damage Dealt to Heroes,40,40%,Type: Universal,Basic Damage Dealt to Heroes 40%,https://thanosvibs.money/api/supports
ronan,ronan3,Annihilators,Artifact Exclusive Skill,All Basic Attacks,14,14%,,3★ | All Basic Attacks 14% 0.2%,https://thanosvibs.money/api/supports
ronan,ronan3,Annihilators,Artifact Exclusive Skill,All Basic Attacks,16,16%,,4★ | All Basic Attacks 16% 0.3%,https://thanosvibs.money/api/supports
ronan,ronan3,Annihilators,Artifact Exclusive Skill,All Basic Attacks,18,18%,,5★ | All Basic Attacks 18% 0.4%,https://thanosvibs.money/api/supports
ronan,ronan3,Annihilators,Artifact Exclusive Skill,All Basic Attacks,20,20%,,6★ | All Basic Attacks 20% 0.5%,https://thanosvibs.money/api/supports
ronan,ronan,Guardians of the Galaxy,Leadership,All Basic Attacks,36,36%,Type: Universal,All Basic Attacks 36%,https://thanosvibs.money/api/supports
ronan,ronan,Guardians of the Galaxy,Leadership,All Basic Defenses,36,36%,Type: Universal,All Basic Defenses 36%,https://thanosvibs.money/api/supports
ronan,ronan,Guardians of the Galaxy,Tier-2 Passive,Ignore Dodge,20,20%,,Ignore Dodge 20%,https://thanosvibs.money/api/supports
ronan,ronan,Guardians of the Galaxy,Artifact Exclusive Skill,All Basic Attacks,14,14%,,3★ | All Basic Attacks 14% 0.2%,https://thanosvibs.money/api/supports
ronan,ronan,Guardians of the Galaxy,Artifact Exclusive Skill,All Basic Attacks,16,16%,,4★ | All Basic Attacks 16% 0.3%,https://thanosvibs.money/api/supports
ronan,ronan,Guardians of the Galaxy,Artifact Exclusive Skill,All Basic Attacks,18,18%,,5★ | All Basic Attacks 18% 0.4%,https://thanosvibs.money/api/supports
ronan,ronan,Guardians of the Galaxy,Artifact Exclusive Skill,All Basic Attacks,20,20%,,6★ | All Basic Attacks 20% 0.5%,https://thanosvibs.money/api/supports
ronan,ronan2,Marvel Studios' Captain Marvel,Leadership,All Basic Attacks,50,50%,Type: Universal,All Basic Attacks 50%,https://thanosvibs.money/api/supports
ronan,ronan2,Marvel Studios' Captain Marvel,Leadership,All Basic Defenses,36,36%,Type: Universal,All Basic Defenses 36%,https://thanosvibs.money/api/supports
ronan,ronan2,Marvel Studios' Captain Marvel,Tier-2 Passive,Ignore Dodge,20,20%,,Ignore Dodge 20%,https://thanosvibs.money/api/supports
ronan,ronan2,Marvel Studios' Captain Marvel,Artifact Exclusive Skill,All Basic Attacks,14,14%,,3★ | All Basic Attacks 14% 0.2%,https://thanosvibs.money/api/supports
ronan,ronan2,Marvel Studios' Captain Marvel,Artifact Exclusive Skill,All Basic Attacks,16,16%,,4★ | All Basic Attacks 16% 0.3%,https://thanosvibs.money/api/supports
ronan,ronan2,Marvel Studios' Captain Marvel,Artifact Exclusive Skill,All Basic Attacks,18,18%,,5★ | All Basic Attacks 18% 0.4%,https://thanosvibs.money/api/supports
ronan,ronan2,Marvel Studios' Captain Marvel,Artifact Exclusive Skill,All Basic Attacks,20,20%,,6★ | All Basic Attacks 20% 0.5%,https://thanosvibs.money/api/supports
sandman,sandman1,Beach Fortress,Uniform Effect,Ignore Dodge,20,20%,Side: Villain,Ignore Dodge 20%,https://thanosvibs.money/api/supports
sandman,sandman1,Beach Fortress,Uniform Effect,Basic Damage Dealt to Boss Types,40,40%,Side: Villain,Basic Damage Dealt to Boss Types 40%,https://thanosvibs.money/api/supports
satana,satana2,Ascended One,Leadership,Fire Damage,70,70%,,Fire Damage 70%,https://thanosvibs.money/api/supports
satana,satana2,Ascended One,Uniform Effect,All Element Damage,35,35%,,All Element Damage 35%,https://thanosvibs.money/api/supports
satana,satana2,Ascended One,Artifact Exclusive Skill,All Basic Attacks,14,14%,Type: Universal,3★ | All Basic Attacks 14% 0.2%,https://thanosvibs.money/api/supports
satana,satana2,Ascended One,Artifact Exclusive Skill,Basic Damage Dealt to Boss Types,4,4%,Type: Universal,3★ | Basic Damage Dealt to Boss Types 4% 0.1%,https://thanosvibs.money/api/supports
satana,satana2,Ascended One,Artifact Exclusive Skill,All Basic Attacks,16,16%,Type: Universal,4★ | All Basic Attacks 16% 0.3%,https://thanosvibs.money/api/supports
satana,satana2,Ascended One,Artifact Exclusive Skill,Basic Damage Dealt to Boss Types,6,6%,Type: Universal,4★ | Basic Damage Dealt to Boss Types 6% 0.15%,https://thanosvibs.money/api/supports
satana,satana2,Ascended One,Artifact Exclusive Skill,All Basic Attacks,18,18%,Type: Universal,5★ | All Basic Attacks 18% 0.4%,https://thanosvibs.money/api/supports
satana,satana2,Ascended One,Artifact Exclusive Skill,Basic Damage Dealt to Boss Types,8,8%,Type: Universal,5★ | Basic Damage Dealt to Boss Types 8% 0.2%,https://thanosvibs.money/api/supports
satana,satana2,Ascended One,Artifact Exclusive Skill,All Basic Attacks,20,20%,Type: Universal,6★ | All Basic Attacks 20% 0.5%,https://thanosvibs.money/api/supports
satana,satana2,Ascended One,Artifact Exclusive Skill,Basic Damage Dealt to Boss Types,10,10%,Type: Universal,6★ | Basic Damage Dealt to Boss Types 10% 0.25%,https://thanosvibs.money/api/supports
satana,satana1,Marvel Legacy,Leadership,Fire Damage,70,70%,,Fire Damage 70%,https://thanosvibs.money/api/supports
satana,satana1,Marvel Legacy,Artifact Exclusive Skill,All Basic Attacks,14,14%,Type: Universal,3★ | All Basic Attacks 14% 0.2%,https://thanosvibs.money/api/supports
satana,satana1,Marvel Legacy,Artifact Exclusive Skill,Basic Damage Dealt to Boss Types,4,4%,Type: Universal,3★ | Basic Damage Dealt to Boss Types 4% 0.1%,https://thanosvibs.money/api/supports
satana,satana1,Marvel Legacy,Artifact Exclusive Skill,All Basic Attacks,16,16%,Type: Universal,4★ | All Basic Attacks 16% 0.3%,https://thanosvibs.money/api/supports
satana,satana1,Marvel Legacy,Artifact Exclusive Skill,Basic Damage Dealt to Boss Types,6,6%,Type: Universal,4★ | Basic Damage Dealt to Boss Types 6% 0.15%,https://thanosvibs.money/api/supports
satana,satana1,Marvel Legacy,Artifact Exclusive Skill,All Basic Attacks,18,18%,Type: Universal,5★ | All Basic Attacks 18% 0.4%,https://thanosvibs.money/api/supports
satana,satana1,Marvel Legacy,Artifact Exclusive Skill,Basic Damage Dealt to Boss Types,8,8%,Type: Universal,5★ | Basic Damage Dealt to Boss Types 8% 0.2%,https://thanosvibs.money/api/supports
satana,satana1,Marvel Legacy,Artifact Exclusive Skill,All Basic Attacks,20,20%,Type: Universal,6★ | All Basic Attacks 20% 0.5%,https://thanosvibs.money/api/supports
satana,satana1,Marvel Legacy,Artifact Exclusive Skill,Basic Damage Dealt to Boss Types,10,10%,Type: Universal,6★ | Basic Damage Dealt to Boss Types 10% 0.25%,https://thanosvibs.money/api/supports
satana,satana,Modern,Leadership,Fire Damage,60,60%,,Fire Damage 60%,https://thanosvibs.money/api/supports
satana,satana,Modern,Artifact Exclusive Skill,All Basic Attacks,14,14%,Type: Universal,3★ | All Basic Attacks 14% 0.2%,https://thanosvibs.money/api/supports
satana,satana,Modern,Artifact Exclusive Skill,Basic Damage Dealt to Boss Types,4,4%,Type: Universal,3★ | Basic Damage Dealt to Boss Types 4% 0.1%,https://thanosvibs.money/api/supports
satana,satana,Modern,Artifact Exclusive Skill,All Basic Attacks,16,16%,Type: Universal,4★ | All Basic Attacks 16% 0.3%,https://thanosvibs.money/api/supports
satana,satana,Modern,Artifact Exclusive Skill,Basic Damage Dealt to Boss Types,6,6%,Type: Universal,4★ | Basic Damage Dealt to Boss Types 6% 0.15%,https://thanosvibs.money/api/supports
satana,satana,Modern,Artifact Exclusive Skill,All Basic Attacks,18,18%,Type: Universal,5★ | All Basic Attacks 18% 0.4%,https://thanosvibs.money/api/supports
satana,satana,Modern,Artifact Exclusive Skill,Basic Damage Dealt to Boss Types,8,8%,Type: Universal,5★ | Basic Damage Dealt to Boss Types 8% 0.2%,https://thanosvibs.money/api/supports
satana,satana,Modern,Artifact Exclusive Skill,All Basic Attacks,20,20%,Type: Universal,6★ | All Basic Attacks 20% 0.5%,https://thanosvibs.money/api/supports
satana,satana,Modern,Artifact Exclusive Skill,Basic Damage Dealt to Boss Types,10,10%,Type: Universal,6★ | Basic Damage Dealt to Boss Types 10% 0.25%,https://thanosvibs.money/api/supports
scarletspider,scarletspider1,Dark Web,Tier-2 Passive,Basic Damage Dealt to Villains,40,40%,Ability: Spider-Sense,Basic Damage Dealt to Villains 40%,https://thanosvibs.money/api/supports
scarletspider,scarletspider1,Dark Web,Tier-2 Passive,Basic Damage Dealt to Heroes,35,35%,Ability: Spider-Sense,Basic Damage Dealt to Heroes 35%,https://thanosvibs.money/api/supports
scarletspider,scarletspider1,Dark Web,Tier-2 Passive,Skill Damage,35,35%,Ability: Spider-Sense,Skill Damage 35%,https://thanosvibs.money/api/supports
scarletspider,scarletspider1,Dark Web,Tier-2 Passive,Bonus Damage,35,35%,Ability: Spider-Sense,Bonus Damage 35%,https://thanosvibs.money/api/supports
scarletspider,scarletspider2,Gift Deliverer,Tier-2 Passive,All Basic Attacks,30,30%,Type: Speed,All Basic Attacks 30%,https://thanosvibs.money/api/supports
scarletspider,scarletspider2,Gift Deliverer,Tier-2 Passive,Basic Damage Dealt to Villains,50,50%,Type: Speed,Basic Damage Dealt to Villains 50%,https://thanosvibs.money/api/supports
scarletspider,scarletspider2,Gift Deliverer,Tier-2 Passive,Basic Damage Dealt to Heroes,35,35%,Type: Speed,Basic Damage Dealt to Heroes 35%,https://thanosvibs.money/api/supports
scarletspider,scarletspider,Modern,Tier-2 Passive,Basic Damage Dealt to Villains,40,40%,Ability: Spider-Sense,Basic Damage Dealt to Villains 40%,https://thanosvibs.money/api/supports
scarletspider,scarletspider,Modern,Tier-2 Passive,Basic Damage Dealt to Heroes,35,35%,Ability: Spider-Sense,Basic Damage Dealt to Heroes 35%,https://thanosvibs.money/api/supports
scarletspider,scarletspider,Modern,Tier-2 Passive,Skill Damage,25,25%,Ability: Spider-Sense,Skill Damage 25%,https://thanosvibs.money/api/supports
scarletspider,scarletspider,Modern,Tier-2 Passive,Bonus Damage,20,20%,Ability: Spider-Sense,Bonus Damage 20%,https://thanosvibs.money/api/supports
scarletwitch,scarletwitch,Classic,Leadership,Energy Attack,45,45%,,Energy Attack 45%,https://thanosvibs.money/api/supports
sentinel,sentinel,Modern,Leadership,Remove All Debuffs,12,N/A,,When Debuffed | Cooldown 20s | Remove All Debuffs N/A 12,https://thanosvibs.money/api/supports
sentry,sentry1,Merged,Leadership,All Basic Attacks,30,30%,,All Basic Attacks 30%,https://thanosvibs.money/api/supports
sentry,sentry1,Merged,Leadership,Remove All Debuffs,12,N/A,,When Debuffed | Cooldown 20s | Remove All Debuffs N/A 12,https://thanosvibs.money/api/supports
sentry,sentry,Modern,Leadership,Remove All Debuffs,12,N/A,,When Debuffed | Cooldown 20s | Remove All Debuffs N/A 12,https://thanosvibs.money/api/supports
sentry,sentry,Modern,Leadership,All Basic Attacks,30,30%,,When Debuffed | Cooldown 20s | All Basic Attacks 30% 12,https://thanosvibs.money/api/supports
sersi,sersi1,Marvel Studios' Eternals,4★ Passive,Remove All Debuffs,12,N/A,Ability: Eternals,When Debuffed | Cooldown 18s | Remove All Debuffs N/A 12,https://thanosvibs.money/api/supports
sersi,sersi1,Marvel Studios' Eternals,Tier-2 Passive,All Basic Attacks,30,30%,Ability: Eternals,All Basic Attacks 30%,https://thanosvibs.money/api/supports
sersi,sersi1,Marvel Studios' Eternals,Tier-2 Passive,Basic Damage Dealt to Villains,30,30%,Ability: Eternals,Basic Damage Dealt to Villains 30%,https://thanosvibs.money/api/supports
sersi,sersi1,Marvel Studios' Eternals,Tier-2 Passive,Basic Damage Received from Villains,30,30%,Ability: Eternals,Basic Damage Received from Villains 30%,https://thanosvibs.money/api/supports
sersi,sersi,Modern,4★ Passive,Remove All Debuffs,10,N/A,Ability: Eternals,When Debuffed | Cooldown 20s | Remove All Debuffs N/A 10,https://thanosvibs.money/api/supports
sersi,sersi,Modern,Tier-2 Passive,All Basic Attacks,30,30%,Ability: Eternals,All Basic Attacks 30%,https://thanosvibs.money/api/supports
shadowshell,shadowshell,Modern,4★ Passive,All Basic Defenses,50,50%,Ability: Warriors of the Sky,All Basic Defenses 50%,https://thanosvibs.money/api/supports
shadowshell,shadowshell,Modern,4★ Passive,Basic Damage Received,-25,-25%,Ability: Warriors of the Sky,Basic Damage Received -25%,https://thanosvibs.money/api/supports
shangchi,shangchi,Modern,Leadership,All Basic Attacks,24,24%,,All Basic Attacks 24%,https://thanosvibs.money/api/supports
shehulk,shehulk1,All-New,Leadership,Basic Damage Dealt to Males,55,55%,,Basic Damage Dealt to Males 55%,https://thanosvibs.money/api/supports
shehulk,shehulk1,All-New,Artifact Exclusive Skill,All Basic Attacks (Stackable),3,3%,Ability: Gamma Radiation,3★ | When Attacking | Cooldown 3s | All Basic Attacks (Stackable) 3% 0.1% 15% 27,https://thanosvibs.money/api/supports
shehulk,shehulk1,All-New,Artifact Exclusive Skill,All Basic Attacks (Stackable),4,4%,Ability: Gamma Radiation,4★ | When Attacking | Cooldown 3s | All Basic Attacks (Stackable) 4% 0.2% 20% 28,https://thanosvibs.money/api/supports
shehulk,shehulk1,All-New,Artifact Exclusive Skill,All Basic Attacks (Stackable),5,5%,Ability: Gamma Radiation,5★ | When Attacking | Cooldown 3s | All Basic Attacks (Stackable) 5% 0.3% 30% 29,https://thanosvibs.money/api/supports
shehulk,shehulk1,All-New,Artifact Exclusive Skill,All Basic Attacks (Stackable),6,6%,Ability: Gamma Radiation,6★ | When Attacking | Cooldown 3s | All Basic Attacks (Stackable) 6% 0.4% 40% 30,https://thanosvibs.money/api/supports
shehulk,shehulk3,Avengers,Leadership,Basic Damage Dealt to Males,65,65%,,Basic Damage Dealt to Males 65%,https://thanosvibs.money/api/supports
shehulk,shehulk3,Avengers,Artifact Exclusive Skill,All Basic Attacks (Stackable),3,3%,Ability: Gamma Radiation,3★ | When Attacking | Cooldown 3s | All Basic Attacks (Stackable) 3% 0.1% 15% 27,https://thanosvibs.money/api/supports
shehulk,shehulk3,Avengers,Artifact Exclusive Skill,All Basic Attacks (Stackable),4,4%,Ability: Gamma Radiation,4★ | When Attacking | Cooldown 3s | All Basic Attacks (Stackable) 4% 0.2% 20% 28,https://thanosvibs.money/api/supports
shehulk,shehulk3,Avengers,Artifact Exclusive Skill,All Basic Attacks (Stackable),5,5%,Ability: Gamma Radiation,5★ | When Attacking | Cooldown 3s | All Basic Attacks (Stackable) 5% 0.3% 30% 29,https://thanosvibs.money/api/supports
shehulk,shehulk3,Avengers,Artifact Exclusive Skill,All Basic Attacks (Stackable),6,6%,Ability: Gamma Radiation,6★ | When Attacking | Cooldown 3s | All Basic Attacks (Stackable) 6% 0.4% 40% 30,https://thanosvibs.money/api/supports
shehulk,shehulk2,Fantastic Four,Leadership,Basic Damage Dealt to Males,60,60%,,Basic Damage Dealt to Males 60%,https://thanosvibs.money/api/supports
shehulk,shehulk2,Fantastic Four,Artifact Exclusive Skill,All Basic Attacks (Stackable),3,3%,Ability: Gamma Radiation,3★ | When Attacking | Cooldown 3s | All Basic Attacks (Stackable) 3% 0.1% 15% 27,https://thanosvibs.money/api/supports
shehulk,shehulk2,Fantastic Four,Artifact Exclusive Skill,All Basic Attacks (Stackable),4,4%,Ability: Gamma Radiation,4★ | When Attacking | Cooldown 3s | All Basic Attacks (Stackable) 4% 0.2% 20% 28,https://thanosvibs.money/api/supports
shehulk,shehulk2,Fantastic Four,Artifact Exclusive Skill,All Basic Attacks (Stackable),5,5%,Ability: Gamma Radiation,5★ | When Attacking | Cooldown 3s | All Basic Attacks (Stackable) 5% 0.3% 30% 29,https://thanosvibs.money/api/supports
shehulk,shehulk2,Fantastic Four,Artifact Exclusive Skill,All Basic Attacks (Stackable),6,6%,Ability: Gamma Radiation,6★ | When Attacking | Cooldown 3s | All Basic Attacks (Stackable) 6% 0.4% 40% 30,https://thanosvibs.money/api/supports
shehulk,shehulk,Secret Wars: A-Force,Leadership,Basic Damage Dealt to Males,48,48%,,Basic Damage Dealt to Males 48%,https://thanosvibs.money/api/supports
shehulk,shehulk,Secret Wars: A-Force,Artifact Exclusive Skill,All Basic Attacks (Stackable),3,3%,Ability: Gamma Radiation,3★ | When Attacking | Cooldown 3s | All Basic Attacks (Stackable) 3% 0.1% 15% 27,https://thanosvibs.money/api/supports
shehulk,shehulk,Secret Wars: A-Force,Artifact Exclusive Skill,All Basic Attacks (Stackable),4,4%,Ability: Gamma Radiation,4★ | When Attacking | Cooldown 3s | All Basic Attacks (Stackable) 4% 0.2% 20% 28,https://thanosvibs.money/api/supports
shehulk,shehulk,Secret Wars: A-Force,Artifact Exclusive Skill,All Basic Attacks (Stackable),5,5%,Ability: Gamma Radiation,5★ | When Attacking | Cooldown 3s | All Basic Attacks (Stackable) 5% 0.3% 30% 29,https://thanosvibs.money/api/supports
shehulk,shehulk,Secret Wars: A-Force,Artifact Exclusive Skill,All Basic Attacks (Stackable),6,6%,Ability: Gamma Radiation,6★ | When Attacking | Cooldown 3s | All Basic Attacks (Stackable) 6% 0.4% 40% 30,https://thanosvibs.money/api/supports
shuri,shuri2,Black Panther: Wakanda Forever,Tier-2 Passive,Basic Damage Dealt to Villains,55,55%,,Basic Damage Dealt to Villains 55%,https://thanosvibs.money/api/supports
shuri,shuri2,Black Panther: Wakanda Forever,Tier-2 Passive,Basic Damage Received from Villains,40,40%,,Basic Damage Received from Villains 40%,https://thanosvibs.money/api/supports
shuri,shuri,Marvel Legacy,Tier-2 Passive,Basic Damage Dealt to Villains,35,35%,,Basic Damage Dealt to Villains 35%,https://thanosvibs.money/api/supports
shuri,shuri,Marvel Legacy,Tier-2 Passive,Basic Damage Received from Villains,25,25%,,Basic Damage Received from Villains 25%,https://thanosvibs.money/api/supports
shuri,shuri1,Marvel Studios' Black Panther,Tier-2 Passive,Basic Damage Dealt to Villains,45,45%,,Basic Damage Dealt to Villains 45%,https://thanosvibs.money/api/supports
shuri,shuri1,Marvel Studios' Black Panther,Tier-2 Passive,Basic Damage Received from Villains,35,35%,,Basic Damage Received from Villains 35%,https://thanosvibs.money/api/supports
shuri,shuri3,Marvel Studios' Black Panther: Wakanda Forever,Leadership,All Basic Attacks,35,35%,Type: Speed,All Basic Attacks 35%,https://thanosvibs.money/api/supports
shuri,shuri3,Marvel Studios' Black Panther: Wakanda Forever,Tier-2 Passive,Basic Damage Dealt to Villains,55,55%,,Basic Damage Dealt to Villains 55%,https://thanosvibs.money/api/supports
shuri,shuri3,Marvel Studios' Black Panther: Wakanda Forever,Tier-2 Passive,Basic Damage Received from Villains,40,40%,,Basic Damage Received from Villains 40%,https://thanosvibs.money/api/supports
sif,sif2,Asgard Invasion,Leadership,HP,30,30%,Type: Combat,HP 30%,https://thanosvibs.money/api/supports
sif,sif2,Asgard Invasion,Leadership,Physical Attack,35,35%,Type: Combat,Physical Attack 35%,https://thanosvibs.money/api/supports
sif,sif2,Asgard Invasion,Uniform Effect,All Speeds,10,10%,,All Speeds 10%,https://thanosvibs.money/api/supports
sif,sif2,Asgard Invasion,Uniform Effect,Basic Damage Dealt to Boss Types,45,45%,,Basic Damage Dealt to Boss Types 45%,https://thanosvibs.money/api/supports
sif,sif,Marvel Studios' Agents of S.H.I.E.L.D.,Leadership,HP,30,30%,,HP 30%,https://thanosvibs.money/api/supports
silversamurai,silversamurai,Modern,Leadership,HP,40,40%,,HP 40%,https://thanosvibs.money/api/supports
silversamurai,silversamurai,Modern,4★ Passive,Chain Hit Damage Received,-35,-35%,Allies: Mutant,Chain Hit Damage Received -35%,https://thanosvibs.money/api/supports
silversamurai,silversamurai,Modern,4★ Passive,Basic Damage Dealt to Villains,30,30%,Allies: Mutant,Basic Damage Dealt to Villains 30%,https://thanosvibs.money/api/supports
silversamurai,silversamurai,Modern,4★ Passive,Basic Damage Dealt to Heroes,30,30%,Allies: Mutant,Basic Damage Dealt to Heroes 30%,https://thanosvibs.money/api/supports
silversurfer,silversurfer,Modern,Leadership,Remove All Debuffs,12,N/A,,When Debuffed | Cooldown 20s | Remove All Debuffs N/A 12,https://thanosvibs.money/api/supports
silversurfer,silversurfer,Modern,Leadership,All Basic Attacks,20,20%,,When Debuffed | Cooldown 20s | All Basic Attacks 20% 12,https://thanosvibs.money/api/supports
silversurfer,silversurfer,Modern,Leadership,All Basic Defenses,20,20%,,When Debuffed | Cooldown 20s | All Basic Defenses 20% 12,https://thanosvibs.money/api/supports
silversurfer,silversurfer,Modern,Leadership,All Speeds,1,1%,,When Debuffed | Cooldown 20s | All Speeds 1% 12,https://thanosvibs.money/api/supports
silversurfer,silversurfer2,Void Knight,Leadership,Remove All Debuffs,12,N/A,,When Debuffed | Cooldown 20s | Remove All Debuffs N/A 12,https://thanosvibs.money/api/supports
silversurfer,silversurfer2,Void Knight,Leadership,All Basic Attacks,30,30%,,When Debuffed | Cooldown 20s | All Basic Attacks 30% 12,https://thanosvibs.money/api/supports
silversurfer,silversurfer2,Void Knight,Leadership,All Basic Defenses,30,30%,,When Debuffed | Cooldown 20s | All Basic Defenses 30% 12,https://thanosvibs.money/api/supports
silversurfer,silversurfer2,Void Knight,Leadership,All Speeds,1,1%,,When Debuffed | Cooldown 20s | All Speeds 1% 12,https://thanosvibs.money/api/supports
silversurfershallabal,shallabal,Marvel Studios' The Fantastic Four: First Steps,4★ Passive,Remove All Debuffs,12,N/A,,When Debuffed | Cooldown 20s | Remove All Debuffs N/A 12,https://thanosvibs.money/api/supports
sin,sin,"All-New, All-Different",Leadership,All Basic Attacks,24,24%,,All Basic Attacks 24%,https://thanosvibs.money/api/supports
sin,sin1,Rage Returned,Leadership,All Basic Attacks,24,24%,,All Basic Attacks 24%,https://thanosvibs.money/api/supports
sin,sin1,Rage Returned,Tier-2 Passive,Basic Damage Dealt to Boss Types,55,55%,Side: Villain,Basic Damage Dealt to Boss Types 55%,https://thanosvibs.money/api/supports
sin,sin1,Rage Returned,Artifact Exclusive Skill,Basic Damage Dealt to Heroes,6,6%,Side: Villain,3★ | Basic Damage Dealt to Heroes 6% 0.2%,https://thanosvibs.money/api/supports
sin,sin1,Rage Returned,Artifact Exclusive Skill,Basic Damage Dealt to Villains,6,6%,Side: Villain,3★ | Basic Damage Dealt to Villains 6% 0.2%,https://thanosvibs.money/api/supports
sin,sin1,Rage Returned,Artifact Exclusive Skill,Basic Damage Dealt to Heroes,9,9%,Side: Villain,4★ | Basic Damage Dealt to Heroes 9% 0.3%,https://thanosvibs.money/api/supports
sin,sin1,Rage Returned,Artifact Exclusive Skill,Basic Damage Dealt to Villains,9,9%,Side: Villain,4★ | Basic Damage Dealt to Villains 9% 0.3%,https://thanosvibs.money/api/supports
sin,sin1,Rage Returned,Artifact Exclusive Skill,Basic Damage Dealt to Heroes,12,12%,Side: Villain,5★ | Basic Damage Dealt to Heroes 12% 0.4%,https://thanosvibs.money/api/supports
sin,sin1,Rage Returned,Artifact Exclusive Skill,Basic Damage Dealt to Villains,12,12%,Side: Villain,5★ | Basic Damage Dealt to Villains 12% 0.4%,https://thanosvibs.money/api/supports
sin,sin1,Rage Returned,Artifact Exclusive Skill,Basic Damage Dealt to Heroes,15,15%,Side: Villain,6★ | Basic Damage Dealt to Heroes 15% 0.5%,https://thanosvibs.money/api/supports
sin,sin1,Rage Returned,Artifact Exclusive Skill,Basic Damage Dealt to Villains,15,15%,Side: Villain,6★ | Basic Damage Dealt to Villains 15% 0.5%,https://thanosvibs.money/api/supports
singularity,singularity,Secret Wars: A-Force,Leadership,Energy Attack,30,30%,,Energy Attack 30%,https://thanosvibs.money/api/supports
sistergrimm,sistergrimm2,Runaways,4★ Passive,Remove All Debuffs,15,N/A,Ability: Magic,When Debuffed | Cooldown 20s | Remove All Debuffs N/A 15,https://thanosvibs.money/api/supports
sleeper,sleeper,Modern,Leadership,All Basic Attacks,20,20%,,All Basic Attacks 20%,https://thanosvibs.money/api/supports
sleeper,sleeper,Modern,Leadership,All Basic Attacks,60,60%,Character: Venom,All Basic Attacks 60%,https://thanosvibs.money/api/supports
sleeper,sleeper,Modern,4★ Passive,Basic Damage Dealt to Villains,35,35%,Ability: Symbiote,Basic Damage Dealt to Villains 35%,https://thanosvibs.money/api/supports
sleeper,sleeper,Modern,4★ Passive,Basic Damage Received from Villains,-30,-30%,Ability: Symbiote,Basic Damage Received from Villains -30%,https://thanosvibs.money/api/supports
sleeper,sleeper,Modern,4★ Passive,Remove All Debuffs,12,N/A,Ability: Symbiote,When Debuffed | Cooldown 20s | Remove All Debuffs N/A 12,https://thanosvibs.money/api/supports
spectrum,spectrum,Modern,Leadership,Energy Attack,36,36%,,Energy Attack 36%,https://thanosvibs.money/api/supports
spectrum,spectrum,Modern,Leadership,Ignore Dodge,36,36%,,Ignore Dodge 36%,https://thanosvibs.money/api/supports
spidermanmilesmorales,milesmorales2,Absolute Carnage,Leadership,Debuff Duration,-24,-24%,,Debuff Duration -24%,https://thanosvibs.money/api/supports
spidermanmilesmorales,milesmorales2,Absolute Carnage,Leadership,All Basic Attacks,70,70%,Character: Carnage,All Basic Attacks 70%,https://thanosvibs.money/api/supports
spidermanmilesmorales,milesmorales2,Absolute Carnage,Leadership,Basic Damage Received,-20,-20%,Character: Carnage,Basic Damage Received -20%,https://thanosvibs.money/api/supports
spidermanmilesmorales,milesmorales3,Anniversary Special,Leadership,All Speeds,6,6%,,All Speeds 6%,https://thanosvibs.money/api/supports
spidermanmilesmorales,milesmorales3,Anniversary Special,Leadership,All Basic Attacks,70,70%,Character: Spider-Man,All Basic Attacks 70%,https://thanosvibs.money/api/supports
spidermanmilesmorales,milesmorales4,Spider-Man: Across the Spider-Verse,Leadership,All Speeds,6,6%,,All Speeds 6%,https://thanosvibs.money/api/supports
spidermanmilesmorales,milesmorales4,Spider-Man: Across the Spider-Verse,Leadership,All Basic Attacks,70,70%,Character: Spider-Man (Miles Morales),All Basic Attacks 70%,https://thanosvibs.money/api/supports
spiderman2099,spiderman2099,Modern,Leadership,Ignore Dodge,50,50%,,Ignore Dodge 50%,https://thanosvibs.money/api/supports
spiderwoman,spiderwoman,Modern,Leadership,Remove All Debuffs,12,N/A,Ability: Spider-Sense,When Debuffed | Cooldown 25s | Remove All Debuffs N/A 12,https://thanosvibs.money/api/supports
spiderwoman,spiderwoman,Modern,Leadership,All Basic Attacks,40,40%,Ability: Spider-Sense,When Debuffed | Cooldown 25s | All Basic Attacks 40% 12,https://thanosvibs.money/api/supports
spiderwoman,spiderwoman1,Spider-Man: Across the Spider-Verse,Leadership,All Basic Attacks,40,40%,Ability: Spider-Sense,All Basic Attacks 40%,https://thanosvibs.money/api/supports
spiderwoman,spiderwoman1,Spider-Man: Across the Spider-Verse,Leadership,Remove All Debuffs,12,N/A,Ability: Spider-Sense,When Debuffed | Cooldown 20s | Remove All Debuffs N/A 12,https://thanosvibs.money/api/supports
spiderwoman,spiderwoman1,Spider-Man: Across the Spider-Verse,Uniform Effect,Chain Hit Damage Received,-30,-30%,Ability: Spider-Sense,Chain Hit Damage Received -30%,https://thanosvibs.money/api/supports
spiderwoman,spiderwoman1,Spider-Man: Across the Spider-Verse,Uniform Effect,Ignore Dodge,25,25%,Ability: Spider-Sense,Ignore Dodge 25%,https://thanosvibs.money/api/supports
spiderwoman,spiderwoman1,Spider-Man: Across the Spider-Verse,Uniform Effect,Basic Damage Dealt to Boss Types,35,35%,Ability: Spider-Sense,Basic Damage Dealt to Boss Types 35%,https://thanosvibs.money/api/supports
squirrelgirl,squirrelgirl2,Nutty Titan,Uniform Effect,Basic Damage Dealt to Boss Types,60,60%,Character: Thanos,Basic Damage Dealt to Boss Types 60%,https://thanosvibs.money/api/supports
starlord,starlord4,Grounded,Leadership,Energy Attack,55,55%,Type: Blast,Energy Attack 55%,https://thanosvibs.money/api/supports
starlord,starlord,Guardians of the Galaxy,Leadership,Energy Attack,45,45%,Type: Blast,Energy Attack 45%,https://thanosvibs.money/api/supports
starlord,starlord2,Guardians of the Galaxy 2,Leadership,Energy Attack,50,50%,Type: Blast,Energy Attack 50%,https://thanosvibs.money/api/supports
starlord,starlord5,Marvel Studios' Guardians of the Galaxy 3,Leadership,Energy Attack,60,60%,Type: Blast,Energy Attack 60%,https://thanosvibs.money/api/supports
starlord,starlord6,Wastelanders,Leadership,Energy Attack,65,65%,Type: Blast,Energy Attack 65%,https://thanosvibs.money/api/supports
storm,storm3,Inhumans vs X-Men,4★ Passive,All Element Damage,35,35%,,All Element Damage 35%,https://thanosvibs.money/api/supports
storm,storm4,Krakoan Summer,4★ Passive,All Element Damage,55,55%,,All Element Damage 55%,https://thanosvibs.money/api/supports
storm,storm4,Krakoan Summer,4★ Passive,Ignore Dodge,30,30%,,Ignore Dodge 30%,https://thanosvibs.money/api/supports
storm,storm,Modern,4★ Passive,Lightning Immunity Chance,50,50%,,Lightning Immunity Chance 50%,https://thanosvibs.money/api/supports
storm,storm,Modern,4★ Passive,Lightning Damage,12,12%,,Lightning Damage 12%,https://thanosvibs.money/api/supports
stryfe,stryfe1,Classic,Leadership,All Basic Defenses,50,50%,,All Basic Defenses 50%,https://thanosvibs.money/api/supports
stryfe,stryfe1,Classic,Uniform Effect,Remove All Debuffs,12,N/A,,When Debuffed | Cooldown 20s | Remove All Debuffs N/A 12,https://thanosvibs.money/api/supports
stryfe,stryfe,Modern,Leadership,Remove All Debuffs,12,N/A,,When Debuffed | Cooldown 20s | Remove All Debuffs N/A 12,https://thanosvibs.money/api/supports
sunbird,sunbird,Modern,4★ Passive,Revive with % HP,50,50%,Ability: Warriors of the Sky,When Dead | Cooldown 300s | Revive with % HP N/A 50,https://thanosvibs.money/api/supports
sunbird,sunbird,Modern,Artifact Exclusive Skill,Basic Damage Received from Villains,10,10%,Ability: Warriors of the Sky,3★ | Basic Damage Received from Villains 10% 0.2%,https://thanosvibs.money/api/supports
sunbird,sunbird,Modern,Artifact Exclusive Skill,HP,10,10%,Ability: Warriors of the Sky,3★ | HP 10% 0.1%,https://thanosvibs.money/api/supports
sunbird,sunbird,Modern,Artifact Exclusive Skill,Basic Damage Received from Villains,13,13%,Ability: Warriors of the Sky,4★ | Basic Damage Received from Villains 13% 0.3%,https://thanosvibs.money/api/supports
sunbird,sunbird,Modern,Artifact Exclusive Skill,HP,13,13%,Ability: Warriors of the Sky,4★ | HP 13% 0.2%,https://thanosvibs.money/api/supports
sunbird,sunbird,Modern,Artifact Exclusive Skill,Basic Damage Received from Villains,16,16%,Ability: Warriors of the Sky,5★ | Basic Damage Received from Villains 16% 0.4%,https://thanosvibs.money/api/supports
sunbird,sunbird,Modern,Artifact Exclusive Skill,HP,16,16%,Ability: Warriors of the Sky,5★ | HP 16% 0.3%,https://thanosvibs.money/api/supports
sunbird,sunbird,Modern,Artifact Exclusive Skill,Basic Damage Received from Villains,20,20%,Ability: Warriors of the Sky,6★ | Basic Damage Received from Villains 20% 0.5%,https://thanosvibs.money/api/supports
sunbird,sunbird,Modern,Artifact Exclusive Skill,HP,20,20%,Ability: Warriors of the Sky,6★ | HP 20% 0.4%,https://thanosvibs.money/api/supports
sunbird,sunbird1,Moon Temple Defenders,4★ Passive,Revive with % HP,60,60%,Ability: Warriors of the Sky,When Dead | Cooldown 300s | Revive with % HP N/A 60,https://thanosvibs.money/api/supports
sunbird,sunbird1,Moon Temple Defenders,Artifact Exclusive Skill,Basic Damage Received from Villains,10,10%,Ability: Warriors of the Sky,3★ | Basic Damage Received from Villains 10% 0.2%,https://thanosvibs.money/api/supports
sunbird,sunbird1,Moon Temple Defenders,Artifact Exclusive Skill,HP,10,10%,Ability: Warriors of the Sky,3★ | HP 10% 0.1%,https://thanosvibs.money/api/supports
sunbird,sunbird1,Moon Temple Defenders,Artifact Exclusive Skill,Basic Damage Received from Villains,13,13%,Ability: Warriors of the Sky,4★ | Basic Damage Received from Villains 13% 0.3%,https://thanosvibs.money/api/supports
sunbird,sunbird1,Moon Temple Defenders,Artifact Exclusive Skill,HP,13,13%,Ability: Warriors of the Sky,4★ | HP 13% 0.2%,https://thanosvibs.money/api/supports
sunbird,sunbird1,Moon Temple Defenders,Artifact Exclusive Skill,Basic Damage Received from Villains,16,16%,Ability: Warriors of the Sky,5★ | Basic Damage Received from Villains 16% 0.4%,https://thanosvibs.money/api/supports
sunbird,sunbird1,Moon Temple Defenders,Artifact Exclusive Skill,HP,16,16%,Ability: Warriors of the Sky,5★ | HP 16% 0.3%,https://thanosvibs.money/api/supports
sunbird,sunbird1,Moon Temple Defenders,Artifact Exclusive Skill,Basic Damage Received from Villains,20,20%,Ability: Warriors of the Sky,6★ | Basic Damage Received from Villains 20% 0.5%,https://thanosvibs.money/api/supports
sunbird,sunbird1,Moon Temple Defenders,Artifact Exclusive Skill,HP,20,20%,Ability: Warriors of the Sky,6★ | HP 20% 0.4%,https://thanosvibs.money/api/supports
sunspot,sunspot,Marvel Animation's X-Men '97,4★ Passive,Fire Damage,40,40%,,Fire Damage 40%,https://thanosvibs.money/api/supports
supergiant,supergiant,Infinity,Leadership,Remove All Debuffs,20,N/A,,When Debuffed | Cooldown 25s | Remove All Debuffs N/A 20,https://thanosvibs.money/api/supports
swordmaster,swordmaster1,Classic,Leadership,All Basic Defenses,50,50%,Side: Hero,All Basic Defenses 50%,https://thanosvibs.money/api/supports
swordmaster,swordmaster1,Classic,Leadership,HP,30,30%,Side: Hero,HP 30%,https://thanosvibs.money/api/supports
taskmaster,taskmaster1,Marvel Studios' Black Widow,Tier-2 Passive,Guaranteed Critical Rate,20,20%,Ability: Weapons Master,Guaranteed Critical Rate 20%,https://thanosvibs.money/api/supports
taskmaster,taskmaster1,Marvel Studios' Black Widow,Tier-2 Passive,Ignore Dodge,20,20%,Ability: Weapons Master,Ignore Dodge 20%,https://thanosvibs.money/api/supports
taskmaster,taskmaster1,Marvel Studios' Black Widow,Tier-2 Passive,Skill Damage,25,25%,Ability: Weapons Master,Skill Damage 25%,https://thanosvibs.money/api/supports
taskmaster,taskmaster1,Marvel Studios' Black Widow,Tier-2 Passive,Bonus Damage,20,20%,Ability: Weapons Master,Bonus Damage 20%,https://thanosvibs.money/api/supports
taskmaster,taskmaster1,Marvel Studios' Black Widow,Uniform Effect,Basic Damage Dealt to Villains,40,40%,,Basic Damage Dealt to Villains 40%,https://thanosvibs.money/api/supports
taskmaster,taskmaster1,Marvel Studios' Black Widow,Uniform Effect,Basic Damage Dealt to Heroes,40,40%,,Basic Damage Dealt to Heroes 40%,https://thanosvibs.money/api/supports
taskmaster,taskmaster2,Marvel Studios' Thunderbolts*,Tier-2 Passive,Chain Hit Damage Received,-30,-30%,Ability: Thunderbolts,Chain Hit Damage Received -30%,https://thanosvibs.money/api/supports
taskmaster,taskmaster2,Marvel Studios' Thunderbolts*,Tier-2 Passive,Guaranteed Critical Rate,20,20%,Ability: Thunderbolts,Guaranteed Critical Rate 20%,https://thanosvibs.money/api/supports
taskmaster,taskmaster2,Marvel Studios' Thunderbolts*,Tier-2 Passive,Ignore Dodge,20,20%,Ability: Thunderbolts,Ignore Dodge 20%,https://thanosvibs.money/api/supports
taskmaster,taskmaster2,Marvel Studios' Thunderbolts*,Uniform Effect,Basic Damage Dealt to Villains,45,45%,,Basic Damage Dealt to Villains 45%,https://thanosvibs.money/api/supports
taskmaster,taskmaster2,Marvel Studios' Thunderbolts*,Uniform Effect,Basic Damage Dealt to Heroes,45,45%,,Basic Damage Dealt to Heroes 45%,https://thanosvibs.money/api/supports
taskmaster,taskmaster,Modern,Tier-2 Passive,Guaranteed Critical Rate,20,20%,Ability: Weapons Master,Guaranteed Critical Rate 20%,https://thanosvibs.money/api/supports
taskmaster,taskmaster,Modern,Tier-2 Passive,Ignore Dodge,20,20%,Ability: Weapons Master,Ignore Dodge 20%,https://thanosvibs.money/api/supports
taskmaster,taskmaster,Modern,Tier-2 Passive,Skill Damage,25,25%,Ability: Weapons Master,Skill Damage 25%,https://thanosvibs.money/api/supports
taskmaster,taskmaster,Modern,Tier-2 Passive,Bonus Damage,20,20%,Ability: Weapons Master,Bonus Damage 20%,https://thanosvibs.money/api/supports
thane,thane,Modern,Leadership,Remove All Debuffs,12,N/A,,When Debuffed | Cooldown 25s | Remove All Debuffs N/A 12,https://thanosvibs.money/api/supports
thane,thane,Modern,Leadership,All Basic Attacks,25,25%,,When Debuffed | Cooldown 25s | All Basic Attacks 25% 12,https://thanosvibs.money/api/supports
thanos,thanos,Infinity,Leadership,All Basic Attacks,36,36%,Side: Villain,All Basic Attacks 36%,https://thanosvibs.money/api/supports
thanos,thanos,Infinity,Leadership,All Basic Defenses,36,36%,Side: Villain,All Basic Defenses 36%,https://thanosvibs.money/api/supports
thanos,thanos,Infinity,Leadership,Debuff Duration,-30,-30%,Side: Villain,Debuff Duration -30%,https://thanosvibs.money/api/supports
thanos,thanos4,Obsidian King,Leadership,Remove All Debuffs,12,N/A,Side: Villain,When Debuffed | Cooldown 20s | Remove All Debuffs N/A 12,https://thanosvibs.money/api/supports
thanos,thanos4,Obsidian King,Leadership,All Basic Attacks,25,25%,Side: Villain,When Debuffed | Cooldown 20s | All Basic Attacks 25% 12,https://thanosvibs.money/api/supports
thanos,thanos4,Obsidian King,Leadership,All Basic Defenses,25,25%,Side: Villain,When Debuffed | Cooldown 20s | All Basic Defenses 25% 12,https://thanosvibs.money/api/supports
thanos,thanos5,Wise Harvester,Leadership,All Basic Attacks,50,50%,Side: Villain,All Basic Attacks 50%,https://thanosvibs.money/api/supports
thanos,thanos5,Wise Harvester,Leadership,All Basic Defenses,40,40%,Side: Villain,All Basic Defenses 40%,https://thanosvibs.money/api/supports
thanos,thanos5,Wise Harvester,Leadership,Remove All Debuffs,12,N/A,Side: Villain,When Debuffed | Cooldown 20s | Remove All Debuffs N/A 12,https://thanosvibs.money/api/supports
thehood,thehood,Marvel Television's Ironheart,Leadership,All Basic Attacks,60,60%,,All Basic Attacks 60%,https://thanosvibs.money/api/supports
thething,thing2,Classic,Tier-2 Passive,All Basic Attacks,40,40%,Ability: Fantastic Four,All Basic Attacks 40%,https://thanosvibs.money/api/supports
thething,thing2,Classic,Tier-2 Passive,Physical Reflect Damage Received,-50,-50%,Ability: Fantastic Four,Physical Reflect Damage Received -50%,https://thanosvibs.money/api/supports
thething,thing2,Classic,Tier-2 Passive,"Super Armor, All Basic Defenses",25,25%,Ability: Fantastic Four,"Super Armor, All Basic Defenses 25%",https://thanosvibs.money/api/supports
thething,thing2,Classic,Tier-2 Passive,Basic Damage Dealt to Boss Types,25,25%,Ability: Fantastic Four,Basic Damage Dealt to Boss Types 25%,https://thanosvibs.money/api/supports
thething,thing4,Marvel Studios' The Fantastic Four: First Steps,Tier-2 Passive,All Basic Attacks,45,45%,Ability: Fantastic Four,All Basic Attacks 45%,https://thanosvibs.money/api/supports
thething,thing4,Marvel Studios' The Fantastic Four: First Steps,Tier-2 Passive,All Reflect Damage Received,-50,-50%,Ability: Fantastic Four,All Reflect Damage Received -50%,https://thanosvibs.money/api/supports
thething,thing4,Marvel Studios' The Fantastic Four: First Steps,Tier-2 Passive,"Super Armor, All Basic Defenses",25,25%,Ability: Fantastic Four,"Super Armor, All Basic Defenses 25%",https://thanosvibs.money/api/supports
thething,thing4,Marvel Studios' The Fantastic Four: First Steps,Tier-2 Passive,Basic Damage Dealt to Villains,35,35%,Ability: Fantastic Four,Basic Damage Dealt to Villains 35%,https://thanosvibs.money/api/supports
thething,thing4,Marvel Studios' The Fantastic Four: First Steps,Uniform Effect,HP,35,35%,Allies: Fantastic Four,HP 35%,https://thanosvibs.money/api/supports
thething,thing,Modern,Tier-2 Passive,All Basic Attacks,40,40%,Ability: Fantastic Four,All Basic Attacks 40%,https://thanosvibs.money/api/supports
thething,thing,Modern,Tier-2 Passive,Physical Reflect Damage Received,-50,-50%,Ability: Fantastic Four,Physical Reflect Damage Received -50%,https://thanosvibs.money/api/supports
thething,thing,Modern,Tier-2 Passive,"Super Armor, All Basic Defenses",5,5%,Ability: Fantastic Four,"Super Armor, All Basic Defenses 5%",https://thanosvibs.money/api/supports
thething,thing3,The Fall of the Fantastic Four,Tier-2 Passive,All Basic Attacks,45,45%,Ability: Fantastic Four,All Basic Attacks 45%,https://thanosvibs.money/api/supports
thething,thing3,The Fall of the Fantastic Four,Tier-2 Passive,All Reflect Damage Received,-50,-50%,Ability: Fantastic Four,All Reflect Damage Received -50%,https://thanosvibs.money/api/supports
thething,thing3,The Fall of the Fantastic Four,Tier-2 Passive,"Super Armor, All Basic Defenses",25,25%,Ability: Fantastic Four,"Super Armor, All Basic Defenses 25%",https://thanosvibs.money/api/supports
thething,thing3,The Fall of the Fantastic Four,Tier-2 Passive,Basic Damage Dealt to Boss Types,35,35%,Ability: Fantastic Four,Basic Damage Dealt to Boss Types 35%,https://thanosvibs.money/api/supports
thething,thing3,The Fall of the Fantastic Four,Uniform Effect,HP,25,25%,Allies: Fantastic Four,HP 25%,https://thanosvibs.money/api/supports
thena,thena,Modern,Leadership,All Basic Attacks,50,50%,,All Basic Attacks 50%,https://thanosvibs.money/api/supports
thena,thena,Modern,Leadership,All Basic Defenses,20,20%,,All Basic Defenses 20%,https://thanosvibs.money/api/supports
thorjanefoster,janefoster1,Marvel Studios' Thor: Love and Thunder,4★ Passive,Ignore Dodge,30,30%,Ability: Shock,Ignore Dodge 30%,https://thanosvibs.money/api/supports
thorjanefoster,janefoster1,Marvel Studios' Thor: Love and Thunder,4★ Passive,Lightning Damage,40,40%,Ability: Shock,Lightning Damage 40%,https://thanosvibs.money/api/supports
titania,titania1,Fear Itself,Leadership,Physical Attack,60,60%,Type: Combat,Physical Attack 60%,https://thanosvibs.money/api/supports
titania,titania1,Fear Itself,4★ Passive,All Basic Attacks,25,25%,Ability: Strong,All Basic Attacks 25%,https://thanosvibs.money/api/supports
titania,titania,Modern,Leadership,Physical Attack,50,50%,Type: Combat,Physical Attack 50%,https://thanosvibs.money/api/supports
toxin,toxin,Modern,Leadership,Physical Attack,30,30%,,Physical Attack 30%,https://thanosvibs.money/api/supports
usagent,usagent,Marvel Studios' Thunderbolts*,Leadership,All Basic Attacks,30,30%,Ability: Thunderbolts,All Basic Attacks 30%,https://thanosvibs.money/api/supports
usagent,usagent,Marvel Studios' Thunderbolts*,Leadership,HP,40,40%,Ability: Thunderbolts,HP 40%,https://thanosvibs.money/api/supports
ulik,ulik,Modern,Leadership,Physical Attack,30,30%,,Physical Attack 30%,https://thanosvibs.money/api/supports
ultron,ultron5,All-Father Ultron,Leadership,All Basic Attacks,65,65%,Ability: Machine,All Basic Attacks 65%,https://thanosvibs.money/api/supports
ultron,ultron4,Marvel Studios' What If...?,Leadership,All Basic Attacks,55,55%,Ability: Machine,All Basic Attacks 55%,https://thanosvibs.money/api/supports
ultron,ultron,Modern,Leadership,All Basic Attacks,24,24%,,All Basic Attacks 24%,https://thanosvibs.money/api/supports
ulyssesklaue,ulyssesklaue,Marvel Studios' Black Panther,4★ Passive,Critical Damage,30,30%,,Critical Damage 30%,https://thanosvibs.money/api/supports
valeriarichards,valeriarichards,Modern,Leadership,HP,25,25%,Ability: Fantastic Four,HP 25%,https://thanosvibs.money/api/supports
valeriarichards,valeriarichards,Modern,Leadership,All Basic Attacks,55,55%,Ability: Fantastic Four,All Basic Attacks 55%,https://thanosvibs.money/api/supports
valeriarichards,valeriarichards,Modern,Artifact Exclusive Skill,Basic Damage Dealt to Villains,8,8%,Ability: Fantastic Four,3★ | Basic Damage Dealt to Villains 8% 0.2%,https://thanosvibs.money/api/supports
valeriarichards,valeriarichards,Modern,Artifact Exclusive Skill,All Basic Attacks,5,5%,Ability: Fantastic Four,3★ | All Basic Attacks 5% 0.2%,https://thanosvibs.money/api/supports
valeriarichards,valeriarichards,Modern,Artifact Exclusive Skill,Basic Damage Dealt to Boss Types,10,10%,Ability: Fantastic Four,3★ | Basic Damage Dealt to Boss Types 10% 0.1%,https://thanosvibs.money/api/supports
valeriarichards,valeriarichards,Modern,Artifact Exclusive Skill,Basic Damage Dealt to Villains,12,12%,Ability: Fantastic Four,4★ | Basic Damage Dealt to Villains 12% 0.2%,https://thanosvibs.money/api/supports
valeriarichards,valeriarichards,Modern,Artifact Exclusive Skill,All Basic Attacks,8,8%,Ability: Fantastic Four,4★ | All Basic Attacks 8% 0.3%,https://thanosvibs.money/api/supports
valeriarichards,valeriarichards,Modern,Artifact Exclusive Skill,Basic Damage Dealt to Boss Types,13,13%,Ability: Fantastic Four,4★ | Basic Damage Dealt to Boss Types 13% 0.15%,https://thanosvibs.money/api/supports
valeriarichards,valeriarichards,Modern,Artifact Exclusive Skill,Basic Damage Dealt to Villains,16,16%,Ability: Fantastic Four,5★ | Basic Damage Dealt to Villains 16% 0.2%,https://thanosvibs.money/api/supports
valeriarichards,valeriarichards,Modern,Artifact Exclusive Skill,All Basic Attacks,11,11%,Ability: Fantastic Four,5★ | All Basic Attacks 11% 0.4%,https://thanosvibs.money/api/supports
valeriarichards,valeriarichards,Modern,Artifact Exclusive Skill,Basic Damage Dealt to Boss Types,16,16%,Ability: Fantastic Four,5★ | Basic Damage Dealt to Boss Types 16% 0.2%,https://thanosvibs.money/api/supports
valeriarichards,valeriarichards,Modern,Artifact Exclusive Skill,Basic Damage Dealt to Villains,20,20%,Ability: Fantastic Four,6★ | Basic Damage Dealt to Villains 20% 0.5%,https://thanosvibs.money/api/supports
valeriarichards,valeriarichards,Modern,Artifact Exclusive Skill,All Basic Attacks,15,15%,Ability: Fantastic Four,6★ | All Basic Attacks 15% 0.5%,https://thanosvibs.money/api/supports
valeriarichards,valeriarichards,Modern,Artifact Exclusive Skill,Basic Damage Dealt to Boss Types,20,20%,Ability: Fantastic Four,6★ | Basic Damage Dealt to Boss Types 20% 0.3%,https://thanosvibs.money/api/supports
valkyrie,valkyrie3,Asgardians of the Galaxy,Tier-2 Passive,Ignore Dodge,40,40%,,Ignore Dodge 40%,https://thanosvibs.money/api/supports
valkyrie,valkyrie3,Asgardians of the Galaxy,Tier-2 Passive,Basic Damage Dealt to Villains,60,60%,,Basic Damage Dealt to Villains 60%,https://thanosvibs.money/api/supports
valkyrie,valkyrie3,Asgardians of the Galaxy,Tier-2 Passive,Basic Damage Received from Villains,-25,-25%,,Basic Damage Received from Villains -25%,https://thanosvibs.money/api/supports
valkyrie,valkyrie3,Asgardians of the Galaxy,Artifact Exclusive Skill,Basic Damage Dealt to Boss Types,5,5%,,3★ | Basic Damage Dealt to Boss Types 5% 0.1%,https://thanosvibs.money/api/supports
valkyrie,valkyrie3,Asgardians of the Galaxy,Artifact Exclusive Skill,Basic Damage Dealt to Boss Types,8,8%,,4★ | Basic Damage Dealt to Boss Types 8% 0.1%,https://thanosvibs.money/api/supports
valkyrie,valkyrie3,Asgardians of the Galaxy,Artifact Exclusive Skill,Basic Damage Dealt to Boss Types,11,11%,,5★ | Basic Damage Dealt to Boss Types 11% 0.1%,https://thanosvibs.money/api/supports
valkyrie,valkyrie3,Asgardians of the Galaxy,Artifact Exclusive Skill,Basic Damage Dealt to Boss Types,15,15%,,6★ | Basic Damage Dealt to Boss Types 15% 0.1%,https://thanosvibs.money/api/supports
valkyrie,valkyrie1,Fearless Defenders,Tier-2 Passive,Ignore Dodge,30,30%,,Ignore Dodge 30%,https://thanosvibs.money/api/supports
valkyrie,valkyrie1,Fearless Defenders,Tier-2 Passive,Basic Damage Dealt to Villains,50,50%,,Basic Damage Dealt to Villains 50%,https://thanosvibs.money/api/supports
valkyrie,valkyrie1,Fearless Defenders,Tier-2 Passive,Basic Damage Received from Villains,-25,-25%,,Basic Damage Received from Villains -25%,https://thanosvibs.money/api/supports
valkyrie,valkyrie1,Fearless Defenders,Artifact Exclusive Skill,Basic Damage Dealt to Boss Types,5,5%,,3★ | Basic Damage Dealt to Boss Types 5% 0.1%,https://thanosvibs.money/api/supports
valkyrie,valkyrie1,Fearless Defenders,Artifact Exclusive Skill,Basic Damage Dealt to Boss Types,8,8%,,4★ | Basic Damage Dealt to Boss Types 8% 0.1%,https://thanosvibs.money/api/supports
valkyrie,valkyrie1,Fearless Defenders,Artifact Exclusive Skill,Basic Damage Dealt to Boss Types,11,11%,,5★ | Basic Damage Dealt to Boss Types 11% 0.1%,https://thanosvibs.money/api/supports
valkyrie,valkyrie1,Fearless Defenders,Artifact Exclusive Skill,Basic Damage Dealt to Boss Types,15,15%,,6★ | Basic Damage Dealt to Boss Types 15% 0.1%,https://thanosvibs.money/api/supports
valkyrie,valkyrie2,Marvel Studios' Thor: Love and Thunder,Tier-2 Passive,Ignore Dodge,35,35%,,Ignore Dodge 35%,https://thanosvibs.money/api/supports
valkyrie,valkyrie2,Marvel Studios' Thor: Love and Thunder,Tier-2 Passive,Basic Damage Dealt to Villains,55,55%,,Basic Damage Dealt to Villains 55%,https://thanosvibs.money/api/supports
valkyrie,valkyrie2,Marvel Studios' Thor: Love and Thunder,Tier-2 Passive,Basic Damage Received from Villains,-25,-25%,,Basic Damage Received from Villains -25%,https://thanosvibs.money/api/supports
valkyrie,valkyrie2,Marvel Studios' Thor: Love and Thunder,Artifact Exclusive Skill,Basic Damage Dealt to Boss Types,5,5%,,3★ | Basic Damage Dealt to Boss Types 5% 0.1%,https://thanosvibs.money/api/supports
valkyrie,valkyrie2,Marvel Studios' Thor: Love and Thunder,Artifact Exclusive Skill,Basic Damage Dealt to Boss Types,8,8%,,4★ | Basic Damage Dealt to Boss Types 8% 0.1%,https://thanosvibs.money/api/supports
valkyrie,valkyrie2,Marvel Studios' Thor: Love and Thunder,Artifact Exclusive Skill,Basic Damage Dealt to Boss Types,11,11%,,5★ | Basic Damage Dealt to Boss Types 11% 0.1%,https://thanosvibs.money/api/supports
valkyrie,valkyrie2,Marvel Studios' Thor: Love and Thunder,Artifact Exclusive Skill,Basic Damage Dealt to Boss Types,15,15%,,6★ | Basic Damage Dealt to Boss Types 15% 0.1%,https://thanosvibs.money/api/supports
valkyrie,valkyrie,Marvel Studios' Thor: Ragnarok,Tier-2 Passive,Basic Damage Dealt to Villains,45,45%,,Basic Damage Dealt to Villains 45%,https://thanosvibs.money/api/supports
valkyrie,valkyrie,Marvel Studios' Thor: Ragnarok,Tier-2 Passive,Basic Damage Received from Villains,-15,-15%,,Basic Damage Received from Villains -15%,https://thanosvibs.money/api/supports
valkyrie,valkyrie,Marvel Studios' Thor: Ragnarok,Artifact Exclusive Skill,Basic Damage Dealt to Boss Types,5,5%,,3★ | Basic Damage Dealt to Boss Types 5% 0.1%,https://thanosvibs.money/api/supports
valkyrie,valkyrie,Marvel Studios' Thor: Ragnarok,Artifact Exclusive Skill,Basic Damage Dealt to Boss Types,8,8%,,4★ | Basic Damage Dealt to Boss Types 8% 0.1%,https://thanosvibs.money/api/supports
valkyrie,valkyrie,Marvel Studios' Thor: Ragnarok,Artifact Exclusive Skill,Basic Damage Dealt to Boss Types,11,11%,,5★ | Basic Damage Dealt to Boss Types 11% 0.1%,https://thanosvibs.money/api/supports
valkyrie,valkyrie,Marvel Studios' Thor: Ragnarok,Artifact Exclusive Skill,Basic Damage Dealt to Boss Types,15,15%,,6★ | Basic Damage Dealt to Boss Types 15% 0.1%,https://thanosvibs.money/api/supports
venusaphrodite,venus,Incredible Hercules,Leadership,Remove All Debuffs,12,N/A,Ability: Olympus,When Debuffed | Cooldown 20s | Remove All Debuffs N/A 12,https://thanosvibs.money/api/supports
venusaphrodite,venus,Incredible Hercules,Tier-2 Passive,Basic Damage Dealt to Villains,45,45%,Ability: Olympus,Basic Damage Dealt to Villains 45%,https://thanosvibs.money/api/supports
venusaphrodite,venus,Incredible Hercules,Tier-2 Passive,Basic Damage Received from Villains,35,35%,Ability: Olympus,Basic Damage Received from Villains 35%,https://thanosvibs.money/api/supports
victorious,victorious1,Emperor Guarder,Leadership,All Basic Attacks,35,35%,,All Basic Attacks 35%,https://thanosvibs.money/api/supports
victorious,victorious1,Emperor Guarder,Leadership,Energy Attack,65,65%,Character: Doctor Doom,Energy Attack 65%,https://thanosvibs.money/api/supports
victorious,victorious1,Emperor Guarder,4★ Passive,HP,40,40%,,HP 40%,https://thanosvibs.money/api/supports
victorious,victorious1,Emperor Guarder,Artifact Exclusive Skill,Ignore Dodge,6,6%,Type: Universal,3★ | Ignore Dodge 6% 0.2%,https://thanosvibs.money/api/supports
victorious,victorious1,Emperor Guarder,Artifact Exclusive Skill,All Basic Attacks,10,10%,Type: Universal,3★ | All Basic Attacks 10% 0.2%,https://thanosvibs.money/api/supports
victorious,victorious1,Emperor Guarder,Artifact Exclusive Skill,Ignore Dodge,9,9%,Type: Universal,4★ | Ignore Dodge 9% 0.3%,https://thanosvibs.money/api/supports
victorious,victorious1,Emperor Guarder,Artifact Exclusive Skill,All Basic Attacks,13,13%,Type: Universal,4★ | All Basic Attacks 13% 0.3%,https://thanosvibs.money/api/supports
victorious,victorious1,Emperor Guarder,Artifact Exclusive Skill,Ignore Dodge,12,12%,Type: Universal,5★ | Ignore Dodge 12% 0.4%,https://thanosvibs.money/api/supports
victorious,victorious1,Emperor Guarder,Artifact Exclusive Skill,All Basic Attacks,16,16%,Type: Universal,5★ | All Basic Attacks 16% 0.4%,https://thanosvibs.money/api/supports
victorious,victorious1,Emperor Guarder,Artifact Exclusive Skill,Ignore Dodge,15,15%,Type: Universal,6★ | Ignore Dodge 15% 0.5%,https://thanosvibs.money/api/supports
victorious,victorious1,Emperor Guarder,Artifact Exclusive Skill,All Basic Attacks,20,20%,Type: Universal,6★ | All Basic Attacks 20% 0.5%,https://thanosvibs.money/api/supports
victorious,victorious,Modern,Leadership,All Basic Attacks,35,35%,,All Basic Attacks 35%,https://thanosvibs.money/api/supports
victorious,victorious,Modern,Leadership,Basic Damage Received,-20,-20%,Character: Doctor Doom,Basic Damage Received -20%,https://thanosvibs.money/api/supports
victorious,victorious,Modern,Leadership,Energy Attack,25,25%,Character: Doctor Doom,Energy Attack 25%,https://thanosvibs.money/api/supports
victorious,victorious,Modern,4★ Passive,HP,30,30%,,HP 30%,https://thanosvibs.money/api/supports
victorious,victorious,Modern,Artifact Exclusive Skill,Ignore Dodge,6,6%,Type: Universal,3★ | Ignore Dodge 6% 0.2%,https://thanosvibs.money/api/supports
victorious,victorious,Modern,Artifact Exclusive Skill,All Basic Attacks,10,10%,Type: Universal,3★ | All Basic Attacks 10% 0.2%,https://thanosvibs.money/api/supports
victorious,victorious,Modern,Artifact Exclusive Skill,Ignore Dodge,9,9%,Type: Universal,4★ | Ignore Dodge 9% 0.3%,https://thanosvibs.money/api/supports
victorious,victorious,Modern,Artifact Exclusive Skill,All Basic Attacks,13,13%,Type: Universal,4★ | All Basic Attacks 13% 0.3%,https://thanosvibs.money/api/supports
victorious,victorious,Modern,Artifact Exclusive Skill,Ignore Dodge,12,12%,Type: Universal,5★ | Ignore Dodge 12% 0.4%,https://thanosvibs.money/api/supports
victorious,victorious,Modern,Artifact Exclusive Skill,All Basic Attacks,16,16%,Type: Universal,5★ | All Basic Attacks 16% 0.4%,https://thanosvibs.money/api/supports
victorious,victorious,Modern,Artifact Exclusive Skill,Ignore Dodge,15,15%,Type: Universal,6★ | Ignore Dodge 15% 0.5%,https://thanosvibs.money/api/supports
victorious,victorious,Modern,Artifact Exclusive Skill,All Basic Attacks,20,20%,Type: Universal,6★ | All Basic Attacks 20% 0.5%,https://thanosvibs.money/api/supports
viper,viper,Modern,Leadership,Poison Damage,40,40%,,Poison Damage 40%,https://thanosvibs.money/api/supports
vision,vision3,Marvel Studios' WandaVision,Leadership,All Basic Attacks,20,20%,,All Basic Attacks 20%,https://thanosvibs.money/api/supports
vision,vision3,Marvel Studios' WandaVision,Leadership,All Basic Attacks,50,50%,Character: Scarlet Witch,All Basic Attacks 50%,https://thanosvibs.money/api/supports
vision,vision3,Marvel Studios' WandaVision,Artifact Exclusive Skill,Heal,40,40%,Ability: Machine,3★ | When HP is below 25%-40% (depending on level) | Cooldown 300s | Heal 40% 0.3%,https://thanosvibs.money/api/supports
vision,vision3,Marvel Studios' WandaVision,Artifact Exclusive Skill,Heal,50,50%,Ability: Machine,4★ | When HP is below 25%-40% (depending on level) | Cooldown 300s | Heal 50% 0.3%,https://thanosvibs.money/api/supports
vision,vision3,Marvel Studios' WandaVision,Artifact Exclusive Skill,Heal,60,60%,Ability: Machine,5★ | When HP is below 25%-40% (depending on level) | Cooldown 300s | Heal 60% 0.3%,https://thanosvibs.money/api/supports
vision,vision3,Marvel Studios' WandaVision,Artifact Exclusive Skill,Heal,70,70%,Ability: Machine,6★ | When HP is below 25%-40% (depending on level) | Cooldown 300s | Heal 70% 0.3%,https://thanosvibs.money/api/supports
vision,vision,Modern,Artifact Exclusive Skill,Heal,40,40%,Ability: Machine,3★ | When HP is below 25%-40% (depending on level) | Cooldown 300s | Heal 40% 0.3%,https://thanosvibs.money/api/supports
vision,vision,Modern,Artifact Exclusive Skill,Heal,50,50%,Ability: Machine,4★ | When HP is below 25%-40% (depending on level) | Cooldown 300s | Heal 50% 0.3%,https://thanosvibs.money/api/supports
vision,vision,Modern,Artifact Exclusive Skill,Heal,60,60%,Ability: Machine,5★ | When HP is below 25%-40% (depending on level) | Cooldown 300s | Heal 60% 0.3%,https://thanosvibs.money/api/supports
vision,vision,Modern,Artifact Exclusive Skill,Heal,70,70%,Ability: Machine,6★ | When HP is below 25%-40% (depending on level) | Cooldown 300s | Heal 70% 0.3%,https://thanosvibs.money/api/supports
vision,vision4,Ultimate Vision,Leadership,All Basic Attacks,45,45%,,All Basic Attacks 45%,https://thanosvibs.money/api/supports
vision,vision4,Ultimate Vision,Leadership,All Basic Defenses,25,25%,,All Basic Defenses 25%,https://thanosvibs.money/api/supports
vision,vision4,Ultimate Vision,Tier-2 Passive,Remove All Debuffs,12,N/A,Ability: Machine,When Debuffed | Cooldown 20s | Remove All Debuffs N/A 12,https://thanosvibs.money/api/supports
vision,vision4,Ultimate Vision,Artifact Exclusive Skill,Heal,40,40%,Ability: Machine,3★ | When HP is below 25%-40% (depending on level) | Cooldown 300s | Heal 40% 0.3%,https://thanosvibs.money/api/supports
vision,vision4,Ultimate Vision,Artifact Exclusive Skill,Heal,50,50%,Ability: Machine,4★ | When HP is below 25%-40% (depending on level) | Cooldown 300s | Heal 50% 0.3%,https://thanosvibs.money/api/supports
vision,vision4,Ultimate Vision,Artifact Exclusive Skill,Heal,60,60%,Ability: Machine,5★ | When HP is below 25%-40% (depending on level) | Cooldown 300s | Heal 60% 0.3%,https://thanosvibs.money/api/supports
vision,vision4,Ultimate Vision,Artifact Exclusive Skill,Heal,70,70%,Ability: Machine,6★ | When HP is below 25%-40% (depending on level) | Cooldown 300s | Heal 70% 0.3%,https://thanosvibs.money/api/supports
volstagg,volstagg,Modern,Tier-2 Passive,Basic Damage Received,-20,-20%,Side: Hero,Basic Damage Received -20%,https://thanosvibs.money/api/supports
warmachine,warmachine7,3099,Leadership,Physical Attack,30,30%,,Physical Attack 30%,https://thanosvibs.money/api/supports
warmachine,warmachine7,3099,4★ Passive,All Basic Attacks,40,40%,Ability: Machine,All Basic Attacks 40%,https://thanosvibs.money/api/supports
warmachine,warmachine7,3099,4★ Passive,All Basic Defenses,40,40%,Ability: Machine,All Basic Defenses 40%,https://thanosvibs.money/api/supports
warmachine,warmachine7,3099,4★ Passive,HP,30,30%,Ability: Machine,HP 30%,https://thanosvibs.money/api/supports
warmachine,warmachine8,Invincible Iron Man,Leadership,All Basic Attacks,40,40%,Type: Blast,All Basic Attacks 40%,https://thanosvibs.money/api/supports
warmachine,warmachine8,Invincible Iron Man,4★ Passive,Basic Damage Dealt to Villains,40,40%,Ability: Machine,Basic Damage Dealt to Villains 40%,https://thanosvibs.money/api/supports
warmachine,warmachine8,Invincible Iron Man,4★ Passive,Basic Damage Received from Villains,20,20%,Ability: Machine,Basic Damage Received from Villains 20%,https://thanosvibs.money/api/supports
warmachine,warmachine8,Invincible Iron Man,4★ Passive,HP,30,30%,Ability: Machine,HP 30%,https://thanosvibs.money/api/supports
warmachine,warmachine,Modern,Leadership,Physical Attack,30,30%,,Physical Attack 30%,https://thanosvibs.money/api/supports
warwolf,warwolf,The Howling Commandos of S.H.I.E.L.D.,Tier-2 Passive,Critical Damage,30,30%,,Critical Damage 30%,https://thanosvibs.money/api/supports
warwolf,warwolf,The Howling Commandos of S.H.I.E.L.D.,Tier-2 Passive,Guaranteed Critical Rate,20,20%,,Guaranteed Critical Rate 20%,https://thanosvibs.money/api/supports
warwolf,warwolf,The Howling Commandos of S.H.I.E.L.D.,Artifact Exclusive Skill,Basic Damage Dealt to Heroes,6,6%,Side: Hero,3★ | Basic Damage Dealt to Heroes 6% 0.2%,https://thanosvibs.money/api/supports
warwolf,warwolf,The Howling Commandos of S.H.I.E.L.D.,Artifact Exclusive Skill,Basic Damage Dealt to Villains,6,6%,Side: Hero,3★ | Basic Damage Dealt to Villains 6% 0.2%,https://thanosvibs.money/api/supports
warwolf,warwolf,The Howling Commandos of S.H.I.E.L.D.,Artifact Exclusive Skill,Basic Damage Dealt to Heroes,9,9%,Side: Hero,4★ | Basic Damage Dealt to Heroes 9% 0.3%,https://thanosvibs.money/api/supports
warwolf,warwolf,The Howling Commandos of S.H.I.E.L.D.,Artifact Exclusive Skill,Basic Damage Dealt to Villains,9,9%,Side: Hero,4★ | Basic Damage Dealt to Villains 9% 0.3%,https://thanosvibs.money/api/supports
warwolf,warwolf,The Howling Commandos of S.H.I.E.L.D.,Artifact Exclusive Skill,Basic Damage Dealt to Heroes,12,12%,Side: Hero,5★ | Basic Damage Dealt to Heroes 12% 0.4%,https://thanosvibs.money/api/supports
warwolf,warwolf,The Howling Commandos of S.H.I.E.L.D.,Artifact Exclusive Skill,Basic Damage Dealt to Villains,12,12%,Side: Hero,5★ | Basic Damage Dealt to Villains 12% 0.4%,https://thanosvibs.money/api/supports
warwolf,warwolf,The Howling Commandos of S.H.I.E.L.D.,Artifact Exclusive Skill,Basic Damage Dealt to Heroes,15,15%,Side: Hero,6★ | Basic Damage Dealt to Heroes 15% 0.5%,https://thanosvibs.money/api/supports
warwolf,warwolf,The Howling Commandos of S.H.I.E.L.D.,Artifact Exclusive Skill,Basic Damage Dealt to Villains,15,15%,Side: Hero,6★ | Basic Damage Dealt to Villains 15% 0.5%,https://thanosvibs.money/api/supports
wasp,wasp3,Ant-Man and the Wasp: Quantumania,Leadership,All Basic Attacks,30,30%,,All Basic Attacks 30%,https://thanosvibs.money/api/supports
wasp,wasp3,Ant-Man and the Wasp: Quantumania,Leadership,All Basic Defenses,20,20%,,All Basic Defenses 20%,https://thanosvibs.money/api/supports
wasp,wasp3,Ant-Man and the Wasp: Quantumania,Leadership,All Speeds,10,10%,,All Speeds 10%,https://thanosvibs.money/api/supports
wasp,wasp3,Ant-Man and the Wasp: Quantumania,Tier-2 Passive,Remove All Debuffs,20,N/A,,When Debuffed | Cooldown 25s | Remove All Debuffs N/A 20,https://thanosvibs.money/api/supports
wasp,wasp3,Ant-Man and the Wasp: Quantumania,Uniform Effect,HP,20,20%,,HP 20%,https://thanosvibs.money/api/supports
wasp,wasp2,Marvel Studios' Ant-Man and the Wasp,Leadership,All Basic Attacks,23,23%,,All Basic Attacks 23%,https://thanosvibs.money/api/supports
wasp,wasp2,Marvel Studios' Ant-Man and the Wasp,Leadership,All Basic Defenses,18,18%,,All Basic Defenses 18%,https://thanosvibs.money/api/supports
wasp,wasp2,Marvel Studios' Ant-Man and the Wasp,Leadership,All Speeds,6,6%,,All Speeds 6%,https://thanosvibs.money/api/supports
wasp,wasp2,Marvel Studios' Ant-Man and the Wasp,Tier-2 Passive,Remove All Debuffs,20,N/A,,When Debuffed | Cooldown 25s | Remove All Debuffs N/A 20,https://thanosvibs.money/api/supports
wasp,wasp2,Marvel Studios' Ant-Man and the Wasp,Uniform Effect,HP,10,10%,,HP 10%,https://thanosvibs.money/api/supports
wasp,wasp,Modern,Leadership,All Basic Attacks,18,18%,,All Basic Attacks 18%,https://thanosvibs.money/api/supports
wasp,wasp,Modern,Leadership,All Basic Defenses,18,18%,,All Basic Defenses 18%,https://thanosvibs.money/api/supports
wasp,wasp,Modern,Leadership,All Speeds,6,6%,,All Speeds 6%,https://thanosvibs.money/api/supports
wasp,wasp,Modern,Tier-2 Passive,Remove All Debuffs,20,N/A,,When Debuffed | Cooldown 25s | Remove All Debuffs N/A 20,https://thanosvibs.money/api/supports
waspnadiavandyne,nadiavandyne,Modern,Artifact Exclusive Skill,Heal,5,5%,,3★ | When Skill (regular attacks excuded) is used | Cooldown 10s | Heal 5% 0.2%,https://thanosvibs.money/api/supports
waspnadiavandyne,nadiavandyne,Modern,Artifact Exclusive Skill,Heal,6.5,6.5%,,4★ | When Skill (regular attacks excuded) is used | Cooldown 10s | Heal 6.5% 0.3%,https://thanosvibs.money/api/supports
waspnadiavandyne,nadiavandyne,Modern,Artifact Exclusive Skill,Heal,8,8%,,5★ | When Skill (regular attacks excuded) is used | Cooldown 10s | Heal 8% 0.4%,https://thanosvibs.money/api/supports
waspnadiavandyne,nadiavandyne,Modern,Artifact Exclusive Skill,Heal,10,10%,,6★ | When Skill (regular attacks excuded) is used | Cooldown 10s | Heal 10% 0.5%,https://thanosvibs.money/api/supports
wave,wave1,Classic,Leadership,All Basic Attacks,25,25%,,All Basic Attacks 25%,https://thanosvibs.money/api/supports
wave,wave1,Classic,Leadership,All Basic Attacks,60,60%,Character: Namor,All Basic Attacks 60%,https://thanosvibs.money/api/supports
wave,wave1,Classic,Tier-2 Passive,Basic Damage Dealt to Villains,50,50%,Side: Hero,Basic Damage Dealt to Villains 50%,https://thanosvibs.money/api/supports
wave,wave1,Classic,Tier-2 Passive,Basic Damage Received from Villains,15,15%,Side: Hero,Basic Damage Received from Villains 15%,https://thanosvibs.money/api/supports
wave,wave,Modern,Leadership,All Speeds,6,6%,,All Speeds 6%,https://thanosvibs.money/api/supports
wave,wave,Modern,Leadership,All Basic Attacks,60,60%,Character: Namor,All Basic Attacks 60%,https://thanosvibs.money/api/supports
wave,wave,Modern,Tier-2 Passive,Basic Damage Dealt to Villains,40,40%,Side: Hero,Basic Damage Dealt to Villains 40%,https://thanosvibs.money/api/supports
wave,wave,Modern,Tier-2 Passive,Basic Damage Received from Villains,15,15%,Side: Hero,Basic Damage Received from Villains 15%,https://thanosvibs.money/api/supports
weaponhex,weaponhex1,Infected Bioweapon,4★ Passive,Immortality + Death,7,7%,Ability: Zombie,When HP is below 5% | Cooldown 180s | Immortality + Death N/A 7,https://thanosvibs.money/api/supports
weaponhex,weaponhex1,Infected Bioweapon,Uniform Effect,Basic Damage Dealt to Heroes,45,45%,Ability: Zombie,Basic Damage Dealt to Heroes 45%,https://thanosvibs.money/api/supports
weaponhex,weaponhex1,Infected Bioweapon,Uniform Effect,Basic Damage Dealt to Villains,45,45%,Ability: Zombie,Basic Damage Dealt to Villains 45%,https://thanosvibs.money/api/supports
weaponhex,weaponhex1,Infected Bioweapon,Uniform Effect,Remove All Debuffs,12,N/A,Type: Zombie,When Debuffed | Cooldown 20s | Remove All Debuffs N/A 12,https://thanosvibs.money/api/supports
weaponhex,weaponhex,Infinity Warps,4★ Passive,Summon,,,,Summon N/A,https://thanosvibs.money/api/supports
wenwu,wenwu,Marvel Studios' Shang-Chi,Leadership,Remove All Debuffs,10,N/A,Side: Villain,When Debuffed | Cooldown 20s | Remove All Debuffs N/A 10,https://thanosvibs.money/api/supports
wenwu,wenwu,Marvel Studios' Shang-Chi,Leadership,Heal,10,10%,Side: Villain,When Debuffed | Cooldown 20s | Heal 10% 5,https://thanosvibs.money/api/supports
wenwu,wenwu1,Marvel Studios' What If...?,Leadership,Remove All Debuffs,10,N/A,Side: Villain,When Debuffed | Cooldown 20s | Remove All Debuffs N/A 10,https://thanosvibs.money/api/supports
wenwu,wenwu1,Marvel Studios' What If...?,Leadership,Heal,10,10%,Side: Villain,When Debuffed | Cooldown 20s | Heal 10% 5,https://thanosvibs.money/api/supports
wenwu,wenwu1,Marvel Studios' What If...?,4★ Passive,HP,30,30%,Side: Villain,HP 30%,https://thanosvibs.money/api/supports
whitefox,whitefox3,Agent F-One,Leadership,All Debuffs Effect,40,40%,,All Debuffs Effect 40%,https://thanosvibs.money/api/supports
whitefox,whitefox3,Agent F-One,Leadership,Debuff Duration,-24,-24%,,Debuff Duration -24%,https://thanosvibs.money/api/supports
whitefox,whitefox3,Agent F-One,Tier-2 Passive,All Resistances,20,20%,Ability: Leadership,All Resistances 20%,https://thanosvibs.money/api/supports
whitefox,whitefox3,Agent F-One,Tier-2 Passive,Basic Damage Dealt to Villains,65,65%,Ability: Leadership,Basic Damage Dealt to Villains 65%,https://thanosvibs.money/api/supports
whitefox,whitefox3,Agent F-One,Tier-2 Passive,Basic Damage Received from Villains,30,30%,Ability: Leadership,Basic Damage Received from Villains 30%,https://thanosvibs.money/api/supports
whitefox,whitefox3,Agent F-One,Uniform Effect,All Basic Attacks,25,25%,Side: Hero,All Basic Attacks 25%,https://thanosvibs.money/api/supports
whitefox,whitefox3,Agent F-One,Uniform Effect,Chain Hit Damage,10,10%,Side: Hero,Chain Hit Damage 10%,https://thanosvibs.money/api/supports
whitefox,whitefox3,Agent F-One,Uniform Effect,Ignore Dodge,30,30%,Side: Hero,Ignore Dodge 30%,https://thanosvibs.money/api/supports
whitefox,whitefox1,Lifestyle Series 1,Leadership,All Debuffs Effect,40,40%,,All Debuffs Effect 40%,https://thanosvibs.money/api/supports
whitefox,whitefox1,Lifestyle Series 1,Leadership,Debuff Duration,-24,-24%,,Debuff Duration -24%,https://thanosvibs.money/api/supports
whitefox,whitefox1,Lifestyle Series 1,Tier-2 Passive,Basic Damage Dealt to Villains,60,60%,Ability: Leadership,Basic Damage Dealt to Villains 60%,https://thanosvibs.money/api/supports
whitefox,whitefox1,Lifestyle Series 1,Uniform Effect,All Basic Attacks,10,10%,Ability: Leadership,All Basic Attacks 10%,https://thanosvibs.money/api/supports
whitefox,whitefox1,Lifestyle Series 1,Uniform Effect,Fear Immunity,,,Ability: Leadership,Fear Immunity N/A,https://thanosvibs.money/api/supports
whitefox,whitefox2,Lifestyle Series 2,Leadership,All Debuffs Effect,40,40%,,All Debuffs Effect 40%,https://thanosvibs.money/api/supports
whitefox,whitefox2,Lifestyle Series 2,Leadership,Debuff Duration,-24,-24%,,Debuff Duration -24%,https://thanosvibs.money/api/supports
whitefox,whitefox2,Lifestyle Series 2,Tier-2 Passive,Basic Damage Dealt to Villains,65,65%,Ability: Leadership,Basic Damage Dealt to Villains 65%,https://thanosvibs.money/api/supports
whitefox,whitefox2,Lifestyle Series 2,Tier-2 Passive,Basic Damage Received from Villains,30,30%,Ability: Leadership,Basic Damage Received from Villains 30%,https://thanosvibs.money/api/supports
whitefox,whitefox2,Lifestyle Series 2,Uniform Effect,All Basic Attacks,15,15%,Side: Hero,All Basic Attacks 15%,https://thanosvibs.money/api/supports
whitefox,whitefox2,Lifestyle Series 2,Uniform Effect,Chain Hit Damage,10,10%,Side: Hero,Chain Hit Damage 10%,https://thanosvibs.money/api/supports
whitefox,whitefox2,Lifestyle Series 2,Uniform Effect,Ignore Dodge,30,30%,Side: Hero,Ignore Dodge 30%,https://thanosvibs.money/api/supports
whitefox,whitefox,Modern,Leadership,All Debuffs Effect,40,40%,,All Debuffs Effect 40%,https://thanosvibs.money/api/supports
whitefox,whitefox,Modern,Leadership,Debuff Duration,-24,-24%,,Debuff Duration -24%,https://thanosvibs.money/api/supports
whitefox,whitefox,Modern,Tier-2 Passive,Basic Damage Dealt to Villains,60,60%,Ability: Leadership,Basic Damage Dealt to Villains 60%,https://thanosvibs.money/api/supports
wiccan,wiccan,New Avengers,Leadership,All Basic Attacks,24,24%,,All Basic Attacks 24%,https://thanosvibs.money/api/supports
wiccan,wiccan,New Avengers,Tier-2 Passive,Ignore Dodge,20,20%,,Ignore Dodge 20%,https://thanosvibs.money/api/supports
wiccan,wiccan,New Avengers,Tier-2 Passive,1s Pierce Duration Increase,,,,1s Pierce Duration Increase N/A,https://thanosvibs.money/api/supports
wiccan,wiccan,New Avengers,Tier-2 Passive,1s Snare Duration Increase,,,,1s Snare Duration Increase N/A,https://thanosvibs.money/api/supports
wintersoldier,wintersoldier,Marvel Studios' Captain America: The Winter Soldier,Leadership,Physical Attack,30,30%,,Physical Attack 30%,https://thanosvibs.money/api/supports
wintersoldier,wintersoldier5,Revolution,Leadership,Physical Attack,45,45%,,Physical Attack 45%,https://thanosvibs.money/api/supports
wong,wong2,Marvel Studios' Doctor Strange 2,4★ Passive,Basic Damage Dealt to Heroes,53,53%,Ability: Magic,Basic Damage Dealt to Heroes 53%,https://thanosvibs.money/api/supports
wong,wong2,Marvel Studios' Doctor Strange 2,4★ Passive,Basic Damage Dealt to Villains,53,53%,Ability: Magic,Basic Damage Dealt to Villains 53%,https://thanosvibs.money/api/supports
yondu,yondu3,Summer Vacation,4★ Passive,Basic Damage Dealt to Villains,50,50%,Allies: Alien,Basic Damage Dealt to Villains 50%,https://thanosvibs.money/api/supports
yondu,yondu3,Summer Vacation,Uniform Effect,All Basic Attacks,35,35%,Allies: Alien,All Basic Attacks 35%,https://thanosvibs.money/api/supports
yondu,yondu3,Summer Vacation,Uniform Effect,Basic Damage Dealt to Boss Types,40,40%,Allies: Alien,Basic Damage Dealt to Boss Types 40%,https://thanosvibs.money/api/supports
zeus,zeus,Modern,Leadership,Lightning Damage,60,60%,,Lightning Damage 60%,https://thanosvibs.money/api/supports
