character_id,character,uniform,leadership,passive,uniform_effect,artifact_exclusive_skill,source_url
captainamerica,Captain America,The Avengers,Master Combatant | Target: All Allies | Cooldown 0s | 30% increase of HP.,"Heroism | Activation: 50 % rate when debuffed | Cooldown 20s | Removes all Debuffs. | Hold The Line | Activation: when skill Heroic Fury is used | Cooldown 1s | Decreases basic damage received by 25%. | Increases Skill damage by 30%, increases Bonus Damage by 25%. | Super Armor, increases all Basic Defenses by 15%.",,,https://thanosvibs.money/api/characters/captainamerica/skills
captainamerica,Captain America,Avengers: Age of Ultron,Master Combatant | Target: All Allies | Cooldown 0s | 30% increase of HP.,"Heroism | Activation: 50 % rate when debuffed | Cooldown 20s | Removes all Debuffs. | Hold The Line | Activation: when skill Heroic Fury is used | Cooldown 1s | Decreases basic damage received by 25%. | Increases Skill damage by 30%, increases Bonus Damage by 25%. | Super Armor, increases all Basic Defenses by 15%.",Avengers: Age of Ultron | Activation: 25 % rate when hit | Cooldown 20s | 100% chance to grant All Damage Immunity,,https://thanosvibs.money/api/characters/captainamerica1/skills
captainamerica,Captain America,Secret Wars: 2099,Master Combatant | Target: All Allies | Cooldown 0s | 30% increase of HP.,"Heroism | Activation: 50 % rate when debuffed | Cooldown 20s | Removes all Debuffs. | Hold The Line | Activation: when skill Heroic Fury is used | Cooldown 1s | Decreases basic damage received by 25%. | Increases Skill damage by 30%, increases Bonus Damage by 25%. | Super Armor, increases all Basic Defenses by 15%.",Secret Wars: 2099 | Activation: 15 % rate when hit | Cooldown 20s | 100% chance to grant All Damage Immunity,,https://thanosvibs.money/api/characters/captainamerica2/skills
captainamerica,Captain America,Marvel Studios' Captain America: The Winter Soldier,Master Combatant | Target: All Allies | Cooldown 0s | 30% increase of HP.,"Heroism | Activation: 50 % rate when debuffed | Cooldown 20s | Removes all Debuffs. | Hold The Line | Activation: when skill Heroic Fury is used | Cooldown 1s | Decreases basic damage received by 25%. | Increases Skill damage by 30%, increases Bonus Damage by 25%. | Super Armor, increases all Basic Defenses by 15%.",Marvel Studios' Captain America: The Winter Soldier | Activation: 25 % rate when hit | Cooldown 20s | 100% chance to grant All Damage Immunity,,https://thanosvibs.money/api/characters/captainamerica3/skills
captainamerica,Captain America,Marvel Studios' Captain America: Civil War,Master Combatant | Target: All Allies | Cooldown 0s | 30% increase of HP.,"Heroism | Activation: 50 % rate when debuffed | Cooldown 20s | Removes all Debuffs. | Hold The Line | Activation: when skill Heroic Fury is used | Cooldown 1s | Decreases basic damage received by 25%. | Increases Skill damage by 30%, increases Bonus Damage by 25%. | Super Armor, increases all Basic Defenses by 15%.",Marvel Studios' Captain America: Civil War | Activation: 25 % rate when hit | Cooldown 20s | 100% chance to grant All Damage Immunity,,https://thanosvibs.money/api/characters/captainamerica4/skills
captainamerica,Captain America,Marvel NOW!,Master Combatant | Target: All Allies | Cooldown 0s | 30% increase of HP.,"Heroism | Activation: 50 % rate when debuffed | Cooldown 20s | Removes all Debuffs. | Hold The Line | Activation: when skill Heroic Fury is used | Cooldown 1s | Decreases basic damage received by 25%. | Increases Skill damage by 30%, increases Bonus Damage by 25%. | Super Armor, increases all Basic Defenses by 15%.",Marvel NOW! | Activation: 45 % rate when hit | Cooldown 7s | 100% chance to grant All Damage Immunity,,https://thanosvibs.money/api/characters/captainamerica5/skills
captainamerica,Captain America,Marvel Studios' Avengers: Infinity War,Master Combatant | Target: All Allies | Cooldown 0s | 30% increase of HP.,"Heroism | Activation: 50 % rate when debuffed | Cooldown 20s | Removes all Debuffs. | Hold The Line | Activation: when skill Heroic Fury is used | Cooldown 1s | Decreases basic damage received by 25%. | Increases Skill damage by 30%, increases Bonus Damage by 25%. | Super Armor, increases all Basic Defenses by 15%.",Marvel Studios' Avengers: Infinity War | Activation: 45 % rate when hit | Cooldown 20s | 100% chance to grant All Damage Immunity,,https://thanosvibs.money/api/characters/captainamerica6/skills
captainamerica,Captain America,Marvel Studios' Avengers: Endgame,Master Combatant | Target: All Allies | Cooldown 0s | 30% increase of HP.,"Heroism | Activation: 50 % rate when debuffed | Cooldown 20s | Removes all Debuffs. | Hold The Line | Activation: when skill Mjolnir's Justice is used | Cooldown 1s | Decreases basic damage received by 25%. | Increases Skill damage by 30%, increases Bonus Damage by 25%. | Super Armor, increases all Basic Defenses by 15%.","Marvel Studios' Avengers: Endgame | Activation: 50 % rate when hit | Cooldown 20s | 100% chance to grant All Damage Immunity | Increases all Basic Attacks and Defense by 15%, all speed by 1%, and Critical Rate by 15%, removes Incapacitation",,https://thanosvibs.money/api/characters/captainamerica9/skills
captainamerica,Captain America,Team Suit,Master Combatant | Target: All Allies | Cooldown 0s | 30% increase of HP.,"Heroism | Activation: 50 % rate when debuffed | Cooldown 20s | Removes all Debuffs. | Hold The Line | Activation: when skill Mjolnir's Justice is used | Cooldown 1s | Decreases basic damage received by 25%. | Increases Skill damage by 30%, increases Bonus Damage by 25%. | Super Armor, increases all Basic Defenses by 15%.","Team Suit | Activation: 50 % rate when hit | Cooldown 20s | 100% chance to grant All Damage Immunity | Increases all Basic Attacks and Defense by 15%, all speed by 1%, and Critical Rate by 15%, removes Incapacitation",,https://thanosvibs.money/api/characters/captainamerica8/skills
captainamerica,Captain America,Avengers 3099,Master Combatant | Target: All Allies | Cooldown 0s | 30% increase of HP.,"Heroism | Activation: 50 % rate when debuffed | Cooldown 20s | Removes all Debuffs. | Hold the Line | Activation: when skill Intrepid Sonic Charge is used | Cooldown 1s | Decreases basic damage received by 25%. | Increases Skill damage by 30%, increases Bonus Damage by 25%. | Super Armor, increases all Basic Defenses by 15%.","Avengers 3099 | Activation: 50 % rate when hit | Cooldown 20s | 100% chance to grant All Damage Immunity | Increases all Basic Attacks and Defense by 15%, all speed by 1%, and Critical Rate by 15%, removes Incapacitation",,https://thanosvibs.money/api/characters/captainamerica10/skills
captainamerica,Captain America,Hydra Supreme,Master Combatant | Target: All Allies | Cooldown 0s | 30% increase of HP.,"Heroism | Activation: 60 % rate when debuffed | Cooldown 20s | Removes all Debuffs. | Hold the Line | Activation: when skill Cosmic Dispersal is used | Cooldown 1s | Decreases basic damage received by 30%. | Increases Skill damage by 30%, increases Bonus Damage by 25%. | Super Armor, increases all Basic Defenses by 15%.","Hydra Supreme | Activation: 50 % rate when hit | Cooldown 0s | Increases all Basic Attacks by 10% | Acquires the following effect for $TIME sec. | 100% chance to grant All Damage Immunity | Increases all Basic Attacks and Defense by 20%, all speed by 1%, and Critical Rate by 20%, removes Incapacitation",,https://thanosvibs.money/api/characters/captainamerica11/skills
captainamerica,Captain America,Enter the Phoenix,Master Combatant | Target: All Allies | Cooldown 0s | 30% increase of HP.,"Heroism | Activation: 60 % rate when debuffed | Cooldown 10s | Removes all Debuffs. | Hold the Line | Activation: when skill Phoenix Slam is used | Cooldown 1s | Decreases basic damage received by 30%. | Increases Skill damage by 40%, increases Bonus Damage by 35%. | Super Armor, increases all Basic Defenses by 40%.","Enter the Phoenix | Activation: 50 % rate when hit | Cooldown 0s | Increases all Basic Attacks by 20% | Increases Flame Damage by 20%. | Acquires the following effect for $TIME sec. | 100% chance to grant All Damage Immunity | Increases all Basic Attacks and Defense by 20%, all speed by 1%, and Critical Rate by 20%, removes Incapacitation",,https://thanosvibs.money/api/characters/captainamerica12/skills
captainamerica,Captain America,Back to Basics,Master Combatant | Target: All Allies | Cooldown 0s | 45% increase of HP.,"Heroism | Activation: 60 % rate when debuffed | Cooldown 10s | Removes all Debuffs. | Unbeatable Spirit | Cooldown 0s | Decreases basic damage received by 35%. | Increases Skill damage by 40%, increases Bonus Damage by 35%. | Super Armor, increases all Basic Defenses by 40%.","Back to Basics | Activation: when HP is below 70 % | Cooldown 0s | Increases all Basic Attacks by 40% | Decreases Chain Hit damage by 10% when attacked. | Acquires the following effect for $TIME sec. | 100% chance to grant All Damage Immunity | Increases all Basic Attacks and Defense by 25%, all speed by 1%, and Critical Rate by 20%, removes Incapacitation",,https://thanosvibs.money/api/characters/captainamerica13/skills
captainamerica,Captain America,What If... Zombies?!,Master Combatant | Target: All Allies | Cooldown 0s | 45% increase of HP.,"Heroism | Activation: 60 % rate when debuffed | Cooldown 10s | Removes all Debuffs. | Unbeatable Spirit | Cooldown 0s | Decreases basic damage received by 40%. | Increases Skill damage by 40%, increases Bonus Damage by 40%. | Super Armor, increases all Basic Defenses by 50%.",What If... Zombies?! | Activation: when HP is below 70 % | Cooldown 0s | Increases all Basic Attacks by 40% | Decreases Chain Hit damage by 15% when attacked. | Acquires the following effect for $TIME sec. | 100% chance to grant All Damage Immunity,,https://thanosvibs.money/api/characters/captainamerica14/skills
captainamerica,Captain America,Galactic Talon,Master Combatant | Target: All Allies | Cooldown 0s | 45% increase of HP.,"Heroism | Activation: when debuffed | Cooldown 10s | Removes all Debuffs. | Unbeatable Spirit | Cooldown 0s | Decreases basic damage received by 45%. | Increases Skill damage by 40%, increases Bonus Damage by 40%. | Super Armor, increases all Basic Defenses by 50%.",Galactic Talon | Activation: when HP is below 70 % | Cooldown 0s | Increases all Basic Attacks by 40% | Decreases Chain Hit damage by 30% when attacked. | Acquires the following effect for $TIME sec. | 100% chance to grant All Damage Immunity,,https://thanosvibs.money/api/characters/captainamerica15/skills
ikaris,Ikaris,Modern,Guardian of Humanity | Target: Eternals Allies | Cooldown 0s | Increases all Basic Attacks by 60%,"Eternal Rebirth | Activation: when HP is below 99 % | Cooldown 0s | Super Armor, increases all Basic Defenses by 25%. | Acquires the following effect for $TIME sec. | Recovers 4% of HP. | Cosmic Endurance | Cooldown 0s | Increases Skill damage by 45%, increases Bonus Damage by 30%. | Decreases basic damage received by 30%.",,,https://thanosvibs.money/api/characters/ikaris/skills
ikaris,Ikaris,Marvel Studios' Eternals,Guardian of Humanity | Target: Eternals Allies | Cooldown 0s | Increases all Basic Attacks by 60%,"Eternal Rebirth | Activation: when HP is below 99 % | Cooldown 0s | Super Armor, increases all Basic Defenses by 25%. | Acquires the following effect for $TIME sec. | Recovers 4% of HP. | Cosmic Endurance | Cooldown 0s | Increases Skill damage by 45%, increases Bonus Damage by 30%. | Decreases basic damage received by 30%.",Marvel Studios' Eternals | Cooldown 0s | Increases Chain Hit damage by 10% when attacking. | Decreases Physical Damage Received by 25%. | Decreases Energy Damage Received by 25%.,,https://thanosvibs.money/api/characters/ikaris1/skills
sersi,Sersi,Modern,Transmutation Speed | Target: All Allies | Cooldown 0s | Increases All Speeds by 6%.,Eternal Cleansing | Target: Eternals Allies | Activation: when debuffed | Cooldown 20s | Removes all Debuffs. | Cosmic Focus | Target: Eternals Allies | Cooldown 0s | Increases all Basic Attacks by 30%,,,https://thanosvibs.money/api/characters/sersi/skills
sersi,Sersi,Marvel Studios' Eternals,Transmutation Speed | Target: All Allies | Cooldown 0s | Increases All Speeds by 6%.,Eternal Cleansing | Target: Eternals Allies | Activation: when debuffed | Cooldown 18s | Removes all Debuffs. | Cosmic Focus | Target: Eternals Allies | Cooldown 0s | Increases all Basic Attacks by 30% | Increases basic damage dealt to Villain faction by 30%. | Decreases basic damage received from Villain faction by 30%.,Marvel Studios' Eternals | Cooldown 0s | 30% increase of Recovery Rate. | Decreases basic damage received by 30%.,,https://thanosvibs.money/api/characters/sersi1/skills
daredevil,Daredevil,Modern,Concentration of Senses | Target: All Allies | Activation: 30 % rate when dodging | Cooldown 30s | Critical Rate increases by 12%. | Critical Damage increases by 12%.,"Radar Sense | Cooldown 0s | Dodge Rate increases by 3%. | Immunity to BLIND Effect. | Sonar Sense | Cooldown 0s | Increases Guaranteed Dodge Rate by 30% | Increases Skill damage by 42%, increases Bonus Damage by 25%.",,,https://thanosvibs.money/api/characters/daredevil/skills
daredevil,Daredevil,Devil of Hell's Kitchen,Concentration of Senses | Target: All Allies | Activation: 30 % rate when dodging | Cooldown 30s | Critical Rate increases by 12%. | Critical Damage increases by 12%.,"Radar Sense | Cooldown 0s | Dodge Rate increases by 3%. | Immunity to BLIND Effect. | Sonar Sense | Cooldown 0s | Increases Guaranteed Dodge Rate by 30% | Increases Skill damage by 42%, increases Bonus Damage by 25%.",Devil of Hell's Kitchen | Activation: when enemies are within 3 m range | Cooldown 3s | 25% chance of missing attack,,https://thanosvibs.money/api/characters/daredevil1/skills
daredevil,Daredevil,"All-New, All-Different",Concentration of Senses | Target: All Allies | Activation: 30 % rate when dodging | Cooldown 30s | Critical Rate increases by 12%. | Critical Damage increases by 12%.,"Radar Sense | Cooldown 0s | Dodge Rate increases by 3%. | Immunity to BLIND Effect. | Sonar Sense | Cooldown 0s | Increases Guaranteed Dodge Rate by 30% | Increases Skill damage by 42%, increases Bonus Damage by 25%.","All-New, All-Different | Activation: when dodging | Cooldown 15s | Increases All Speeds by 20%.",,https://thanosvibs.money/api/characters/daredevil2/skills
daredevil,Daredevil,Fall From Grace,Concentration of Senses | Target: All Allies | Activation: 30 % rate when dodging | Cooldown 30s | Critical Rate increases by 12%. | Critical Damage increases by 12%.,"Radar Sense | Cooldown 0s | Ignores target's Dodge Rate by 70%. | Immunity to BLIND Effect. | Sonar Sense | Cooldown 0s | Increases Guaranteed Dodge Rate by 30% | Increases Skill damage by 42%, increases Bonus Damage by 25%.",Fall From Grace | Activation: when dodging | Cooldown 9s | Recovers 30% of HP.,,https://thanosvibs.money/api/characters/daredevil3/skills
daredevil,Daredevil,Marvel Television's Daredevil: Born Again,Concentration of Senses | Target: All Allies | Activation: 30 % rate when dodging | Cooldown 30s | Critical Rate increases by 12%. | Critical Damage increases by 12%.,"Radar Sense | Cooldown 0s | Ignores target's Dodge Rate by 70%. | Immunity to BLIND Effect. | Sonar Sense | Cooldown 0s | Increases Guaranteed Dodge Rate by 35% | Increases Skill damage by 45%, increases Bonus Damage by 30%.",Marvel Television's Daredevil: Born Again | Activation: when dodging | Cooldown 0s | Decreases basic damage received by 30%. | Dodge Rate increases by 25%. | Acquires the following effect for $TIME sec. | Recovers 30% of HP.,,https://thanosvibs.money/api/characters/daredevil4/skills
ironfist,Iron Fist,Classic,Heart of Shou-Lao | Target: All Allies | Activation: 25 % chance when attacking | Cooldown 40s | Attack Speed increases by 12%.,Power of Shou-Lao | Activation: 10 % chance when attacking | Cooldown 1s | Critical Rate increases by 3%. | Charging Chi | Cooldown 0s | Increases Guaranteed Critical Rate by 35% | Increases Guaranteed Dodge Rate by 35%,,,https://thanosvibs.money/api/characters/ironfist/skills
ironfist,Iron Fist,New Avengers,Heart of Shou-Lao | Target: All Allies | Activation: 25 % chance when attacking | Cooldown 40s | Attack Speed increases by 12%.,Power of Shou-Lao | Activation: 10 % chance when attacking | Cooldown 1s | Critical Rate increases by 3%. | Charging Chi | Cooldown 0s | Increases Guaranteed Critical Rate by 35% | Increases Guaranteed Dodge Rate by 35%,New Avengers | Activation: when HP is below 30 % | Cooldown 30s | Invincible | Recovers 10% of HP.,,https://thanosvibs.money/api/characters/ironfist1/skills
ironfist,Iron Fist,"All-New, All-Different",Heart of Shou-Lao | Target: All Allies | Activation: 25 % chance when attacking | Cooldown 40s | Attack Speed increases by 12%.,Power of Shou-Lao | Activation: 10 % chance when attacking | Cooldown 1s | Critical Rate increases by 3%. | Charging Chi | Cooldown 0s | Increases Guaranteed Critical Rate by 35% | Increases Guaranteed Dodge Rate by 35%,"All-New, All-Different | Activation: when HP is below 30 % | Cooldown 30s | Invincible | Recovers 10% of HP.",,https://thanosvibs.money/api/characters/ironfist2/skills
ironfist,Iron Fist,Marvel Studios' Iron Fist,Heart of Shou-Lao | Target: All Allies | Activation: 25 % chance when attacking | Cooldown 40s | Attack Speed increases by 12%.,Power of Shou-Lao | Activation: 10 % chance when attacking | Cooldown 1s | Critical Rate increases by 3%. | Charging Chi | Cooldown 0s | Increases Guaranteed Critical Rate by 35% | Increases Guaranteed Dodge Rate by 35%,Marvel Studios' Iron Fist | Activation: when HP is below 30 % | Cooldown 30s | Invincible | Recovers 10% of HP.,,https://thanosvibs.money/api/characters/ironfist3/skills
ironfist,Iron Fist,The Living Weapon,Heart of Shou-Lao | Target: Defenders Allies | Cooldown 0s | Increases all Basic Attacks by 60%,"Power of Shou-Lao | Activation: 10 % chance when attacking | Cooldown 1s | Increases all Basic Attacks by 30%. | Charging Chi | Cooldown 0s | Increases Guaranteed Critical Rate by 35% | Increases Guaranteed Dodge Rate by 35% | Increases Skill damage by 25%, increases Bonus Damage by 25%.",The Living Weapon | Activation: when HP is below 50 % | Cooldown 20s | Invincible | Recovers 30% of HP.,,https://thanosvibs.money/api/characters/ironfist4/skills
jessicajones,Jessica Jones,Modern,Formidable | Target: All Allies | Activation: 25 % rate when hit | Cooldown 45s | 100% chance to become immune to Physical Damage.,"Telepathic Resistance | Cooldown 0s | 100% chance to become immune to Mind Damage. | Power Woman | Cooldown 0s | Reflects 70% of Physical Damage received. (Up to 100% of Max Attack). | Increases Skill damage by 20%, increases Bonus Damage by 20%. | Increases All Speeds by 8%.",,,https://thanosvibs.money/api/characters/jessicajones/skills
jessicajones,Jessica Jones,Jewel,Formidable | Target: All Allies | Activation: 25 % rate when hit | Cooldown 45s | 100% chance to become immune to Physical Damage.,"Telepathic Resistance | Target: Defenders Allies | Cooldown 0s | Increases all Basic Attacks by 50% | 100% chance to become immune to Mind Damage. | Power Woman | Cooldown 0s | Reflects 70% of Physical Damage received. (Up to 100% of Max Attack). | Increases Skill damage by 30%, increases Bonus Damage by 30%. | Super Armor, increases all Basic Defenses by 30%.","Jewel | Target: Defenders Allies | Cooldown 0s | Acquires the following effect for $TIME sec. | Reflects 70% of Physical Damage received. (Up to 100% of Max Attack). | Increases Skill damage by 30%, increases Bonus Damage by 30%. | Super Armor, increases all Basic Defenses by 30%.",,https://thanosvibs.money/api/characters/jessicajones1/skills
lukecage,Luke Cage,Modern,Heroes for Hire | Target: All Allies | Activation: 25 % rate when hit | Cooldown 50s | 100% chance to become immune to Physical Damage.,Unbreakable | Activation: 50 % rate when hit | Cooldown 30s | Recovers 20% of HP. | Power Man | Activation: by default and reactivates 1 sec. after removed | Cooldown 1s | Reflects 100% of Physical Damage received. (Up to 150% of Max Attack). | Decreases basic damage received by 30%.,,,https://thanosvibs.money/api/characters/lukecage/skills
lukecage,Luke Cage,"All-New, All-Different",Heroes for Hire | Target: All Allies | Activation: 25 % rate when hit | Cooldown 40s | 100% chance to become immune to Physical Damage.,Unbreakable | Activation: 50 % rate when hit | Cooldown 30s | Recovers 20% of HP. | Power Man | Activation: by default and reactivates 1 sec. after removed | Cooldown 1s | Reflects 100% of Physical Damage received. (Up to 150% of Max Attack). | Decreases basic damage received by 30%.,,,https://thanosvibs.money/api/characters/lukecage1/skills
lukecage,Luke Cage,Marvel Studios' Luke Cage,Heroes for Hire | Target: All Allies | Activation: 25 % rate when hit | Cooldown 40s | 100% chance to become immune to Physical Damage.,Unbreakable | Activation: 50 % rate when hit | Cooldown 30s | Recovers 20% of HP. | Power Man | Activation: by default and reactivates 1 sec. after removed | Cooldown 1s | Reflects 100% of Physical Damage received. (Up to 150% of Max Attack). | Decreases basic damage received by 30%.,,,https://thanosvibs.money/api/characters/lukecage2/skills
lukecage,Luke Cage,Uptown Suit,Heroes for Hire | Target: Defenders Allies | Activation: when debuffed | Cooldown 20s | 100% chance to become immune to Physical Damage. | Removes all Debuffs.,Unbreakable | Activation: when HP is below 99 % | Cooldown 2s | Recovers 5% of HP. | Power Man | Activation: by default and reactivates 10 sec. after removed | Cooldown 10s | Reflects 100% of Physical Damage received. (Up to 150% of Max Attack). | Decreases basic damage received by 30%. | 30% increase of MAX HP.,Uptown Suit | Target: Defenders Allies | Cooldown 0s | Ignores target's Dodge Rate by 35%.,,https://thanosvibs.money/api/characters/lukecage3/skills
antman,Ant-Man,Modern,The Biggest Hero | Target: All Allies | Cooldown 0s | Increases All Speeds by 9%.,"Ant Endurance | Activation: 30 % chance when attacking | Cooldown 30s | Decreases character size by 30%, increases all Basic Attacks by 10% ^, all Basic Defenses by 0%. | Increases All Speeds by 5%. | Elusive Hero | Activation: when using MINIATURIZE buff | Cooldown 30s | Increases Guaranteed Dodge Rate by 87%",,,https://thanosvibs.money/api/characters/antman/skills
antman,Ant-Man,Marvel Studios' Ant-Man,The Biggest Hero | Target: All Allies | Cooldown 0s | Increases All Speeds by 9%.,"Ant Endurance | Activation: 30 % chance when attacking | Cooldown 30s | Decreases character size by 30%, increases all Basic Attacks by 10% ^, all Basic Defenses by 0%. | Increases All Speeds by 5%. | Elusive Hero | Activation: when using MINIATURIZE buff | Cooldown 30s | Increases Guaranteed Dodge Rate by 87%",Marvel Studios' Ant-Man | Activation: when using MINIATURIZE buff | Cooldown 30s | Increases all Basic Attacks by 10% | Dodge Rate increases by 5%.,,https://thanosvibs.money/api/characters/antman1/skills
antman,Ant-Man,Marvel Studios' Captain America: Civil War,The Biggest Hero | Target: All Allies | Cooldown 0s | Increases All Speeds by 9%.,"Ant Endurance | Activation: 30 % chance when attacking | Cooldown 30s | Decreases character size by 30%, increases all Basic Attacks by 10% ^, all Basic Defenses by 0%. | Increases All Speeds by 5%. | Elusive Hero | Activation: when using MINIATURIZE buff | Cooldown 30s | Increases Guaranteed Dodge Rate by 87%",Marvel Studios' Captain America: Civil War | Cooldown 0s | Guard Break Immunity | Increases all Basic Attacks by 3%,,https://thanosvibs.money/api/characters/antman2/skills
antman,Ant-Man,Marvel Studios' Ant-Man and the Wasp,The Biggest Hero | Target: All Allies | Cooldown 0s | Increases All Speeds by 9%.,"Ant Endurance | Activation: 30 % chance when attacking | Cooldown 30s | Decreases character size by 30%, increases all Basic Attacks by 10% ^, all Basic Defenses by 0%. | Increases All Speeds by 5%. | Elusive Hero | Activation: when using MINIATURIZE buff | Cooldown 30s | Increases Guaranteed Dodge Rate by 87%",Marvel Studios' Ant-Man and the Wasp | Cooldown 0s | Guard Break Immunity | Increases all Basic Attacks by 5%,,https://thanosvibs.money/api/characters/antman3/skills
antman,Ant-Man,Marvel Studios' Avengers: Endgame,The Biggest Hero | Target: All Allies | Cooldown 0s | Increases All Speeds by 9%.,"Ant Endurance | Activation: 30 % chance when attacking | Cooldown 30s | Increases all Basic Attacks and Defense by 15%, all speed by 5%, and Critical Rate by 5%, removes Incapacitation | Elusive Hero | Activation: when using FRENZY buff | Cooldown 30s | Increases Guaranteed Dodge Rate by 87% | Increases Skill damage by 10%, increases Bonus Damage by 10%.",Marvel Studios' Avengers: Endgame | Cooldown 0s | Guard Break Immunity | Increases all Basic Attacks by 15%,,https://thanosvibs.money/api/characters/antman4/skills
antman,Ant-Man,Team Suit,The Biggest Hero | Target: All Allies | Cooldown 0s | Increases All Speeds by 9%.,"Ant Endurance | Activation: 30 % chance when attacking | Cooldown 30s | Increases all Basic Attacks and Defense by 15%, all speed by 5%, and Critical Rate by 5%, removes Incapacitation | Elusive Hero | Activation: when using FRENZY buff | Cooldown 30s | Increases Guaranteed Dodge Rate by 87% | Increases Skill damage by 10%, increases Bonus Damage by 10%.",Team Suit | Cooldown 0s | Guard Break Immunity | Increases all Basic Attacks by 15%,,https://thanosvibs.money/api/characters/antman5/skills
antman,Ant-Man,Ant-Man and the Wasp: Quantumania,The Biggest Hero | Target: All Allies | Cooldown 0s | Increases All Speeds by 9%.,"Formicidae Fortitude | Cooldown 0s | 40% increase of Physical Attack. | Elusive Hero | Activation: when attacking | Cooldown 0s | Increases Skill damage by 40%, increases Bonus Damage by 40%. | Acquires the following effect for $TIME sec. | Increases Guaranteed Dodge Rate by 87%",Ant-Man and the Wasp: Quantumania | Cooldown 0s | Guard Break Immunity | Increases Chain Hit damage by 15% when attacking. | Decreases basic damage received by 20%.,,https://thanosvibs.money/api/characters/antman6/skills
apocalypse,Apocalypse,Age of Apocalypse,"End of Days | Target: All Allies | Cooldown 0s | Increases all Basic Attacks by 18%, all Basic Defenses by 18%, and all Speeds by 6%.","Celestial Armor | Cooldown 0s | Super Armor, increases all Basic Defenses by 5%. | Decreases basic damage received by 25%. | Omnipotence | Cooldown 0s | Increases Skill damage by 25%, increases Bonus Damage by 30%. | Ignores target's Dodge Rate by 50%.",,,https://thanosvibs.money/api/characters/apocalypse/skills
apocalypse,Apocalypse,Messiah Complex,"End of Days | Target: All Allies | Cooldown 0s | Increases all Basic Attacks by 18%, all Basic Defenses by 18%, and all Speeds by 6%.","Celestial Armor | Cooldown 0s | Super Armor, increases all Basic Defenses by 5%. | Decreases basic damage received by 45%. | Omnipotence | Cooldown 0s | Increases Skill damage by 25%, increases Bonus Damage by 30%. | Ignores target's Dodge Rate by 50%.",Messiah Complex | Cooldown 0s | 20% Ignore Defense | 35% chance to penetrate with Mind Resist effect.,,https://thanosvibs.money/api/characters/apocalypse1/skills
apocalypse,Apocalypse,Heralds of Apocalypse,"End of Days | Target: All Allies | Cooldown 0s | Increases all Basic Attacks by 18%, all Basic Defenses by 18%, and all Speeds by 6%.","King of Mutants | Target: Mutant Allies | Activation: when debuffed | Cooldown 20s | Removes all Debuffs. | Unavoidable Apocalypse | Cooldown 0s | Super Armor, increases all Basic Defenses by 5%. | Ignores target's Dodge Rate by 50%. | Decreases basic damage received by 45%.","Heralds of Apocalypse | Cooldown 0s | Immunity to Incapacitation Effect. | 70% chance to penetrate with Mind Resist effect. | Increases Skill damage by 40%, increases Bonus Damage by 35%.",,https://thanosvibs.money/api/characters/apocalypse2/skills
apocalypse,Apocalypse,Marvel Animation's X-Men '97,End of Days | Target: Mutant Allies | Cooldown 0s | Increases all Basic Attacks by 60%,"King of Mutants | Target: Mutant Allies | Activation: when debuffed | Cooldown 20s | Removes all Debuffs. | Unavoidable Apocalypse | Cooldown 0s | Super Armor, increases all Basic Defenses by 5%. | Ignores target's Dodge Rate by 50%. | Decreases basic damage received by 45%.","Marvel Animation's X-Men '97 | Cooldown 0s | Immunity to Incapacitation Effect. | 70% chance to penetrate with Mind Resist effect. | Increases Skill damage by 50%, increases Bonus Damage by 50%.",,https://thanosvibs.money/api/characters/apocalypse3/skills
blackbolt,Black Bolt,Modern,Kingly Might | Target: All Allies | Cooldown 0s | 30% increase of Energy Attack.,"Cosmic Awareness | Activation: when debuffed | Cooldown 30s | Removes all Debuffs. | Silent King | Activation: when skill Quasi-Sonic Scream is used | Cooldown 3s | Increases Skill damage by 35%, increases Bonus Damage by 30%. | 100% chance to grant All Damage Immunity | Ignores target's Dodge Rate by 50%.",,,https://thanosvibs.money/api/characters/blackbolt/skills
blackbolt,Black Bolt,"All-New, All-Different",Kingly Might | Target: All Allies | Cooldown 0s | 30% increase of Energy Attack.,"Cosmic Awareness | Activation: when debuffed | Cooldown 30s | Removes all Debuffs. | Silent King | Activation: when skill Quasi-Sonic Scream is used | Cooldown 3s | Increases Skill damage by 35%, increases Bonus Damage by 30%. | 100% chance to grant All Damage Immunity | Ignores target's Dodge Rate by 50%.","All-New, All-Different | Activation: when skill (Regular Attacks Excluded) is used | Cooldown 7s | Guard Breaks activate for 1 attacks.",,https://thanosvibs.money/api/characters/blackbolt1/skills
blackbolt,Black Bolt,Inhumans: Attilan Rising,Kingly Might | Target: All Allies | Cooldown 0s | 30% increase of Energy Attack.,"Cosmic Awareness | Activation: when debuffed | Cooldown 30s | Removes all Debuffs. | Silent King | Activation: when skill Quasi-Sonic Scream is used | Cooldown 3s | Increases Skill damage by 35%, increases Bonus Damage by 30%. | 100% chance to grant All Damage Immunity | Ignores target's Dodge Rate by 50%.",Inhumans: Attilan Rising | Activation: when skill (Regular Attacks Excluded) is used | Cooldown 8s | Increases basic damage by 120% for 1 attack(s).,,https://thanosvibs.money/api/characters/blackbolt2/skills
blackbolt,Black Bolt,Marvels X,Kingly Might | Target: Inhuman Allies | Cooldown 0s | Increases all Basic Attacks by 65%,"Cosmic Awareness | Activation: when debuffed | Cooldown 20s | Removes all Debuffs. | Silent King | Cooldown 0s | Increases Skill damage by 35%, increases Bonus Damage by 30%. | Increases Chain Hit damage by 25% when attacking.",Marvels X | Cooldown 0s | Decreases basic damage received by 15%.,,https://thanosvibs.money/api/characters/blackbolt3/skills
blackbolt,Black Bolt,Fallen Soul,Kingly Might | Target: Inhuman Allies | Cooldown 0s | Increases all Basic Attacks by 65%,"Cosmic Awareness | Activation: when debuffed | Cooldown 20s | Removes all Debuffs. | Targets enemies with the Ignore Targeting effect | Silent King | Cooldown 0s | Increases Skill damage by 50%, increases Bonus Damage by 45%. | Increases Chain Hit damage by 30% when attacking.",Fallen Soul | Cooldown 0s | Decreases basic damage received by 25%.,,https://thanosvibs.money/api/characters/blackbolt4/skills
blackpanther,Black Panther,Modern,King of Wakanda | Target: All Allies | Cooldown 0s | Critical Rate increases by 15%.,"Predator Frenzy | Activation: 10 % chance when attacking | Cooldown 20s | Bleed: Deals additional 30% Damage every 1 sec. (Removes Elasticity) | Critical Damage increases by 10%. | Royal Nobility | Cooldown 0s | Increases Skill damage by 20%, increases Bonus Damage by 15%. | Decreases basic damage received by 15%. | Increases All Speeds by 10%.",,,https://thanosvibs.money/api/characters/blackpanther/skills
blackpanther,Black Panther,Marvel Studios' Captain America: Civil War,King of Wakanda | Target: All Allies | Cooldown 0s | Critical Rate increases by 15%.,"Predator Frenzy | Activation: 20 % chance when attacking | Cooldown 15s | Bleed: Deals additional 40% Damage every 1 sec. (Removes Elasticity) | Critical Damage increases by 10%. | Royal Nobility | Cooldown 0s | Increases Skill damage by 20%, increases Bonus Damage by 15%. | Decreases basic damage received by 15%. | Increases All Speeds by 10%.",,,https://thanosvibs.money/api/characters/blackpanther1/skills
blackpanther,Black Panther,Marvel Studios' Black Panther,King of Wakanda | Target: All Allies | Cooldown 0s | Critical Rate increases by 15%.,"Predator Frenzy | Activation: 45 % chance when attacking | Cooldown 15s | Bleed: Deals additional 40% Damage every 1 sec. (Removes Elasticity) | Critical Damage increases by 10%. | Royal Nobility | Cooldown 0s | Increases Skill damage by 20%, increases Bonus Damage by 15%. | Decreases basic damage received by 15%. | Increases All Speeds by 10%.","Marvel Studios' Black Panther | Cooldown 0s | Super Armor, increases all Basic Defenses by 50%.",,https://thanosvibs.money/api/characters/blackpanther2/skills
blackpanther,Black Panther,3099,King of Wakanda | Target: All Allies | Cooldown 0s | Critical Rate increases by 15%.,"Predator Frenzy | Cooldown 0s | Critical Damage increases by 15%. | 100% chance to increase Critical Damage by 10% on Critical Attacks. | Royal Immunity | Cooldown 0s | Increases Skill damage by 30%, increases Bonus Damage by 20%. | Decreases basic damage received by 15%. | Increases Guaranteed Critical Rate by 50%","3099 | Cooldown 0s | Super Armor, increases all Basic Defenses by 50%.",,https://thanosvibs.money/api/characters/blackpanther3/skills
blackpanther,Black Panther,King Without a Crown,King of Wakanda | Target: All Allies | Cooldown 0s | Critical Rate increases by 15%.,"Predator Frenzy | Cooldown 0s | Critical Damage increases by 15%. | 100% chance to increase Critical Damage by 20% on Critical Attacks. | Royal Immunity | Cooldown 0s | Increases Skill damage by 30%, increases Bonus Damage by 20%. | Decreases basic damage received by 15%. | Increases Guaranteed Critical Rate by 50%","King Without a Crown | Cooldown 0s | Super Armor, increases all Basic Defenses by 50%. | Increases Chain Hit damage by 20% when attacking.",,https://thanosvibs.money/api/characters/blackpanther4/skills
blackwidow,Black Widow,The Avengers,Master of Espionage | Target: All Allies | Activation: when tagging | Cooldown 0s | Increases All Speeds by 9%.,Graceful Dancer | Cooldown 0s | 5% increase of Physical Attack. | Tactical Advantage | Cooldown 0s | Increases Lightning Damage by 25%. | Increases Guaranteed Dodge Rate by 35%,,,https://thanosvibs.money/api/characters/blackwidow/skills
blackwidow,Black Widow,Avengers: Age of Ultron,Master of Espionage | Target: All Allies | Activation: when tagging | Cooldown 0s | Increases All Speeds by 9%.,Graceful Dancer | Cooldown 0s | 5% increase of Physical Attack. | Tactical Advantage | Cooldown 0s | Increases Lightning Damage by 25%. | Increases Guaranteed Dodge Rate by 35%,Avengers: Age of Ultron | Activation: when dodging | Cooldown 20s | Critical Rate increases by 25%. | Critical Damage increases by 25%.,,https://thanosvibs.money/api/characters/blackwidow1/skills
blackwidow,Black Widow,Secret Wars: 2099,Master of Espionage | Target: All Allies | Activation: when tagging | Cooldown 0s | Increases All Speeds by 9%.,Graceful Dancer | Cooldown 0s | 5% increase of Physical Attack. | Tactical Advantage | Cooldown 0s | Increases Lightning Damage by 25%. | Increases Guaranteed Dodge Rate by 35%,Secret Wars: 2099 | Activation: when dodging | Cooldown 20s | Critical Rate increases by 20%. | Critical Damage increases by 20%.,,https://thanosvibs.money/api/characters/blackwidow2/skills
blackwidow,Black Widow,Marvel Studios' Captain America: Civil War,Master of Espionage | Target: All Allies | Activation: when tagging | Cooldown 0s | Increases All Speeds by 9%.,Graceful Dancer | Cooldown 0s | 5% increase of Physical Attack. | Tactical Advantage | Cooldown 0s | Increases Lightning Damage by 25%. | Increases Guaranteed Dodge Rate by 35%,Marvel Studios' Captain America: Civil War | Activation: when dodging | Cooldown 20s | Critical Rate increases by 20%. | Critical Damage increases by 20%.,,https://thanosvibs.money/api/characters/blackwidow3/skills
blackwidow,Black Widow,Marvel Studios' Avengers: Infinity War,Master of Espionage | Target: All Allies | Activation: when tagging | Cooldown 0s | Increases All Speeds by 9%.,Graceful Dancer | Cooldown 0s | 5% increase of Physical Attack. | Dodge Rate increases by 10%. | Tactical Advantage | Cooldown 0s | Increases Lightning Damage by 25%. | Increases Guaranteed Dodge Rate by 35%,Marvel Studios' Avengers: Infinity War | Activation: when dodging | Cooldown 20s | Critical Rate increases by 20%. | Critical Damage increases by 20%.,,https://thanosvibs.money/api/characters/blackwidow4/skills
blackwidow,Black Widow,Marvel Studios' Avengers: Endgame,Master of Espionage | Target: All Allies | Activation: when tagging | Cooldown 0s | Increases All Speeds by 9%.,Graceful Dancer | Cooldown 0s | 5% increase of Physical Attack. | Dodge Rate increases by 10%. | Tactical Advantage | Cooldown 0s | Increases Lightning Damage by 25%. | Increases Guaranteed Dodge Rate by 35%,Marvel Studios' Avengers: Endgame | Cooldown 0s | Critical Rate increases by 15%. | Critical Damage increases by 15%.,,https://thanosvibs.money/api/characters/blackwidow5/skills
blackwidow,Black Widow,Team Suit,Master of Espionage | Target: All Allies | Activation: when tagging | Cooldown 0s | Increases All Speeds by 9%.,Graceful Dancer | Cooldown 0s | 5% increase of Physical Attack. | Dodge Rate increases by 10%. | Tactical Advantage | Cooldown 0s | Increases Lightning Damage by 25%. | Increases Guaranteed Dodge Rate by 35%,Team Suit | Cooldown 0s | Critical Rate increases by 15%. | Critical Damage increases by 15%.,,https://thanosvibs.money/api/characters/blackwidow6/skills
blackwidow,Black Widow,Avengers 3099,Master of Espionage | Target: All Allies | Activation: when tagging | Cooldown 0s | Increases All Speeds by 9%.,Graceful Dancer | Cooldown 0s | 5% increase of Physical Attack. | Dodge Rate increases by 10%. | Tactical Advantage | Cooldown 0s | Increases Lightning Damage by 25%. | Increases Guaranteed Dodge Rate by 35%,Avengers 3099 | Cooldown 0s | Critical Rate increases by 15%. | Critical Damage increases by 15%.,,https://thanosvibs.money/api/characters/blackwidow7/skills
blackwidow,Black Widow,Marvel Studios' Black Widow,Master of Espionage | Target: All Allies | Activation: when tagging | Cooldown 0s | Increases All Speeds by 9%.,"Graceful Dancer | Cooldown 0s | 35% increase of Physical Attack. | Dodge Rate increases by 10%. | Tactical Advantage | Cooldown 0s | Increases Lightning Damage by 25%. | Increases Guaranteed Dodge Rate by 35% | Increases Skill damage by 25%, increases Bonus Damage by 15%.",Marvel Studios' Black Widow | Cooldown 0s | Increases Chain Hit damage by 25% when attacking.,,https://thanosvibs.money/api/characters/blackwidow8/skills
blackwidow,Black Widow,Marvel Studios' Black Widow (Snow Suit),Master of Espionage | Target: All Allies | Activation: when tagging | Cooldown 0s | Increases All Speeds by 9%.,"Graceful Dancer | Cooldown 0s | 5% increase of Physical Attack. | Dodge Rate increases by 25%. | Tactical Advantage | Cooldown 0s | Increases Lightning Damage by 25%. | Increases Guaranteed Dodge Rate by 35% | Increases Skill damage by 25%, increases Bonus Damage by 15%.",Marvel Studios' Black Widow (Snow Suit) | Activation: 15 % rate when dodging | Cooldown 10s | Recovers 10% of HP.,,https://thanosvibs.money/api/characters/blackwidow9/skills
blackwidow,Black Widow,Golden Gate Vigilante,Master of Espionage | Target: All Allies | Activation: when tagging | Cooldown 0s | Increases All Speeds by 9%.,"Graceful Dancer | Cooldown 0s | 40% increase of Physical Attack. | Dodge Rate increases by 25%. | Ignores target's Dodge Rate by 30%. | Tactical Advantage | Cooldown 0s | Increases Guaranteed Critical Rate by 30% | Increases Guaranteed Dodge Rate by 35% | Increases Skill damage by 30%, increases Bonus Damage by 35%.","Golden Gate Vigilante | Activation: when dodging | Cooldown 10s | Decreases basic damage received by 40%. | 35% chance to penetrate with Invincible, All Damage Immune, Shield, Barrier, Super Armor effect. | Removes all Debuffs.",,https://thanosvibs.money/api/characters/blackwidow10/skills
blackwidow,Black Widow,Venomous,Master of Espionage | Target: All Allies | Activation: when tagging | Cooldown 0s | Increases All Speeds by 9%.,"Graceful Dancer | Cooldown 0s | 40% increase of Physical Attack. | Dodge Rate increases by 25%. | Ignores target's Dodge Rate by 30%. | Tactical Advantage | Cooldown 0s | Increases Guaranteed Critical Rate by 30% | Increases Guaranteed Dodge Rate by 35% | Increases Skill damage by 40%, increases Bonus Damage by 40%.","Venomous | Activation: when dodging | Cooldown 0s | Decreases basic damage received by 40%. | Acquires the following effect for $TIME sec. | Removes all Debuffs. | 35% chance to penetrate with Invincible, All Damage Immune, Shield, Barrier, Super Armor effect.",,https://thanosvibs.money/api/characters/blackwidow11/skills
cable,Cable,Modern,Cybernetic Eye | Target: All Allies | Cooldown 0s | Ignores target's Dodge Rate by 50%.,"Focus Shot | Cooldown 0s | 75% chance to penetrate with Invincible, All Damage Immune, Barrier effect. | Telekinetic Offensive | Cooldown 0s | Increases Skill damage by 15%, increases Bonus Damage by 45%. | Increases Guaranteed Critical Rate by 30%",,,https://thanosvibs.money/api/characters/cable/skills
cable,Cable,X-Force,Cybernetic Eye | Target: All Allies | Cooldown 0s | Ignores target's Dodge Rate by 50%.,"Focus Shot | Cooldown 0s | 75% chance to penetrate with Invincible, All Damage Immune, Barrier effect. | Telekinetic Offensive | Cooldown 0s | Increases Skill damage by 15%, increases Bonus Damage by 45%. | Increases Guaranteed Critical Rate by 30%",X-Force | Activation: when skill Plasma Shower is used | Cooldown 1s | Increases Chain Hit damage by 10% when attacking.,,https://thanosvibs.money/api/characters/cable1/skills
cable,Cable,Cable & Deadpool,Cybernetic Eye | Target: All Allies | Cooldown 0s | Ignores target's Dodge Rate by 50%.,"Focus Shot | Cooldown 0s | 80% chance to penetrate with Invincible, All Damage Immune, Barrier effect. | Telekinetic Offensive | Cooldown 0s | Increases Skill damage by 15%, increases Bonus Damage by 45%. | Increases Guaranteed Critical Rate by 30%",Cable & Deadpool | Activation: when skill Plasma Shower is used | Cooldown 1s | Increases Chain Hit damage by 30% when attacking.,,https://thanosvibs.money/api/characters/cable2/skills
cable,Cable,Summer Days,Cybernetic Eye | Target: All Allies | Cooldown 0s | Ignores target's Dodge Rate by 50%.,"Focus Shot | Cooldown 0s | 85% chance to penetrate with Invincible, All Damage Immune, Barrier effect. | Telekinetic Offensive | Cooldown 0s | Increases Skill damage by 15%, increases Bonus Damage by 45%. | Increases Guaranteed Critical Rate by 30%",Summer Days | Activation: when skill Plasma Shower is used | Cooldown 1s | Increases Chain Hit damage by 35% when attacking. | Critical Damage increases by 30%.,,https://thanosvibs.money/api/characters/cable3/skills
cable,Cable,X of Swords,Cybernetic Eye | Target: All Allies | Cooldown 0s | Ignores target's Dodge Rate by 50%.,"Focus Shot | Cooldown 0s | 85% chance to penetrate with Invincible, All Damage Immune, Barrier effect. | Telekinetic Offensive | Cooldown 0s | Increases Skill damage by 15%, increases Bonus Damage by 45%. | Increases Guaranteed Critical Rate by 30%",X of Swords | Activation: by default and reactivates 1 sec. after removed | Cooldown 1s | Increases Chain Hit damage by 35% when attacking. | Critical Damage increases by 30%.,,https://thanosvibs.money/api/characters/cable4/skills
cable,Cable,Heart of Darkness,Cybernetic Eye | Target: All Allies | Cooldown 0s | Ignores target's Dodge Rate by 50%.,"Focus Shot | Cooldown 0s | 85% chance to penetrate with Invincible, All Damage Immune, Barrier effect. | Soldier's Sense | Cooldown 0s | Increases Skill damage by 25%, increases Bonus Damage by 45%. | Increases Guaranteed Critical Rate by 30%",Heart of Darkness | Activation: by default and reactivates 1 sec. after removed | Cooldown 1s | Increases Chain Hit damage by 35% when attacking. | Critical Damage increases by 30%. | Critical Rate increases by 20%.,,https://thanosvibs.money/api/characters/cable5/skills
captainamericasharonrogers,Captain America (Sharon Rogers),Captain America 75th Anniversary,Energy Redirection | Target: All Allies | Activation: 25 % rate when hit | Cooldown 40s | Creates an energy Shield equal to 20% of Max HP,"Fortification | Cooldown 0s | Super Armor, increases all Basic Defenses by 30%. | 10% Ignore Defense | Expert Lancer | Cooldown 0s | Decreases Physical Damage Received by 30%. | Decreases Energy Damage Received by 30%. | Increases Skill damage by 45%, increases Bonus Damage by 20%.",,,https://thanosvibs.money/api/characters/sharonrogers/skills
captainamericasharonrogers,Captain America (Sharon Rogers),Star Light Armor,Energy Redirection | Target: All Allies | Activation: 25 % rate when hit | Cooldown 40s | Creates an energy Shield equal to 20% of Max HP,"Fortification | Cooldown 0s | Super Armor, increases all Basic Defenses by 30%. | 10% Ignore Defense | Expert Lancer | Cooldown 0s | Decreases Physical Damage Received by 30%. | Decreases Energy Damage Received by 30%. | Increases Skill damage by 45%, increases Bonus Damage by 20%.",Star Light Armor | Cooldown 0s | Ignores target's Dodge Rate by 20%.,,https://thanosvibs.money/api/characters/sharonrogers1/skills
captainamericasharonrogers,Captain America (Sharon Rogers),Dark Star Armor,Energy Redirection | Target: All Allies | Activation: 25 % rate when hit | Cooldown 40s | Creates an energy Shield equal to 20% of Max HP,"Fortification | Cooldown 0s | Super Armor, increases all Basic Defenses by 30%. | 10% Ignore Defense | Expert Lancer | Cooldown 0s | Decreases Physical Damage Received by 30%. | Decreases Energy Damage Received by 30%. | Increases Skill damage by 45%, increases Bonus Damage by 20%.",Dark Star Armor | Cooldown 0s | Increases Chain Hit damage by 10% when attacking. | Decreases basic damage received by 10%.,,https://thanosvibs.money/api/characters/sharonrogers2/skills
captainamericasharonrogers,Captain America (Sharon Rogers),Star Night Armor,Energy Redirection | Target: All Allies | Activation: 25 % rate when hit | Cooldown 40s | Creates an energy Shield equal to 20% of Max HP,"Fortification | Cooldown 0s | Super Armor, increases all Basic Defenses by 30%. | 10% Ignore Defense | Expert Lancer | Cooldown 0s | Decreases Physical Damage Received by 30%. | Decreases Energy Damage Received by 30%. | Increases Skill damage by 45%, increases Bonus Damage by 20%.",Star Night Armor | Cooldown 0s | Increases Chain Hit damage by 20% when attacking. | Decreases basic damage received by 10%.,,https://thanosvibs.money/api/characters/sharonrogers3/skills
captainamericasharonrogers,Captain America (Sharon Rogers),Light Sirius Armor,Energy Redirection | Target: All Allies | Activation: 25 % rate when hit | Cooldown 40s | Creates an energy Shield equal to 50% of Max HP,"Fortification | Cooldown 0s | Super Armor, increases all Basic Defenses by 30%. | 10% Ignore Defense | Expert Lancer | Cooldown 0s | Decreases Physical Damage Received by 30%. | Decreases Energy Damage Received by 30%. | Increases Skill damage by 45%, increases Bonus Damage by 20%.",Light Sirius Armor | Cooldown 0s | Increases Chain Hit damage by 25% when attacking. | Decreases basic damage received by 10%.,,https://thanosvibs.money/api/characters/sharonrogers4/skills
captainamericasharonrogers,Captain America (Sharon Rogers),Poseidon Armor,Energy Redirection | Target: All Allies | Activation: 25 % rate when hit | Cooldown 40s | Creates an energy Shield equal to 50% of Max HP,"Fortification | Cooldown 0s | Super Armor, increases all Basic Defenses by 30%. | 20% Ignore Defense | Legacy of Valor | Cooldown 0s | Ignores target's Dodge Rate by 35%. | Increases Guaranteed Critical Rate by 15% | Increases Skill damage by 45%, increases Bonus Damage by 35%.",Poseidon Armor | Cooldown 0s | Increases Chain Hit damage by 25% when attacking. | Decreases basic damage received by 40%.,,https://thanosvibs.money/api/characters/sharonrogers5/skills
captainamericasharonrogers,Captain America (Sharon Rogers),Arctic Warrior,Energy Redirection | Target: All Allies | Activation: 25 % rate when hit | Cooldown 40s | Creates an energy Shield equal to 50% of Max HP,"Fortification | Cooldown 0s | Super Armor, increases all Basic Defenses by 30%. | 20% Ignore Defense | Legacy of Valor | Cooldown 0s | Ignores target's Dodge Rate by 35%. | Increases Guaranteed Critical Rate by 15% | Increases Skill damage by 45%, increases Bonus Damage by 35%.",Arctic Warrior | Cooldown 0s | Increases Chain Hit damage by 25% when attacking. | Decreases basic damage received by 40%. | Increases basic damage dealt to boss types by 10%.,,https://thanosvibs.money/api/characters/sharonrogers6/skills
captainmarvel,Captain Marvel,Modern,Warbird | Target: All Allies | Cooldown 0s | 30% increase of Energy Attack.,Absorb Energy | Activation: 25 % rate when hit | Cooldown 20s | Increases all Basic Attacks by 2% per 1% of pure damage received | Accumulates pure Energy Damage up to 10% of Max HP | Carol Corps | Cooldown 0s | Increases All Buffs effect by 20%.,,,https://thanosvibs.money/api/characters/captainmarvel/skills
captainmarvel,Captain Marvel,Secret Wars: Captain Marvel & The Carol Corps,Warbird | Target: All Allies | Cooldown 0s | 30% increase of Energy Attack.,Absorb Energy | Activation: 25 % rate when hit | Cooldown 20s | Increases all Basic Attacks by 2% per 1% of pure damage received | Accumulates pure Energy Damage up to 10% of Max HP | Carol Corps | Cooldown 0s | Increases All Buffs effect by 20%.,,,https://thanosvibs.money/api/characters/captainmarvel1/skills
captainmarvel,Captain Marvel,Ms. Marvel,Warbird | Target: All Allies | Cooldown 0s | 30% increase of Energy Attack.,Absorb Energy | Activation: 25 % rate when hit | Cooldown 20s | Increases all Basic Attacks by 2% per 1% of pure damage received | Accumulates pure Energy Damage up to 10% of Max HP | Carol Corps | Cooldown 0s | Increases All Buffs effect by 20%.,,,https://thanosvibs.money/api/characters/captainmarvel2/skills
captainmarvel,Captain Marvel,Marvel Studios' Captain Marvel,Warbird | Target: All Allies | Cooldown 0s | 30% increase of Energy Attack.,"Absorb Energy | Cooldown 0s | Super Armor, increases all Basic Defenses by 35%. | Carol Corps | Cooldown 0s | Increases All Buffs effect by 20%.",,,https://thanosvibs.money/api/characters/captainmarvel3/skills
captainmarvel,Captain Marvel,Marvel Studios' Avengers: Endgame,Warbird | Target: All Allies | Cooldown 0s | 30% increase of Energy Attack.,"Absorb Energy | Cooldown 0s | Super Armor, increases all Basic Defenses by 35%. | Carol Corps | Cooldown 0s | Increases All Buffs effect by 20%.",Marvel Studios' Avengers: Endgame | Cooldown 0s | Decreases basic damage received by 5%. | Increases basic damage dealt to Villain faction by 15%. | Decreases basic damage received from Villain faction by 10%.,,https://thanosvibs.money/api/characters/captainmarvel4/skills
captainmarvel,Captain Marvel,The Last Avenger,Warbird | Target: All Allies | Cooldown 0s | 30% increase of Energy Attack.,"Absorb Energy | Cooldown 0s | Super Armor, increases all Basic Defenses by 35%. | Carol Corps | Cooldown 0s | Increases All Buffs effect by 20%.",The Last Avenger | Cooldown 0s | Decreases basic damage received by 40%. | Increases basic damage dealt to Villain faction by 50%. | Decreases basic damage received from Villain faction by 50%.,,https://thanosvibs.money/api/characters/captainmarvel5/skills
captainmarvel,Captain Marvel,Marvel Studios' The Marvels,Warbird | Target: All Allies | Cooldown 0s | 35% increase of Energy Attack.,"Cosmic Precision | Cooldown 0s | Super Armor, increases all Basic Defenses by 35%. | Increases Skill damage by 25%, increases Bonus Damage by 30%. | Captain's Persuasion | Cooldown 0s | Increases All Buffs effect by 20%. | Increases Chain Hit damage by 10% when attacking.",Marvel Studios' The Marvels | Cooldown 0s | Decreases basic damage received by 40%. | Increases basic damage dealt to Villain faction by 55%. | Decreases basic damage received from Villain faction by 50%.,,https://thanosvibs.money/api/characters/captainmarvel6/skills
captainmarvel,Captain Marvel,Marvel Animation's Marvel Zombies,Warbird | Target: All Allies | Cooldown 0s | 35% increase of Energy Attack.,"Cosmic Precision | Cooldown 0s | Super Armor, increases all Basic Defenses by 40%. | Increases Skill damage by 30%, increases Bonus Damage by 30%. | Captain's Persuasion | Cooldown 0s | Increases All Buffs effect by 20%. | Increases Chain Hit damage by 10% when attacking.",Marvel Animation's Marvel Zombies | Cooldown 0s | Decreases basic damage received by 40%. | Increases basic damage by 55% when attacking characters without Zombie Ability. | Decreases Chain Hit damage by 40% when attacked.,,https://thanosvibs.money/api/characters/captainmarvel7/skills
carnage,Carnage,"All-New, All-Different",Carnage Instinct | Target: All Allies | Cooldown 0s | Critical Rate increases by 6%. | Critical Damage increases by 18%.,"Symbiote Nature | Activation: when skill Camouflage Strike is used | Cooldown 0s | Effects change depending on the target. | Maximum Carnage | Activation: when skill Insanity Strike is used | Cooldown 3s | Invincible | Increases Skill damage by 54%, increases Bonus Damage by 45%.",,,https://thanosvibs.money/api/characters/carnage/skills
carnage,Carnage,Absolute Carnage,Carnage Instinct | Target: All Allies | Cooldown 0s | Critical Rate increases by 6%. | Critical Damage increases by 18%.,"Symbiote Nature | Cooldown 0s | Immunity to BLEED Effect. | Increases Guaranteed Critical Rate by 30% | Maximum Carnage | Cooldown 0s | Increases Skill damage by 40%, increases Bonus Damage by 30%. | Decreases basic damage received by 15%.",Absolute Carnage | Cooldown 0s | 30% chance to increase Critical Damage by 100% on Critical Attacks.,,https://thanosvibs.money/api/characters/carnage1/skills
carnage,Carnage,Fallen Soul,Evil Reborn | Target: Symbiote Allies | Activation: when debuffed | Cooldown 20s | Removes all Debuffs. | Increases all Basic Defenses by 30%.,"Symbiote Nature | Cooldown 0s | Immunity to BLEED Effect. | Increases Guaranteed Critical Rate by 30% | Critical Damage increases by 35%. | Maximum Carnage | Cooldown 0s | Increases Skill damage by 40%, increases Bonus Damage by 35%. | Decreases basic damage received by 40%. | Guard Break Immunity",Fallen Soul | Cooldown 0s | 30% chance to increase Critical Damage by 100% on Critical Attacks. | 30% increase of HP.,,https://thanosvibs.money/api/characters/carnage2/skills
carnage,Carnage,Superior Carnage,Evil Reborn | Target: Symbiote Allies | Activation: when debuffed | Cooldown 20s | Removes all Debuffs. | Increases all Basic Defenses by 30%.,"Symbiote Nature | Cooldown 0s | Immunity to BLEED Effect. | Increases Guaranteed Critical Rate by 30% | Critical Damage increases by 35%. | Maximum Carnage | Cooldown 0s | Increases Skill damage by 45%, increases Bonus Damage by 40%. | Decreases basic damage received by 40%. | Guard Break Immunity",Superior Carnage | Cooldown 0s | 30% chance to increase Critical Damage by 100% on Critical Attacks. | 40% increase of HP.,,https://thanosvibs.money/api/characters/carnage3/skills
crescent,Crescent,Modern,Moon's Blessing | Target: Combat Type Allies | Cooldown 0s | 60% increase of Physical Attack.,"Io | Activation: by default and reactivates 3 sec. after removed | Cooldown 3s | Summon an illusion with 100% of the summoner's stats. | Half-Moon Bear Spirit | Target: Summoned Character | Activation: by default and reactivates 3 sec. after removed | Cooldown 0s | 35% increase of Physical Attack. | Increases summoned characters' Basic Attacks and Basic Defenses by 30%, Increases HP by 0%, increases duration of summoned characters by 0%. | Super Armor, increases all Basic Defenses by 5%. | Super Armor, increases all Basic Defenses by 15%. | Increases all Basic Attacks by 15%",,,https://thanosvibs.money/api/characters/crescent/skills
crescent,Crescent,Lifestyle Series 1,Moon's Blessing | Target: Combat Type Allies | Cooldown 0s | 60% increase of Physical Attack.,"Io | Activation: by default and reactivates 3 sec. after removed | Cooldown 3s | Summon an illusion with 100% of the summoner's stats. | Half-Moon Bear Spirit | Target: Summoned Character | Activation: by default and reactivates 3 sec. after removed | Cooldown 0s | 35% increase of Physical Attack. | Increases summoned characters' Basic Attacks and Basic Defenses by 30%, Increases HP by 0%, increases duration of summoned characters by 0%. | Super Armor, increases all Basic Defenses by 5%. | Super Armor, increases all Basic Defenses by 15%. | Increases all Basic Attacks by 15%",Lifestyle Series 1 | Activation: 85 % chance when attacking | Cooldown 4s | Critical Rate increases by 30%.,,https://thanosvibs.money/api/characters/crescent1/skills
crescent,Crescent,Light Sirius Armor,Moon's Blessing | Target: All Allies | Cooldown 0s | 60% increase of Physical Attack.,"Io | Activation: by default and reactivates 3 sec. after removed | Cooldown 3s | Summon an illusion with 100% of the summoner's stats. | 50% chance to increase Critical Damage by 30% on Critical Attacks. | Half-Moon Bear Spirit | Cooldown 0s | 35% increase of Physical Attack. | Decreases basic damage received by 30%. | Super Armor, increases all Basic Defenses by 50%.","Light Sirius Armor | Activation: 85 % chance when attacking | Cooldown 9s | Increases Guaranteed Critical Rate by 15% | Increases Skill damage by 20%, increases Bonus Damage by 20%.",,https://thanosvibs.money/api/characters/crescent2/skills
crescent,Crescent,B-Girl Crew,Moon's Blessing | Target: All Allies | Cooldown 0s | 60% increase of Physical Attack.,"Io | Activation: by default and reactivates 3 sec. after removed | Cooldown 3s | Summons a creature with 100% Attack/Defense and 200% HP of the summoner (Changes the creature's abilities to the character's abilities)(All abilities including stats, buffs, and types) | 50% chance to increase Critical Damage by 30% on Critical Attacks. | Half-Moon Bear Spirit | Cooldown 0s | 35% increase of Physical Attack. | Decreases basic damage received by 30%. | Super Armor, increases all Basic Defenses by 50%.","B-Girl Crew | Cooldown 0s | Increases Guaranteed Critical Rate by 20% | Increases Skill damage by 35%, increases Bonus Damage by 35%.",,https://thanosvibs.money/api/characters/crescent3/skills
cyclops,Cyclops,Classic,Natural Born Leader | Target: All Allies | Cooldown 0s | Increases all Basic Attacks by 25% | Increases all Basic Defenses by 25%.,"Ambient Radiation | Target: All Allies | Cooldown 0s | 10% increase of Energy Attack. | Visor Upgrade | Cooldown 0s | Increases Skill damage by 18%, increases Bonus Damage by 25%. | Ignores target's Dodge Rate by 50%.",,,https://thanosvibs.money/api/characters/cyclops/skills
cyclops,Cyclops,Age of Apocalypse,Natural Born Leader | Target: All Allies | Cooldown 0s | Increases all Basic Attacks by 25% | Increases all Basic Defenses by 25%.,"Ambient Radiation | Target: All Allies | Cooldown 0s | 15% increase of Energy Attack. | Visor Upgrade | Cooldown 0s | Increases Skill damage by 18%, increases Bonus Damage by 25%. | Ignores target's Dodge Rate by 50%.",,,https://thanosvibs.money/api/characters/cyclops1/skills
cyclops,Cyclops,Marvel NOW!,Natural Born Leader | Target: All Allies | Cooldown 0s | Increases all Basic Attacks by 35% | Increases all Basic Defenses by 25%.,"Ambient Radiation | Target: All Allies | Cooldown 0s | 15% increase of Energy Attack. | Visor Upgrade | Cooldown 0s | Increases Skill damage by 18%, increases Bonus Damage by 25%. | Ignores target's Dodge Rate by 50%.",,,https://thanosvibs.money/api/characters/cyclops2/skills
cyclops,Cyclops,Phoenix Five,Natural Born Leader | Target: All Allies | Cooldown 0s | Increases all Basic Attacks by 35% | Increases all Basic Defenses by 25%.,"Ambient Radiation | Target: All Allies | Cooldown 0s | 30% increase of Energy Attack. | Visor Upgrade | Cooldown 0s | Increases Skill damage by 22%, increases Bonus Damage by 25%. | Ignores target's Dodge Rate by 50%.",Phoenix Five | Cooldown 0s | Increases Flame Damage by 10%.,,https://thanosvibs.money/api/characters/cyclops3/skills
cyclops,Cyclops,Modern,Natural Born Leader | Target: All Allies | Cooldown 0s | Increases all Basic Attacks by 45% | Increases all Basic Defenses by 30%.,"Ambient Radiation | Target: All Allies | Cooldown 0s | 40% increase of Energy Attack. | Visor Upgrade | Cooldown 0s | Increases Skill damage by 35%, increases Bonus Damage by 30%. | Ignores target's Dodge Rate by 50%. | Super Armor, increases all Basic Defenses by 40%.",Modern | Cooldown 0s | Increases Chain Hit damage by 10% when attacking. | Critical Damage increases by 20%.,,https://thanosvibs.money/api/characters/cyclops4/skills
cyclops,Cyclops,Marvel Animation's X-Men '97,Natural Born Leader | Target: All Allies | Cooldown 0s | Increases all Basic Attacks by 50% | Increases all Basic Defenses by 30%.,"Leader of X-Men | Target: All Allies | Cooldown 0s | 40% increase of Energy Attack. | Increases basic damage dealt to Villain faction by 30%. | Visor Upgrade | Cooldown 0s | Increases Skill damage by 40%, increases Bonus Damage by 40%. | Ignores target's Dodge Rate by 50%. | Super Armor, increases all Basic Defenses by 40%.",Marvel Animation's X-Men '97 | Cooldown 0s | Increases Chain Hit damage by 10% when attacking. | Critical Damage increases by 30%.,,https://thanosvibs.money/api/characters/cyclops5/skills
deadpool,Deadpool,Modern,"Natural Born Leader?! | Target: All Allies for the first effect, Self for the second effect | Cooldown 0s | 6% increase of Recovery Rate. | Increases all Basic Attacks by 35%, all Basic Defenses by 35%, and all Speeds by 10%.","Healing Factor | Activation: when HP is below 20 % | Cooldown 150s | Recovers 45% of HP. | Merc With A Mouth | Activation: when HP is below 99 % | Cooldown 1s | Recovers 4% of HP. | Increases Skill damage by 32%, increases Bonus Damage by 15%. | Increases Guaranteed Critical Rate by 20%",,,https://thanosvibs.money/api/characters/deadpool/skills
deadpool,Deadpool,X-Force,"Natural Born Leader?! | Target: All Allies for the first effect, Self for the second effect | Cooldown 0s | 6% increase of Recovery Rate. | Increases all Basic Attacks by 35%, all Basic Defenses by 35%, and all Speeds by 10%.","Healing Factor | Activation: when HP is below 35 % | Cooldown 150s | Recovers 45% of HP. | Merc With A Mouth | Activation: by default and reactivates 1 sec. after removed | when HP is below 99 % | Cooldown 1s | Increases Skill damage by 32%, increases Bonus Damage by 15%. | Increases Guaranteed Critical Rate by 20% | Acquires the following effect for $TIME sec. | Recovers 4% of HP.",X-Force | Cooldown 0s | 10% increase of HP.,,https://thanosvibs.money/api/characters/deadpool1/skills
deadpool,Deadpool,Lady Deadpool,"Natural Born Leader?! | Target: All Allies for the first effect, Self for the second effect | Cooldown 0s | 6% increase of Recovery Rate. | Increases all Basic Attacks by 35%, all Basic Defenses by 35%, and all Speeds by 10%.","Healing Factor | Activation: when HP is below 35 % | Cooldown 150s | Recovers 45% of HP. | Merc With A Mouth | Target: All Allies for the first effect, Self for the second effect | Activation: by default and reactivates 1 sec. after removed | Cooldown 1s | Increases Skill damage by 32%, increases Bonus Damage by 15%. | Increases Guaranteed Critical Rate by 20% | Acquires the following effect for $TIME sec. | 1% increase of Recovery Rate. | Increases all Basic Attacks by 30%, all Basic Defenses by 30%, and all Speeds by 5%.",Lady Deadpool | Cooldown 0s | 10% increase of HP. | Increases Guaranteed Dodge Rate by 10%,,https://thanosvibs.money/api/characters/deadpool2/skills
deadpool,Deadpool,Holiday Party,"Natural Born Leader?! | Target: All Allies for the first effect, Self for the second effect | Cooldown 0s | 6% increase of Recovery Rate. | Increases all Basic Attacks by 35%, all Basic Defenses by 35%, and all Speeds by 10%.","Healing Factor | Activation: when HP is below 35 % | Cooldown 150s | Recovers 45% of HP. | Merc With A Mouth | Target: All Allies for the first effect, Self for the second effect | Activation: by default and reactivates 1 sec. after removed | Cooldown 1s | Increases Skill damage by 32%, increases Bonus Damage by 15%. | Increases Guaranteed Critical Rate by 20% | Acquires the following effect for $TIME sec. | 1% increase of Recovery Rate. | Increases all Basic Attacks by 30%, all Basic Defenses by 30%, and all Speeds by 5%.",Holiday Party | Cooldown 0s | 10% increase of HP. | Increases Guaranteed Dodge Rate by 15%,,https://thanosvibs.money/api/characters/deadpool3/skills
deadpool,Deadpool,30th Anniversary Black Version,"Natural Born Leader?! | Target: All Allies for the first effect, Self for the second effect | Cooldown 0s | 6% increase of Recovery Rate. | Increases all Basic Attacks by 35%, all Basic Defenses by 35%, and all Speeds by 10%.","Healing Factor | Activation: when HP is below 35 % | Cooldown 90s | Recovers 65% of HP. | Merc With A Mouth | Activation: by default and reactivates 1 sec. after removed | when HP is below 35 % | Cooldown 1s | Increases Skill damage by 40%, increases Bonus Damage by 25%. | Increases Guaranteed Critical Rate by 20% | Acquires the following effect for $TIME sec. | Recovers 65% of HP.",30th Anniversary Black Version | Cooldown 0s | 20% increase of HP. | Increases Guaranteed Dodge Rate by 20%,,https://thanosvibs.money/api/characters/deadpool4/skills
deadpool,Deadpool,30th Anniversary White Version,"Natural Born Leader?! | Target: All Allies for the first effect, Self for the second effect | Cooldown 0s | 6% increase of Recovery Rate. | Increases all Basic Attacks by 35%, all Basic Defenses by 35%, and all Speeds by 10%.","Healing Factor | Activation: when HP is below 35 % | Cooldown 90s | Recovers 65% of HP. | Merc With A Mouth | Activation: by default and reactivates 1 sec. after removed | when HP is below 35 % | Cooldown 1s | Increases Skill damage by 40%, increases Bonus Damage by 25%. | Increases Guaranteed Critical Rate by 20% | Acquires the following effect for $TIME sec. | Recovers 65% of HP.",30th Anniversary White Version | Cooldown 0s | 20% increase of HP. | Increases Guaranteed Dodge Rate by 20%,,https://thanosvibs.money/api/characters/deadpool5/skills
deadpool,Deadpool,April Pools,"Head Honcho | Target: Gwenpool | Cooldown 0s | Increases all Basic Attacks by 40%, all Basic Defenses by 40%, and all Speeds by 15%. | Increases basic damage dealt to boss types by 60%.","Healing Factor | Activation: when HP is below 35 % | Cooldown 90s | Recovers 65% of HP. | Merc With A Mouth | Activation: by default and reactivates 1 sec. after removed | when HP is below 35 % | Cooldown 1s | Increases Skill damage by 40%, increases Bonus Damage by 25%. | Increases Guaranteed Critical Rate by 20% | Acquires the following effect for $TIME sec. | Recovers 65% of HP.",April Pools | Cooldown 0s | 30% increase of HP. | Increases Guaranteed Dodge Rate by 20% | Increases Chain Hit damage by 10% when attacking.,,https://thanosvibs.money/api/characters/deadpool6/skills
deadpool,Deadpool,Marvel Studios' Deadpool & Wolverine,"Marvel's Savior | Target: All Allies for the first effect, Self for the second effect | Cooldown 0s | Increases all Basic Attacks by 40%, all Basic Defenses by 40%, and all Speeds by 15%. | Acquires the following effect for $TIME sec.","Healing Factor | Activation: when HP is below 99 % | when HP is below 35 % | Cooldown 1s | Recovers 5% of HP. | Acquires the following effect for $TIME sec. | Recovers 65% of HP. | A Gifted Sarcast | Activation: by default and reactivates 1 sec. after removed | Cooldown 1s | Increases Skill damage by 45%, increases Bonus Damage by 30%. | Increases Guaranteed Critical Rate by 25% | Decreases basic damage received by 25%.",Marvel Studios' Deadpool & Wolverine | Cooldown 0s | 30% increase of HP. | Increases Guaranteed Dodge Rate by 25% | Increases Chain Hit damage by 10% when attacking.,,https://thanosvibs.money/api/characters/deadpool8/skills
deadpool,Deadpool,Marvel Studios' Deadpool & Wolverine · Nicepool,"The Handsome | Target: All Allies for the first effect, Self for the second effect | Cooldown 0s | Increases all Basic Attacks by 40%, all Basic Defenses by 40%, and all Speeds by 15%. | Increases basic damage dealt to boss types by 40%.","Healing Factor | Activation: when HP is below 99 % | when HP is below 35 % | Cooldown 1s | Recovers 5% of HP. | Acquires the following effect for $TIME sec. | Recovers 65% of HP. | Fancy Cuts | Activation: by default and reactivates 1 sec. after removed | Cooldown 1s | Increases Skill damage by 45%, increases Bonus Damage by 30%. | Increases Guaranteed Critical Rate by 25% | Decreases basic damage received by 25%.",Marvel Studios' Deadpool & Wolverine | Cooldown 0s | 30% increase of HP. | Increases Guaranteed Dodge Rate by 25% | Increases Chain Hit damage by 10% when attacking.,,https://thanosvibs.money/api/characters/deadpool7/skills
doctorstrange,Doctor Strange,"All-New, All-Different",Universal Awareness | Target: All Allies | Cooldown 0s | 30% increase of Energy Attack. | Ignores target's Dodge Rate by 20%.,Divine Conduit | Cooldown 0s | 100% chance to penetrate with Barrier effect. | Master of the Mystic Arts | Activation: 75 % chance when attacking | Cooldown 12s | Increases All Speeds by 15%. | Time Freezing,,,https://thanosvibs.money/api/characters/doctorstrange/skills
doctorstrange,Doctor Strange,Marvel Studios' Doctor Strange,Universal Awareness | Target: All Allies | Cooldown 0s | 30% increase of Energy Attack. | Ignores target's Dodge Rate by 20%.,Divine Conduit | Cooldown 0s | 100% chance to penetrate with Barrier effect. | Master of the Mystic Arts | Activation: 75 % chance when attacking | Cooldown 12s | Increases All Speeds by 15%. | Time Freezing,Marvel Studios' Doctor Strange | Activation: when skill Demons of Denak is used | Cooldown 1s | Reflect 40% of all damage received (Up to 50% of Max Attack). | Recovers 8% of HP.,,https://thanosvibs.money/api/characters/doctorstrange1/skills
doctorstrange,Doctor Strange,Marvel Studios' Avengers: Infinity War,Universal Awareness | Target: All Allies | Cooldown 0s | 30% increase of Energy Attack. | Ignores target's Dodge Rate by 20%.,Divine Conduit | Cooldown 0s | 100% chance to penetrate with Barrier effect. | Master of the Mystic Arts | Activation: 75 % chance when attacking | Cooldown 12s | Increases All Speeds by 15%. | Time Freezing,Marvel Studios' Avengers: Infinity War | Activation: when skill Demons of Denak is used | Cooldown 1s | Reflect 50% of all damage received (Up to 50% of Max Attack). | Recovers 10% of HP.,,https://thanosvibs.money/api/characters/doctorstrange2/skills
doctorstrange,Doctor Strange,Space Suit,Universal Awareness | Target: All Allies | Cooldown 0s | 30% increase of Energy Attack. | Ignores target's Dodge Rate by 20%.,Divine Conduit | Cooldown 0s | 100% chance to penetrate with Barrier effect. | Master of the Mystic Arts | Activation: 75 % chance when attacking | Cooldown 12s | Increases All Speeds by 15%. | Time Freezing,"Space Suit | Cooldown 0s | Increases Skill damage by 15%, increases Bonus Damage by 10%.",,https://thanosvibs.money/api/characters/doctorstrange3/skills
doctorstrange,Doctor Strange,Marvel Studios' Doctor Strange 2,Universal Awareness | Target: All Allies | Cooldown 0s | 30% increase of Energy Attack. | Ignores target's Dodge Rate by 20%.,"Divine Conduit | Cooldown 0s | 100% chance to penetrate with All Damage Immune, Shield, Barrier effect. | Increases Chain Hit damage by 22% when attacking. | Master of the Mystic Arts | Activation: 75 % chance when attacking | Cooldown 12s | 55% increase of Energy Attack. | Decreases basic damage received by 40%. | Time Freezing","Marvel Studios' Doctor Strange 2 | Cooldown 0s | Increases Skill damage by 30%, increases Bonus Damage by 25%.",,https://thanosvibs.money/api/characters/doctorstrange4/skills
doctorstrange,Doctor Strange,Death of Doctor Strange,Universal Awareness | Target: All Allies | Cooldown 0s | 45% increase of Energy Attack. | Ignores target's Dodge Rate by 20%.,"Divine Conduit | Cooldown 0s | 100% chance to penetrate with All Damage Immune, Shield, Barrier effect. | Increases Chain Hit damage by 25% when attacking. | Master of the Mystic Arts | Activation: 75 % chance when attacking | Cooldown 12s | 55% increase of Energy Attack. | Decreases basic damage received by 40%. | Time Freezing","Death of Doctor Strange | Cooldown 0s | Increases Skill damage by 40%, increases Bonus Damage by 35%. | Increases Guaranteed Critical Rate by 25% | Critical Damage increases by 35%.",,https://thanosvibs.money/api/characters/doctorstrange5/skills
doctorstrange,Doctor Strange,What If... Zombies?!,Universal Awareness | Target: All Allies | Cooldown 0s | 45% increase of Energy Attack. | Ignores target's Dodge Rate by 20%.,"Divine Conduit | Cooldown 0s | 100% chance to penetrate with All Damage Immune, Shield, Barrier effect. | Increases Chain Hit damage by 25% when attacking. | Master of the Mystic Arts | Activation: 75 % chance when attacking | Cooldown 12s | 55% increase of Energy Attack. | Decreases basic damage received by 40%. | Time Freezing","What If... Zombies?! | Cooldown 0s | Increases Skill damage by 45%, increases Bonus Damage by 40%. | Increases Guaranteed Critical Rate by 30% | Critical Damage increases by 35%.",,https://thanosvibs.money/api/characters/doctorstrange6/skills
dormammu,Dormammu,Classic,Dread One | Target: All Allies | Cooldown 0s | Increases all Basic Defenses by 24%.,Lingering Fear | Activation: when dead | Cooldown 300s | Revive with 100% of Max HP | Impending Demise | Activation: 25 % chance when attacking | Cooldown 7s | Recovers 20% of HP. | Removes all Debuffs.,,,https://thanosvibs.money/api/characters/dormammu/skills
dormammu,Dormammu,Damnation,Dread One | Target: Super Villain Allies | Cooldown 0s | Increases basic damage dealt to Hero faction by 60%.,Lingering Fear | Activation: when dead | Cooldown 300s | Revive with 100% of Max HP | Impending Demise | Activation: 25 % chance when attacking | Cooldown 7s | Recovers 20% of HP. | Removes all Debuffs.,"Damnation | Cooldown 0s | Increases Skill damage by 40%, increases Bonus Damage by 30%. | Decreases basic damage received by 20%.",,https://thanosvibs.money/api/characters/dormammu1/skills
ghostrider,Ghost Rider,Classic,Hell's Blessing | Target: All Allies | Cooldown 0s | Increases Flame Resist by 50%.,"Vengeance | Cooldown 0s | 100% chance to become immune to Flame Damage. | Repentance | Cooldown 0s | Increases basic damage dealt to Villain faction by 120%. | Decreases basic damage received from Villain faction by 20%. | Increases Skill damage by 12%, increases Bonus Damage by 10%.",,,https://thanosvibs.money/api/characters/ghostrider/skills
ghostrider,Ghost Rider,70's Classic,Hell's Blessing | Target: All Allies | Cooldown 0s | Increases Flame Resist by 50%.,"Vengeance | Cooldown 0s | 100% chance to become immune to Flame Damage. | Repentance | Cooldown 0s | Increases basic damage dealt to Villain faction by 120%. | Decreases basic damage received from Villain faction by 20%. | Increases Skill damage by 12%, increases Bonus Damage by 10%.",70's Classic | Cooldown 0s | Energy Fire Damage: 15% of Energy Attack Additional 0 Energy Fire Damage.,,https://thanosvibs.money/api/characters/ghostrider1/skills
ghostrider,Ghost Rider,Inhumans: Attilan Rising,Hell's Blessing | Target: All Allies | Cooldown 0s | Increases Flame Resist by 50%.,"Vengeance | Cooldown 0s | 100% chance to become immune to Flame Damage. | Repentance | Cooldown 0s | Increases basic damage dealt to Villain faction by 120%. | Decreases basic damage received from Villain faction by 20%. | Increases Skill damage by 12%, increases Bonus Damage by 10%.",Inhumans: Attilan Rising | Cooldown 0s | Energy Fire Damage: 15% of Energy Attack Additional 0 Energy Fire Damage.,,https://thanosvibs.money/api/characters/ghostrider2/skills
ghostrider,Ghost Rider,King of Hell,Hell's Blessing | Target: All Allies | Cooldown 0s | Increases Flame Resist by 50%.,"Vengeance | Cooldown 0s | 90% chance to become immune to Flame Damage. | Increases Flame Damage by 15%. | Repentance | Cooldown 0s | Increases basic damage dealt to Villain faction by 120%. | Decreases basic damage received from Villain faction by 20%. | Increases Skill damage by 20%, increases Bonus Damage by 15%.",,,https://thanosvibs.money/api/characters/ghostrider3/skills
ghostrider,Ghost Rider,Rage Returned,Hell's Blessing | Target: All Allies | Cooldown 0s | Increases Flame Resist by 50%.,"Vengeance | Cooldown 0s | 90% chance to become immune to Flame Damage. | Increases Flame Damage by 30%. | Hell's Wrath | Cooldown 0s | Increases basic damage dealt to Villain faction by 120%. | Decreases basic damage received by 30%. | Increases Skill damage by 30%, increases Bonus Damage by 25%.",Rage Returned | Cooldown 0s | Increases Chain Hit damage by 10% when attacking.,,https://thanosvibs.money/api/characters/ghostrider4/skills
ghostrider,Ghost Rider,Savage Avengers,Hell's Blessing | Target: All Allies | Cooldown 0s | Increases Flame Resist by 50%.,"Vengeance | Cooldown 0s | 90% chance to become immune to Flame Damage. | Increases Flame Damage by 30%. | Hell's Wrath | Cooldown 0s | Increases basic damage dealt to Villain faction by 120%. | Decreases basic damage received by 30%. | Increases Skill damage by 30%, increases Bonus Damage by 25%.","Savage Avengers | Cooldown 0s | Increases Chain Hit damage by 10% when attacking. | Super Armor, increases all Basic Defenses by 40%.",,https://thanosvibs.money/api/characters/ghostrider5/skills
hulk,Hulk,The Avengers,Hulk Roar | Target: All Allies | Cooldown 0s | 30% increase of Physical Attack.,"Enraged | Activation: 45 % rate when hit | Cooldown 10s | Increases all Basic Attacks and Defense by 10%, all speed by 10%, and Critical Rate by 10%, removes Incapacitation | Recovers 25% of HP. | Gamma Overload | Cooldown 0s | Increases Skill damage by 32%, increases Bonus Damage by 15%. | Super Armor, increases all Basic Defenses by 15%. | Decreases basic damage received by 35%.",,,https://thanosvibs.money/api/characters/hulk/skills
hulk,Hulk,Secret Wars: Future Imperfect,Hulk Roar | Target: All Allies | Cooldown 0s | 30% increase of Physical Attack.,"Enraged | Activation: 45 % rate when hit | Cooldown 10s | Increases all Basic Attacks and Defense by 10%, all speed by 10%, and Critical Rate by 10%, removes Incapacitation | Recovers 25% of HP. | Gamma Overload | Cooldown 0s | Increases Skill damage by 32%, increases Bonus Damage by 15%. | Super Armor, increases all Basic Defenses by 15%. | Decreases basic damage received by 35%.",Secret Wars: Future Imperfect | Activation: 20 % chance when attacking | Cooldown 10s | Physical Poison Damage: 42% of Physical Attack. Additional 0 Physical Poison Damage.,,https://thanosvibs.money/api/characters/hulk1/skills
hulk,Hulk,World War Hulk,Hulk Roar | Target: All Allies | Cooldown 0s | 30% increase of Physical Attack.,"Enraged | Activation: 45 % rate when hit | Cooldown 10s | Increases all Basic Attacks and Defense by 10%, all speed by 10%, and Critical Rate by 10%, removes Incapacitation | Recovers 25% of HP. | Gamma Overload | Cooldown 0s | Increases Skill damage by 32%, increases Bonus Damage by 15%. | Super Armor, increases all Basic Defenses by 15%. | Decreases basic damage received by 35%.",World War Hulk | Cooldown 0s | Guard Break Immunity,,https://thanosvibs.money/api/characters/hulk2/skills
hulk,Hulk,Marvel Studios' Thor: Ragnarok,Hulk Roar | Target: All Allies | Cooldown 0s | 30% increase of Physical Attack.,"Enraged | Activation: when HP is below 90 % | Cooldown 5s | Increases all Basic Attacks and Defense by 15%, all speed by 15%, and Critical Rate by 15%, removes Incapacitation | Recovers 3% of HP. | Gamma Overload | Cooldown 0s | Increases Skill damage by 32%, increases Bonus Damage by 15%. | Super Armor, increases all Basic Defenses by 15%. | Decreases basic damage received by 35%.",,,https://thanosvibs.money/api/characters/hulk3/skills
hulk,Hulk,Marvel Studios' Avengers: Endgame,Hulk Roar | Target: All Allies | Cooldown 0s | 30% increase of Physical Attack.,"Enraged | Activation: when HP is below 90 % | Cooldown 5s | Increases all Basic Attacks and Defense by 20%, all speed by 20%, and Critical Rate by 20%, removes Incapacitation | Recovers 3% of HP. | Ignores target's Dodge Rate by 25%. | Gamma Overload | Cooldown 0s | Increases Skill damage by 32%, increases Bonus Damage by 15%. | Super Armor, increases all Basic Defenses by 15%. | Decreases basic damage received by 35%.",,,https://thanosvibs.money/api/characters/hulk4/skills
hulk,Hulk,Team Suit,Hulk Roar | Target: All Allies | Cooldown 0s | 30% increase of Physical Attack.,"Enraged | Activation: when HP is below 90 % | Cooldown 5s | Increases all Basic Attacks and Defense by 20%, all speed by 20%, and Critical Rate by 20%, removes Incapacitation | Recovers 3% of HP. | Ignores target's Dodge Rate by 25%. | Gamma Overload | Cooldown 0s | Increases Skill damage by 32%, increases Bonus Damage by 15%. | Super Armor, increases all Basic Defenses by 15%. | Decreases basic damage received by 35%.",,,https://thanosvibs.money/api/characters/hulk5/skills
hulk,Hulk,Immortal Hulk,Hulk Roar | Target: All Allies | Cooldown 0s | Increases all Basic Defenses by 24%.,"Enraged | Activation: when HP is below 99 % | when HP is below 20 % | Cooldown 1s | Recovers 3% of HP. | Acquires the following effect for $TIME sec. | Recovers 45% of HP. | Gamma Overload | Cooldown 0s | Increases Skill damage by 35%, increases Bonus Damage by 15%. | Super Armor, increases all Basic Defenses by 15%. | Decreases basic damage received by 35%.",Immortal Hulk | Cooldown 0s | Critical Rate increases by 10%. | Critical Damage increases by 50%. | Increases Chain Hit damage by 10% when attacking.,,https://thanosvibs.money/api/characters/hulk6/skills
hulk,Hulk,Fear Itself,Hulk Roar | Target: All Allies | Cooldown 0s | Increases all Basic Defenses by 24%.,"Enraged | Activation: when HP is below 99 % | when HP is below 33 % | Cooldown 1s | Recovers 4% of HP. | Acquires the following effect for $TIME sec. | Recovers 60% of HP. | Gamma Overload | Cooldown 0s | Increases Skill damage by 50%, increases Bonus Damage by 15%. | Super Armor, increases all Basic Defenses by 30%. | Decreases basic damage received by 35%.",Fear Itself | Cooldown 0s | Critical Rate increases by 10%. | Critical Damage increases by 50%. | Increases Chain Hit damage by 15% when attacking.,,https://thanosvibs.money/api/characters/hulk7/skills
hulk,Hulk,Titan,"Titan's Vigor | Target: All Allies for the first effect, Self for the second effect | Cooldown 0s | Increases all Basic Defenses by 24%. | 30% increase of HP.","Enraged | Activation: when HP is below 99 % | when HP is below 33 % | Cooldown 1s | Recovers 4% of HP. | Acquires the following effect for $TIME sec. | Recovers 60% of HP. | Gamma Overload | Cooldown 0s | Increases Skill damage by 50%, increases Bonus Damage by 15%. | Super Armor, increases all Basic Defenses by 30%. | Decreases basic damage received by 35%.",Titan | Cooldown 0s | Critical Rate increases by 30%. | Critical Damage increases by 50%. | Increases Chain Hit damage by 15% when attacking.,,https://thanosvibs.money/api/characters/hulk8/skills
hulk,Hulk,Marvel Studios' Spider-Man: Brand New Day,"Banner's Biotech | Target: All Allies for the first effect, Self for the second effect | Cooldown 0s | Increases all Basic Defenses by 24%. | 30% increase of HP.","Enraged | Activation: when HP is below 99 % | when HP is below 33 % | Cooldown 1s | Recovers 4% of HP. | Acquires the following effect for $TIME sec. | Recovers 60% of HP. | Gamma Overload | Cooldown 0s | Increases Skill damage by 50%, increases Bonus Damage by 15%. | Super Armor, increases all Basic Defenses by 30%. | Decreases basic damage received by 35%.",Marvel Studios' Spider-Man: Brand New Day | Cooldown 0s | Increases Guaranteed Critical Rate by 20% | Critical Damage increases by 50%. | Increases Chain Hit damage by 15% when attacking.,,https://thanosvibs.money/api/characters/hulk9/skills
ironman,Iron Man,Classic,Genius Level Intellect | Target: All Allies | Cooldown 0s | Decreases Skill Cooldown by 24%.,"Precision Aim | Cooldown 0s | 5% increase of Energy Attack. | Evasive Maneuvers | Cooldown 0s | Increases Skill damage by 42%, increases Bonus Damage by 30%.",,,https://thanosvibs.money/api/characters/ironman/skills
ironman,Iron Man,Avengers: Age of Ultron,Genius Level Intellect | Target: All Allies | Cooldown 0s | Decreases Skill Cooldown by 24%.,"Precision Aim | Cooldown 0s | 5% increase of Energy Attack. | Evasive Maneuvers | Cooldown 0s | Increases Skill damage by 42%, increases Bonus Damage by 30%.",Avengers: Age of Ultron | Activation: 25 % rate when hit | Cooldown 5s | Physical Damage: 66% of Energy Attack Additional 0 Physical Damage.,,https://thanosvibs.money/api/characters/ironman1/skills
ironman,Iron Man,Secret Wars: 2099,Genius Level Intellect | Target: All Allies | Cooldown 0s | Decreases Skill Cooldown by 24%.,"Precision Aim | Cooldown 0s | 5% increase of Energy Attack. | Evasive Maneuvers | Cooldown 0s | Increases Skill damage by 42%, increases Bonus Damage by 30%.",,,https://thanosvibs.money/api/characters/ironman2/skills
ironman,Iron Man,Marvel Studios' Captain America: Civil War,Genius Level Intellect | Target: All Allies | Cooldown 0s | Decreases Skill Cooldown by 24%.,"Precision Aim | Cooldown 0s | 5% increase of Energy Attack. | Evasive Maneuvers | Cooldown 0s | Increases Skill damage by 42%, increases Bonus Damage by 30%.",,,https://thanosvibs.money/api/characters/ironman3/skills
ironman,Iron Man,Marvel Studios' Avengers: Infinity War,Genius Level Intellect | Target: All Allies | Cooldown 0s | Decreases Skill Cooldown by 24%.,"Precision Aim | Cooldown 0s | 15% increase of Energy Attack. | Evasive Maneuvers | Cooldown 0s | Increases Skill damage by 42%, increases Bonus Damage by 30%.","Marvel Studios' Avengers: Infinity War | Activation: by default and reactivates 3 sec. after removed | when hit | Cooldown 3s | Creates a Shield ( 50% of Max HP), Recreates 3% Shield every $TICK sec Absorbs 10% from normal Shield | Acquires the following effect for $TIME sec. | Super Armor, increases all Basic Defenses by 30%.",,https://thanosvibs.money/api/characters/ironman4/skills
ironman,Iron Man,Marvel Studios' Avengers: Endgame,Genius Level Intellect | Target: All Allies | Cooldown 0s | Decreases Skill Cooldown by 24%.,"Precision Aim | Cooldown 0s | 15% increase of Energy Attack. | Evasive Maneuvers | Cooldown 0s | Increases Skill damage by 42%, increases Bonus Damage by 30%.","Marvel Studios' Avengers: Endgame | Activation: by default and reactivates 3 sec. after removed | when hit | Cooldown 3s | Creates a Shield ( 25% of Max HP), Recreates 10% Shield every $TICK sec Absorbs 30% from normal Shield | Acquires the following effect for $TIME sec. | Super Armor, increases all Basic Defenses by 20%.",,https://thanosvibs.money/api/characters/ironman5/skills
ironman,Iron Man,Team Suit,Genius Level Intellect | Target: All Allies | Cooldown 0s | Decreases Skill Cooldown by 24%.,"Precision Aim | Cooldown 0s | 15% increase of Energy Attack. | Evasive Maneuvers | Cooldown 0s | Increases Skill damage by 42%, increases Bonus Damage by 30%.","Team Suit | Activation: by default and reactivates 3 sec. after removed | when hit | Cooldown 3s | Creates a Shield ( 25% of Max HP), Recreates 10% Shield every $TICK sec Absorbs 30% from normal Shield | Acquires the following effect for $TIME sec. | Super Armor, increases all Basic Defenses by 20%.",,https://thanosvibs.money/api/characters/ironman6/skills
ironman,Iron Man,Avengers 3099,Genius Level Intellect | Target: All Allies | Cooldown 0s | Decreases Skill Cooldown by 24%.,"Precision Aim | Cooldown 0s | 15% increase of Energy Attack. | Evasive Maneuvers | Cooldown 0s | Increases Skill damage by 42%, increases Bonus Damage by 30%.","Avengers 3099 | Activation: by default and reactivates 3 sec. after removed | when hit | Cooldown 3s | Creates a Shield ( 25% of Max HP), Recreates 10% Shield every $TICK sec Absorbs 30% from normal Shield | Acquires the following effect for $TIME sec. | Super Armor, increases all Basic Defenses by 20%.",,https://thanosvibs.money/api/characters/ironman7/skills
ironman,Iron Man,Superior Iron Man,Genius Level Intellect | Target: All Allies | Cooldown 0s | Decreases Skill Cooldown by 24%.,"Precision Aim | Cooldown 0s | 15% increase of Energy Attack. | Dodge Rate increases by 15%. | Critical Rate increases by 7%. | Evasive Maneuvers | Cooldown 0s | Increases Skill damage by 42%, increases Bonus Damage by 30%. | Critical Damage increases by 50%. | Increases Guaranteed Dodge Rate by 33%",Superior Iron Man | Cooldown 0s | Increases basic damage dealt to enemies with 30% HP or lower by 200%.,,https://thanosvibs.money/api/characters/ironman8/skills
ironman,Iron Man,Back to Basics,Genius Level Intellect | Target: All Allies | Cooldown 0s | Decreases Skill Cooldown by 24%.,"Precision Aim | Cooldown 0s | 20% increase of Energy Attack. | Dodge Rate increases by 20%. | Critical Rate increases by 20%. | Evasive Maneuvers | Cooldown 0s | Increases Skill damage by 42%, increases Bonus Damage by 30%. | Critical Damage increases by 50%. | Increases Guaranteed Dodge Rate by 33%",Back to Basics | Cooldown 0s | Increases basic damage dealt to enemies with 30% HP or lower by 200%. | Increases Chain Hit damage by 15% when attacking.,,https://thanosvibs.money/api/characters/ironman9/skills
ironman,Iron Man,Model Nil,Genius Level Intellect | Target: All Allies | Cooldown 0s | Decreases Skill Cooldown by 24%.,"Precision Aim | Cooldown 0s | 20% increase of Energy Attack. | Dodge Rate increases by 20%. | Critical Rate increases by 20%. | Evasive Maneuvers | Cooldown 0s | Increases Skill damage by 42%, increases Bonus Damage by 30%. | Critical Damage increases by 50%. | Increases Guaranteed Dodge Rate by 33%",Model Nil | Cooldown 0s | Increases basic damage dealt to enemies with 30% HP or lower by 200%. | Increases Chain Hit damage by 15% when attacking. | Ignores target's Dodge Rate by 15%.,,https://thanosvibs.money/api/characters/ironman10/skills
jeangrey,Jean Grey,Phoenix,Psychic Shield | Target: All Allies | Activation: when debuffed | Cooldown 20s | Removes all Debuffs.,"Phoenix Force | Activation: when dead | Cooldown 300s | Revive with 100% of Max HP | Phoenix Fire | Cooldown 0s | Increases Skill damage by 50%, increases Bonus Damage by 50%. | 70% chance to become immune to Flame Damage.",,,https://thanosvibs.money/api/characters/jeangrey/skills
jeangrey,Jean Grey,X-Men Red,Psychic Shield | Target: All Allies | Activation: when debuffed | Cooldown 20s | Removes all Debuffs.,"Resurrection | Activation: when dead | Cooldown 300s | Revive with 100% of Max HP | Phoenix Rising | Cooldown 0s | Increases Skill damage by 50%, increases Bonus Damage by 50%. | Decreases basic damage received by 30%. | Increases All Resistances by 50%.",X-Men Red | Cooldown 0s | Increases all Basic Attacks by 15%,,https://thanosvibs.money/api/characters/jeangrey1/skills
jeangrey,Jean Grey,Marvel Girl,Psychic Shield | Target: All Allies | Activation: when debuffed | Cooldown 20s | Removes all Debuffs.,"Resurrection | Activation: when dead | Cooldown 300s | Revive with 100% of Max HP | Phoenix Rising | Cooldown 0s | Increases Skill damage by 50%, increases Bonus Damage by 50%. | Decreases basic damage received by 30%. | Increases All Resistances by 50%.",Marvel Girl | Cooldown 0s | Increases all Basic Attacks by 20%,,https://thanosvibs.money/api/characters/jeangrey2/skills
jeangrey,Jean Grey,Dark Phoenix,Psychic Shield | Target: All Allies | Activation: when debuffed | Cooldown 20s | Removes all Debuffs.,"Resurrection | Activation: when dead | Cooldown 300s | Revive with 100% of Max HP | Phoenix Rising | Cooldown 0s | Increases Skill damage by 50%, increases Bonus Damage by 50%. | Decreases basic damage received by 40%. | Increases All Resistances by 60%.",Dark Phoenix | Cooldown 0s | Increases Flame Damage by 40%. | Guard Break Immunity | Decreases additional Pierce damage taken by 60%,,https://thanosvibs.money/api/characters/jeangrey3/skills
jeangrey,Jean Grey,Summer Flare Phoenix,Psychic Shield | Target: All Allies | Activation: when debuffed | Cooldown 20s | Removes all Debuffs.,"Resurrection | Activation: when dead | Cooldown 300s | Revive with 100% of Max HP | Phoenix Rising | Cooldown 0s | Increases Skill damage by 50%, increases Bonus Damage by 50%. | Decreases basic damage received by 40%. | Increases All Resistances by 60%.",Summer Flare Phoenix | Cooldown 0s | Increases Flame Damage by 50%. | Guard Break Immunity | Decreases additional Pierce damage taken by 60%,,https://thanosvibs.money/api/characters/jeangrey4/skills
knull,Knull,Modern,Symbiote God | Target: Symbiote Allies | Cooldown 0s | Increases all Basic Attacks by 60%,"Undying Evil | Activation: when HP is below {0}% | Cooldown 120s | Guard Break Immunity, HP does not drop to 1 or below ($TIME sec)Recovers 75% HP after the effect ends | Dark Domination | Activation: when debuffed | Cooldown 0s | Increases Chain Hit damage by 20% when attacking. | Decreases basic damage received by 35%. | Acquires the following effect for $TIME sec. | Increases Additional Pierce Damage by 5% | Removes all Debuffs.",,,https://thanosvibs.money/api/characters/knull/skills
knull,Knull,Ancient History,Symbiote God | Target: Symbiote Allies | Cooldown 0s | Increases all Basic Attacks by 60%,"Undying Evil | Activation: when HP is below {0}% | Cooldown 120s | Guard Break Immunity, HP does not drop to 1 or below ($TIME sec)Recovers 75% HP after the effect ends | Dark Domination | Activation: when debuffed | Cooldown 0s | Increases Chain Hit damage by 25% when attacking. | Decreases basic damage received by 40%. | Acquires the following effect for $TIME sec. | Increases Additional Pierce Damage by 5% | Removes all Debuffs.","Ancient History | Cooldown 0s | Super Armor, increases all Basic Defenses by 50%. | Increases Guaranteed Critical Rate by 25%",,https://thanosvibs.money/api/characters/knull1/skills
loki,Loki,The Avengers,God of Mischief | Target: All Allies | Cooldown 0s | Increases Mind Resist by 50%.,"Trickster | Cooldown 0s | 5% increase of Energy Attack. | Mischief Magic | Cooldown 0s | Increases summoned characters' Basic Attacks and Basic Defenses by 35%, Increases HP by 10%, increases duration of summoned characters by 15%. | Increases Skill damage by 35%, increases Bonus Damage by 25%. | Increases Cold Damage by 45%.",,,https://thanosvibs.money/api/characters/loki/skills
loki,Loki,Lady Loki,God of Mischief | Target: All Allies | Cooldown 0s | Increases Mind Resist by 50%.,"Trickster | Cooldown 0s | 5% increase of Energy Attack. | Mischief Magic | Cooldown 0s | Increases summoned characters' Basic Attacks and Basic Defenses by 35%, Increases HP by 10%, increases duration of summoned characters by 15%. | Increases Skill damage by 35%, increases Bonus Damage by 25%. | Increases Cold Damage by 45%.",,,https://thanosvibs.money/api/characters/loki1/skills
loki,Loki,Marvel Studios' Thor: Ragnarok,God of Mischief | Target: All Allies | Cooldown 0s | Increases Mind Resist by 50%.,"Trickster | Cooldown 0s | 15% increase of Energy Attack. | Mischief Magic | Cooldown 0s | Increases summoned characters' Basic Attacks and Basic Defenses by 35%, Increases HP by 10%, increases duration of summoned characters by 15%. | Increases Skill damage by 35%, increases Bonus Damage by 25%. | Increases Cold Damage by 45%.",,,https://thanosvibs.money/api/characters/loki2/skills
loki,Loki,Classic,God of Mischief | Target: All Allies | Cooldown 0s | Increases Mind Resist by 50%.,"Trickster | Cooldown 0s | 5% increase of Energy Attack. | Mischief Magic | Cooldown 0s | Increases summoned characters' Basic Attacks and Basic Defenses by 35%, Increases HP by 10%, increases duration of summoned characters by 15%. | Increases Skill damage by 35%, increases Bonus Damage by 25%. | Increases Cold Damage by 45%.",,,https://thanosvibs.money/api/characters/loki3/skills
loki,Loki,Agent of Asgard,God of Mischief | Target: All Allies | Cooldown 0s | Increases Mind Resist by 50%.,"Trickster | Cooldown 0s | 30% increase of Energy Attack. | Mischief Magic | Cooldown 0s | Increases Skill damage by 50%, increases Bonus Damage by 25%.",Agent of Asgard | Cooldown 0s | Increases Chain Hit damage by 10% when attacking.,,https://thanosvibs.money/api/characters/loki4/skills
loki,Loki,Marvel Studios' Loki (TVA Suit),God of Mischief | Target: All Allies | Cooldown 0s | Increases Mind Resist by 50%.,"Trickster | Cooldown 0s | 30% increase of Energy Attack. | Increases Guaranteed Critical Rate by 25% | Mischief Magic | Cooldown 0s | Increases Skill damage by 50%, increases Bonus Damage by 25%.",Marvel Studios' Loki (TVA Suit) | Cooldown 0s | Increases Chain Hit damage by 10% when attacking. | Ignores target's Dodge Rate by 30%.,,https://thanosvibs.money/api/characters/loki5/skills
loki,Loki,Marvel Studios' Loki (President Loki),God of Mischief | Target: All Allies | Cooldown 0s | Increases Mind Resist by 50%.,"Trickster | Activation: When Mind Control effect is used | Cooldown 0s | 30% increase of Energy Attack. | Acquires the following effect for $TIME sec. | Decreases basic damage received by 50%. | Recovers 15% of HP. | Mischief Magic | Cooldown 0s | Increases Skill damage by 50%, increases Bonus Damage by 25%.",Marvel Studios' Loki (President Loki) | Cooldown 0s | Increases Chain Hit damage by 10% when attacking. | Ignores target's Dodge Rate by 30%.,,https://thanosvibs.money/api/characters/loki6/skills
loki,Loki,Marvel Studios' Loki,God of Mischief | Target: All Allies | Cooldown 0s | Increases Mind Resist by 50%.,"Storied Trickster | Cooldown 0s | 30% increase of Energy Attack. | Decreases basic damage received by 20%. | Loki's Trick | Cooldown 0s | Increases Skill damage by 55%, increases Bonus Damage by 30%. | Increases Guaranteed Critical Rate by 25%",Marvel Studios' Loki | Cooldown 0s | Increases Chain Hit damage by 15% when attacking. | Ignores target's Dodge Rate by 40%.,,https://thanosvibs.money/api/characters/loki7/skills
loki,Loki,Young Avengers,God of Mischief | Target: All Allies | Cooldown 0s | Increases Mind Resist by 50%.,"The Young Avengers' Clever One | Target: Young Avengers Allies Only | Cooldown 0s | Increases basic damage dealt to Villain faction by 40%. | Decreases Chain Hit damage by 40% when attacked. | Loki's Trick | Cooldown 0s | Increases Skill damage by 55%, increases Bonus Damage by 30%. | Increases Guaranteed Critical Rate by 25% | Decreases basic damage received by 20%.",Young Avengers | Cooldown 0s | Increases Chain Hit damage by 20% when attacking. | Ignores target's Dodge Rate by 40%.,,https://thanosvibs.money/api/characters/loki8/skills
lunasnow,Luna Snow,Modern,Pop Star Super Hero | Target: All Allies | Cooldown 0s | Increases All Speeds by 6%. | 30% chance to become immune to Cold Damage.,"Encore | Target: All Allies | Activation: 30 % rate when Dancing Sensation skill is used | Cooldown 5s | Resets Cooldown for skill, 101530104. | Acquires the following effect for $TIME sec. | Increases All Speeds by 1%. | 5% chance to become immune to Cold Damage. | Moonlight Snow | Cooldown 0s | Increases Cold Damage by 30%. | 40% chance to become immune to Flame Damage. | Increases Skill damage by 25%, increases Bonus Damage by 15%.",,,https://thanosvibs.money/api/characters/lunasnow/skills
lunasnow,Luna Snow,Andromeda Suit,Pop Star Super Hero | Target: All Allies | Cooldown 0s | Increases All Speeds by 6%. | 30% chance to become immune to Cold Damage.,"Encore | Activation: 60 % rate when Dancing Sensation skill is used | Cooldown 5s | Resets Cooldown for skill, 101530104. | Acquires the following effect for $TIME sec. | Energy Cold Damage: 80% of Energy Attack Additional 37 Energy Cold Damage. | 100% chance to grant All Damage Immunity | Moonlight Snow | Cooldown 0s | Increases Cold Damage by 30%. | 40% chance to become immune to Flame Damage. | Increases Skill damage by 25%, increases Bonus Damage by 15%.",Andromeda Suit | Cooldown 0s | Increases Cold Damage by 10%.,,https://thanosvibs.money/api/characters/lunasnow1/skills
lunasnow,Luna Snow,Lifestyle Series 1,Pop Star Super Hero | Target: All Allies | Cooldown 0s | Increases All Speeds by 6%. | 30% chance to become immune to Cold Damage.,"Encore | Activation: 60 % rate when Dancing Sensation skill is used | Cooldown 5s | Resets Cooldown for skill, 101530104. | Acquires the following effect for $TIME sec. | Energy Cold Damage: 80% of Energy Attack Additional 37 Energy Cold Damage. | 100% chance to grant All Damage Immunity | Moonlight Snow | Cooldown 0s | Increases Cold Damage by 30%. | 40% chance to become immune to Flame Damage. | Increases Skill damage by 25%, increases Bonus Damage by 15%.",Lifestyle Series 1 | Cooldown 0s | Increases Cold Damage by 15%.,,https://thanosvibs.money/api/characters/lunasnow2/skills
lunasnow,Luna Snow,Light Sirius Armor,Pop Star Super Hero | Target: All Allies | Cooldown 0s | Increases All Speeds by 6%. | 30% chance to become immune to Cold Damage.,"New Stage | Cooldown 0s | Increases all Basic Attacks by 10% | Increases all Basic Defenses by 10%. | Increases All Speeds by 5%. | Moonlight Snow | Cooldown 0s | Increases Cold Damage by 30%. | 40% chance to become immune to Flame Damage. | Increases Skill damage by 25%, increases Bonus Damage by 15%.",Light Sirius Armor | Cooldown 0s | Increases Cold Damage by 25%.,,https://thanosvibs.money/api/characters/lunasnow3/skills
lunasnow,Luna Snow,Summer Lilac,Pop Star Super Hero | Target: All Allies | Cooldown 0s | Increases All Speeds by 6%. | 30% chance to become immune to Cold Damage.,"New Stage | Cooldown 0s | Increases all Basic Attacks by 30% | Increases all Basic Defenses by 10%. | Increases All Speeds by 5%. | Protection of Light and Ice | Cooldown 0s | Increases Cold Damage by 30%. | 40% chance to become immune to Flame Damage. | Increases Skill damage by 30%, increases Bonus Damage by 20%.",Summer Lilac | Cooldown 0s | Increases Cold Damage by 25%. | Decreases basic damage received by 10%. | Increases Cold Resist by 20%.,,https://thanosvibs.money/api/characters/lunasnow4/skills
lunasnow,Luna Snow,Mirae 2099,Pop Star Super Hero | Target: All Allies | Cooldown 0s | Increases All Speeds by 6%. | 30% chance to become immune to Cold Damage.,"New Stage | Cooldown 0s | Increases all Basic Attacks by 30% | Increases all Basic Defenses by 10%. | Increases All Speeds by 5%. | Protection of Light and Ice | Cooldown 0s | Increases Cold Damage by 30%. | 40% chance to become immune to Flame Damage. | Increases Skill damage by 30%, increases Bonus Damage by 20%.",Mirae 2099 | Cooldown 0s | Increases Cold Damage by 25%. | Decreases basic damage received by 20%. | Increases Cold Resist by 20%.,,https://thanosvibs.money/api/characters/lunasnow5/skills
magneto,Magneto,Classic,Mutant Savior | Target: Mutant Allies | Cooldown 0s | Increases all Basic Attacks by 45%,"Repulsion | Activation: when enemies are within 4 m range | Cooldown 3s | Energy Lightning Damage: 62% of Energy Attack Additional 142 Energy Lightning Damage. | Master of Magnetism | Cooldown 0s | Increases All Debuffs effect by 10%. | Increases Skill damage by 30%, increases Bonus Damage by 20%. | Increases basic damage dealt to Human characters by 80%.",,,https://thanosvibs.money/api/characters/magneto/skills
magneto,Magneto,Marvel NOW!,Mutant Savior | Target: Mutant Allies | Cooldown 0s | Increases all Basic Attacks by 45%,"Repulsion | Activation: when enemies are within 4 m range | Cooldown 3s | Energy Lightning Damage: 62% of Energy Attack Additional 142 Energy Lightning Damage. | Snare | Master of Magnetism | Cooldown 0s | Increases All Debuffs effect by 10%. | Increases Skill damage by 30%, increases Bonus Damage by 20%. | Increases basic damage dealt to Human characters by 80%.",Marvel NOW! | Cooldown 0s | Increases basic damage dealt to enemies with Machine ability by 45%.,,https://thanosvibs.money/api/characters/magneto1/skills
magneto,Magneto,House of X,Mutant Savior | Target: Mutant Allies | Cooldown 0s | Increases all Basic Attacks by 45%,"Repulsion | Activation: when enemies are within 4 m range | Cooldown 3s | Energy Lightning Damage: 62% of Energy Attack Additional 142 Energy Lightning Damage. | Snare | Master of Magnetism | Cooldown 0s | Increases All Debuffs effect by 10%. | Increases Skill damage by 30%, increases Bonus Damage by 20%. | Increases basic damage dealt to Human characters by 80%.",House of X | Cooldown 0s | Increases Chain Hit damage by 20% when attacking.,,https://thanosvibs.money/api/characters/magneto2/skills
magneto,Magneto,Krakoan Winter,Mutant Savior | Target: Mutant Allies | Cooldown 0s | Increases all Basic Attacks by 50%,"Magnetic Heart | Cooldown 0s | Super Armor, increases all Basic Defenses by 30%. | 20% increase of Energy Attack. | Master of Magnetism | Cooldown 0s | Increases All Debuffs effect by 10%. | Increases Skill damage by 40%, increases Bonus Damage by 30%. | Increases basic damage dealt to Human characters by 80%.",Krakoan Winter | Cooldown 0s | Increases Chain Hit damage by 25% when attacking. | Increases Guaranteed Critical Rate by 20% | Critical Damage increases by 20%.,,https://thanosvibs.money/api/characters/magneto3/skills
magneto,Magneto,Marvel Animation's X-Men '97,Mutant Savior | Target: Mutant Allies | Cooldown 0s | Increases all Basic Attacks by 50%,"Magnetic Heart | Cooldown 0s | Super Armor, increases all Basic Defenses by 30%. | 35% increase of Energy Attack. | Master of Magnetism | Cooldown 0s | Increases All Debuffs effect by 10%. | Increases Skill damage by 40%, increases Bonus Damage by 30%. | Increases basic damage dealt to Human characters by 80%.",Marvel Animation's X-Men '97 | Cooldown 0s | Increases Chain Hit damage by 25% when attacking. | Increases Guaranteed Critical Rate by 25% | Critical Damage increases by 20%.,,https://thanosvibs.money/api/characters/magneto4/skills
misterfantastic,Mister Fantastic,Modern,Fantastic Leader | Target: Fantastic Four Allies | Cooldown 0s | Increases all Basic Attacks by 65%,Shock Absorption | Cooldown 0s | Decreases Physical Damage Received by 30%. | Elastic Skin | Activation: when hit | Cooldown 0s | Immunity to Fracture Effect. | Acquires the following effect for $TIME sec. | Elasticity: Decreases Physical Damage received by 5% (Max 35% ),,,https://thanosvibs.money/api/characters/misterfantastic/skills
misterfantastic,Mister Fantastic,Future Foundation,Fantastic Leader | Target: Fantastic Four Allies | Cooldown 0s | Increases all Basic Attacks by 65%,Shock Absorption | Cooldown 0s | Decreases Physical Damage Received by 30%. | Elastic Skin | Activation: when hit | Cooldown 0s | Immunity to Fracture Effect. | Acquires the following effect for $TIME sec. | Elasticity: Decreases Physical Damage received by 5% (Max 35% ),Future Foundation | Cooldown 0s | Increases all Basic Attacks by 35%,,https://thanosvibs.money/api/characters/misterfantastic1/skills
misterfantastic,Mister Fantastic,The Maker,Fantastic Leader | Target: Fantastic Four Allies | Cooldown 0s | Increases all Basic Attacks by 65%,"Shock Absorption | Cooldown 0s | Decreases basic damage received by 30%. | Elastic Skin | Activation: when hit | Cooldown 0s | Immunity to Fracture Effect. | Increases Skill damage by 15%, increases Bonus Damage by 18%. | Acquires the following effect for $TIME sec. | Elasticity: Decreases Physical Damage received by 10% (Max 35% ) | Recovers 5% of HP.",The Maker | Cooldown 0s | Increases all Basic Attacks by 35%,,https://thanosvibs.money/api/characters/misterfantastic2/skills
misterfantastic,Mister Fantastic,The Fall of the Fantastic Four,Fantastic Leader | Target: Fantastic Four Allies | Cooldown 0s | Increases all Basic Attacks by 65%,"Elastic Body | Activation: when hit | Cooldown 5s | Elasticity: Decreases Physical Damage received by 20% (Max 40% ) | Recovers 5% of HP. | Flexible Bones | Cooldown 0s | Immunity to Fracture Effect. | Increases Skill damage by 40%, increases Bonus Damage by 40%. | Decreases basic damage received by 25%.","The Fall of the Fantastic Four | Cooldown 0s | Increases all Basic Attacks by 40% | Super Armor, increases all Basic Defenses by 40%.",,https://thanosvibs.money/api/characters/misterfantastic3/skills
misterfantastic,Mister Fantastic,Marvel Studios' The Fantastic Four: First Steps,Fantastic Leader | Target: Fantastic Four Allies | Cooldown 0s | Increases all Basic Attacks by 65%,"Elastic Body | Activation: when hit | Cooldown 5s | Elasticity: Decreases Physical Damage received by 20% (Max 40% ) | Recovers 5% of HP. | Flexible Bones | Cooldown 0s | Immunity to Fracture Effect. | Increases Skill damage by 40%, increases Bonus Damage by 40%. | Decreases basic damage received by 35%.","Marvel Studios' The Fantastic Four: First Steps | Cooldown 0s | Increases all Basic Attacks by 40% | Super Armor, increases all Basic Defenses by 40%. | 20% increase of HP.",,https://thanosvibs.money/api/characters/misterfantastic4/skills
moleculeman,Molecule Man,Modern,Material Transformation | Target: All Allies | Cooldown 0s | Ignores Damage Increase/Decrease effect between self and opposing faction | Decreases Chain Hit damage by 15% when attacked. | Acquires the following effect for $TIME sec.,Unbound Being | Target: All Allies | Cooldown 0s | Decreases damage received from reflected effects by 50%.Effect: Reflect All Attacks | Ordered Destruction | Activation: when dead | Cooldown 300s | Revive with 80% of Max HP,,,https://thanosvibs.money/api/characters/moleculeman/skills
namor,Namor,Classic,The Water's Edge | Target: All Allies | Cooldown 0s | Critical Rate increases by 24%.,"Aquatic Durability | Cooldown 0s | Decreases basic damage received by 25%. | Super Armor, increases all Basic Defenses by 25%. | Fury of Atlantis | Cooldown 0s | Increases Guaranteed Critical Rate by 30% | Critical Damage increases by 25%. | 30% chance to increase Critical Damage by 100% on Critical Attacks.",,,https://thanosvibs.money/api/characters/namor/skills
namor,Namor,Phoenix Five,The Water's Edge | Target: All Allies | Cooldown 0s | Critical Rate increases by 24%.,"Aquatic Durability | Cooldown 0s | Decreases basic damage received by 25%. | Super Armor, increases all Basic Defenses by 25%. | Fury of Atlantis | Cooldown 0s | Increases Guaranteed Critical Rate by 30% | Critical Damage increases by 25%. | 30% chance to increase Critical Damage by 100% on Critical Attacks.",Phoenix Five | Activation: 30 % rate when hit | Cooldown 10s | Creates a Shield equal to 30% of Max HP,,https://thanosvibs.money/api/characters/namor1/skills
namor,Namor,Black Panther: Wakanda Forever,The Water's Edge | Target: All Allies | Cooldown 0s | Critical Rate increases by 24%.,"Aquatic Durability | Cooldown 0s | Decreases basic damage received by 35%. | Super Armor, increases all Basic Defenses by 50%. | Fury of Atlantis | Cooldown 0s | Increases Guaranteed Critical Rate by 30% | Critical Damage increases by 40%. | 30% chance to increase Critical Damage by 100% on Critical Attacks.",Black Panther: Wakanda Forever | Cooldown 0s | Increases Cold Damage by 30%.,,https://thanosvibs.money/api/characters/namor2/skills
odin,Odin,Modern,Asgardian Wisdom | Target: All Allies | Activation: when debuffed | Cooldown 25s | Removes all Debuffs. | Increases All Resistances by 30%.,"Odin's Decree | Cooldown 0s | Decreases basic damage received by 30%. | All-God | Cooldown 0s | Increases Skill damage by 60%, increases Bonus Damage by 42%. | Immunity to CANCEL Effect.",,,https://thanosvibs.money/api/characters/odin/skills
odin,Odin,All-Father,Asgardian Wisdom | Target: All Allies | Activation: when debuffed | Cooldown 20s | Removes all Debuffs. | Increases All Resistances by 30%.,"Odin's Decree | Cooldown 0s | Decreases basic damage received by 30%. | All-God | Cooldown 0s | Increases Skill damage by 60%, increases Bonus Damage by 42%. | Immunity to CANCEL Effect.",All-Father | Cooldown 0s | Increases Chain Hit damage by 20% when attacking.,,https://thanosvibs.money/api/characters/odin1/skills
odin,Odin,"Avengers 1,000,000 BC",Asgardian Wisdom | Target: All Allies | Cooldown 0s | Increases Lightning Damage by 50%. | Acquires the following effect for $TIME sec.,"Odin's Decree | Cooldown 0s | Decreases basic damage received by 30%. | All-God | Cooldown 0s | Increases Skill damage by 60%, increases Bonus Damage by 42%. | Immunity to CANCEL Effect.","Avengers 1,000,000 BC | Cooldown 0s | Increases Chain Hit damage by 20% when attacking. | Super Armor, increases all Basic Defenses by 50%.",,https://thanosvibs.money/api/characters/odin2/skills
odin,Odin,Lord of Asgard,Asgardian Wisdom | Target: All Allies | Cooldown 0s | Increases Lightning Damage by 50%. | Acquires the following effect for $TIME sec.,"The King of Asgard | Cooldown 0s | Decreases basic damage received by 30%. | Ignores target's Dodge Rate by 25%. | All-God | Cooldown 0s | Increases Skill damage by 60%, increases Bonus Damage by 42%. | Immunity to CANCEL Effect.","Lord of Asgard | Cooldown 0s | Increases Chain Hit damage by 25% when attacking. | Super Armor, increases all Basic Defenses by 50%.",,https://thanosvibs.money/api/characters/odin3/skills
professorx,Professor X,Modern,Mutant Leader | Target: Mutant Allies | Cooldown 0s | Increases all Basic Attacks by 20% | Increases Mind Resist by 50%.,"Mental Master | Cooldown 0s | 90% chance to become immune to Mind Damage. | Brainwave Amplification | Cooldown 0s | Increases Skill damage by 20%, increases Bonus Damage by 5%. | Increases Mind Damage by 20%.",,,https://thanosvibs.money/api/characters/professorx/skills
professorx,Professor X,Classic,Mutant Leader | Target: Mutant Allies | Cooldown 0s | Increases all Basic Attacks by 20% | Increases Mind Resist by 50%.,"Mental Master | Cooldown 0s | 90% chance to become immune to Mind Damage. | Brainwave Amplification | Cooldown 0s | Increases Skill damage by 20%, increases Bonus Damage by 5%. | Increases Mind Damage by 20%.",Classic | Cooldown 0s | Increases Mind Damage by 10%.,,https://thanosvibs.money/api/characters/professorx1/skills
professorx,Professor X,Quiet Council,Mutant Leader | Target: Mutant Allies | Cooldown 0s | Increases all Basic Attacks by 20% | Increases Mind Resist by 50%.,"Focus Enhancement | Cooldown 0s | 90% chance to become immune to Mind Damage. | 30% chance to penetrate with Mind Resist effect. | Will of Krakoa | Cooldown 0s | Increases Skill damage by 30%, increases Bonus Damage by 35%. | Increases Mind Damage by 35%. | Decreases basic damage received by 20%.",Quiet Council | Cooldown 0s | Increases Chain Hit damage by 15% when attacking. | Guard Break Immunity,,https://thanosvibs.money/api/characters/professorx2/skills
quicksilver,Quicksilver,Classic,Evasion | Target: All Allies | Cooldown 0s | Increases All Speeds by 6%. | Dodge Rate increases by 6%.,"Unstoppable Momentum | Cooldown 0s | 70% chance to penetrate with Invincible, All Damage Immune, Barrier, Super Armor effect. | Agility | Cooldown 0s | Increases Guaranteed Dodge Rate by 45% | Increases Skill damage by 20%, increases Bonus Damage by 35%. | Ignores target's Dodge Rate by 50%.",,,https://thanosvibs.money/api/characters/quicksilver/skills
quicksilver,Quicksilver,Marvel Legacy,Evasion | Target: All Allies | Cooldown 0s | Increases All Speeds by 6%. | Dodge Rate increases by 6%.,"Unstoppable Momentum | Cooldown 0s | 70% chance to penetrate with Invincible, All Damage Immune, Barrier, Super Armor effect. | Agility | Cooldown 0s | Increases Guaranteed Dodge Rate by 45% | Increases Skill damage by 20%, increases Bonus Damage by 35%. | Ignores target's Dodge Rate by 50%.",Marvel Legacy | Cooldown 0s | Increases Chain Hit damage by 10% when attacking.,,https://thanosvibs.money/api/characters/quicksilver1/skills
quicksilver,Quicksilver,Uncanny Avengers,Evasion | Target: All Allies | Cooldown 0s | Increases All Speeds by 6%. | Dodge Rate increases by 6%.,"Unstoppable Momentum | Cooldown 0s | 70% chance to penetrate with Invincible, All Damage Immune, Barrier, Super Armor effect. | Agility | Cooldown 0s | Increases Guaranteed Dodge Rate by 45% | Increases Skill damage by 20%, increases Bonus Damage by 35%. | Ignores target's Dodge Rate by 50%.",Uncanny Avengers | Cooldown 0s | Increases Chain Hit damage by 10% when attacking. | Attack Speed increases by 10%.,,https://thanosvibs.money/api/characters/quicksilver2/skills
quicksilver,Quicksilver,Summer Days,Evasion | Target: All Allies | Cooldown 0s | Increases All Speeds by 6%. | Dodge Rate increases by 6%.,"Unstoppable Momentum | Cooldown 0s | 70% chance to penetrate with Invincible, All Damage Immune, Barrier, Super Armor effect. | Agility | Cooldown 0s | Increases Guaranteed Dodge Rate by 45% | Increases Skill damage by 35%, increases Bonus Damage by 35%. | Ignores target's Dodge Rate by 50%.",Summer Days | Cooldown 0s | Increases Chain Hit damage by 15% when attacking. | Attack Speed increases by 10%.,,https://thanosvibs.money/api/characters/quicksilver3/skills
quicksilver,Quicksilver,Mighty Avengers,Evasion | Target: All Allies | Cooldown 0s | Increases All Speeds by 6%. | Dodge Rate increases by 6%.,"Mighty Speed | Cooldown 0s | 70% chance to penetrate with Invincible, All Damage Immune, Barrier, Super Armor effect. | Super Armor, increases all Basic Defenses by 30%. | Agility | Cooldown 0s | Increases Guaranteed Dodge Rate by 45% | Increases Skill damage by 40%, increases Bonus Damage by 35%. | Ignores target's Dodge Rate by 50%.",Mighty Avengers | Cooldown 0s | Increases Chain Hit damage by 20% when attacking. | Attack Speed increases by 10%.,,https://thanosvibs.money/api/characters/quicksilver4/skills
rogue,Rogue,Classic,Adaptable | Target: All Allies | Cooldown 0s | Increases all Basic Defenses by 36%.,Rally Boost | Cooldown 0s | Decreases Debuff Duration by 10%. | Energy Utilization | Cooldown 0s | Increases All Buffs effect by 10%. | Increases Guaranteed Dodge Rate by 23% | Decreases basic damage received by 17%.,,,https://thanosvibs.money/api/characters/rogue/skills
rogue,Rogue,Age of Apocalypse,Adaptable | Target: All Allies | Cooldown 0s | Increases all Basic Defenses by 36%.,Rally Boost | Cooldown 0s | Decreases Debuff Duration by 10%. | Energy Utilization | Cooldown 0s | Increases All Buffs effect by 10%. | Increases Guaranteed Dodge Rate by 23% | Decreases basic damage received by 17%.,,,https://thanosvibs.money/api/characters/rogue1/skills
rogue,Rogue,Uncanny Avengers,Adaptable | Target: All Allies | Cooldown 0s | Increases all Basic Defenses by 36%.,Rally Boost | Cooldown 0s | Decreases Debuff Duration by 10%. | Energy Utilization | Cooldown 0s | Increases All Buffs effect by 20%. | Increases Guaranteed Dodge Rate by 23% | Decreases basic damage received by 17%.,,,https://thanosvibs.money/api/characters/rogue2/skills
rogue,Rogue,Excalibur,Adaptable | Target: All Allies | Cooldown 0s | Increases all Basic Defenses by 36%.,Rally Boost | Cooldown 0s | Decreases Debuff Duration by 10%. | Critical Rate increases by 15%. | Critical Damage increases by 30%. | Energy Utilization | Cooldown 0s | Increases All Buffs effect by 20%. | Increases Guaranteed Dodge Rate by 25% | Decreases basic damage received by 22%.,Excalibur | Activation: 10 % chance when attacking | Cooldown 5s | Recovers 2% of HP. | 33% chance to increase Critical Damage by 100% on Critical Attacks.,,https://thanosvibs.money/api/characters/rogue3/skills
rogue,Rogue,Winter Ops,Adaptable | Target: All Allies | Cooldown 0s | Increases all Basic Defenses by 36%.,"Rally Boost | Cooldown 0s | Super Armor, increases all Basic Defenses by 30%. | Critical Rate increases by 20%. | Critical Damage increases by 30%. | Energy Utilization | Cooldown 0s | Increases All Buffs effect by 20%. | Increases Guaranteed Dodge Rate by 25% | Decreases basic damage received by 30%.","Winter Ops | Cooldown 0s | Increases Chain Hit damage by 15% when attacking. | 33% chance to increase Critical Damage by 100% on Critical Attacks. | Increases Skill damage by 35%, increases Bonus Damage by 40%.",,https://thanosvibs.money/api/characters/rogue4/skills
scarletwitch,Scarlet Witch,Classic,Strength Summon | Target: All Allies | Cooldown 0s | 45% increase of Energy Attack.,"Recovery Spell | Activation: when skill Hex is used | Cooldown 0s | Reflects 100% of Energy Damage received. (Up to 100% of Max Attack). | Recovers 15% of HP. | Controlled Chaos | Activation: by default and reactivates 7 sec. after removed | Cooldown 7s | Increases Skill damage by 30%, increases Bonus Damage by 30%. | 60% chance to penetrate with Invincible, All Damage Immune, Shield, Barrier, Super Armor effect.",,,https://thanosvibs.money/api/characters/scarletwitch/skills
scarletwitch,Scarlet Witch,Marvel Studios' Avengers: Infinity War,Strength Summon | Target: All Allies | Cooldown 0s | 45% increase of Energy Attack.,"Recovery Spell | Activation: when skill Hex Blast is used | Cooldown 1s | Reflects 100% of Energy Damage received. (Up to 100% of Max Attack). | Recovers 15% of HP. | Decreases Energy Damage Received by 10%. | Controlled Chaos | Activation: by default and reactivates 7 sec. after removed | Cooldown 7s | Increases Skill damage by 30%, increases Bonus Damage by 30%. | 60% chance to penetrate with Invincible, All Damage Immune, Shield, Barrier, Super Armor effect.",Marvel Studios' Avengers: Infinity War | Cooldown 0s | Increases Mind Damage by 20%. | Decreases Physical Damage Received by 15%.,,https://thanosvibs.money/api/characters/scarletwitch1/skills
scarletwitch,Scarlet Witch,Uncanny Avengers,Strength Summon | Target: All Allies | Cooldown 0s | 45% increase of Energy Attack.,"Recovery Spell | Activation: when skill Hex Blast is used | Cooldown 1s | Reflects 100% of Energy Damage received. (Up to 100% of Max Attack). | Recovers 15% of HP. | Decreases Energy Damage Received by 10%. | Controlled Chaos | Activation: by default and reactivates 7 sec. after removed | Cooldown 7s | Increases Skill damage by 30%, increases Bonus Damage by 30%. | 60% chance to penetrate with Invincible, All Damage Immune, Shield, Barrier, Super Armor effect.",Uncanny Avengers | Cooldown 0s | Increases Mind Damage by 20%. | Decreases Physical Damage Received by 25%.,,https://thanosvibs.money/api/characters/scarletwitch2/skills
scarletwitch,Scarlet Witch,"All-New, All-Different",Strength Summon | Target: All Allies | Cooldown 0s | 45% increase of Energy Attack.,"Recovery Spell | Activation: when skill Hex Blast is used | Cooldown 1s | Reflects 100% of Energy Damage received. (Up to 100% of Max Attack). | Recovers 15% of HP. | Controlled Chaos | Activation: by default and reactivates 7 sec. after removed | Cooldown 7s | Increases Skill damage by 30%, increases Bonus Damage by 30%. | 60% chance to penetrate with Invincible, All Damage Immune, Shield, Barrier, Super Armor effect.","All-New, All-Different | Cooldown 0s | Increases Mind Damage by 25%. | Decreases basic damage received by 25%.",,https://thanosvibs.money/api/characters/scarletwitch3/skills
scarletwitch,Scarlet Witch,Marvel Studios' WandaVision,Strength Summon | Target: All Allies | Cooldown 0s | 45% increase of Energy Attack.,"Awakened Magic | Cooldown 0s | Increases all Basic Attacks by 20%, all Basic Defenses by 20%, and all Speeds by 1%. | Controlled Chaos | Activation: by default and reactivates 7 sec. after removed | Cooldown 7s | Increases Skill damage by 30%, increases Bonus Damage by 30%. | 60% chance to penetrate with Invincible, All Damage Immune, Shield, Barrier, Super Armor effect.",Marvel Studios' WandaVision | Cooldown 0s | Increases Mind Damage by 30%. | Decreases basic damage received by 25%.,,https://thanosvibs.money/api/characters/scarletwitch4/skills
scarletwitch,Scarlet Witch,Marvel Studios' Doctor Strange 2,Strength Summon | Target: All Allies | Cooldown 0s | 45% increase of Energy Attack.,"Awakened Magic | Cooldown 0s | Increases all Basic Attacks by 25%, all Basic Defenses by 25%, and all Speeds by 1%. | Controlled Chaos | Activation: by default and reactivates 7 sec. after removed | Cooldown 7s | Increases Skill damage by 40%, increases Bonus Damage by 40%. | 60% chance to penetrate with Invincible, All Damage Immune, Shield, Barrier, Super Armor effect.",Marvel Studios' Doctor Strange 2 | Cooldown 0s | Increases Mind Damage by 30%. | Decreases basic damage received by 30%. | Ignores target's Dodge Rate by 25%.,,https://thanosvibs.money/api/characters/scarletwitch5/skills
scarletwitch,Scarlet Witch,Scarlet Witch,Strength Summon | Target: All Allies | Cooldown 0s | 45% increase of Energy Attack.,"Cascading Chaos | Cooldown 0s | Increases all Basic Attacks by 30%, all Basic Defenses by 30%, and all Speeds by 1%. | Increases Chain Hit damage by 10% when attacking. | Fatal Curse | Activation: by default and reactivates 7 sec. after removed | Cooldown 7s | Increases Skill damage by 40%, increases Bonus Damage by 40%. | 60% chance to penetrate with Invincible, All Damage Immune, Shield, Barrier, Super Armor effect. | Increases Guaranteed Critical Rate by 25%",Scarlet Witch | Cooldown 0s | Increases Mind Damage by 35%. | Decreases basic damage received by 30%. | Ignores target's Dodge Rate by 25%.,,https://thanosvibs.money/api/characters/scarletwitch6/skills
scarletwitch,Scarlet Witch,Marvel Animation's Marvel Zombies,Strength Summon | Target: All Allies | Cooldown 0s | 45% increase of Energy Attack.,"Cascading Chaos | Cooldown 0s | Increases all Basic Attacks by 30%, all Basic Defenses by 30%, and all Speeds by 1%. | Increases Chain Hit damage by 10% when attacking. | Fatal Curse | Activation: by default and reactivates 7 sec. after removed | Cooldown 7s | Increases Skill damage by 40%, increases Bonus Damage by 40%. | 60% chance to penetrate with Invincible, All Damage Immune, Shield, Barrier, Super Armor effect. | Increases Guaranteed Critical Rate by 25%",Marvel Animation's Marvel Zombies | Cooldown 0s | Increases Mind Damage by 40%. | Decreases basic damage received by 30%. | Ignores target's Dodge Rate by 25%.,,https://thanosvibs.money/api/characters/scarletwitch7/skills
sentry,Sentry,Modern,Shining Hero | Target: All Allies | Activation: when debuffed | Cooldown 20s | Removes all Debuffs. | Increases all Basic Attacks by 30%.,"Reborn Sun | Activation: when dead | Cooldown 300s | Revive with 80% of Max HP | Scorching Courage | Cooldown 0s | Increases Chain Hit damage by 25% when attacking. | Super Armor, increases all Basic Defenses by 50%. | Decreases basic damage received by 35%.",,,https://thanosvibs.money/api/characters/sentry/skills
sentry,Sentry,Merged,Shining Hero | Target: All Allies | Cooldown 0s | Increases all Basic Attacks by 30% | Acquires the following effect for $TIME sec.,"Reborn Sun | Activation: when dead | Cooldown 300s | Revive with 80% of Max HP | Scorching Courage | Cooldown 0s | Increases Chain Hit damage by 25% when attacking. | Super Armor, increases all Basic Defenses by 50%. | Decreases basic damage received by 40%.","Merged | Cooldown 0s | Increases Additional Pierce Damage by 5% | Excluding bosses, ignores enemy's damage decrease by 15%.",,https://thanosvibs.money/api/characters/sentry1/skills
sentry,Sentry,Marvel Studios' Thunderbolts*,Shining Hero | Target: All Allies | Cooldown 0s | Increases all Basic Attacks by 30% | Acquires the following effect for $TIME sec.,"Reborn Sun | Activation: when dead | Cooldown 300s | Revive with 80% of Max HP | Scorching Courage | Cooldown 0s | Increases Chain Hit damage by 25% when attacking. | Super Armor, increases all Basic Defenses by 50%. | Decreases basic damage received by 45%.","Marvel Studios' Thunderbolts* | Cooldown 0s | Increases Additional Pierce Damage by 5% | Excluding bosses, ignores enemy's damage decrease by 20%. | Increases Skill damage by 20%, increases Bonus Damage by 20%.",,https://thanosvibs.money/api/characters/sentry2/skills
silversurfer,Silver Surfer,Modern,"Spacial Cleanse | Target: All Allies | Activation: when debuffed | Cooldown 20s | Removes all Debuffs. | Increases all Basic Attacks by 20%, all Basic Defenses by 20%, and all Speeds by 1%.",Cosmic Resurgence | Activation: when dead | Cooldown 300s | Revive with 50% of Max HP | Hand of the Herald | Cooldown 0s | Decreases basic damage received by 30%. | Reflect 15% of all damage received (Up to 15% of Max Attack). | Immunity to Incapacitation Effect.,,,https://thanosvibs.money/api/characters/silversurfer/skills
silversurfer,Silver Surfer,Black,"Spacial Cleanse | Target: All Allies | Activation: when debuffed | Cooldown 20s | Removes all Debuffs. | Increases all Basic Attacks by 20%, all Basic Defenses by 20%, and all Speeds by 1%.",Cosmic Resurgence | Activation: when dead | Cooldown 300s | Revive with 60% of Max HP | Hand of the Herald | Cooldown 0s | Decreases basic damage received by 30%. | Reflect 25% of all damage received (Up to 25% of Max Attack). | Immunity to Incapacitation Effect.,Black | Cooldown 0s | Increases all Basic Attacks by 10%,,https://thanosvibs.money/api/characters/silversurfer1/skills
silversurfer,Silver Surfer,Void Knight,"Spacial Cleanse | Target: All Allies | Activation: when debuffed | Cooldown 20s | Removes all Debuffs. | Increases all Basic Attacks by 30%, all Basic Defenses by 30%, and all Speeds by 1%.",Cosmic Resurgence | Activation: when dead | Cooldown 300s | Revive with 80% of Max HP | Hand of the Herald | Cooldown 0s | Decreases basic damage received by 40%. | Reflect 30% of all damage received (Up to 30% of Max Attack). | Immunity to Incapacitation Effect.,"Void Knight | Cooldown 0s | Increases all Basic Attacks by 30% | Super Armor, increases all Basic Defenses by 40%.",,https://thanosvibs.money/api/characters/silversurfer2/skills
spiderman,Spider-Man,Classic,Amazing Spider-Man | Target: All Allies | Cooldown 0s | Dodge Rate increases by 6%.,Spider Reflex | Cooldown 0s | Immunity to STUN Effect. | Immunity to SNARE Effect. | Great Responsibility | Cooldown 0s | Increases Guaranteed Dodge Rate by 25% | 2 s increase to the duration of 205.,,,https://thanosvibs.money/api/characters/spiderman/skills
spiderman,Spider-Man,Secret Wars: Renew Your Vows,Amazing Spider-Man | Target: All Allies | Cooldown 0s | Dodge Rate increases by 6%.,Spider Reflex | Cooldown 0s | Immunity to STUN Effect. | Immunity to SNARE Effect. | Great Responsibility | Cooldown 0s | Increases Guaranteed Dodge Rate by 25% | 2 s increase to the duration of 205.,,,https://thanosvibs.money/api/characters/spiderman1/skills
spiderman,Spider-Man,"All-New, All-Different",Amazing Spider-Man | Target: All Allies | Cooldown 0s | Dodge Rate increases by 6%.,Spider Reflex | Cooldown 0s | Immunity to STUN Effect. | Immunity to SNARE Effect. | Great Responsibility | Cooldown 0s | Increases Guaranteed Dodge Rate by 25% | 2 s increase to the duration of 205.,,,https://thanosvibs.money/api/characters/spiderman2/skills
spiderman,Spider-Man,Marvel Studios' Captain America: Civil War,Amazing Spider-Man | Target: All Allies | Cooldown 0s | Dodge Rate increases by 6%.,Spider Reflex | Cooldown 0s | Immunity to STUN Effect. | Immunity to SNARE Effect. | Great Responsibility | Cooldown 0s | Increases Guaranteed Dodge Rate by 25% | 2 s increase to the duration of 205.,Marvel Studios' Captain America: Civil War | Cooldown 0s | Dodge Rate increases by 25%.,,https://thanosvibs.money/api/characters/spiderman3/skills
spiderman,Spider-Man,Spider-Man: Homecoming Homemade Suit,Amazing Spider-Man | Target: All Allies | Cooldown 0s | Dodge Rate increases by 6%.,Spider Reflex | Cooldown 0s | Immunity to STUN Effect. | Immunity to SNARE Effect. | Great Responsibility | Cooldown 0s | Increases Guaranteed Dodge Rate by 25% | 2 s increase to the duration of 205.,Spider-Man: Homecoming Homemade Suit | Cooldown 0s | Dodge Rate increases by 25%.,,https://thanosvibs.money/api/characters/spiderman4/skills
spiderman,Spider-Man,Marvel Studios' Avengers: Infinity War,Amazing Spider-Man | Target: All Allies | Cooldown 0s | Dodge Rate increases by 6%.,Spider Reflex | Cooldown 0s | Immunity to STUN Effect. | Immunity to SNARE Effect. | Great Responsibility | Cooldown 0s | Increases Guaranteed Dodge Rate by 25% | 2 s increase to the duration of 205.,"Marvel Studios' Avengers: Infinity War | Activation: 35 % chance when attacking | Cooldown 0s | Dodge Rate increases by 25%. | Acquires the following effect for $TIME sec. | Increases all Basic Attacks and Defense by 10%, all speed by 10%, and Critical Rate by 10%, removes Incapacitation",,https://thanosvibs.money/api/characters/spiderman5/skills
spiderman,Spider-Man,Spider-Man: Far From Home,Amazing Spider-Man | Target: All Allies | Cooldown 0s | Dodge Rate increases by 6%.,Spider Reflex | Cooldown 0s | Immunity to STUN Effect. | Immunity to SNARE Effect. | Great Responsibility | Cooldown 0s | Increases Guaranteed Dodge Rate by 25% | 2 s increase to the duration of 205.,"Spider-Man: Far From Home | Activation: 35 % chance when attacking | Cooldown 0s | Dodge Rate increases by 25%. | Acquires the following effect for $TIME sec. | Increases all Basic Attacks and Defense by 10%, all speed by 10%, and Critical Rate by 10%, removes Incapacitation",,https://thanosvibs.money/api/characters/spiderman6/skills
spiderman,Spider-Man,Spider-Man: Far From Home (Stealth Suit),Amazing Spider-Man | Target: All Allies | Cooldown 0s | Dodge Rate increases by 6%.,Spider Reflex | Cooldown 0s | Immunity to STUN Effect. | Immunity to SNARE Effect. | Great Responsibility | Cooldown 0s | Increases Guaranteed Dodge Rate by 25% | 2 s increase to the duration of 205.,"Spider-Man: Far From Home (Stealth Suit) | Activation: 35 % chance when attacking | Cooldown 0s | Dodge Rate increases by 25%. | Acquires the following effect for $TIME sec. | Increases all Basic Attacks and Defense by 10%, all speed by 10%, and Critical Rate by 10%, removes Incapacitation",,https://thanosvibs.money/api/characters/spiderman7/skills
spiderman,Spider-Man,Spider-Man: No Way Home (Integrated Suit),Amazing Spider-Man | Target: All Allies | Cooldown 0s | Dodge Rate increases by 6%.,"Spider-Stealth | Activation: when HP is below 40 % | Cooldown 30s | Grants 75% Invisibility, Dodge 15% ↑. | Recovers 30% of HP. | Spider-Snare | Cooldown 0s | Increases Guaranteed Dodge Rate by 25% | Increases basic damage dealt to Villain faction by 60%.","Spider-Man: No Way Home (Integrated Suit) | Cooldown 0s | Dodge Rate increases by 25%. | Critical Rate increases by 30%. | Excluding bosses, ignores enemy's damage decrease by 50%.",,https://thanosvibs.money/api/characters/spiderman8/skills
spiderman,Spider-Man,Spider-Man: No Way Home (Black & Gold Suit),Amazing Spider-Man | Target: All Allies | Cooldown 0s | Dodge Rate increases by 6%.,"Spider-Stealth | Activation: when HP is below 40 % | Cooldown 30s | Grants 75% Invisibility, Dodge 15% ↑. | Recovers 30% of HP. | Spider-Snare | Cooldown 0s | Increases Guaranteed Dodge Rate by 25% | Increases basic damage dealt to Villain faction by 60%.",Spider-Man: No Way Home (Black & Gold Suit) | Cooldown 0s | Dodge Rate increases by 25%. | Critical Rate increases by 30%. | Critical Damage increases by 50%.,,https://thanosvibs.money/api/characters/spiderman9/skills
spiderman,Spider-Man,Back to Basics,Amazing Spider-Man | Target: All Allies | Cooldown 0s | Dodge Rate increases by 6%.,"Spider-Stealth | Activation: when HP is below 50 % | Cooldown 20s | Grants 75% Invisibility, Dodge 15% ↑. | Recovers 30% of HP. | Spider-Snare | Cooldown 0s | Increases Guaranteed Dodge Rate by 25% | Increases basic damage dealt to Villain faction by 60%.","Back to Basics | Cooldown 0s | Dodge Rate increases by 30%. | Critical Rate increases by 30%. | Excluding bosses, ignores enemy's damage decrease by 50%.",,https://thanosvibs.money/api/characters/spiderman10/skills
spiderman,Spider-Man,The Symbiote Suit,Amazing Spider-Man | Target: All Allies | Cooldown 0s | Dodge Rate increases by 6%.,"Spider-Stealth | Activation: when HP is below 50 % | Cooldown 20s | Grants 75% Invisibility, Dodge 15% ↑. | Recovers 30% of HP. | Spider-Snare | Cooldown 0s | Increases Guaranteed Dodge Rate by 25% | Increases basic damage dealt to Villain faction by 60%.","The Symbiote Suit | Cooldown 0s | Dodge Rate increases by 35%. | Critical Rate increases by 35%. | Excluding bosses, ignores enemy's damage decrease by 50%.",,https://thanosvibs.money/api/characters/spiderman11/skills
spiderman,Spider-Man,Marvel Studios' Spider-Man: Brand New Day,Amazing Spider-Man | Target: All Allies | Cooldown 0s | Dodge Rate increases by 6%.,"Spider-Stealth | Cooldown 0s | Decreases basic damage received by 25%. | Immunity to SNARE Effect. | Immunity to STUN Effect. | Spider-Snare | Cooldown 0s | Increases Guaranteed Dodge Rate by 30% | Increases basic damage dealt to Villain faction by 60%. | Super Armor, increases all Basic Defenses by 30%.","Marvel Studios' Spider-Man: Brand New Day | Cooldown 0s | Dodge Rate increases by 35%. | Critical Rate increases by 40%. | Excluding bosses, ignores enemy's damage decrease by 55%.",,https://thanosvibs.money/api/characters/spiderman12/skills
starlord,Star-Lord,Guardians of the Galaxy,Legendary Outlaw | Target: Blast Type Allies | Cooldown 0s | 45% increase of Energy Attack.,"Link with the Milano | Cooldown 0s | Ignores target's Dodge Rate by 30%. | Wing Man | Cooldown 0s | Increases Guaranteed Critical Rate by 30% | Critical Damage increases by 10%. | Increases Skill damage by 15%, increases Bonus Damage by 20%.",,,https://thanosvibs.money/api/characters/starlord/skills
starlord,Star-Lord,Space Armor,Legendary Outlaw | Target: Blast Type Allies | Cooldown 0s | 45% increase of Energy Attack.,"Link with the Milano | Cooldown 0s | Ignores target's Dodge Rate by 30%. | Wing Man | Cooldown 0s | Increases Guaranteed Critical Rate by 30% | Critical Damage increases by 10%. | Increases Skill damage by 15%, increases Bonus Damage by 20%.",Space Armor | Cooldown 0s | Critical Damage increases by 15%.,,https://thanosvibs.money/api/characters/starlord1/skills
starlord,Star-Lord,Guardians of the Galaxy 2,Legendary Outlaw | Target: Blast Type Allies | Cooldown 0s | 50% increase of Energy Attack.,"Link with the Milano | Cooldown 0s | Ignores target's Dodge Rate by 30%. | Wing Man | Cooldown 0s | Increases Guaranteed Critical Rate by 30% | Critical Damage increases by 10%. | Increases Skill damage by 15%, increases Bonus Damage by 20%.",Guardians of the Galaxy 2 | Cooldown 0s | Dodge Rate increases by 10%.,,https://thanosvibs.money/api/characters/starlord2/skills
starlord,Star-Lord,Marvel Studios' Avengers: Infinity War,Legendary Outlaw | Target: Blast Type Allies | Cooldown 0s | 50% increase of Energy Attack.,"Link with the Milano | Cooldown 0s | Ignores target's Dodge Rate by 40%. | Wing Man | Cooldown 0s | Increases Guaranteed Critical Rate by 30% | Critical Damage increases by 10%. | Increases Skill damage by 15%, increases Bonus Damage by 20%.",Marvel Studios' Avengers: Infinity War | Cooldown 0s | Dodge Rate increases by 10%.,,https://thanosvibs.money/api/characters/starlord3/skills
starlord,Star-Lord,Grounded,Legendary Outlaw | Target: Blast Type Allies | Cooldown 0s | 55% increase of Energy Attack.,"Link with the Milano | Cooldown 0s | Ignores target's Dodge Rate by 40%. | Wing Man | Cooldown 0s | Increases Guaranteed Critical Rate by 30% | Critical Damage increases by 10%. | Increases Skill damage by 15%, increases Bonus Damage by 20%.",Grounded | Cooldown 0s | Increases Guaranteed Dodge Rate by 30%,,https://thanosvibs.money/api/characters/starlord4/skills
starlord,Star-Lord,Marvel Studios' Guardians of the Galaxy 3,Legendary Outlaw | Target: Blast Type Allies | Cooldown 0s | 60% increase of Energy Attack.,"Ravager's Instinct | Cooldown 0s | Ignores target's Dodge Rate by 40%. | 15% increase of Energy Attack. | Wing Man | Cooldown 0s | Increases Guaranteed Critical Rate by 30% | Critical Damage increases by 20%. | Increases Skill damage by 35%, increases Bonus Damage by 35%.",Marvel Studios' Guardians of the Galaxy 3 | Cooldown 0s | Increases Guaranteed Dodge Rate by 30% | Increases Chain Hit damage by 15% when attacking.,,https://thanosvibs.money/api/characters/starlord5/skills
starlord,Star-Lord,Wastelanders,Legendary Outlaw | Target: Blast Type Allies | Cooldown 0s | 65% increase of Energy Attack.,"Ravager's Instinct | Cooldown 0s | Ignores target's Dodge Rate by 40%. | 15% increase of Energy Attack. | Wing Man | Cooldown 0s | Increases Guaranteed Critical Rate by 30% | Critical Damage increases by 20%. | Increases Skill damage by 40%, increases Bonus Damage by 40%.",Wastelanders | Cooldown 0s | Increases Guaranteed Dodge Rate by 30% | Increases Chain Hit damage by 20% when attacking.,,https://thanosvibs.money/api/characters/starlord6/skills
storm,Storm,Modern,Fair Wind | Target: All Allies | Cooldown 0s | Increases All Speeds by 6%.,"Eye of the Storm | Target: All Allies | Cooldown 0s | 50% chance to become immune to Lightning Damage. | Increases Lightning Damage by 12%. | Weather Goddess | Cooldown 0s | Increases Skill damage by 35%, increases Bonus Damage by 15%. | 0.3% Increase of Energy Attack each 1% of pure damage accumulated | Accumulates 3% of pure damage when attacking (Max 100%)",,,https://thanosvibs.money/api/characters/storm/skills
storm,Storm,X-Men Red,Fair Wind | Target: All Allies | Cooldown 0s | Increases All Speeds by 6%.,"Eye of the Storm | Target: All Allies | Cooldown 0s | 50% chance to become immune to Lightning Damage. | Increases Lightning Damage by 12%. | Weather Goddess | Cooldown 0s | Increases Skill damage by 35%, increases Bonus Damage by 15%. | 0.6% Increase of Energy Attack each 1% of pure damage accumulated | Accumulates 6% of pure damage when attacking (Max 100%)",,,https://thanosvibs.money/api/characters/storm1/skills
storm,Storm,Inhumans vs X-Men,Fair Wind | Target: All Allies | Cooldown 0s | Increases All Speeds by 6%.,"Eye of the Storm | Target: All Allies | Cooldown 0s | Increases damage to All element damage by 35%. | Weather Goddess | Cooldown 0s | Increases Skill damage by 50%, increases Bonus Damage by 50%.",Inhumans vs X-Men | Activation: when skill Goddess Judgment is used | Cooldown 1s | Accumulates 10% of pure damage when attacking (Max 100%) | 1% Increase of All Basic Attacks each 1% of pure damage accumulated,,https://thanosvibs.money/api/characters/storm3/skills
storm,Storm,Krakoan Summer,Fair Wind | Target: All Allies | Cooldown 0s | Increases All Speeds by 6%.,"Eye of the Storm | Target: All Allies | Cooldown 0s | Increases damage to All element damage by 55%. | Ignores target's Dodge Rate by 30%. | Weather Goddess | Cooldown 0s | Increases Skill damage by 50%, increases Bonus Damage by 50%.",Krakoan Summer | Cooldown 0s | Increases Chain Hit damage by 15% when attacking. | 10% increase of Energy Attack.,,https://thanosvibs.money/api/characters/storm4/skills
storm,Storm,Marvel Animation's X-Men '97,Fair Wind | Target: All Allies | Cooldown 0s | Increases All Speeds by 6%.,"Eye of the Storm | Target: All Allies | Cooldown 0s | Increases damage to All element damage by 55%. | Ignores target's Dodge Rate by 30%. | Churning Storm | Cooldown 0s | Increases Skill damage by 50%, increases Bonus Damage by 50%. | Decreases basic damage received by 15%.",Marvel Animation's X-Men '97 | Cooldown 0s | Increases Chain Hit damage by 20% when attacking. | 30% increase of Energy Attack.,,https://thanosvibs.money/api/characters/storm5/skills
thanos,Thanos,Infinity,Mad Reflection | Target: Super Villain Allies | Cooldown 0s | Increases all Basic Attacks by 36% | Increases all Basic Defenses by 36%. | Decreases Debuff Duration by 30%.,Mad Titan | Activation: 25 % rate when hit | Cooldown 10s | Recovers 30% of HP. | 100% chance to grant All Damage Immunity | Eternal Deviant | Activation: when skill Titan Punch is used | Cooldown 3s | Invincible | Energy Damage: 277% of Physical Attack. Additional 2014 Energy Damage. | Stun | Removes Active Buffs from Target.,,,https://thanosvibs.money/api/characters/thanos/skills
thanos,Thanos,Secret Wars: Infinity,Mad Reflection | Target: Super Villain Allies | Cooldown 0s | Increases all Basic Attacks by 36% | Increases all Basic Defenses by 36%. | Decreases Debuff Duration by 30%.,Mad Titan | Activation: 25 % chance when attacking | Cooldown 10s | Recovers 30% of HP. | 100% chance to grant All Damage Immunity | Eternal Deviant | Activation: when skill Titan Punch is used | Cooldown 3s | Invincible | Energy Damage: 277% of Physical Attack. Additional 2014 Energy Damage. | Stun | Removes Active Buffs from Target.,Secret Wars: Infinity | Cooldown 0s | Decreases basic damage received by 20%.,,https://thanosvibs.money/api/characters/thanos1/skills
thanos,Thanos,Marvel Studios' Avengers: Infinity War,Mad Reflection | Target: Super Villain Allies | Cooldown 0s | Increases all Basic Attacks by 36% | Increases all Basic Defenses by 36%. | Decreases Debuff Duration by 30%.,Mad Titan | Activation: 25 % chance when attacking | Cooldown 10s | Recovers 30% of HP. | 100% chance to grant All Damage Immunity | Eternal Deviant | Activation: when skill Titan Punch is used | Cooldown 3s | Invincible | Energy Damage: 139% of Physical Attack. Additional 2014 Energy Damage. | Snare | Removes All Buffs from Target.,Marvel Studios' Avengers: Infinity War | Cooldown 0s | Decreases basic damage received by 20%. | Decreases basic damage received from Hero faction by 30%.,,https://thanosvibs.money/api/characters/thanos2/skills
thanos,Thanos,Marvel Studios' Avengers: Endgame,Mad Reflection | Target: Super Villain Allies | Cooldown 0s | Increases all Basic Attacks by 36% | Increases all Basic Defenses by 36%. | Decreases Debuff Duration by 30%.,"Mad Titan | Activation: 25 % chance when attacking | Cooldown 10s | Recovers 30% of HP. | 100% chance to grant All Damage Immunity | Eternal Deviant | Cooldown 0s | 10% Ignore Defense | Increases Skill damage by 10%, increases Bonus Damage by 40%.",Marvel Studios' Avengers: Endgame | Cooldown 0s | Decreases basic damage received by 20%. | Decreases basic damage received from Hero faction by 30%. | Increases basic damage dealt to Hero faction by 20%.,,https://thanosvibs.money/api/characters/thanos3/skills
thanos,Thanos,Obsidian King,Mad Reflection | Target: Super Villain Allies | Activation: when debuffed | Cooldown 20s | Removes all Debuffs. | Increases all Basic Attacks by 25%. | Increases all Basic Defenses by 25%.,"Mad Titan | Activation: when hit | Cooldown 0s | Increases basic damage dealt to Hero faction by 30%. | Acquires the following effect for $TIME sec. | Recovers 20% of HP. | Space Throne | Cooldown 0s | Increases Skill damage by 16%, increases Bonus Damage by 40%. | Increases damage dealt to targets with 206 effect by 80% | Increases damage dealt to targets with 407 effect by 80%",Obsidian King | Cooldown 0s | Decreases basic damage received by 50%. | Increases Additional Pierce Damage by 5% | Acquires the following effect for $TIME sec.,,https://thanosvibs.money/api/characters/thanos4/skills
thanos,Thanos,Wise Harvester,Enlightened Advice | Target: Super Villain Allies | Cooldown 0s | Increases all Basic Attacks by 50%. | Increases all Basic Defenses by 40%. | Acquires the following effect for $TIME sec.,"True Peace | Activation: when hit | Cooldown 0s | Increases basic damage dealt to Hero faction by 30%. | Increases basic damage dealt to Villain faction by 20%. | Acquires the following effect for $TIME sec. | Recovers 20% of HP. | Space Throne | Cooldown 0s | Increases Skill damage by 32%, increases Bonus Damage by 40%. | Increases damage dealt to targets with 206 effect by 80% | Increases damage dealt to targets with 407 effect by 80%",Wise Harvester | Cooldown 0s | Decreases basic damage received by 50%. | Increases Additional Pierce Damage by 5% | Acquires the following effect for $TIME sec.,,https://thanosvibs.money/api/characters/thanos5/skills
thanos,Thanos,Thanos Wins,Enlightened Advice | Target: Super Villain Allies | Cooldown 0s | Increases all Basic Attacks by 50%. | Increases all Basic Defenses by 40%. | Acquires the following effect for $TIME sec.,"Hero Slayer | Activation: when hit | Cooldown 0s | Increases basic damage dealt to Hero faction by 30%. | Super Armor, increases all Basic Defenses by 50%. | Acquires the following effect for $TIME sec. | Recovers 20% of HP. | Space Throne | Cooldown 0s | Increases Skill damage by 32%, increases Bonus Damage by 40%. | Increases damage dealt to targets with 206 effect by 80% | Increases damage dealt to targets with 407 effect by 80%",Thanos Wins | Cooldown 0s | Decreases basic damage received by 55%. | Increases Additional Pierce Damage by 5% | Acquires the following effect for $TIME sec.,,https://thanosvibs.money/api/characters/thanos6/skills
thor,Thor,The Avengers,God of Thunder | Target: All Allies | Cooldown 0s | Increases Lightning Resist by 50%.,"The Power of Asgard | Activation: 5 % chance when attacking | Cooldown 20s | Shock: Deals additional 30% Lightning Damage every 1 sec. | Protector of Asgard | Activation: by default and reactivates 4 sec. after removed | Cooldown 4s | Increases Lightning Damage by 60%. | 70% chance to penetrate with All Damage Immune, Barrier effect.",,,https://thanosvibs.money/api/characters/thor/skills
thor,Thor,Avengers: Age of Ultron,God of Thunder | Target: All Allies | Cooldown 0s | Increases Lightning Resist by 50%.,"The Power of Asgard | Activation: 5 % chance when attacking | Cooldown 20s | Shock: Deals additional 30% Lightning Damage every 1 sec. | Protector of Asgard | Activation: by default and reactivates 4 sec. after removed | Cooldown 4s | Increases Lightning Damage by 60%. | 70% chance to penetrate with All Damage Immune, Barrier effect.",Avengers: Age of Ultron | Activation: 25 % rate when hit | Cooldown 5s | Energy Lightning Damage: 80% of Energy Attack Additional 0 Energy Lightning Damage.,,https://thanosvibs.money/api/characters/thor7/skills
thor,Thor,Unworthy,God of Thunder | Target: All Allies | Cooldown 0s | Increases Lightning Resist by 50%.,"The Power of Asgard | Activation: 5 % chance when attacking | Cooldown 20s | Shock: Deals additional 30% Lightning Damage every 1 sec. | Protector of Asgard | Activation: by default and reactivates 4 sec. after removed | Cooldown 4s | Increases Lightning Damage by 60%. | 70% chance to penetrate with All Damage Immune, Barrier effect.",Unworthy | Cooldown 0s | Decreases basic damage received by 15%.,,https://thanosvibs.money/api/characters/thor2/skills
thor,Thor,Marvel Studios' Thor: Ragnarok,God of Thunder | Target: All Allies | Cooldown 0s | Increases Lightning Resist by 50%.,"The Power of Asgard | Cooldown 0s | Increases Lightning Damage by 5%. | Protector of Asgard | Activation: by default and reactivates 4 sec. after removed | Cooldown 4s | Increases Lightning Damage by 60%. | 70% chance to penetrate with All Damage Immune, Barrier effect.",Marvel Studios' Thor: Ragnarok | Cooldown 0s | Decreases basic damage received by 15%.,,https://thanosvibs.money/api/characters/thor3/skills
thor,Thor,Marvel Studios' Avengers: Infinity War,God of Thunder | Target: All Allies | Cooldown 0s | Increases Lightning Resist by 50%.,"The Power of Asgard | Cooldown 0s | Increases Lightning Damage by 5%. | Protector of Asgard | Activation: by default and reactivates 4 sec. after removed | Cooldown 4s | Increases Lightning Damage by 60%. | 70% chance to penetrate with All Damage Immune, Barrier effect.",Marvel Studios' Avengers: Infinity War | Cooldown 0s | Decreases basic damage received by 15%.,,https://thanosvibs.money/api/characters/thor4/skills
thor,Thor,Marvel Studios' Avengers: Endgame,God of Thunder | Target: All Allies | Cooldown 0s | Increases Lightning Resist by 50%.,"The Power of Asgard | Cooldown 0s | Increases Lightning Damage by 5%. | Protector of Asgard | Activation: by default and reactivates 4 sec. after removed | Cooldown 4s | Increases Lightning Damage by 60%. | 70% chance to penetrate with All Damage Immune, Barrier effect.",Marvel Studios' Avengers: Endgame | Cooldown 0s | Decreases basic damage received by 15%. | Increases Lightning Damage by 15%.,,https://thanosvibs.money/api/characters/thor5/skills
thor,Thor,Team Suit,God of Thunder | Target: All Allies | Cooldown 0s | Increases Lightning Resist by 50%.,"The Power of Asgard | Cooldown 0s | Increases Lightning Damage by 5%. | Protector of Asgard | Activation: by default and reactivates 4 sec. after removed | Cooldown 4s | Increases Lightning Damage by 60%. | 70% chance to penetrate with All Damage Immune, Barrier effect.",Team Suit | Cooldown 0s | Decreases basic damage received by 15%. | Increases Lightning Damage by 15%.,,https://thanosvibs.money/api/characters/thor6/skills
thor,Thor,Herald of Thunder,God of Thunder | Target: All Allies | Cooldown 0s | Increases Lightning Resist by 50%.,"The Power of Asgard | Cooldown 0s | Increases Lightning Damage by 20%. | Protector of Asgard | Activation: by default and reactivates 8 sec. after removed | Cooldown 8s | Increases Lightning Damage by 65%. | 70% chance to penetrate with All Damage Immune, Barrier effect.",Herald of Thunder | Activation: by default and reactivates 1 sec. after removed | Cooldown 1s | Decreases basic damage received by 20%. | Increases Chain Hit damage by 10% when attacking.,,https://thanosvibs.money/api/characters/thor8/skills
thor,Thor,Marvel Studios' Thor: Love and Thunder,God of Thunder | Target: All Allies | Cooldown 0s | Increases Lightning Resist by 50%.,"The Power of Asgard | Cooldown 0s | Increases Lightning Damage by 25%. | Ignores target's Dodge Rate by 35%. | Protector of Asgard | Activation: by default and reactivates 8 sec. after removed | Cooldown 8s | Increases Lightning Damage by 65%. | 70% chance to penetrate with All Damage Immune, Barrier effect.","Marvel Studios' Thor: Love and Thunder | Activation: by default and reactivates 1 sec. after removed | Cooldown 1s | Decreases basic damage received by 30%. | Increases Chain Hit damage by 15% when attacking. | Increases Skill damage by 20%, increases Bonus Damage by 20%.",,https://thanosvibs.money/api/characters/thor9/skills
thor,Thor,All-Father Reborn,God of Thunder | Target: All Allies | Cooldown 0s | Increases Lightning Resist by 50%.,"The Power of Asgard | Cooldown 0s | Increases Lightning Damage by 25%. | Ignores target's Dodge Rate by 35%. | Protector of Asgard | Activation: by default and reactivates 8 sec. after removed | Cooldown 8s | Increases Lightning Damage by 65%. | 70% chance to penetrate with All Damage Immune, Barrier effect.","All-Father Reborn | Activation: by default and reactivates 1 sec. after removed | Cooldown 1s | Decreases basic damage received by 30%. | Increases Chain Hit damage by 15% when attacking. | Increases Skill damage by 30%, increases Bonus Damage by 30%.",,https://thanosvibs.money/api/characters/thor10/skills
venom,Venom,Classic,We are Venom! | Target: All Allies | Cooldown 0s | Decreases Debuff Duration by 24%.,"Infestation | Activation: when HP is below 30 % | Cooldown -1s | Increases character size by 30% and all Speeds, all Basic Attacks by 10%. | Symbiote Instinct | Cooldown 0s | Ignores target's Dodge Rate by 45%. | Increases Skill damage by 52%, increases Bonus Damage by 45%. | Increases All Speeds by 35%.",,,https://thanosvibs.money/api/characters/venom/skills
venom,Venom,Secret Wars: Marvel Zombies,We are Venom! | Target: All Allies | Cooldown 0s | Decreases Debuff Duration by 24%.,"Infestation | Activation: when HP is below 30 % | Cooldown -1s | Increases character size by 30% and all Speeds, all Basic Attacks by 10%. | Symbiote Instinct | Cooldown 0s | Ignores target's Dodge Rate by 45%. | Increases Skill damage by 52%, increases Bonus Damage by 45%. | Increases All Speeds by 35%.","Secret Wars: Marvel Zombies | Activation: 10 % rate when hit | Cooldown 20s | Super Armor, increases all Basic Defenses by 5%.",,https://thanosvibs.money/api/characters/venom1/skills
venom,Venom,Anti-Venom,We Are Venom! | Target: All Allies | Cooldown 0s | Decreases Debuff Duration by 24%.,"Infestation | Activation: when HP is below 30 % | Cooldown -1s | Increases character size by 30% and all Speeds, all Basic Attacks by 10%. | Symbiote Instinct | Cooldown 0s | Ignores target's Dodge Rate by 45%. | Increases Skill damage by 52%, increases Bonus Damage by 45%. | Increases All Speeds by 35%.",Anti-Venom | Target: All Allies | Activation: 30 % rate when hit | Cooldown 20s | Recovers 15% of HP.,,https://thanosvibs.money/api/characters/venom2/skills
venom,Venom,War of the Realms,We are Venom! | Target: All Allies | Cooldown 0s | Decreases Debuff Duration by 24%.,"Infestation | Activation: when using HP RECOVERY buff | Cooldown 15s | Increases Chain Hit damage by 10% when attacking. | Super Armor, increases all Basic Defenses by 20%. | Symbiote Instinct | Cooldown 0s | Ignores target's Dodge Rate by 45%. | Increases Skill damage by 52%, increases Bonus Damage by 45%. | Decreases basic damage received by 30%.",War of the Realms | Target: All Allies | Activation: 30 % rate when hit | Cooldown 20s | Recovers 20% of HP.,,https://thanosvibs.money/api/characters/venom3/skills
venom,Venom,King in Black,We are Venom! | Target: All Allies | Cooldown 0s | Decreases Debuff Duration by 24%.,"Enigma Force | Cooldown 0s | Increases Chain Hit damage by 15% when attacking. | Super Armor, increases all Basic Defenses by 40%. | Increases Guaranteed Critical Rate by 30% | Symbiote Instinct | Cooldown 0s | Ignores target's Dodge Rate by 45%. | Increases Skill damage by 52%, increases Bonus Damage by 45%. | Decreases basic damage received by 30%.",King in Black | Target: All Allies | Activation: 50 % rate when hit | Cooldown 0s | Critical Damage increases by 30%. | Acquires the following effect for $TIME sec. | Recovers 30% of HP.,,https://thanosvibs.money/api/characters/venom4/skills
venom,Venom,Warstar,We are Venom! | Target: All Allies | Cooldown 0s | Decreases Debuff Duration by 24%.,"Enigma Force | Cooldown 0s | Increases Chain Hit damage by 15% when attacking. | Super Armor, increases all Basic Defenses by 40%. | Increases Guaranteed Critical Rate by 30% | Symbiote Instinct | Cooldown 0s | Ignores target's Dodge Rate by 45%. | Increases Skill damage by 52%, increases Bonus Damage by 45%. | Decreases basic damage received by 30%.",Warstar | Activation: when HP is below 99 % | Cooldown 0s | Critical Damage increases by 35%. | 15% increase of Physical Attack. | Acquires the following effect for $TIME sec. | Recovers 4% of HP.,,https://thanosvibs.money/api/characters/venom5/skills
venom,Venom,Snow Symbiote,We are Venom! | Target: All Allies | Cooldown 0s | Decreases Debuff Duration by 24%.,"Enigma Force | Cooldown 0s | Increases Chain Hit damage by 15% when attacking. | Super Armor, increases all Basic Defenses by 40%. | Increases Guaranteed Critical Rate by 30% | Symbiote Instinct | Cooldown 0s | Ignores target's Dodge Rate by 45%. | Increases Skill damage by 52%, increases Bonus Damage by 45%. | Decreases basic damage received by 30%.","Snow Symbiote | Activation: when HP is below 99 % | Cooldown 0s | Stores Ultimate Skill Gauge beyond 100% up to 50% When using an Ultimate Skill, the stored gauge is returned to recharge the Ultimate Skill Gauge | 15% increase of Physical Attack. | Acquires the following effect for $TIME sec. | Recovers 4% of HP.",,https://thanosvibs.money/api/characters/venom6/skills
wintersoldier,Winter Soldier,Marvel Studios' Captain America: The Winter Soldier,Living Weapon | Target: All Allies | Cooldown 0s | 30% increase of Physical Attack.,Cybernetic Punch | Cooldown 0s | 5% increase of HP. | All-Out Assault | Activation: 45 % chance when attacking | Cooldown 10s | Ignores target's Dodge Rate by 100%. | 45% Ignore Defense,,,https://thanosvibs.money/api/characters/wintersoldier/skills
wintersoldier,Winter Soldier,Marvel Studios' Captain America: Civil War,Living Weapon | Target: All Allies | Cooldown 0s | 30% increase of Physical Attack.,Cybernetic Punch | Cooldown 0s | 5% increase of HP. | All-Out Assault | Activation: 45 % chance when attacking | Cooldown 10s | Ignores target's Dodge Rate by 100%. | 45% Ignore Defense,,,https://thanosvibs.money/api/characters/wintersoldier1/skills
wintersoldier,Winter Soldier,Captain America,Living Weapon | Target: All Allies | Cooldown 0s | 30% increase of Physical Attack.,Cybernetic Punch | Cooldown 0s | 5% increase of HP. | All-Out Assault | Activation: 45 % chance when attacking | Cooldown 10s | Ignores target's Dodge Rate by 100%. | 45% Ignore Defense,Captain America | Activation: when skill Cover Fire is used | Cooldown 1s | 100% chance to grant All Damage Immunity,,https://thanosvibs.money/api/characters/wintersoldier2/skills
wintersoldier,Winter Soldier,Marvel Studios' Avengers: Infinity War,Living Weapon | Target: All Allies | Cooldown 0s | 30% increase of Physical Attack.,"Cybernetic Punch | Cooldown 0s | Super Armor, increases all Basic Defenses by 5%. | 5% increase of HP. | All-Out Assault | Activation: 45 % chance when attacking | Cooldown 10s | Ignores target's Dodge Rate by 100%. | 45% Ignore Defense",,,https://thanosvibs.money/api/characters/wintersoldier3/skills
wintersoldier,Winter Soldier,Marvel Studios' The Falcon and the Winter Soldier,Living Weapon | Target: All Allies | Cooldown 0s | 30% increase of Physical Attack.,"Cybernetic Punch | Cooldown 0s | Super Armor, increases all Basic Defenses by 5%. | 5% increase of HP. | All-Out Assault | Activation: 45 % chance when attacking | Cooldown 10s | Ignores target's Dodge Rate by 100%. | Increases Skill damage by 25%, increases Bonus Damage by 25%.",Marvel Studios' The Falcon and the Winter Soldier | Cooldown 0s | Increases Chain Hit damage by 15% when attacking.,,https://thanosvibs.money/api/characters/wintersoldier4/skills
wintersoldier,Winter Soldier,Revolution,Living Weapon | Target: All Allies | Cooldown 0s | 45% increase of Physical Attack.,"Revolutionary | Cooldown 0s | Super Armor, increases all Basic Defenses by 5%. | Increases all Basic Attacks by 35%, all Basic Defenses by 30%, and all Speeds by 1%. | All-Out Assault | Cooldown 0s | Ignores target's Dodge Rate by 60%. | Increases Skill damage by 35%, increases Bonus Damage by 35%.",Revolution | Cooldown 0s | Increases Chain Hit damage by 20% when attacking. | Increases Guaranteed Critical Rate by 20%,,https://thanosvibs.money/api/characters/wintersoldier5/skills
wintersoldier,Winter Soldier,Marvel Studios' Thunderbolts*,Living Weapon | Target: All Allies | Cooldown 0s | 45% increase of Physical Attack.,"Revolutionary | Cooldown 0s | Super Armor, increases all Basic Defenses by 5%. | Increases all Basic Attacks by 35%, all Basic Defenses by 30%, and all Speeds by 1%. | All-Out Assault | Cooldown 0s | Ignores target's Dodge Rate by 60%. | Increases Skill damage by 35%, increases Bonus Damage by 40%.",Marvel Studios' Thunderbolts* | Cooldown 0s | Increases Chain Hit damage by 20% when attacking. | Increases Guaranteed Critical Rate by 20% | Critical Damage increases by 30%.,,https://thanosvibs.money/api/characters/wintersoldier6/skills
wolverine,Wolverine,Classic,Fighting Spirit | Target: All Allies | Cooldown 0s | Decreases Debuff Duration by 30%.,"Regenerative Healing Factor | Activation: when HP is below 99 % | Cooldown 1s | Recovers 5% of HP. | Weapon X | Cooldown 0s | Increases Guaranteed Critical Rate by 50% | Critical Damage increases by 50%. | Super Armor, increases all Basic Defenses by 20%.",,,https://thanosvibs.money/api/characters/wolverine/skills
wolverine,Wolverine,Age of Apocalypse,Fighting Spirit | Target: All Allies | Cooldown 0s | Decreases Debuff Duration by 30%.,"Regenerative Healing Factor | Activation: when HP is below 99 % | Cooldown 1s | Recovers 5% of HP. | Weapon X | Cooldown 0s | Increases Guaranteed Critical Rate by 50% | Critical Damage increases by 50%. | Super Armor, increases all Basic Defenses by 20%.",Age of Apocalypse | Cooldown 0s | Decreases basic damage received by 15%.,,https://thanosvibs.money/api/characters/wolverine1/skills
wolverine,Wolverine,All-New Marvel NOW!,Fighting Spirit | Target: All Allies | Cooldown 0s | Decreases Debuff Duration by 30%.,"Regenerative Healing Factor | Activation: when HP is below 99 % | Cooldown 1s | Recovers 5% of HP. | Weapon X | Cooldown 0s | Increases Guaranteed Critical Rate by 50% | Critical Damage increases by 50%. | Super Armor, increases all Basic Defenses by 20%.",All-New Marvel NOW! | Cooldown 0s | 10% Ignore Defense,,https://thanosvibs.money/api/characters/wolverine2/skills
wolverine,Wolverine,X-Force,Fighting Spirit | Target: All Allies | Cooldown 0s | Decreases Debuff Duration by 30%.,"Regenerative Healing Factor | Activation: when HP is below 99 % | Cooldown 1s | Recovers 5% of HP. | Weapon X | Cooldown 0s | Increases Guaranteed Critical Rate by 50% | Critical Damage increases by 50%. | Super Armor, increases all Basic Defenses by 20%.",X-Force | Cooldown 0s | 10% Ignore Defense | Decreases basic damage received by 15%.,,https://thanosvibs.money/api/characters/wolverine3/skills
wolverine,Wolverine,House of X,Fighting Spirit | Target: All Allies | Cooldown 0s | Decreases Debuff Duration by 30%.,"Regenerative Healing Factor | Activation: when HP is below 99 % | Cooldown 1s | Recovers 5% of HP. | Weapon X | Cooldown 0s | Increases Guaranteed Critical Rate by 50% | Critical Damage increases by 50%. | Super Armor, increases all Basic Defenses by 20%.",House of X | Cooldown 0s | 10% Ignore Defense | Decreases basic damage received by 15%. | Increases all Basic Attacks by 15%,,https://thanosvibs.money/api/characters/wolverine4/skills
wolverine,Wolverine,Enter the Phoenix,Fighting Spirit | Target: All Allies | Cooldown 0s | Decreases Debuff Duration by 30%.,"Regenerative Healing Factor | Activation: when HP is below 99 % | Cooldown 0s | 20% Ignore Defense | Acquires the following effect for $TIME sec. | Decreases basic damage received by 25%. | Recovers 6% of HP. | Weapon X | Cooldown 0s | Increases Guaranteed Critical Rate by 50% | Critical Damage increases by 50%. | Super Armor, increases all Basic Defenses by 50%.","Enter the Phoenix | Activation: when HP is below 30 % | Cooldown 0s | Increases Skill damage by 30%, increases Bonus Damage by 35%. | Increases Chain Hit damage by 15% when attacking. | Acquires the following effect for $TIME sec. | Recovers 100% of HP.",,https://thanosvibs.money/api/characters/wolverine5/skills
wolverine,Wolverine,X Deaths of Wolverine,Fighting Spirit | Target: All Allies | Cooldown 0s | Decreases Debuff Duration by 30%.,"Regenerative Healing Factor | Activation: when HP is below 99 % | Cooldown 0s | 20% Ignore Defense | Acquires the following effect for $TIME sec. | Decreases basic damage received by 25%. | Recovers 6% of HP. | Weapon X | Cooldown 0s | Increases Guaranteed Critical Rate by 50% | Critical Damage increases by 50%. | Super Armor, increases all Basic Defenses by 50%.","X Deaths of Wolverine | Activation: when HP is below 30 % | Cooldown 0s | Increases Skill damage by 40%, increases Bonus Damage by 40%. | Increases Chain Hit damage by 15% when attacking. | Acquires the following effect for $TIME sec. | Recovers 100% of HP.",,https://thanosvibs.money/api/characters/wolverine6/skills
wolverine,Wolverine,Marvel Studios' Deadpool & Wolverine,Fighting Spirit | Target: All Allies | Cooldown 0s | Decreases Debuff Duration by 30%.,"Regenerative Healing Factor | Activation: when HP is below 99 % | Cooldown 0s | 20% Ignore Defense | Acquires the following effect for $TIME sec. | Decreases basic damage received by 25%. | Recovers 6% of HP. | Weapon X | Cooldown 0s | Increases Guaranteed Critical Rate by 50% | Critical Damage increases by 50%. | Super Armor, increases all Basic Defenses by 50%.","Marvel Studios' Deadpool & Wolverine | Activation: when HP is below 30 % | Cooldown 0s | Increases Skill damage by 45%, increases Bonus Damage by 40%. | Increases Chain Hit damage by 20% when attacking. | Acquires the following effect for $TIME sec. | Recovers 100% of HP.",,https://thanosvibs.money/api/characters/wolverine7/skills
ares,Ares,Modern,Warrior's Roar | Target: All Allies | Cooldown 0s | 30% increase of Physical Attack.,"Immortal Body | Activation: when HP is below 99 % | Cooldown 1s | Recovers 4% of HP. | God of Battle | Activation: when skill (Regular Attacks Excluded) is used | Cooldown 0s | Increases Skill damage by 40%, increases Bonus Damage by 30%. | Super Armor, increases all Basic Defenses by 30%. | Acquires the following effect for $TIME sec. | 100% chance to increase Critical Damage by 100% on Critical Attacks.",,,https://thanosvibs.money/api/characters/ares/skills
ares,Ares,Punisher,Warrior's Roar | Target: All Allies | Cooldown 0s | 30% increase of Physical Attack.,"Immortal Body | Activation: when HP is below 99 % | Cooldown 1s | Recovers 5% of HP. | God of Battle | Cooldown 0s | Increases Skill damage by 45%, increases Bonus Damage by 40%. | Super Armor, increases all Basic Defenses by 30%. | Acquires the following effect for $TIME sec. | Increases Chain Hit damage by 15% when attacking. | Increases Guaranteed Critical Rate by 25% | Ignores target's Dodge Rate by 30%.",Punisher | Cooldown 0s | Increases Chain Hit damage by 15% when attacking. | Increases Guaranteed Critical Rate by 25% | Ignores target's Dodge Rate by 30%.,,https://thanosvibs.money/api/characters/ares1/skills
betaraybill,Beta Ray Bill,Modern,Storm Force | Target: All Allies | Cooldown 0s | Increases Lightning Damage by 60%.,Korbinite Strength | Activation: when HP is below 45 % | Cooldown 0s | Decreases basic damage received by 30%. | Acquires the following effect for $TIME sec. | Recovers 50% of HP. | Breaker of Storms | Cooldown 0s | Increases Lightning Damage by 30%. | 20% Ignore Defense,,,https://thanosvibs.money/api/characters/betaraybill/skills
betaraybill,Beta Ray Bill,Beta Ray Bill,Champion of Muspelheim | Target: All Allies | Cooldown 0s | Increases Flame Damage by 60%.,Korbinite Strength | Activation: when HP is below 45 % | Cooldown 0s | Decreases basic damage received by 30%. | Acquires the following effect for $TIME sec. | Recovers 50% of HP. | Twilight's Protection | Cooldown 0s | Increases Flame Damage by 55%. | Ignores target's Dodge Rate by 20%.,Beta Ray Bill | Target: Alien Allies | Cooldown 0s | Increases basic damage dealt to Villain faction by 35%.,,https://thanosvibs.money/api/characters/betaraybill1/skills
bluedragon,Blue Dragon,Modern,Sky Serpent | Target: Warriors of the Sky Allies | Cooldown 0s | Increases all Basic Attacks by 65% | Acquires the following effect for $TIME sec.,"Dragon's Claw | Cooldown 0s | Increases all Basic Attacks by 20%, all Basic Defenses by 20%, and all Speeds by 5%. | Thunderscale | Cooldown 0s | Super Armor, increases all Basic Defenses by 10%. | Increases Guaranteed Dodge Rate by 30%",,,https://thanosvibs.money/api/characters/bluedragon/skills
bluedragon,Blue Dragon,Moon Temple Defenders,Sky Serpent | Target: Warriors of the Sky Allies | Cooldown 0s | Increases all Basic Attacks by 65% | Acquires the following effect for $TIME sec.,"Dragon's Claw | Cooldown 0s | Increases all Basic Attacks by 30%, all Basic Defenses by 30%, and all Speeds by 5%. | Thunderscale | Cooldown 0s | Super Armor, increases all Basic Defenses by 10%. | Increases Guaranteed Dodge Rate by 30%","Moon Temple Defenders | Cooldown 0s | Decreases basic damage received by 30%. | Increases Skill damage by 10%, increases Bonus Damage by 10%.",,https://thanosvibs.money/api/characters/bluedragon1/skills
bullseye,Bullseye,Modern,Correct Arrow | Target: All Allies | Cooldown 0s | Ignores target's Dodge Rate by 50%.,"Attacking a Vital Point | Activation: 5 % chance when attacking | Cooldown 20s | Bleed: Deals additional 30% Damage every 1 sec. (Removes Elasticity) | Madness Slayer | Activation: when skill Madness Knife is used | Cooldown 3s | Increases Skill damage by 25%, increases Bonus Damage by 20%. | Increases All Speeds by 15%. | 70% chance to penetrate with All Damage Immune effect.",,,https://thanosvibs.money/api/characters/bullseye/skills
bullseye,Bullseye,Secret Wars: 1872,Correct Arrow | Target: All Allies | Cooldown 0s | Ignores target's Dodge Rate by 50%.,"Attacking a Vital Point | Activation: 5 % chance when attacking | Cooldown 20s | Bleed: Deals additional 30% Damage every 1 sec. (Removes Elasticity) | Madness Slayer | Activation: when skill Madness Knife is used | Cooldown 3s | Increases Skill damage by 25%, increases Bonus Damage by 20%. | Increases All Speeds by 15%. | 70% chance to penetrate with All Damage Immune effect.",Secret Wars: 1872 | Cooldown 0s | Ignores target's Dodge Rate by 50%.,,https://thanosvibs.money/api/characters/bullseye1/skills
bullseye,Bullseye,Dark Avengers,Correct Arrow | Target: All Allies | Cooldown 0s | Ignores target's Dodge Rate by 50%.,"Attacking a Vital Point | Activation: 30 % rate when (Regular Attacks Excluded) skill is used | Cooldown 20s | 70% chance to penetrate with Invincible, All Damage Immune, Shield, Barrier, Super Armor effect. | Madness Slayer | Cooldown 0s | Increases Skill damage by 30%, increases Bonus Damage by 15%. | Ignores target's Dodge Rate by 50%.",Dark Avengers | Cooldown 0s | Increases all Basic Attacks by 25%,,https://thanosvibs.money/api/characters/bullseye2/skills
bullseye,Bullseye,Wastelanders,Assassin's Eye | Target: All Allies | Cooldown 0s | Ignores target's Dodge Rate by 50%.,"Attacking a Vital Point | Activation: 30 % rate when (Regular Attacks Excluded) skill is used | Cooldown 20s | 70% chance to penetrate with Invincible, All Damage Immune, Shield, Barrier, Super Armor effect. | Expert Assassin | Cooldown 0s | Increases Skill damage by 40%, increases Bonus Damage by 45%. | Ignores target's Dodge Rate by 50%. | Increases Guaranteed Critical Rate by 25%",Wastelanders | Cooldown 0s | Increases all Basic Attacks by 35% | Increases Chain Hit damage by 15% when attacking. | Critical Damage increases by 30%.,,https://thanosvibs.money/api/characters/bullseye3/skills
doctoroctopus,Doctor Octopus,Classic,Critical Electric Arm | Target: All Allies | Cooldown 0s | 30% increase of HP.,"Mutagenic Growth | Cooldown 0s | 15% increase of Physical Attack. | Tentacle Upgrade | Cooldown 0s | Ignores target's Dodge Rate by 30%. | Increases Skill damage by 25%, increases Bonus Damage by 25%.",,,https://thanosvibs.money/api/characters/doctoroctopus/skills
doctoroctopus,Doctor Octopus,Superior Spider-Man,Critical Electric Arm | Target: All Allies | Cooldown 0s | 30% increase of HP.,"Mutagenic Growth | Cooldown 0s | 15% increase of Physical Attack. | Superior Spider | Cooldown 0s | Increases Guaranteed Dodge Rate by 20% | Increases summoned characters' Basic Attacks and Basic Defenses by 18%, Increases HP by 0%, increases duration of summoned characters by 0%. | 2 s increase to the duration of 205.",Superior Spider-Man | Activation: when dodging | Cooldown 8s | Increases basic damage by 120% for 2 attack(s).,,https://thanosvibs.money/api/characters/doctoroctopus1/skills
doctoroctopus,Doctor Octopus,Superior Octopus,Critical Electric Arm | Target: All Allies | Cooldown 0s | 30% increase of HP.,Mutagenic Growth | Cooldown 0s | 20% increase of Physical Attack. | Tentacle Upgrade | Cooldown 0s | Increases Guaranteed Dodge Rate by 20% | Increases Chain Hit damage by 10% when attacking.,Superior Octopus | Activation: when skill Tentacle Shockwave is used | Cooldown 10s | Increases basic damage by 200% for 1 attack(s).,,https://thanosvibs.money/api/characters/doctoroctopus2/skills
doctoroctopus,Doctor Octopus,Spider-Man: No Way Home,Critical Electric Arm | Target: All Allies | Cooldown 0s | 30% increase of HP.,"Mutagenic Growth | Cooldown 0s | 40% increase of Physical Attack. | Decreases basic damage received by 20%. | Tentacle Upgrade | Cooldown 0s | Increases Chain Hit damage by 20% when attacking. | Increases Guaranteed Critical Rate by 25% | Increases Skill damage by 35%, increases Bonus Damage by 35%.",Spider-Man: No Way Home | Activation: when skill Tentacle Shockwave is used | Cooldown 10s | Increases basic damage by 200% for 1 attack(s). | Recovers 15% of HP.,,https://thanosvibs.money/api/characters/doctoroctopus3/skills
doctoroctopus,Doctor Octopus,Ends of the Earth,Critical Electric Arm | Target: All Allies | Cooldown 0s | 30% increase of HP.,"Mutagenic Growth | Cooldown 0s | 50% increase of Physical Attack. | Decreases basic damage received by 25%. | Tentacle Upgrade | Cooldown 0s | Increases Chain Hit damage by 20% when attacking. | Increases Guaranteed Critical Rate by 25% | Increases Skill damage by 35%, increases Bonus Damage by 35%.",Ends of the Earth | Cooldown 0s | Ignores target's Dodge Rate by 20%. | 25% increase of HP.,,https://thanosvibs.money/api/characters/doctoroctopus4/skills
elsabloodstone,Elsa Bloodstone,Modern,Never Mess with a Bloodstone | Target: All Allies | Cooldown 0s | 30% increase of Physical Attack.,"Monster Hunter | Activation: {1}% rate when attacking a 30 type enemy | Cooldown 8s | Guard Breaks activate for 1 attacks. | Blood Transfusion | Activation: when skill No Escape is used | Cooldown 3s | 100% chance to grant All Damage Immunity | Increases Guaranteed Dodge Rate by 24% | 100% chance to penetrate with Barrier effect.",,,https://thanosvibs.money/api/characters/elsabloodstone/skills
elsabloodstone,Elsa Bloodstone,Secret Wars: Marvel Zombies,Never Mess with a Bloodstone | Target: All Allies | Cooldown 0s | 30% increase of Physical Attack.,"Monster Hunter | Activation: {1}% rate when attacking a 30 type enemy | Cooldown 8s | Guard Breaks activate for 1 attacks. | Blood Transfusion | Activation: when skill Red Flame is used | Cooldown 3s | 100% chance to grant All Damage Immunity | Increases Guaranteed Dodge Rate by 24% | 100% chance to penetrate with Barrier effect.","Secret Wars: Marvel Zombies | Activation: 10 % chance when attacking | Cooldown 20s | Increases all Basic Attacks and Defense by 30%, all speed by 8%, and Critical Rate by 35%, removes Incapacitation | Decreases Skill Cooldown by 35%.",,https://thanosvibs.money/api/characters/elsabloodstone1/skills
elsabloodstone,Elsa Bloodstone,Monsters Unleashed! (MFF Variant),Never Mess with a Bloodstone | Target: All Allies | Cooldown 0s | 30% increase of Physical Attack.,"Monster Hunter | Activation: {1}% rate when attacking a 30 type enemy | Cooldown 8s | Guard Breaks activate for 1 attacks. | Blood Transfusion | Activation: when skill Force of Bloodstone is used | Cooldown 3s | 100% chance to grant All Damage Immunity | Increases Guaranteed Dodge Rate by 24% | 100% chance to penetrate with Barrier effect.","Monsters Unleashed! (MFF Variant) | Activation: 10 % chance when attacking | Cooldown 20s | Increases all Basic Attacks and Defense by 30%, all speed by 8%, and Critical Rate by 35%, removes Incapacitation | Decreases Skill Cooldown by 35%.",,https://thanosvibs.money/api/characters/elsabloodstone2/skills
gambit,Gambit,Modern,Kinetic Precision | Target: All Allies | Cooldown 0s | Ignores target's Dodge Rate by 50%.,"Lucky Streak | Cooldown 0s | Critical Damage increases by 30%. | Royal Flush | Cooldown 0s | Increases Guaranteed Critical Rate by 30% | Increases Chain Hit damage by 20% when attacking. | Increases Skill damage by 32%, increases Bonus Damage by 15%.",,,https://thanosvibs.money/api/characters/gambit/skills
gambit,Gambit,Excalibur,Kinetic Precision | Target: All Allies | Cooldown 0s | Ignores target's Dodge Rate by 50%.,"Lucky Streak | Cooldown 0s | Critical Damage increases by 30%. | Royal Flush | Cooldown 0s | Increases Guaranteed Critical Rate by 30% | Increases Chain Hit damage by 20% when attacking. | Increases Skill damage by 32%, increases Bonus Damage by 15%.",Excalibur | Activation: when skill Card Storm is used | Cooldown 2s | Recovers 15% of HP.,,https://thanosvibs.money/api/characters/gambit1/skills
gambit,Gambit,X-Men Year-End Party,Kinetic Precision | Target: All Allies | Cooldown 0s | Ignores target's Dodge Rate by 50%.,"Lucky Streak | Cooldown 0s | Critical Damage increases by 35%. | Royal Flush | Cooldown 0s | Increases Guaranteed Critical Rate by 30% | Increases Chain Hit damage by 20% when attacking. | Increases Skill damage by 50%, increases Bonus Damage by 45%.",X-Men Year-End Party | Cooldown 0s | 30% increase of Energy Attack. | Decreases basic damage received by 20%. | Ignores target's Dodge Rate by 30%.,,https://thanosvibs.money/api/characters/gambit2/skills
heimdall,Heimdall,Marvel Studios' Thor: Ragnarok,Firm Guardian | Target: All Allies | Cooldown 0s | Increases all Basic Defenses by 36%.,"Heimdall's Eyes | Cooldown 0s | Ignores target's Dodge Rate by 10%. | Dodge Rate increases by 5%. | Immunity to BLIND Effect. | Guardian of the Bifrost | Cooldown 0s | Decreases basic damage received by 25%. | Increases Guaranteed Dodge Rate by 35% | Increases Skill damage by 25%, increases Bonus Damage by 15%.",,,https://thanosvibs.money/api/characters/heimdall/skills
heimdall,Heimdall,Asgard Invasion,Firm Guardian | Target: All Allies | Cooldown 0s | Increases all Basic Defenses by 40%. | Ignores target's Dodge Rate by 30%.,"Heimdall's Eyes | Cooldown 0s | Ignores target's Dodge Rate by 40%. | Dodge Rate increases by 15%. | Immunity to BLIND Effect. | Guardian of the Bifrost | Cooldown 0s | Decreases basic damage received by 40%. | Increases Guaranteed Dodge Rate by 40% | Increases Skill damage by 35%, increases Bonus Damage by 25%.",Asgard Invasion | Activation: when debuffed | Cooldown 0s | 30% increase of Physical Attack. | Increases Chain Hit damage by 15% when attacking. | Acquires the following effect for $TIME sec. | Removes all Debuffs.,,https://thanosvibs.money/api/characters/heimdall1/skills
hulkamadeuscho,Hulk (Amadeus Cho),Totally Awesome Hulk,Gamma Boost | Target: All Allies | Cooldown 0s | Critical Rate increases by 6%. | Critical Damage increases by 6%.,"Mass Evasion | Activation: 10 % rate when hit | Cooldown 30s | Dodge Rate increases by 16%. | Eighth Greatest Genius | Cooldown 0s | Ignores target's Dodge Rate by 20%. | Increases Guaranteed Dodge Rate by 20% | Increases Skill damage by 20%, increases Bonus Damage by 15%.",,,https://thanosvibs.money/api/characters/amadeuscho/skills
hulkamadeuscho,Hulk (Amadeus Cho),Monsters Unleashed! (MFF Variant),Gamma Boost | Target: All Allies | Cooldown 0s | Critical Rate increases by 6%. | Critical Damage increases by 6%.,"Mass Evasion | Activation: 10 % rate when hit | Cooldown 30s | Dodge Rate increases by 16%. | Eighth Greatest Genius | Cooldown 0s | Ignores target's Dodge Rate by 20%. | Increases Guaranteed Dodge Rate by 20% | Increases Skill damage by 20%, increases Bonus Damage by 15%.","Monsters Unleashed! (MFF Variant) | Cooldown 0s | Super Armor, increases all Basic Defenses by 20%.",,https://thanosvibs.money/api/characters/amadeuscho1/skills
hulkamadeuscho,Hulk (Amadeus Cho),Brawn,Gamma Boost | Target: All Allies | Cooldown 0s | Critical Rate increases by 6%. | Critical Damage increases by 6%.,"Will of Atlas | Cooldown 0s | Super Armor, increases all Basic Defenses by 20%. | Critical Damage increases by 25%. | Eighth Greatest Genius | Cooldown 0s | Ignores target's Dodge Rate by 20%. | Increases Guaranteed Critical Rate by 20% | Increases Skill damage by 20%, increases Bonus Damage by 15%.",Brawn | Cooldown 0s | 100% chance to increase Critical Damage by 50% on Critical Attacks.,,https://thanosvibs.money/api/characters/amadeuscho2/skills
hulkamadeuscho,Hulk (Amadeus Cho),Heroic Age,Capable Sidekick | Target: All Allies | Cooldown 0s | Critical Rate increases by 6%. | Critical Damage increases by 6%.,"Will of Atlas | Cooldown 0s | Super Armor, increases all Basic Defenses by 20%. | Critical Damage increases by 25%. | 100% chance to increase Critical Damage by 50% on Critical Attacks. | Eighth Greatest Genius | Cooldown 0s | Ignores target's Dodge Rate by 20%. | Increases Guaranteed Critical Rate by 20% | Increases Skill damage by 30%, increases Bonus Damage by 30%.",Heroic Age | Target: All Allies | Cooldown 0s | Increases basic damage dealt to Villain faction by 40%.,,https://thanosvibs.money/api/characters/amadeuscho3/skills
medusa,Medusa,"All-New, All-Different",Merciful Queen | Target: Universal Type Allies | Cooldown 0s | Increases all Basic Attacks by 36%,"Queenly Gaze | Cooldown 0s | Increases All Speeds by 7%. | Inhuman Queen | Cooldown 0s | Increases Skill damage by 20%, increases Bonus Damage by 15%. | Increases Guaranteed Critical Rate by 15% | Increases Guaranteed Dodge Rate by 15%",,Ignore Dodge 5% 0.2% | Basic Damage Dealt to Boss Types 5% 0.1% | Ignore Dodge 8% 0.3% | Basic Damage Dealt to Boss Types 8% 0.15% | Ignore Dodge 11% 0.4% | Basic Damage Dealt to Boss Types 11% 0.2% | Ignore Dodge 15% 0.5% | Basic Damage Dealt to Boss Types 15% 0.25%,https://thanosvibs.money/api/characters/medusa/skills
medusa,Medusa,Monsters Unleashed! (MFF Variant),Merciful Queen | Target: Universal Type Allies | Cooldown 0s | Increases all Basic Attacks by 42%,"Queenly Gaze | Cooldown 0s | Increases All Speeds by 7%. | Inhuman Queen | Cooldown 0s | Increases Skill damage by 20%, increases Bonus Damage by 15%. | Increases Guaranteed Critical Rate by 15% | Increases Guaranteed Dodge Rate by 15%",,Ignore Dodge 5% 0.2% | Basic Damage Dealt to Boss Types 5% 0.1% | Ignore Dodge 8% 0.3% | Basic Damage Dealt to Boss Types 8% 0.15% | Ignore Dodge 11% 0.4% | Basic Damage Dealt to Boss Types 11% 0.2% | Ignore Dodge 15% 0.5% | Basic Damage Dealt to Boss Types 15% 0.25%,https://thanosvibs.money/api/characters/medusa1/skills
medusa,Medusa,Inhumans vs X-Men,Merciful Queen | Target: Universal Type Allies | Cooldown 0s | Increases all Basic Attacks by 45%,"Queenly Gaze | Target: Inhuman Allies | Cooldown 0s | Increases basic damage dealt to Villain faction by 45%. | Inhuman Queen | Cooldown 0s | Increases Skill damage by 20%, increases Bonus Damage by 15%. | Increases Guaranteed Critical Rate by 15% | Increases Guaranteed Dodge Rate by 15%",,Ignore Dodge 5% 0.2% | Basic Damage Dealt to Boss Types 5% 0.1% | Ignore Dodge 8% 0.3% | Basic Damage Dealt to Boss Types 8% 0.15% | Ignore Dodge 11% 0.4% | Basic Damage Dealt to Boss Types 11% 0.2% | Ignore Dodge 15% 0.5% | Basic Damage Dealt to Boss Types 15% 0.25%,https://thanosvibs.money/api/characters/medusa2/skills
medusa,Medusa,Ancient Curse,Merciful Queen | Target: Universal Type Allies | Cooldown 0s | Increases all Basic Attacks by 45%,"Medusa's Stare | Target: Inhuman Allies | Cooldown 0s | Increases all Basic Attacks by 40% | Inhuman Queen | Cooldown 0s | Increases Skill damage by 45%, increases Bonus Damage by 40%. | Increases Guaranteed Critical Rate by 15% | Increases Guaranteed Dodge Rate by 20%",Ancient Curse | Target: Super Hero Allies | Cooldown 0s | Increases basic damage dealt to Villain faction by 45%.,Ignore Dodge 5% 0.2% | Basic Damage Dealt to Boss Types 5% 0.1% | Ignore Dodge 8% 0.3% | Basic Damage Dealt to Boss Types 8% 0.15% | Ignore Dodge 11% 0.4% | Basic Damage Dealt to Boss Types 11% 0.2% | Ignore Dodge 15% 0.5% | Basic Damage Dealt to Boss Types 15% 0.25%,https://thanosvibs.money/api/characters/medusa3/skills
moonknight,Moon Knight,Modern,Spirit of Khonshu | Target: All Allies | Cooldown 0s | Decreases Debuff Duration by 24%.,"Moon's Might | Activation: 15 % rate when hit | Cooldown 15s | Super Armor, increases all Basic Defenses by 10%. | Moon Force | Activation: when HP is below 30 % | Cooldown 7s | Recovers 30% of HP.",,,https://thanosvibs.money/api/characters/moonknight/skills
moonknight,Moon Knight,Armored,Spirit of Khonshu | Target: All Allies | Cooldown 0s | Decreases Debuff Duration by 24%.,"Moon's Might | Activation: 15 % rate when hit | Cooldown 15s | Super Armor, increases all Basic Defenses by 10%. | Moon Force | Activation: when HP is below 30 % | Cooldown 7s | Recovers 30% of HP.",,,https://thanosvibs.money/api/characters/moonknight1/skills
moonknight,Moon Knight,Mr. Knight,Spirit of Khonshu | Target: All Allies | Cooldown 0s | Decreases Debuff Duration by 24%.,Moon's Might | Cooldown 0s | Guard Break Immunity | Decreases basic damage received by 35%. | Moon Force | Activation: when skill Lunar Punishment is used | Cooldown 7s | Recovers 30% of HP.,"Mr. Knight | Cooldown 0s | Increases Skill damage by 50%, increases Bonus Damage by 30%. | Increases Chain Hit damage by 30% when attacking.",,https://thanosvibs.money/api/characters/moonknight2/skills
moonknight,Moon Knight,Marvel Studios' Moon Knight,Spirit of Khonshu | Target: All Allies | Cooldown 0s | Decreases Debuff Duration by 24%.,Moon's Might | Cooldown 0s | Guard Break Immunity | Decreases basic damage received by 35%. | Moon Force | Activation: when skill Judgment of the Moon is used | Cooldown 7s | Recovers 30% of HP.,"Marvel Studios' Moon Knight | Cooldown 0s | Increases Skill damage by 50%, increases Bonus Damage by 30%. | Increases Chain Hit damage by 35% when attacking. | Increases basic damage dealt to boss types by 10%.",,https://thanosvibs.money/api/characters/moonknight3/skills
moonknight,Moon Knight,Blood Moon Knight,Spirit of Khonshu | Target: All Allies | Cooldown 0s | Decreases Debuff Duration by 24%.,Moon's Might | Cooldown 0s | Guard Break Immunity | Decreases basic damage received by 35%. | Moon God's Chosen | Cooldown 0s | Increases all Basic Attacks by 20%,"Blood Moon Knight | Cooldown 0s | Increases Skill damage by 50%, increases Bonus Damage by 30%. | Increases Chain Hit damage by 35% when attacking. | Increases basic damage dealt to boss types by 15%.",,https://thanosvibs.money/api/characters/moonknight4/skills
moonstone,Moonstone,Dark Avengers,Dark Alignment | Target: All Allies | Cooldown 0s | Dodge Rate increases by 6%.,"Master Manipulator | Target: Self | Activation: when attacking | Cooldown 0s | Increases Guaranteed Critical Rate by 30% | Acquires the following effect for $TIME sec. | Silence | Density Manipulation | Cooldown 0s | Increases Skill damage by 30%, increases Bonus Damage by 25%. | Increases Guaranteed Dodge Rate by 20%",,,https://thanosvibs.money/api/characters/moonstone/skills
morbius,Morbius,Modern,Bestial Muscle | Target: All Allies | Cooldown 0s | 30% increase of HP.,"Vampiric Skin | Cooldown 0s | Super Armor, increases all Basic Defenses by 40%. | Thirst for Blood | Cooldown 0s | Increases Skill damage by 30%, increases Bonus Damage by 35%. | Decreases basic damage received by 30%.",,,https://thanosvibs.money/api/characters/morbius/skills
mystique,Mystique,Modern,"Infiltrator | Target: All Allies for the first effect, Self for the second effect | Cooldown 0s | Increases All Speeds by 6%. | Increases all Basic Attacks by 45%",Transformation | Cooldown 0s | Increases Guaranteed Dodge Rate by 25% | Increases Guaranteed Critical Rate by 25% | Perfect Deception | Target: All Allies | Cooldown 0s | Increases basic damage dealt to Villain faction by 40%. | Increases basic damage dealt to Hero faction by 45%.,,,https://thanosvibs.money/api/characters/mystique/skills
mystique,Mystique,Hellfire Gala,"Infiltrator | Target: All Allies for the first effect, Self for the second effect | Cooldown 0s | Increases All Speeds by 6%. | Increases all Basic Attacks by 45%",Transformation | Cooldown 0s | Increases Guaranteed Dodge Rate by 25% | Increases Guaranteed Critical Rate by 25% | Perfect Deception | Target: All Allies | Cooldown 0s | Increases basic damage dealt to Villain faction by 45%. | Increases basic damage dealt to Hero faction by 50%.,"Hellfire Gala | Cooldown 0s | Increases Skill damage by 30%, increases Bonus Damage by 35%. | Decreases basic damage received by 30%.",,https://thanosvibs.money/api/characters/mystique1/skills
nightcrawler,Nightcrawler,Modern,Tricky Acrobat | Target: All Allies | Cooldown 0s | Increases All Speeds by 6%.,"Into the Shadow | Activation: when dodging | Cooldown 0s | Dodge Rate increases by 20%. | Acquires the following effect for $TIME sec. | Increases all Basic Attacks by 15%, all Basic Defenses by 1%, and all Speeds by 1%. | Out of Thin Air | Cooldown 0s | Increases Guaranteed Dodge Rate by 25% | Increases summoned characters' Basic Attacks and Basic Defenses by 20%, Increases HP by 0%, increases duration of summoned characters by 0%. | Increases Skill damage by 32%, increases Bonus Damage by 15%.",,,https://thanosvibs.money/api/characters/nightcrawler/skills
nightcrawler,Nightcrawler,X-Force,Tricky Acrobat | Target: All Allies | Cooldown 0s | Increases All Speeds by 6%.,"Into the Shadow | Activation: 40 % chance when attacking | Cooldown 0s | Dodge Rate increases by 20%. | Acquires the following effect for $TIME sec. | Increases all Basic Attacks by 20%, all Basic Defenses by 1%, and all Speeds by 1%. | Out of Thin Air | Cooldown 0s | Increases Guaranteed Dodge Rate by 25% | Increases summoned characters' Basic Attacks and Basic Defenses by 20%, Increases HP by 0%, increases duration of summoned characters by 0%. | Increases Skill damage by 32%, increases Bonus Damage by 15%.",X-Force | Cooldown 0s | Increases Chain Hit damage by 5% when attacking.,,https://thanosvibs.money/api/characters/nightcrawler1/skills
nightcrawler,Nightcrawler,Classic,Tricky Acrobat | Target: All Allies | Cooldown 0s | Increases All Speeds by 6%.,"Into the Shadow | Activation: when skill (Regular Attacks Excluded) is used | Cooldown 0s | Dodge Rate increases by 20%. | Acquires the following effect for $TIME sec. | Increases all Basic Attacks by 30%, all Basic Defenses by 30%, and all Speeds by 1%. | Increases basic damage by 50% for 1 attack(s). | Out of Thin Air | Cooldown 0s | Increases Guaranteed Dodge Rate by 25% | Increases summoned characters' Basic Attacks and Basic Defenses by 35%, Increases HP by 0%, increases duration of summoned characters by 0%. | Increases Skill damage by 35%, increases Bonus Damage by 30%.",Classic | Cooldown 0s | Increases Chain Hit damage by 20% when attacking.,,https://thanosvibs.money/api/characters/nightcrawler2/skills
redguardian,Red Guardian,Modern,National Allegiance | Target: Super Villain Allies | Cooldown 0s | 35% increase of HP.,"The Red Shield | Cooldown 0s | Super Armor, increases all Basic Defenses by 25%. | Guardian's Roar | Cooldown 0s | Increases Skill damage by 30%, increases Bonus Damage by 20%. | Ignores target's Dodge Rate by 40%.",,,https://thanosvibs.money/api/characters/redguardian/skills
redguardian,Red Guardian,Marvel Studios' Black Widow,National Allegiance | Target: Super Hero Allies | Cooldown 0s | 35% increase of HP.,"The Red Shield | Cooldown 0s | Super Armor, increases all Basic Defenses by 25%. | Guardian's Roar | Cooldown 0s | Increases Skill damage by 30%, increases Bonus Damage by 20%. | Ignores target's Dodge Rate by 40%.",Marvel Studios' Black Widow | Cooldown 0s | Decreases basic damage received by 25%.,,https://thanosvibs.money/api/characters/redguardian1/skills
redguardian,Red Guardian,Marvel Studios' Thunderbolts*,National Allegiance | Target: Super Hero Allies | Cooldown 0s | 55% increase of HP.,"The Red Shield | Cooldown 0s | Super Armor, increases all Basic Defenses by 25%. | Guardian's Roar | Cooldown 0s | Increases Skill damage by 40%, increases Bonus Damage by 35%. | Ignores target's Dodge Rate by 40%.","Marvel Studios' Thunderbolts* | Activation: when HP is below 35 % | Cooldown 0s | Decreases basic damage received by 30%. | Excluding bosses, ignores enemy's damage decrease by 10%. | Acquires the following effect for $TIME sec. | Recovers 60% of HP.",,https://thanosvibs.money/api/characters/redguardian2/skills
redskull,Red Skull,Captain America: The First Avenger,Hail Hydra | Target: All Allies | Cooldown 0s | Increases all Basic Defenses by 24%.,"Military Resistance | Activation: when HP is below 40 % | Cooldown -1s | Super Armor, increases all Basic Defenses by 5%. | Hero Hunter | Cooldown 0s | Increases basic damage dealt to Hero faction by 120%. | Decreases basic damage received from Hero faction by 20%. | Increases summoned characters' Basic Attacks and Basic Defenses by 20%, Increases HP by 20%, increases duration of summoned characters by 30%.",,,https://thanosvibs.money/api/characters/redskull/skills
redskull,Red Skull,Secret Wars: Red Skull,Hail Hydra | Target: All Allies | Cooldown 0s | Increases all Basic Defenses by 24%.,"Military Resistance | Activation: when HP is below 40 % | Cooldown -1s | Super Armor, increases all Basic Defenses by 5%. | Hero Hunter | Cooldown 0s | Increases basic damage dealt to Hero faction by 120%. | Decreases basic damage received from Hero faction by 20%. | Increases summoned characters' Basic Attacks and Basic Defenses by 20%, Increases HP by 20%, increases duration of summoned characters by 30%.",Secret Wars: Red Skull | Activation: 30 % chance when attacking | Cooldown 15s | Decreases All Speeds by 10%. | Bleed: Deals additional 30% Damage every 1 sec. (Removes Elasticity),,https://thanosvibs.money/api/characters/redskull1/skills
redskull,Red Skull,Hydra Armor,Hail Hydra | Target: All Allies | Cooldown 0s | Increases all Basic Defenses by 24%.,"Military Resistance | Activation: when HP is below 40 % | Cooldown -1s | Super Armor, increases all Basic Defenses by 5%. | Hero Hunter | Cooldown 0s | Increases basic damage dealt to Hero faction by 120%. | Decreases basic damage received from Hero faction by 20%. | Increases all Basic Attacks by 30%",Hydra Armor | Cooldown 0s | Decreases basic damage received by 20%.,,https://thanosvibs.money/api/characters/redskull2/skills
shadowshell,Shadow Shell,Modern,Poison Veins | Target: All Allies | Cooldown 0s | Decreases Debuff Duration by 24%.,Shell Shield | Target: Warriors of the Sky Allies | Cooldown 0s | Decreases basic damage received by 25%. | Increases all Basic Defenses by 50%. | Toxic Immunity | Cooldown 0s | Increases Poison Damage by 20%. | Increases Guaranteed Dodge Rate by 30% | 90% chance to become immune to Poison Damage.,,,https://thanosvibs.money/api/characters/shadowshell/skills
shadowshell,Shadow Shell,Moon Temple Defenders,Poison Veins | Target: All Allies | Cooldown 0s | Decreases Debuff Duration by 24%.,Shell Shield | Target: Warriors of the Sky Allies | Cooldown 0s | Decreases basic damage received by 25%. | Increases all Basic Defenses by 50%. | Toxic Immunity | Cooldown 0s | Increases Poison Damage by 35%. | Increases Guaranteed Dodge Rate by 30% | 90% chance to become immune to Poison Damage.,"Moon Temple Defenders | Cooldown 0s | Increases Skill damage by 35%, increases Bonus Damage by 35%.",,https://thanosvibs.money/api/characters/shadowshell1/skills
sif,Sif,Marvel Studios' Agents of S.H.I.E.L.D.,Asgardian Virtue | Target: All Allies | Cooldown 0s | 30% increase of HP.,Warrior Defense | Activation: 45 % rate when hit | Cooldown 3s | Barrier 1 time(s) | Fairest of the Fair | Cooldown 0s | Increases Guaranteed Critical Rate by 30% | Increases Guaranteed Dodge Rate by 30%,,,https://thanosvibs.money/api/characters/sif/skills
sif,Sif,Modern,Asgardian Virtue | Target: All Allies | Cooldown 0s | 30% increase of HP.,Warrior Defense | Activation: 45 % rate when hit | Cooldown 3s | Barrier 1 time(s) | Fairest of the Fair | Cooldown 0s | Increases Guaranteed Critical Rate by 30% | Increases Guaranteed Dodge Rate by 30%,Modern | Cooldown 0s | Increases All Speeds by 10%.,,https://thanosvibs.money/api/characters/sif1/skills
sif,Sif,Asgard Invasion,Asgardian Virtue | Target: Combat Type Allies | Cooldown 0s | 30% increase of HP. | 35% increase of Physical Attack.,"Blade Breaker | Cooldown 0s | Super Armor, increases all Basic Defenses by 30%. | 30% chance to penetrate with Invincible, All Damage Immune, Shield, Barrier, Super Armor effect. | Fairest of the Fair | Cooldown 0s | Increases Guaranteed Critical Rate by 30% | Increases Guaranteed Dodge Rate by 30% | Increases Skill damage by 35%, increases Bonus Damage by 30%.",Asgard Invasion | Target: All Allies | Cooldown 0s | Increases All Speeds by 10%. | Increases basic damage dealt to boss types by 45%.,,https://thanosvibs.money/api/characters/sif2/skills
silk,Silk,"All-New, All-Different",Deadly Attack | Target: All Allies | Activation: when dealing Critical Attack | Cooldown 5s | Bleed: Deals additional 10% Damage every 0.7 sec. (Removes Elasticity),Blinding Speed | Cooldown 0s | Critical Rate increases by 10%. | Silk-Sense | Cooldown 0s | Increases Guaranteed Critical Rate by 42% | Critical Damage increases by 37%. | Increases Guaranteed Dodge Rate by 15%,,,https://thanosvibs.money/api/characters/silk/skills
silk,Silk,Web Suit,Deadly Attack | Target: All Allies | Activation: when dealing Critical Attack | Cooldown 5s | Bleed: Deals additional 10% Damage every 0.7 sec. (Removes Elasticity),Blinding Speed | Cooldown 0s | Critical Rate increases by 10%. | Silk-Sense | Cooldown 0s | Increases Guaranteed Critical Rate by 42% | Critical Damage increases by 37%. | Increases Guaranteed Dodge Rate by 15%,Web Suit | Cooldown 0s | 2 s increase to the duration of 205.,,https://thanosvibs.money/api/characters/silk1/skills
silk,Silk,Summer Days,Deadly Attack | Target: All Allies | Activation: when dealing Critical Attack | Cooldown 5s | Bleed: Deals additional 10% Damage every 0.7 sec. (Removes Elasticity),"Blinding Speed | Activation: When WEB effect is used | Cooldown 12s | Increases all Basic Attacks by 45%. | Increases Guaranteed Critical Rate by 45% | Silk-Sense | Cooldown 0s | Increases Skill damage by 35%, increases Bonus Damage by 30%. | Increases Guaranteed Dodge Rate by 35% | Decreases basic damage received by 30%.",Summer Days | Cooldown 0s | Increases Chain Hit damage by 18% when attacking. | Ignores target's Dodge Rate by 40%.,,https://thanosvibs.money/api/characters/silk2/skills
spidergwen,Spider-Gwen,"All-New, All-Different",Zero In | Target: All Allies | Activation: when dodging | Cooldown 10s | Decreases Skill Cooldown by 30%.,Heightened Defense | Cooldown 0s | Dodge Rate increases by 5%. | Web Warrior | Activation: when attacking | Cooldown 25s | Increases Guaranteed Dodge Rate by 40% | 1% Increase of All Basic Attacks each 1% of pure damage accumulated | Accumulates 13% of pure damage when attacking (Max 100%),,,https://thanosvibs.money/api/characters/spidergwen/skills
spidergwen,Spider-Gwen,Gwendolyne Stacy,Zero In | Target: All Allies | Activation: when dodging | Cooldown 10s | Decreases Skill Cooldown by 30%.,Heightened Defense | Cooldown 0s | Dodge Rate increases by 5%. | Web Warrior | Activation: when attacking | Cooldown 25s | Increases Guaranteed Dodge Rate by 40% | 1% Increase of All Basic Attacks each 1% of pure damage accumulated | Accumulates 13% of pure damage when attacking (Max 100%),"Gwendolyne Stacy | Activation: when dodging | Cooldown 20s | Increases all Basic Attacks by 15%, all Basic Defenses by 10%, and all Speeds by 5%.",,https://thanosvibs.money/api/characters/spidergwen1/skills
spidergwen,Spider-Gwen,Gwenom,Zero In | Target: All Allies | Activation: when dodging | Cooldown 10s | Decreases Skill Cooldown by 30%.,"Heightened Defense | Cooldown 0s | Dodge Rate increases by 25%. | Web Warrior | Cooldown 0s | Increases Guaranteed Dodge Rate by 40% | Increases Skill damage by 30%, increases Bonus Damage by 15%.","Gwenom | Cooldown 0s | Increases all Basic Attacks by 15%, all Basic Defenses by 10%, and all Speeds by 5%.",,https://thanosvibs.money/api/characters/spidergwen2/skills
spidergwen,Spider-Gwen,Spider-Man: Across the Spider-Verse,Zero In | Target: All Allies | Activation: when dodging | Cooldown 10s | Decreases Skill Cooldown by 30%.,"Graceful Movement | Cooldown 0s | Dodge Rate increases by 25%. | 35% increase of Physical Attack. | Web Warrior | Cooldown 0s | Increases Guaranteed Dodge Rate by 40% | Increases Skill damage by 40%, increases Bonus Damage by 30%.","Spider-Man: Across the Spider-Verse | Cooldown 0s | Increases all Basic Attacks by 40%, all Basic Defenses by 20%, and all Speeds by 5%.",,https://thanosvibs.money/api/characters/spidergwen3/skills
spiderwoman,Spider-Woman,Modern,Spider-Leader | Target: Allies with Spider-Sense | Activation: when debuffed | Cooldown 25s | Removes all Debuffs. | Increases all Basic Attacks by 40%.,"Bio-Electricity | Cooldown 0s | Increases Lightning Damage by 25%. | Decreases basic damage received by 25%. | Arachne Agility | Cooldown 0s | Increases Skill damage by 25%, increases Bonus Damage by 20%. | Increases Guaranteed Dodge Rate by 30%",,,https://thanosvibs.money/api/characters/spiderwoman/skills
spiderwoman,Spider-Woman,Spider-Man: Across the Spider-Verse,Mother of Spider | Target: Allies with Spider-Sense | Cooldown 0s | Increases all Basic Attacks by 40% | Acquires the following effect for $TIME sec.,"Bio-Electricity | Cooldown 0s | Increases Lightning Damage by 30%. | Decreases basic damage received by 25%. | Veteran's Flair | Cooldown 0s | Increases Skill damage by 35%, increases Bonus Damage by 35%. | Increases Guaranteed Dodge Rate by 30% | Increases Chain Hit damage by 20% when attacking.",Spider-Man: Across the Spider-Verse | Target: Allies with Spider-Sense | Cooldown 0s | Ignores target's Dodge Rate by 25%. | Decreases Chain Hit damage by 30% when attacked. | Increases basic damage dealt to boss types by 35%.,,https://thanosvibs.money/api/characters/spiderwoman1/skills
sunbird,Sun Bird,Modern,Swift Sail | Target: All Allies | Cooldown 0s | Increases All Speeds by 6%.,Ashen Rebirth | Target: Warriors of the Sky Allies | Activation: when dead | Cooldown 300s | Revive with 50% of Max HP | Wings of Cinders | Cooldown 0s | Increases Flame Damage by 20%. | Increases Guaranteed Dodge Rate by 30% | 25% chance to increase Critical Damage by 100% on Critical Attacks.,,Basic Damage Received from Villains 10% 0.2% | HP 10% 0.1% | Basic Damage Received from Villains 13% 0.3% | HP 13% 0.2% | Basic Damage Received from Villains 16% 0.4% | HP 16% 0.3% | Basic Damage Received from Villains 20% 0.5% | HP 20% 0.4%,https://thanosvibs.money/api/characters/sunbird/skills
sunbird,Sun Bird,Moon Temple Defenders,Swift Sail | Target: All Allies | Cooldown 0s | Increases All Speeds by 6%.,Ashen Rebirth | Target: Warriors of the Sky Allies | Activation: when dead | Cooldown 300s | Revive with 60% of Max HP | Wings of Cinders | Cooldown 0s | Increases Flame Damage by 20%. | Increases Guaranteed Dodge Rate by 30% | 25% chance to increase Critical Damage by 100% on Critical Attacks.,"Moon Temple Defenders | Cooldown 0s | Increases Skill damage by 25%, increases Bonus Damage by 25%. | Increases Chain Hit damage by 10% when attacking. | Ignores target's Dodge Rate by 10%.",Basic Damage Received from Villains 10% 0.2% | HP 10% 0.1% | Basic Damage Received from Villains 13% 0.3% | HP 13% 0.2% | Basic Damage Received from Villains 16% 0.4% | HP 16% 0.3% | Basic Damage Received from Villains 20% 0.5% | HP 20% 0.4%,https://thanosvibs.money/api/characters/sunbird1/skills
valkyrie,Valkyrie,Marvel Studios' Thor: Ragnarok,Sight of Soul | Target: All Allies | Cooldown 0s | Dodge Rate increases by 11%.,Leader of Valkyrior | Cooldown 0s | Critical Rate increases by 5%. | Shield Maiden of Asgard | Target: All Allies | Cooldown 0s | Increases basic damage dealt to Villain faction by 45%. | Decreases basic damage received from Villain faction by 15%.,,Basic Damage Dealt to Boss Types 5% 0.1% | Basic Damage Dealt to Boss Types 8% 0.1% | Basic Damage Dealt to Boss Types 11% 0.1% | Basic Damage Dealt to Boss Types 15% 0.1%,https://thanosvibs.money/api/characters/valkyrie/skills
valkyrie,Valkyrie,Fearless Defenders,Sight of Soul | Target: All Allies | Cooldown 0s | Dodge Rate increases by 11%.,Leader of Valkyrior | Activation: When BLEED effect is used | Cooldown 8s | Recovers 15% of HP. | Increases Chain Hit damage by 15% when attacking. | Shield Maiden of Asgard | Target: All Allies | Cooldown 0s | Increases basic damage dealt to Villain faction by 50%. | Decreases basic damage received from Villain faction by 25%. | Ignores target's Dodge Rate by 30%.,"Fearless Defenders | Cooldown 0s | Increases Skill damage by 25%, increases Bonus Damage by 25%.",Basic Damage Dealt to Boss Types 5% 0.1% | Basic Damage Dealt to Boss Types 8% 0.1% | Basic Damage Dealt to Boss Types 11% 0.1% | Basic Damage Dealt to Boss Types 15% 0.1%,https://thanosvibs.money/api/characters/valkyrie1/skills
valkyrie,Valkyrie,Marvel Studios' Thor: Love and Thunder,Sight of Soul | Target: All Allies | Cooldown 0s | Dodge Rate increases by 11%.,Leader of Valkyrior | Activation: When BLEED effect is used | Cooldown 8s | Recovers 15% of HP. | Increases Chain Hit damage by 15% when attacking. | Shield Maiden of Asgard | Target: All Allies | Cooldown 0s | Increases basic damage dealt to Villain faction by 55%. | Decreases basic damage received from Villain faction by 25%. | Ignores target's Dodge Rate by 35%.,"Marvel Studios' Thor: Love and Thunder | Cooldown 0s | Increases Skill damage by 30%, increases Bonus Damage by 30%. | Decreases basic damage received by 30%. | Increases Guaranteed Dodge Rate by 30%",Basic Damage Dealt to Boss Types 5% 0.1% | Basic Damage Dealt to Boss Types 8% 0.1% | Basic Damage Dealt to Boss Types 11% 0.1% | Basic Damage Dealt to Boss Types 15% 0.1%,https://thanosvibs.money/api/characters/valkyrie2/skills
valkyrie,Valkyrie,Asgardians of the Galaxy,Sight of Soul | Target: All Allies | Cooldown 0s | Dodge Rate increases by 11%.,Leader of Valkyrior | Activation: When BLEED effect is used | Cooldown 8s | Recovers 15% of HP. | Increases Chain Hit damage by 15% when attacking. | Shield Maiden of Asgard | Target: All Allies | Cooldown 0s | Increases basic damage dealt to Villain faction by 60%. | Decreases basic damage received from Villain faction by 25%. | Ignores target's Dodge Rate by 40%.,"Asgardians of the Galaxy | Cooldown 0s | Increases Skill damage by 35%, increases Bonus Damage by 35%. | Decreases basic damage received by 30%. | Increases Guaranteed Dodge Rate by 30%",Basic Damage Dealt to Boss Types 5% 0.1% | Basic Damage Dealt to Boss Types 8% 0.1% | Basic Damage Dealt to Boss Types 11% 0.1% | Basic Damage Dealt to Boss Types 15% 0.1%,https://thanosvibs.money/api/characters/valkyrie3/skills
wartiger,War Tiger,Modern,Tiger's Eye | Target: All Allies | Cooldown 0s | Decreases Skill Cooldown by 24%.,"Heart of War | Activation: when HP is below 99 % | Cooldown 1s | Recovers 3% of HP. | Ancient Rage | Cooldown 0s | Increases Skill damage by 30%, increases Bonus Damage by 18%. | Super Armor, increases all Basic Defenses by 25%.",,,https://thanosvibs.money/api/characters/wartiger/skills
wartiger,War Tiger,Moon Temple Defenders,Tiger's Eye | Target: All Allies | Cooldown 0s | Decreases Skill Cooldown by 24%.,"Heart of War | Activation: when HP is below 99 % | Cooldown 1s | Recovers 3% of HP. | Ancient Rage | Cooldown 0s | Increases Skill damage by 50%, increases Bonus Damage by 50%. | Super Armor, increases all Basic Defenses by 50%.",Moon Temple Defenders | Cooldown 0s | Increases Chain Hit damage by 20% when attacking. | Decreases basic damage received by 35%. | Increases Guaranteed Critical Rate by 25%,,https://thanosvibs.money/api/characters/wartiger1/skills
x23,X-23,Classic,Primal Instinct | Target: All Allies | Cooldown 0s | Decreases Debuff Duration by 24%.,"Wild Sense | Activation: when HP is below 99 % | Cooldown 1s | Recovers 5% of HP. | Increases all Basic Attacks and Defense by 10%, all speed by 10%, and Critical Rate by 10%, removes Incapacitation | All-New Wolverine | Cooldown 0s | Increases Guaranteed Critical Rate by 35% | Critical Damage increases by 35%. | Increases Skill damage by 12%, increases Bonus Damage by 10%.",,,https://thanosvibs.money/api/characters/x-23/skills
x23,X-23,X-Force,Primal Instinct | Target: All Allies | Cooldown 0s | Decreases Debuff Duration by 24%.,"Wild Sense | Activation: when HP is below 99 % | Cooldown 1s | Recovers 5% of HP. | Increases all Basic Attacks and Defense by 10%, all speed by 10%, and Critical Rate by 10%, removes Incapacitation | All-New Wolverine | Cooldown 0s | Increases Guaranteed Critical Rate by 35% | Critical Damage increases by 35%. | Increases Skill damage by 12%, increases Bonus Damage by 10%.",X-Force | Cooldown 0s | 25% increase of Physical Attack. | Dodge Rate increases by 20%. | Increases All Debuffs effect by 20%.,,https://thanosvibs.money/api/characters/x-231/skills
x23,X-23,All-New Wolverine,Primal Instinct | Target: All Allies | Cooldown 0s | Decreases Debuff Duration by 24%.,"Wild Sense | Activation: when HP is below 99 % | Cooldown 1s | Recovers 5% of HP. | Increases all Basic Attacks and Defense by 20%, all speed by 10%, and Critical Rate by 10%, removes Incapacitation | All-New Wolverine | Cooldown 0s | Increases Guaranteed Critical Rate by 35% | Critical Damage increases by 35%. | Increases Skill damage by 20%, increases Bonus Damage by 15%.",All-New Wolverine | Cooldown 0s | 30% increase of Physical Attack. | Increases Guaranteed Dodge Rate by 20% | Increases All Debuffs effect by 20%.,,https://thanosvibs.money/api/characters/x-232/skills
x23,X-23,Target X,Primal Instinct | Target: All Allies | Cooldown 0s | Decreases Debuff Duration by 24%.,"Inherited Healing Factor | Activation: when HP is below 99 % | Cooldown 1s | Recovers 5% of HP. | Increases all Basic Attacks and Defense by 35%, all speed by 10%, and Critical Rate by 35%, removes Incapacitation | All-New Wolverine | Cooldown 0s | Increases Guaranteed Critical Rate by 35% | Critical Damage increases by 35%. | Increases Skill damage by 45%, increases Bonus Damage by 40%.",Target X | Cooldown 0s | 40% increase of Physical Attack. | Increases Guaranteed Dodge Rate by 35% | Guard Break Immunity,,https://thanosvibs.money/api/characters/x-233/skills
abomination,Abomination,Modern,Monstrous Wrath | Target: Combat Type Allies | Cooldown 0s | Increases all Basic Attacks by 60%,Gamma Regeneration | Activation: when HP is below 99 % | Cooldown 1s | Recovers 6% of HP. | Fists of the World Ravager | Target: Gamma Radiation Allies | Cooldown 0s | Increases Chain Hit damage by 20% when attacking. | Increases basic damage dealt to Villain faction by 45%. | Increases basic damage dealt to Hero faction by 45%.,,All Basic Attacks 18% 0.2% | HP 4% 0.1% | All Basic Attacks 20% 0.3% | HP 6% 0.1% | All Basic Attacks 22% 0.4% | HP 8% 0.1% | All Basic Attacks 25% 0.5% | HP 10% 0.1%,https://thanosvibs.money/api/characters/abomination/skills
abomination,Abomination,Infected Bioweapon,King of Zombies | Target: Zombie Allies | Cooldown 0s | Increases all Basic Attacks by 65%,Gamma Regeneration | Activation: when HP is below 99 % | Cooldown 1s | Recovers 6% of HP. | Fists of the World Ravager | Target: Gamma Radiation Allies | Cooldown 0s | Ignores target's Dodge Rate by 45%. | Increases basic damage dealt to Villain faction by 60%. | Increases basic damage dealt to Hero faction by 60%.,"Infected Bioweapon | Cooldown 0s | Decreases basic damage received by 25%. | Increases Skill damage by 20%, increases Bonus Damage by 20%. | Increases Chain Hit damage by 20% when attacking.",All Basic Attacks 18% 0.2% | HP 4% 0.1% | All Basic Attacks 20% 0.3% | HP 6% 0.1% | All Basic Attacks 22% 0.4% | HP 8% 0.1% | All Basic Attacks 25% 0.5% | HP 10% 0.1%,https://thanosvibs.money/api/characters/abomination1/skills
absorbingman,Absorbing Man,Modern,Steel Body | Target: All Allies | Cooldown 0s | 45% increase of Physical Defense.,"Morph Duplication | Cooldown 0s | Super Armor, increases all Basic Defenses by 40%. | Crusher | Cooldown 0s | Decreases basic damage received by 30%. | Increases all Basic Attacks and Defense by 20%, all speed by 15%, and Critical Rate by 20%, removes Incapacitation",,,https://thanosvibs.money/api/characters/absorbingman/skills
absorbingman,Absorbing Man,Fear Itself,Steel Body | Target: All Allies | Cooldown 0s | 45% increase of Physical Defense.,"Morph Duplication | Cooldown 0s | Super Armor, increases all Basic Defenses by 40%. | Reflects 70% of Physical Damage received. (Up to 20% of Max Attack). | Increases Chain Hit damage by 25% when attacking. | Crusher | Cooldown 0s | Decreases basic damage received by 30%. | Increases all Basic Attacks and Defense by 50%, all speed by 15%, and Critical Rate by 20%, removes Incapacitation | Increases Guaranteed Dodge Rate by 30%",Fear Itself | Cooldown 0s | 33% increase of HP. | Ignores target's Dodge Rate by 33%. | 33% Ignore Defense,,https://thanosvibs.money/api/characters/absorbingman1/skills
adamwarlock,Adam Warlock,Modern,Ultra Senses | Target: All Allies | Cooldown 0s | 60% increase of Energy Defense.,"Pinnacle of Evolution | Activation: when dead | Cooldown 300s | Revive with 70% of Max HP | Cosmic Telekinesis | Activation: when hit | Cooldown 10s | 40% chance to penetrate with Invincible, All Damage Immune, Shield, Barrier, Super Armor effect. | Snare",,,https://thanosvibs.money/api/characters/adamwarlock/skills
adamwarlock,Adam Warlock,Infinity Countdown,Ultra Senses | Target: All Allies | Cooldown 0s | 60% increase of Energy Defense.,"Pinnacle of Evolution | Activation: when dead | Cooldown 300s | Revive with 70% of Max HP | Savior of the Universe | Cooldown 0s | 70% chance to penetrate with Invincible, All Damage Immune, Shield, Barrier, Super Armor effect. | Decreases basic damage received by 25%.",Infinity Countdown | Cooldown 0s | Guard Break Immunity | Increases Additional Pierce Damage by 5% | Increases Chain Hit damage by 15% when attacking.,,https://thanosvibs.money/api/characters/adamwarlock1/skills
adamwarlock,Adam Warlock,Marvel Studios' Guardians of the Galaxy 3,Ultra Senses | Target: All Allies | Cooldown 0s | 60% increase of Energy Defense.,"Pinnacle of Evolution | Activation: when dead | Cooldown 300s | Revive with 100% of Max HP | Perfected Evolution | Cooldown 0s | 70% chance to penetrate with Invincible, All Damage Immune, Shield, Barrier, Super Armor effect. | Decreases basic damage received by 30%. | Excluding bosses, ignores enemy's damage decrease by 35%.",Marvel Studios' Guardians of the Galaxy 3 | Cooldown 0s | Guard Break Immunity | Increases Additional Pierce Damage by 5% | Increases Chain Hit damage by 15% when attacking.,,https://thanosvibs.money/api/characters/adamwarlock2/skills
aero,Aero,Modern,Brisk Wind | Target: All Allies | Cooldown 0s | Increases All Speeds by 6%.,"Wings of the Wind | Activation: 50 % rate when hit | Cooldown 5s | Barrier 1 time(s) | Increases Guaranteed Dodge Rate by 75% | Master of the Wind | Cooldown 0s | Increases Skill damage by 30%, increases Bonus Damage by 45%.",,,https://thanosvibs.money/api/characters/aero/skills
aero,Aero,Classic,Brisk Wind | Target: All Allies | Cooldown 0s | Increases All Speeds by 6%.,"Wings of the Wind | Activation: 50 % rate when hit | Cooldown 5s | Barrier 1 time(s) | Increases Guaranteed Dodge Rate by 75% | Master of the Wind | Cooldown 0s | Increases Skill damage by 30%, increases Bonus Damage by 45%.",Classic | Cooldown 0s | Decreases basic damage received by 30%.,,https://thanosvibs.money/api/characters/aero1/skills
agent13,Agent 13,Modern,Agent 13 | Target: All Allies | Cooldown 0s | Decreases Skill Cooldown by 24%.,"Time of Crisis | Cooldown 0s | Critical Rate increases by 3%. | Take Aim! | Cooldown 0s | Increases Skill damage by 28%, increases Bonus Damage by 20%.",,,https://thanosvibs.money/api/characters/sharoncarter/skills
agent13,Agent 13,Marvel Studios' Captain America: Civil War,Agent 13 | Target: All Allies | Cooldown 0s | Decreases Skill Cooldown by 24%.,"Time of Crisis | Cooldown 0s | Critical Rate increases by 3%. | Take Aim! | Cooldown 0s | Increases Skill damage by 28%, increases Bonus Damage by 20%.",Marvel Studios' Captain America: Civil War | Cooldown 0s | Increases Chain Hit damage by 10% when attacking.,,https://thanosvibs.money/api/characters/sharoncarter1/skills
agentvenom,Agent Venom,"All-New, All-Different",Sense of Duty | Target: All Allies | Cooldown 0s | 30% increase of Physical Attack.,"Venom Frenzy | Activation: 30 % chance when attacking | Cooldown 10s | Increases all Basic Attacks and Defense by 12%, all speed by 12%, and Critical Rate by 12%, removes Incapacitation | Recovers 15% of HP. | Space Knight | Cooldown 0s | Increases Guaranteed Critical Rate by 30% | Critical Damage increases by 15%.",,Basic Damage Dealt to Enemies with 25% HP or Higher 5% 0.1% | Basic Damage Received -15% 0.15% | Basic Damage Dealt to Enemies with 25% HP or Higher 10% 0.2% | Basic Damage Received -20% 0.2% | Basic Damage Dealt to Enemies with 25% HP or Higher 15% 0.3% | Basic Damage Received -25% 0.25% | Basic Damage Dealt to Enemies with 25% HP or Higher 20% 0.4% | Basic Damage Received -30% 0.3%,https://thanosvibs.money/api/characters/agentvenom/skills
agentvenom,Agent Venom,Agent Anti-Venom,Sense of Duty | Target: All Allies | Cooldown 0s | 30% increase of Physical Attack.,"Venom Frenzy | Activation: 30 % chance when attacking | Cooldown 10s | Increases all Basic Attacks and Defense by 12%, all speed by 12%, and Critical Rate by 12%, removes Incapacitation | Recovers 15% of HP. | Space Knight | Cooldown 0s | Increases Guaranteed Critical Rate by 30% | Critical Damage increases by 15%.",Agent Anti-Venom | Cooldown 0s | Increases basic damage dealt to Villain faction by 15%.,,https://thanosvibs.money/api/characters/agentvenom1/skills
agentvenom,Agent Venom,Classic,Sense of Duty | Target: All Allies | Cooldown 0s | 30% increase of Physical Attack.,"Emergency Escape | Cooldown 0s | Super Armor, increases all Basic Defenses by 40%. | Acquires the following effect for $TIME sec. | Critical Damage increases by 40%. | Increases Guaranteed Critical Rate by 30% | Increases basic damage dealt to Villain faction by 50%. | Space Knight | Cooldown 0s | Critical Damage increases by 40%. | Increases Guaranteed Critical Rate by 30% | Increases basic damage dealt to Villain faction by 50%.",Classic | Target: Symbiote Allies | Cooldown 0s | Increases Chain Hit damage by 20% when attacking. | Decreases Chain Hit damage by 35% when attacked.,Basic Damage Dealt to Enemies with 25% HP or Higher 5% 0.1% | Basic Damage Received -15% 0.15% | Basic Damage Dealt to Enemies with 25% HP or Higher 10% 0.2% | Basic Damage Received -20% 0.2% | Basic Damage Dealt to Enemies with 25% HP or Higher 15% 0.3% | Basic Damage Received -25% 0.25% | Basic Damage Dealt to Enemies with 25% HP or Higher 20% 0.4% | Basic Damage Received -30% 0.3%,https://thanosvibs.money/api/characters/agentvenom2/skills
agentvenom,Agent Venom,Guardians of the Galaxy,Sense of Duty | Target: All Allies | Cooldown 0s | 30% increase of Physical Attack.,"Emergency Escape | Cooldown 0s | Super Armor, increases all Basic Defenses by 40%. | Acquires the following effect for $TIME sec. | Critical Damage increases by 40%. | Increases Guaranteed Critical Rate by 30% | Increases basic damage dealt to Villain faction by 50%. | Space Knight | Cooldown 0s | Critical Damage increases by 40%. | Increases Guaranteed Critical Rate by 30% | Increases basic damage dealt to Villain faction by 55%.",Guardians of the Galaxy | Target: Symbiote Allies | Cooldown 0s | Increases Chain Hit damage by 20% when attacking. | Decreases Chain Hit damage by 40% when attacked.,Basic Damage Dealt to Enemies with 25% HP or Higher 5% 0.1% | Basic Damage Received -15% 0.15% | Basic Damage Dealt to Enemies with 25% HP or Higher 10% 0.2% | Basic Damage Received -20% 0.2% | Basic Damage Dealt to Enemies with 25% HP or Higher 15% 0.3% | Basic Damage Received -25% 0.25% | Basic Damage Dealt to Enemies with 25% HP or Higher 20% 0.4% | Basic Damage Received -30% 0.3%,https://thanosvibs.money/api/characters/agentvenom3/skills
americachavez,America Chavez,Ultimates,Rising Passion | Target: All Allies | Cooldown 0s | Increases all Basic Attacks by 24% | Dodge Rate increases by 6%.,"Interdimensional Traveler | Cooldown 0s | Critical Rate increases by 3%. | Power of the Utopian Parallel | Cooldown 0s | Decreases Physical Damage Received by 50%. | Increases Skill damage by 30%, increases Bonus Damage by 25%. | Super Armor, increases all Basic Defenses by 25%.",,,https://thanosvibs.money/api/characters/americachavez/skills
americachavez,America Chavez,Classic,Rising Passion | Target: All Allies | Cooldown 0s | Increases all Basic Attacks by 30% | Dodge Rate increases by 6%.,"Interdimensional Traveler | Cooldown 0s | Critical Rate increases by 25%. | Ignores target's Dodge Rate by 30%. | Power of the Utopian Parallel | Cooldown 0s | Decreases Physical Damage Received by 60%. | Increases Skill damage by 30%, increases Bonus Damage by 25%. | Super Armor, increases all Basic Defenses by 50%.",Classic | Cooldown 0s | 15% increase of HP. | Decreases damage received from reflected effects by 50%.Effect: Reflect All Attacks,,https://thanosvibs.money/api/characters/americachavez1/skills
americachavez,America Chavez,Marvel Studios' Doctor Strange 2,Rising Passion | Target: All Allies | Cooldown 0s | Increases all Basic Attacks by 30% | Dodge Rate increases by 6%.,"Interdimensional Traveler | Cooldown 0s | Increases Guaranteed Critical Rate by 25% | Ignores target's Dodge Rate by 30%. | Increases Guaranteed Dodge Rate by 25% | Power of the Utopian Parallel | Cooldown 0s | Decreases Physical Damage Received by 60%. | Increases Skill damage by 40%, increases Bonus Damage by 30%. | Super Armor, increases all Basic Defenses by 60%.",Marvel Studios' Doctor Strange 2 | Target: All Allies | Cooldown 0s | 40% increase of HP. | Decreases damage received from reflected effects by 50%.Effect: Reflect All Attacks,,https://thanosvibs.money/api/characters/americachavez2/skills
americachavez,America Chavez,Young Avengers,Rising Passion | Target: All Allies | Cooldown 0s | Increases all Basic Attacks by 30% | Dodge Rate increases by 6%.,"Interdimensional Traveler | Cooldown 0s | Increases Guaranteed Critical Rate by 25% | Ignores target's Dodge Rate by 30%. | Increases Guaranteed Dodge Rate by 25% | Power of the Utopian Parallel | Cooldown 0s | Decreases Physical Damage Received by 60%. | Increases Skill damage by 40%, increases Bonus Damage by 30%. | Super Armor, increases all Basic Defenses by 60%.",Young Avengers | Target: All Allies | Cooldown 0s | 45% increase of HP. | Decreases damage received from reflected effects by 60%.Effect: Reflect All Attacks,,https://thanosvibs.money/api/characters/americachavez3/skills
ancientone,Ancient One,Modern,Magic Resonance | Target: Blast Type Allies | Cooldown 0s | 45% increase of Energy Attack.,"Mystic Recharge | Activation: 25 % chance when attacking | Cooldown 30s | Resets Cooldown for skill, 0. | Ancient Harmony | Target: All Allies | Cooldown 0s | Ignores target's Dodge Rate by 25%. | Increases damage to All element damage by 25%.",,,https://thanosvibs.money/api/characters/ancientone/skills
ancientone,Ancient One,Marvel Studios' Doctor Strange,Magic Resonance | Target: Blast Type Allies | Cooldown 0s | 45% increase of Energy Attack.,"Mystic Recharge | Activation: 25 % chance when attacking | Cooldown 30s | Resets Cooldown for skill, 0. | Ancient Harmony | Target: All Allies | Cooldown 0s | Ignores target's Dodge Rate by 25%. | Increases damage to All element damage by 25%.",Marvel Studios' Doctor Strange | Cooldown 0s | Increases All Buffs effect by 15%. | Increases All Debuffs effect by 15%.,,https://thanosvibs.money/api/characters/ancientone1/skills
ancientone,Ancient One,Unleashed Mystic,Magic Resonance | Target: Blast Type Allies | Cooldown 0s | 50% increase of Energy Attack.,Quest for Knowledge | Cooldown 0s | Reflects 35% of Energy Damage received. (Up to 45% of Max Attack). | Increases Guaranteed Critical Rate by 30% | Critical Damage increases by 30%. | Ancient Harmony | Target: All Allies | Cooldown 0s | Ignores target's Dodge Rate by 30%. | Increases damage to All element damage by 40%. | Increases All Resistances by 30%.,"Unleashed Mystic | Cooldown 0s | Increases All Buffs effect by 20%. | Increases All Debuffs effect by 20%. | Increases Skill damage by 25%, increases Bonus Damage by 25%.",,https://thanosvibs.money/api/characters/ancientone2/skills
ancientone,Ancient One,The Monk of Kamar-Taj,Magic Resonance | Target: Blast Type Allies | Cooldown 0s | 55% increase of Energy Attack.,Quest for Knowledge | Cooldown 0s | Reflects 35% of Energy Damage received. (Up to 45% of Max Attack). | Increases Guaranteed Critical Rate by 30% | Critical Damage increases by 30%. | Ancient Harmony | Target: All Allies | Cooldown 0s | Ignores target's Dodge Rate by 30%. | Increases damage to All element damage by 45%. | Increases All Resistances by 30%.,"The Monk of Kamar-Taj | Cooldown 0s | Increases All Buffs effect by 20%. | Increases All Debuffs effect by 20%. | Increases Skill damage by 35%, increases Bonus Damage by 30%.",,https://thanosvibs.money/api/characters/ancientone3/skills
angel,Angel,Modern,Angel's Protection | Target: All Allies | Activation: when debuffed | Cooldown 25s | Removes all Debuffs.,"Angel's Touch | Target: All Allies | Cooldown 0s | 30% increase of Recovery Rate. | Enhanced Wing | Cooldown 0s | Increases Skill damage by 32%, increases Bonus Damage by 15%.",,,https://thanosvibs.money/api/characters/angel/skills
angel,Angel,X-Force,Angel's Protection | Target: All Allies | Activation: when debuffed | Cooldown 25s | Removes all Debuffs.,"Angel's Touch | Target: All Allies | Cooldown 0s | 30% increase of Recovery Rate. | Enhanced Wing | Cooldown 0s | Increases Skill damage by 32%, increases Bonus Damage by 15%.",X-Force | Target: Self | Activation: 35 % chance when attacking | Cooldown 10s | Poison: Deals additional 25% Poison Damage every 1 sec,,https://thanosvibs.money/api/characters/angel1/skills
angel,Angel,All-New X-Men,Angel's Protection | Target: All Allies | Activation: when debuffed | Cooldown 25s | Removes all Debuffs.,"Winged Prayer | Cooldown 0s | Super Armor, increases all Basic Defenses by 40%. | Enhanced Wing | Cooldown 0s | Increases Skill damage by 40%, increases Bonus Damage by 20%. | Critical Rate increases by 20%. | Increases Guaranteed Dodge Rate by 35%",All-New X-Men | Target: All Allies | Cooldown 0s | 50% increase of Recovery Rate. | Dodge Rate increases by 30%.,,https://thanosvibs.money/api/characters/angel2/skills
angel,Angel,Fallen One,Devil’s Salvation | Target: All Allies | Cooldown 0s | 50% increase of Recovery Rate. | Dodge Rate increases by 30%.,"Aura of the Fallen | Cooldown 0s | Super Armor, increases all Basic Defenses by 40%. | Ignores target's Dodge Rate by 30%. | Dark Judgement | Cooldown 0s | Increases Skill damage by 50%, increases Bonus Damage by 45%. | Critical Rate increases by 20%. | Increases Guaranteed Dodge Rate by 35%",Fallen One | Target: All Allies | Activation: when debuffed | Cooldown 20s | Removes all Debuffs.,,https://thanosvibs.money/api/characters/angel3/skills
angela,Angela,Modern,Hunter of the Hevens | Target: All Allies | Cooldown 0s | 30% increase of Physical Defense.,"Asgardian Blood | Activation: when debuffed | Cooldown 15s | Removes all Debuffs. | Hevensent | Cooldown 0s | Increases Skill damage by 35%, increases Bonus Damage by 25%. | Increases Guaranteed Critical Rate by 35% | Increases Guaranteed Dodge Rate by 25%",,,https://thanosvibs.money/api/characters/angela/skills
angela,Angela,Secret Wars: 1602 Witch Hunter Angela,Hunter of the Hevens | Target: All Allies | Cooldown 0s | 30% increase of Physical Defense.,"Asgardian Blood | Activation: when debuffed | Cooldown 15s | Removes all Debuffs. | Hevensent | Cooldown 0s | Increases Skill damage by 35%, increases Bonus Damage by 25%. | Increases Guaranteed Critical Rate by 35% | Increases Guaranteed Dodge Rate by 25%",Secret Wars: 1602 Witch Hunter Angela | Cooldown 0s | Increases basic damage dealt to Blast types by 20%.,,https://thanosvibs.money/api/characters/angela1/skills
angela,Angela,"All-New, All-Different",Hunter of the Hevens | Target: All Allies | Cooldown 0s | 30% increase of Physical Defense.,"Asgardian Blood | Activation: when debuffed | Cooldown 15s | Removes all Debuffs. | Hevensent | Cooldown 0s | Increases Skill damage by 35%, increases Bonus Damage by 25%. | Increases Guaranteed Critical Rate by 35% | Increases Guaranteed Dodge Rate by 25%","All-New, All-Different | Cooldown 0s | Increases Flame Damage by 10%.",,https://thanosvibs.money/api/characters/angela2/skills
angela,Angela,Asgard's Assassin,Hunter of the Hevens | Target: All Allies | Cooldown 0s | 30% increase of Physical Defense.,"Asgardian Blood | Activation: when debuffed | Cooldown 15s | Removes all Debuffs. | Hevensent | Cooldown 0s | Increases Skill damage by 40%, increases Bonus Damage by 30%. | Increases Guaranteed Critical Rate by 35% | Increases Guaranteed Dodge Rate by 25%",Asgard's Assassin | Target: Super Hero Allies | Cooldown 0s | Increases basic damage dealt to Villain faction by 40%.,,https://thanosvibs.money/api/characters/angela3/skills
antiman,Anti-Man,"All-New, All-Different",Antimatter Reactor | Target: All Allies | Cooldown 0s | Increases all Basic Attacks by 45%,Energy-Matter State | Activation: when hit | Cooldown 5s | Recovers 3% of HP. | Barrier 1 time(s) | Anti-Matter Energy Absorption | Cooldown 0s | Critical Damage increases by 20%. | Increases Guaranteed Critical Rate by 30% | Immunity to CANCEL Effect.,,,https://thanosvibs.money/api/characters/antiman/skills
antiman,Anti-Man,Ultimates,Cosmic Antimatter | Target: All Allies | Cooldown 0s | Increases all Basic Attacks by 60% | 30% increase of HP.,"Antimatter Force Field | Activation: when hit | Cooldown 5s | Recovers 6% of HP. | Barrier 1 time(s) | Unstable Antimatter | Cooldown 0s | Critical Damage increases by 30%. | Increases Guaranteed Critical Rate by 30% | Increases Skill damage by 35%, increases Bonus Damage by 30%.","Ultimates | Cooldown 0s | Decreases basic damage received by 30%. | Super Armor, increases all Basic Defenses by 40%. | Immunity to Incapacitation Effect.",,https://thanosvibs.money/api/characters/antiman1/skills
arachknight,Arachknight,Infinity Warps,Spider-Totem | Target: All Allies | Cooldown 0s | Dodge Rate increases by 6%. | Decreases Debuff Duration by 24%.,"Survival Instinct | Activation: when HP is below 30 % | Cooldown 7s | Recovers 30% of HP. | Split Persona | Cooldown 0s | 15% increase of Recovery Rate. | Increases Guaranteed Dodge Rate by 25% | Increases Skill damage by 25%, increases Bonus Damage by 15%.",,,https://thanosvibs.money/api/characters/arachknight/skills
arachknight,Arachknight,Arachknight 2099,Guardian of Dimensions | Target: Infinity Warps Allies\nActivates when: Infinity Warps type Ally enters | Cooldown 0s | Increases all Basic Attacks by 45% | Increases all Basic Attacks by 55% | Increases all Basic Attacks by 65%,"Knight's Viability | Cooldown 0s | 40% increase of HP. | Ignores target's Dodge Rate by 25%. | Folded Personality | Cooldown 0s | Increases Guaranteed Critical Rate by 35% | Increases Guaranteed Dodge Rate by 30% | Increases Skill damage by 35%, increases Bonus Damage by 25%.","Arachknight 2099 | Cooldown 0s | Increases Chain Hit damage by 15% when attacking. | Super Armor, increases all Basic Defenses by 40%.",,https://thanosvibs.money/api/characters/arachknight1/skills
baronmordo,Baron Mordo,Classic,Mystical Field | Target: All Allies | Cooldown 0s | Dodge Rate increases by 6%.,"Mystic Will | Activation: 50 % rate when dodging | Cooldown 15s | Increases basic damage by 110% for 1 attack(s). | Expert Occultist | Cooldown 0s | Increases Skill damage by 30%, increases Bonus Damage by 20%. | Increases Guaranteed Dodge Rate by 15%",,,https://thanosvibs.money/api/characters/baronmordo/skills
baronmordo,Baron Mordo,Marvel Studios' Doctor Strange,Mystical Field | Target: All Allies | Cooldown 0s | Dodge Rate increases by 6%.,"Mystic Will | Activation: 50 % rate when dodging | Cooldown 15s | Increases basic damage by 110% for 1 attack(s). | Expert Occultist | Cooldown 0s | Increases Skill damage by 30%, increases Bonus Damage by 20%. | Increases Guaranteed Dodge Rate by 15%",Marvel Studios' Doctor Strange | Activation: 10 % chance when attacking | Cooldown 30s | 100% chance to become immune to Energy Damage. | Increases All Speeds by 10%.,,https://thanosvibs.money/api/characters/baronmordo1/skills
baronmordo,Baron Mordo,Marvel Studios' Doctor Strange 2,Mystical Field | Target: All Allies | Cooldown 0s | Dodge Rate increases by 6%.,"Evil Oath | Activation: when skill Blade Whip is used | Cooldown 8s | Increases basic damage by 100% for 1 attack(s). | Recovers 20% of HP. | Expert Occultist | Cooldown 0s | Increases Skill damage by 35%, increases Bonus Damage by 30%. | Increases Guaranteed Dodge Rate by 30% | Decreases basic damage received by 30%.",Marvel Studios' Doctor Strange 2 | Activation: 80 % rate when hit | Cooldown 12s | 100% chance to become immune to Energy Damage. | Reflects 50% of Energy Damage received. (Up to 60% of Max Attack). | Removes all Debuffs.,,https://thanosvibs.money/api/characters/baronmordo2/skills
baronzemo,Baron Zemo,Modern,World Conquest | Target: Super Villain Allies | Cooldown 0s | Increases all Basic Attacks by 50%,"Blood Blade | Target: Self | Activation: when attacking | Cooldown 0s | Bleed: Deals additional 20% Damage every 1 sec. (Removes Elasticity) | Crooked Justice | Cooldown 0s | Increases Skill damage by 30%, increases Bonus Damage by 35%. | Increases Guaranteed Dodge Rate by 20% | Increases Bleed effect by 30%.",,,https://thanosvibs.money/api/characters/baronzemo/skills
baronzemo,Baron Zemo,Marvel Studios' The Falcon and the Winter Soldier,World Conquest | Target: Super Villain Allies | Cooldown 0s | Increases all Basic Attacks by 60% | Ignores target's Dodge Rate by 35%.,"Blood Blade | Target: Self | Activation: when attacking | Cooldown 0s | Bleed: Deals additional 25% Damage every 1 sec. (Removes Elasticity) | Crooked Justice | Cooldown 0s | Increases Skill damage by 30%, increases Bonus Damage by 35%. | Increases Guaranteed Dodge Rate by 20% | Increases Bleed effect by 30%.",Marvel Studios' The Falcon and the Winter Soldier | Cooldown 0s | Increases all Basic Attacks by 5%,,https://thanosvibs.money/api/characters/baronzemo1/skills
beast,Beast,Classic,Scientific Mind | Target: All Allies | Cooldown 0s | 45% increase of Physical Attack.,"Inner Wildness | Activation: when HP is below 65 % | Cooldown 3s | Increases all Basic Attacks and Defense by 10%, all speed by 6%, and Critical Rate by 3%, removes Incapacitation | Animal Instincts | Target: All Allies | Cooldown 0s | Decreases basic damage received by 15%. | 10% increase of Recovery Rate. | Increases Guaranteed Critical Rate by 8%",,,https://thanosvibs.money/api/characters/beast/skills
beast,Beast,Age of Apocalypse,Scientific Mind | Target: All Allies | Cooldown 0s | 50% increase of Physical Attack.,"Inner Wildness | Activation: when HP is below 65 % | Cooldown 3s | Increases all Basic Attacks and Defense by 10%, all speed by 6%, and Critical Rate by 3%, removes Incapacitation | Animal Instincts | Target: All Allies | Cooldown 0s | Decreases basic damage received by 15%. | 10% increase of Recovery Rate. | Increases Guaranteed Critical Rate by 8%",,,https://thanosvibs.money/api/characters/beast1/skills
beast,Beast,Uncanny X-Men,Scientific Mind | Target: All Allies | Cooldown 0s | 50% increase of Physical Attack. | Critical Damage increases by 10%.,"Inner Wildness | Activation: when HP is below 65 % | Cooldown 3s | Increases all Basic Attacks and Defense by 10%, all speed by 6%, and Critical Rate by 3%, removes Incapacitation | Animal Instincts | Target: All Allies | Cooldown 0s | Decreases basic damage received by 15%. | 10% increase of Recovery Rate. | Increases Guaranteed Critical Rate by 8%",,,https://thanosvibs.money/api/characters/beast2/skills
beast,Beast,All-New X-Men,Scientific Mind | Target: All Allies | Cooldown 0s | 50% increase of Physical Attack. | Critical Damage increases by 10%.,"Self Embrace | Cooldown 0s | Super Armor, increases all Basic Defenses by 40%. | Decreases damage received from reflected effects by 50%.Effect: Reflect All Attacks | Decreases Chain Hit damage by 15% when attacked. | Power of Science | Cooldown 0s | Decreases basic damage received by 35%. | Excluding bosses, ignores enemy's damage decrease by 15%. | Increases Skill damage by 40%, increases Bonus Damage by 30%.",All-New X-Men | Target: All Allies | Cooldown 0s | 40% increase of HP. | Ignores target's Dodge Rate by 25%.,,https://thanosvibs.money/api/characters/beast3/skills
beast,Beast,Marvel Animation's X-Men '97,Scientific Mind | Target: All Allies | Cooldown 0s | 50% increase of Physical Attack. | Critical Damage increases by 10%.,"Self Embrace | Cooldown 0s | Super Armor, increases all Basic Defenses by 40%. | Decreases damage received from reflected effects by 50%.Effect: Reflect All Attacks | Decreases Chain Hit damage by 15% when attacked. | Power of Science | Cooldown 0s | Decreases basic damage received by 35%. | Excluding bosses, ignores enemy's damage decrease by 15%. | Increases Skill damage by 40%, increases Bonus Damage by 30%.",Marvel Animation's X-Men '97 | Target: All Allies | Cooldown 0s | 45% increase of HP. | Ignores target's Dodge Rate by 25%.,,https://thanosvibs.money/api/characters/beast4/skills
bishop,Bishop,Disassembled,Mutant Enforcer | Target: All Allies | Cooldown 0s | 45% increase of Energy Defense. | 24% increase of Energy Attack.,Resistance | Cooldown 0s | Decreases Energy Damage Received by 50%. | Energy Absorption | Activation: 60 % rate when hit | Cooldown 15s | Increases all Basic Attacks by 4% per 1% of pure damage received | Accumulates pure Energy Damage up to 10% of Max HP | 100% chance to become immune to Energy Damage.,,,https://thanosvibs.money/api/characters/bishop/skills
bishop,Bishop,Marvel Animation's X-Men '97,Mutant Enforcer | Target: All Allies | Cooldown 0s | 45% increase of Energy Defense. | 24% increase of Energy Attack.,"Living Conductor | Cooldown 0s | Decreases Energy Damage Received by 50%. | Super Armor, increases all Basic Defenses by 20%. | Energy Absorption | Cooldown 0s | 20% chance to Absorb Energy Damage, upon absorption all Basic Attacks increased by 10% (Max 40% )","Marvel Animation's X-Men '97 | Cooldown 0s | Increases Skill damage by 35%, increases Bonus Damage by 35%. | 30% increase of HP.",,https://thanosvibs.money/api/characters/bishop1/skills
blackcat,Black Cat,Modern,Stroke of Luck | Target: All Allies | Cooldown 0s | Increases All Speeds by 6%.,"Misfortune | Activation: 5 % chance when attacking | Cooldown 60s | Deals 30% Bonus damage every 1 sec.Recovers 20% per damage. | Bad Luck | Activation: 60 % chance when attacking | Cooldown 20s | Increases Skill damage by 20%, increases Bonus Damage by 15%. | Increases Guaranteed Dodge Rate by 30% | Decreases All Buffs effect by 80%. | Decreases 0 effect used by the Character by 80%.",,Basic Damage Dealt to Villains 4% 0.2% | Basic Damage Dealt to Heroes 4% 0.2% | Basic Damage Dealt to Boss Types 8% 0.1% | Basic Damage Dealt to Villains 6% 0.2% | Basic Damage Dealt to Heroes 6% 0.2% | Basic Damage Dealt to Boss Types 12% 0.1% | Basic Damage Dealt to Villains 8% 0.2% | Basic Damage Dealt to Heroes 8% 0.2% | Basic Damage Dealt to Boss Types 16% 0.1% | Basic Damage Dealt to Villains 10% 0.2% | Basic Damage Dealt to Heroes 10% 0.2% | Basic Damage Dealt to Boss Types 20% 0.1%,https://thanosvibs.money/api/characters/blackcat/skills
blackcat,Black Cat,Claws,Stroke of Luck | Target: All Allies | Cooldown 0s | Increases All Speeds by 6%.,"Misfortune | Activation: 5 % chance when attacking | Cooldown 60s | Deals 30% Bonus damage every 1 sec.Recovers 20% per damage. | Bad Luck | Activation: 60 % chance when attacking | Cooldown 20s | Increases Skill damage by 20%, increases Bonus Damage by 15%. | Increases Guaranteed Dodge Rate by 30% | Decreases All Buffs effect by 80%. | Decreases 0 effect used by the Character by 80%.",Claws | Cooldown 0s | Increases Chain Hit damage by 5% when attacking.,,https://thanosvibs.money/api/characters/blackcat1/skills
blackcat,Black Cat,"All-New, All-Different",Stroke of Luck | Target: All Allies | Cooldown 0s | Increases All Speeds by 6%.,"Misfortune | Activation: 30 % chance when attacking | Cooldown 10s | Deals 40% Bonus damage every 1 sec.Recovers 25% per damage. | Bad Luck | Activation: 60 % chance when attacking | Cooldown 20s | Increases Skill damage by 20%, increases Bonus Damage by 15%. | Increases Guaranteed Dodge Rate by 30% | Decreases All Buffs effect by 80%. | Decreases 0 effect used by the Character by 80%.","All-New, All-Different | Cooldown 0s | Increases Chain Hit damage by 3% when attacking.",,https://thanosvibs.money/api/characters/blackcat2/skills
blackcat,Black Cat,Winter Criminal,Cat's Luck | Target: Super Villain Allies | Cooldown 0s | Increases all Basic Attacks by 65% | Ignores target's Dodge Rate by 35%.,"Thieving Feline | Activation: when skill (Regular Attacks Excluded) is used | Cooldown 15s | Decreases All Buffs effect by 80%. | Master of Luck | Target: All Allies for the first effect, Self for the second effect | Cooldown 0s | Increases All Debuffs effect by 40%. | Increases Guaranteed Dodge Rate by 35% | Increases Skill damage by 40%, increases Bonus Damage by 35%.",Winter Criminal | Cooldown 0s | Increases Chain Hit damage by 20% when attacking. | Increases Guaranteed Critical Rate by 35% | Critical Damage increases by 30%.,Basic Damage Dealt to Villains 4% 0.2% | Basic Damage Dealt to Heroes 4% 0.2% | Basic Damage Dealt to Boss Types 8% 0.1% | Basic Damage Dealt to Villains 6% 0.2% | Basic Damage Dealt to Heroes 6% 0.2% | Basic Damage Dealt to Boss Types 12% 0.1% | Basic Damage Dealt to Villains 8% 0.2% | Basic Damage Dealt to Heroes 8% 0.2% | Basic Damage Dealt to Boss Types 16% 0.1% | Basic Damage Dealt to Villains 10% 0.2% | Basic Damage Dealt to Heroes 10% 0.2% | Basic Damage Dealt to Boss Types 20% 0.1%,https://thanosvibs.money/api/characters/blackcat3/skills
blackcat,Black Cat,Queen in Black,The Cat on the World Tree | Target: All Allies | Cooldown 0s | Increases all Basic Attacks by 65% | Ignores target's Dodge Rate by 35%.,"Thieving Feline | Activation: when skill (Regular Attacks Excluded) is used | Cooldown 15s | Decreases All Buffs effect by 80%. | Master of Luck | Target: All Allies for the first effect, Self for the second effect | Cooldown 0s | Increases All Debuffs effect by 40%. | Increases Guaranteed Dodge Rate by 35% | Increases Skill damage by 40%, increases Bonus Damage by 35%.",Queen in Black | Cooldown 0s | Increases Chain Hit damage by 25% when attacking. | Increases Guaranteed Critical Rate by 35% | Critical Damage increases by 30%.,Basic Damage Dealt to Villains 4% 0.2% | Basic Damage Dealt to Heroes 4% 0.2% | Basic Damage Dealt to Boss Types 8% 0.1% | Basic Damage Dealt to Villains 6% 0.2% | Basic Damage Dealt to Heroes 6% 0.2% | Basic Damage Dealt to Boss Types 12% 0.1% | Basic Damage Dealt to Villains 8% 0.2% | Basic Damage Dealt to Heroes 8% 0.2% | Basic Damage Dealt to Boss Types 16% 0.1% | Basic Damage Dealt to Villains 10% 0.2% | Basic Damage Dealt to Heroes 10% 0.2% | Basic Damage Dealt to Boss Types 20% 0.1%,https://thanosvibs.money/api/characters/blackcat4/skills
blackdwarf,Black Dwarf,Infinity,Numb the Pain | Target: All Allies | Activation: 30 % rate when hit | Cooldown 15s | 100% chance to become immune to Physical Damage.,"Dwarf Charge | Cooldown 0s | Guard Break Immunity | Immunity to STUN Effect. | 35% increase of Physical Defense. | Blind Rage | Activation: when HP is below 60 % | Cooldown -1s | Increases all Basic Attacks and Defense by 30%, all speed by 8%, and Critical Rate by 35%, removes Incapacitation",,,https://thanosvibs.money/api/characters/blackdwarf/skills
blackdwarf,Black Dwarf,Marvel Studios' Avengers: Infinity War,Numb the Pain | Target: All Allies | Activation: 30 % rate when hit | Cooldown 15s | 100% chance to become immune to Physical Damage.,"Dwarf Charge | Cooldown 0s | Guard Break Immunity | Immunity to STUN Effect. | 35% increase of Physical Defense. | Blind Rage | Activation: when HP is below 80 % | Cooldown 5s | Increases all Basic Attacks and Defense by 30%, all speed by 8%, and Critical Rate by 35%, removes Incapacitation | Recovers 3% of HP.",Marvel Studios' Avengers: Infinity War | Cooldown 0s | Decreases basic damage received by 15%.,,https://thanosvibs.money/api/characters/blackdwarf1/skills
blackdwarf,Black Dwarf,Dark Obsidian Armor,Numb the Pain | Target: All Allies | Activation: 50 % rate when hit | Cooldown 15s | 100% chance to become immune to Physical Damage.,"Dwarf Charge | Target: Black Order Allies | Cooldown 0s | Guard Break Immunity | Immunity to STUN Effect. | Decreases damage received from reflected effects by 60%.Effect: Physical Reflect | Blind Rage | Activation: when HP is below 90 % | Cooldown 5s | Increases Skill damage by 35%, increases Bonus Damage by 25%. | Recovers 7% of HP.",Dark Obsidian Armor | Cooldown 0s | Decreases basic damage received by 30%. | Reflects 100% of Physical Damage received. (Up to 150% of Max Attack). | 20% increase of HP.,,https://thanosvibs.money/api/characters/blackdwarf2/skills
blade,Blade,Modern,Daywalker | Target: All Allies | Activation: 25 % chance when attacking | Cooldown 25s | Recovers HP equal to 8% of damage dealt to a target Cannot recover more than 0.5% HP each time damage is dealt.,"Vampire Senses | Cooldown 0s | Decreases Debuff Duration by 4%. | Vampire Curse | Cooldown 0s | Ignores target's Dodge Rate by 30%. | Increases Skill damage by 40%, increases Bonus Damage by 25%.",,,https://thanosvibs.money/api/characters/blade/skills
blade,Blade,70's Classic,Daywalker | Target: All Allies | Activation: 25 % chance when attacking | Cooldown 25s | Recovers HP equal to 8% of damage dealt to a target Cannot recover more than 0.5% HP each time damage is dealt.,"Vampire Senses | Cooldown 0s | Decreases Debuff Duration by 4%. | Vampire Curse | Cooldown 0s | Ignores target's Dodge Rate by 30%. | Increases Skill damage by 40%, increases Bonus Damage by 25%.",,,https://thanosvibs.money/api/characters/blade1/skills
blade,Blade,Avengers,Daywalker | Target: All Allies | Activation: 25 % chance when attacking | Cooldown 25s | Recovers HP equal to 8% of damage dealt to a target Cannot recover more than 0.5% HP each time damage is dealt.,"Vampire Senses | Activation: when using HP STEAL buff | Cooldown 20s | Increases all Basic Attacks and Defense by 25%, all speed by 5%, and Critical Rate by 25%, removes Incapacitation | Removes all Debuffs. | Vampire Curse | Cooldown 0s | Ignores target's Dodge Rate by 30%. | Increases Skill damage by 40%, increases Bonus Damage by 25%.",Avengers | Cooldown 0s | Increases Chain Hit damage by 15% when attacking.,,https://thanosvibs.money/api/characters/blade2/skills
blade,Blade,Vampire Slayer,Master Hunter | Target: Weapon Master Allies | Cooldown 0s | Increases all Basic Attacks by 60%,"Deep Wounds | Activation: When BLEED effect is used | Cooldown 12s | Increases all Basic Attacks and Defense by 40%, all speed by 5%, and Critical Rate by 30%, removes Incapacitation | Removes all Debuffs. | Recovers HP equal to 10% of damage dealt to a target Cannot recover more than 3% HP each time damage is dealt. | Vampire Curse | Cooldown 0s | Ignores target's Dodge Rate by 30%. | Increases Skill damage by 40%, increases Bonus Damage by 35%.",Vampire Slayer | Cooldown 0s | Increases Chain Hit damage by 25% when attacking. | Decreases basic damage received by 30%. | 20% increase of HP.,,https://thanosvibs.money/api/characters/blade3/skills
bluemarvel,Blue Marvel,Ultimates,Man of Marvels | Target: All Allies | Cooldown 0s | Increases all Basic Defenses by 50%.,"Invulnerable Body | Cooldown 0s | Decreases basic damage received by 70%. | Anti-Matter Energy Absorption | Cooldown 0s | Super Armor, increases all Basic Defenses by 5%. | Increases Skill damage by 30%, increases Bonus Damage by 25%. | 70% chance to penetrate with All Damage Immune, Barrier effect.",,,https://thanosvibs.money/api/characters/bluemarvel/skills
bluemarvel,Blue Marvel,Classic,Man of Marvels | Target: All Allies | Cooldown 0s | Increases all Basic Defenses by 50%.,"Invulnerable Body | Cooldown 0s | Decreases basic damage received by 70%. | Anti-Matter Energy Absorption | Cooldown 0s | Super Armor, increases all Basic Defenses by 5%. | Increases Skill damage by 30%, increases Bonus Damage by 25%. | 70% chance to penetrate with All Damage Immune, Barrier effect.",Classic | Target: All Allies | Cooldown 0s | Increases All Resistances by 30%. | Increases damage dealt to targets with 206 effect by 30% | Increases damage dealt to targets with 401 effect by 30%,,https://thanosvibs.money/api/characters/bluemarvel1/skills
clea,Clea,Modern,Mystic Aura | Target: All Allies | Cooldown 0s | Decreases Skill Cooldown by 24%.,"Mystic Bond | Activation: 45 % chance when attacking | Cooldown 20s | Summon an illusion with 105% of the summoner's stats. | Mystic Spirit | Cooldown 0s | Increases summoned characters' Basic Attacks and Basic Defenses by 60%, Increases HP by 10%, increases duration of summoned characters by 50%.",,,https://thanosvibs.money/api/characters/clea/skills
colossus,Colossus,Modern,Guardian of the X-Men | Target: All Allies | Activation: 25 % rate when hit | Cooldown 40s | 100% chance to become immune to Physical Damage.,"Piotr’s Will | Target: All Allies | Cooldown 0s | Decreases basic damage received from Villain faction by 50%. | Decreases damage received from reflected effects by 60%.Effect: Physical Reflect | Steel Form | Cooldown 0s | Reflects 100% of Physical Damage received. (Up to 150% of Max Attack). | Increases Skill damage by 32%, increases Bonus Damage by 15%. | Super Armor, increases all Basic Defenses by 15%.",,,https://thanosvibs.money/api/characters/colossus/skills
colossus,Colossus,X-Force,Guardian of the X-Men | Target: All Allies | Activation: 25 % rate when hit | Cooldown 40s | 100% chance to become immune to Physical Damage.,"Piotr’s Will | Target: All Allies | Cooldown 0s | Decreases basic damage received from Villain faction by 50%. | Decreases damage received from reflected effects by 60%.Effect: Physical Reflect | Steel Form | Cooldown 0s | Reflects 100% of Physical Damage received. (Up to 150% of Max Attack). | Increases Skill damage by 32%, increases Bonus Damage by 15%. | Super Armor, increases all Basic Defenses by 15%.",X-Force | Cooldown 0s | Decreases basic damage received by 30%. | Immunity to Fracture Effect.,,https://thanosvibs.money/api/characters/colossus1/skills
colossus,Colossus,Phoenix Five,Guardian of the X-Men | Target: All Allies | Activation: 25 % rate when hit | Cooldown 40s | 100% chance to become immune to Physical Damage.,"Piotr’s Will | Target: All Allies | Cooldown 0s | Decreases basic damage received from Villain faction by 50%. | Decreases damage received from reflected effects by 60%.Effect: Physical Reflect | Decreases basic damage received from Hero faction by 50%. | Steel Form | Cooldown 0s | Reflects 100% of Physical Damage received. (Up to 150% of Max Attack). | Increases Skill damage by 32%, increases Bonus Damage by 15%. | Super Armor, increases all Basic Defenses by 15%.",Phoenix Five | Cooldown 0s | Decreases basic damage received by 30%. | Immunity to Fracture Effect.,,https://thanosvibs.money/api/characters/colossus2/skills
colossus,Colossus,Hellfire Gala,Guardian of the X-Men | Target: All Allies | Activation: 25 % rate when hit | Cooldown 40s | 100% chance to become immune to Physical Damage.,"Piotr’s Will | Target: All Allies | Cooldown 0s | Decreases basic damage received from Villain faction by 50%. | Decreases damage received from reflected effects by 65%.Effect: Physical Reflect | Decreases basic damage received from Hero faction by 50%. | Steel Form | Cooldown 0s | Reflects 100% of Physical Damage received. (Up to 150% of Max Attack). | Increases Skill damage by 45%, increases Bonus Damage by 40%. | Super Armor, increases all Basic Defenses by 30%.",Hellfire Gala | Cooldown 0s | Decreases basic damage received by 35%. | Immunity to Fracture Effect. | Decreases Physical Damage Received by 40%.,,https://thanosvibs.money/api/characters/colossus3/skills
corvusglaive,Corvus Glaive,Infinity,Black Order General | Target: All Allies | Cooldown 0s | Decreases Skill Cooldown by 24%.,"Doppelganger | Activation: when dead | Cooldown 300s | Revive with 100% of Max HP | Dark Immortality | Cooldown 0s | Increases Skill damage by 15%, increases Bonus Damage by 10%. | Increases summoned characters' Basic Attacks and Basic Defenses by 20%, Increases HP by 15%, increases duration of summoned characters by 20%. | Increases Guaranteed Dodge Rate by 25%",,,https://thanosvibs.money/api/characters/corvusglaive/skills
corvusglaive,Corvus Glaive,Marvel Studios' Avengers: Infinity War,Black Order General | Target: All Allies | Cooldown 0s | Decreases Skill Cooldown by 24%.,"Doppelganger | Activation: when dead | Cooldown 300s | Revive with 100% of Max HP | Dark Immortality | Cooldown 0s | Increases Skill damage by 15%, increases Bonus Damage by 10%. | Increases summoned characters' Basic Attacks and Basic Defenses by 20%, Increases HP by 15%, increases duration of summoned characters by 20%. | Increases Guaranteed Dodge Rate by 25%",Marvel Studios' Avengers: Infinity War | Cooldown 0s | Increases basic damage dealt to Hero faction by 15%. | 15% increase of Physical Attack.,,https://thanosvibs.money/api/characters/corvusglaive1/skills
corvusglaive,Corvus Glaive,Dark Obsidian Armor,Black Order General | Target: All Allies | Cooldown 0s | Decreases Skill Cooldown by 24%.,"Doppelganger | Activation: when dead | Cooldown 300s | Revive with 100% of Max HP | Dark Immortality | Cooldown 0s | Increases Skill damage by 25%, increases Bonus Damage by 15%. | Increases Guaranteed Critical Rate by 25% | Increases Guaranteed Dodge Rate by 25%",Dark Obsidian Armor | Cooldown 0s | Increases basic damage dealt to Hero faction by 30%. | 20% increase of Physical Attack.,,https://thanosvibs.money/api/characters/corvusglaive2/skills
crossbones,Crossbones,Marvel Studios' Captain America: Civil War,Mercenary Leader | Target: All Allies | Cooldown 0s | 30% increase of Physical Attack.,Hydra Stun | Activation: when dealing Critical Attack | Cooldown 7s | Stun | 15% increase of Physical Attack. | Open Fire! | Cooldown 0s | Critical Damage increases by 35%. | Increases Guaranteed Dodge Rate by 10% | Increases Guaranteed Critical Rate by 30%,,,https://thanosvibs.money/api/characters/crossbones/skills
crossbones,Crossbones,Modern,Mercenary Leader | Target: All Allies | Cooldown 0s | 30% increase of Physical Attack.,Hydra Stun | Activation: when dealing Critical Attack | Cooldown 7s | Stun | 15% increase of Physical Attack. | Open Fire! | Cooldown 0s | Critical Damage increases by 35%. | Increases Guaranteed Dodge Rate by 10% | Increases Guaranteed Critical Rate by 30%,Modern | Cooldown 0s | Critical Rate increases by 15%.,,https://thanosvibs.money/api/characters/crossbones1/skills
crossbones,Crossbones,Secret Empire,Mercenary Leader | Target: All Allies | Cooldown 0s | 30% increase of Physical Attack.,Hydra Stun | Activation: when dealing Critical Attack | Cooldown 7s | Stun | 15% increase of Physical Attack. | Open Fire! | Cooldown 0s | Critical Damage increases by 35%. | Increases Guaranteed Dodge Rate by 10% | Increases Guaranteed Critical Rate by 30%,Secret Empire | Cooldown 0s | Critical Rate increases by 25%. | 50% increase of HP. | Increases all Basic Attacks by 25%,,https://thanosvibs.money/api/characters/crossbones2/skills
crystal,Crystal,"All-New, All-Different",Elementalist | Target: All Allies | Cooldown 0s | 30% increase of Energy Attack.,Manipulate the Elements | Activation: 25 % chance when attacking | Cooldown 15s | Decreases All Resistances by 15%. | Elemental Tempest | Cooldown 0s | Increases All Debuffs effect by 10%. | Increases damage to All element damage by 15%.,,,https://thanosvibs.money/api/characters/crystal/skills
crystal,Crystal,Royal Suit,Elementalist | Target: All Allies | Cooldown 0s | 30% increase of Energy Attack.,Manipulate the Elements | Activation: 25 % chance when attacking | Cooldown 15s | Decreases All Resistances by 15%. | Elemental Tempest | Cooldown 0s | Increases All Debuffs effect by 10%. | Increases damage to All element damage by 15%.,,,https://thanosvibs.money/api/characters/crystal1/skills
crystal,Crystal,Fantastic Four,Elementalist | Target: All Allies | Cooldown 0s | 30% increase of Energy Attack.,Manipulate the Elements | Activation: 25 % chance when attacking | Cooldown 3s | Decreases All Resistances by 20%. | Elemental Tempest | Cooldown 0s | Increases All Debuffs effect by 20%. | Increases damage to All element damage by 25%.,,,https://thanosvibs.money/api/characters/crystal2/skills
crystal,Crystal,Spring Lady,Elementalist | Target: All Allies | Cooldown 0s | 30% increase of Energy Attack.,Manipulate the Elements | Activation: 25 % chance when attacking | Cooldown 3s | Decreases All Resistances by 20%. | Elemental Tempest | Cooldown 0s | Increases All Debuffs effect by 20%. | Increases damage to All element damage by 35%.,"Spring Lady | Cooldown 0s | Decreases basic damage received by 20%. | Increases Skill damage by 35%, increases Bonus Damage by 35%.",,https://thanosvibs.money/api/characters/crystal3/skills
daisyjohnson,Daisy Johnson,Marvel Studios' Agents of S.H.I.E.L.D.,Tremors | Target: All Allies | Activation: 10 % chance when attacking | Cooldown 30s | Creates a physical Shield equal to 30% of Max HP,"Big Mistake | Activation: when STUN status is in effect | Cooldown 5s | Energy Damage: 98% of Energy Attack Additional 135 Energy Damage. | Pinpoint Accuracy | Activation: when skill More Bang for your Punch is used | Cooldown 3s | Increases Guaranteed Dodge Rate by 20% | 100% chance to penetrate with All Damage Immune, Shield, Barrier effect. | 15% Ignore Defense",,,https://thanosvibs.money/api/characters/daisyjohnson/skills
daisyjohnson,Daisy Johnson,Modern,Tremors | Target: All Allies | Activation: 10 % chance when attacking | Cooldown 30s | Creates a physical Shield equal to 30% of Max HP,"Big Mistake | Activation: when STUN status is in effect | Cooldown 5s | Energy Damage: 98% of Energy Attack Additional 135 Energy Damage. | Pinpoint Accuracy | Activation: when skill More Bang for your Punch is used | Cooldown 3s | Increases Guaranteed Dodge Rate by 20% | 100% chance to penetrate with All Damage Immune, Shield, Barrier effect. | 15% Ignore Defense",Modern | Cooldown 0s | 100% chance to become immune to Mind Damage.,,https://thanosvibs.money/api/characters/daisyjohnson1/skills
daisyjohnson,Daisy Johnson,Marvel Studios' Agents of S.H.I.E.L.D. (Quake),Tremors | Target: All Allies | Activation: 10 % chance when attacking | Cooldown 30s | Creates a physical Shield equal to 30% of Max HP,"Big Mistake | Activation: when STUN status is in effect | Cooldown 5s | Energy Damage: 98% of Energy Attack Additional 135 Energy Damage. | Pinpoint Accuracy | Activation: when skill More Bang for your Punch is used | Cooldown 3s | Increases Guaranteed Dodge Rate by 20% | 100% chance to penetrate with All Damage Immune, Shield, Barrier effect. | 15% Ignore Defense",,,https://thanosvibs.money/api/characters/daisyjohnson2/skills
daken,Daken,Modern,Mongrel's Pursuit | Target: All Allies | Cooldown 0s | Decreases Debuff Duration by 30%.,"Inherited Power | Activation: when HP is below 99 % | Cooldown 1s | Recovers 5% of HP. | Hunter's Bones | Cooldown 0s | Super Armor, increases all Basic Defenses by 30%. | Decreases basic damage received by 10%. | Ignores target's Dodge Rate by 50%.",,,https://thanosvibs.money/api/characters/daken/skills
daken,Daken,Dark Wolverine,Mongrel's Pursuit | Target: All Allies | Cooldown 0s | Decreases Debuff Duration by 30%.,"Undying Spirit | Activation: when HP is below 99 % | when HP is below 33 % | Cooldown 1s | Recovers 5% of HP. | Acquires the following effect for $TIME sec. | Recovers 65% of HP. | Hunter's Bones | Cooldown 0s | Super Armor, increases all Basic Defenses by 30%. | Decreases basic damage received by 25%. | Ignores target's Dodge Rate by 50%.","Dark Wolverine | Cooldown 0s | 30% increase of HP. | Increases Skill damage by 40%, increases Bonus Damage by 30%.",,https://thanosvibs.money/api/characters/daken1/skills
darkhawk,Darkhawk,Modern,Raptor Wings | Target: All Allies | Cooldown 0s | Increases All Speeds by 6%.,"Cut Through Crime | Cooldown 0s | Increases basic damage dealt to Villain faction by 30%. | Decreases basic damage received from Villain faction by 20%. | Android Armor | Cooldown 0s | Increases Skill damage by 25%, increases Bonus Damage by 30%. | 20% Ignore Defense | Ignores target's Dodge Rate by 20%.",,,https://thanosvibs.money/api/characters/darkhawk/skills
dazzler,Dazzler,Modern,Hymn of Light | Target: All Allies | Cooldown 0s | Critical Rate increases by 6%.,Intense Light | Cooldown 0s | Immunity to BLIND Effect. | Immunity to SILENCE Effect. | Enchanting Stage | Target: Mutant Allies | Cooldown 0s | Increases basic damage dealt to boss types by 65%. | Ignores target's Dodge Rate by 70%.,,Basic Damage Dealt to Villains 3% 0.2% | All Basic Attacks 13% 0.2% | Basic Damage Dealt to Villains 5% 0.3% | All Basic Attacks 15% 0.3% | Basic Damage Dealt to Villains 7% 0.4% | All Basic Attacks 17% 0.4% | Basic Damage Dealt to Villains 10% 0.5% | All Basic Attacks 20% 0.5%,https://thanosvibs.money/api/characters/dazzler/skills
dazzler,Dazzler,X-Song,Hymn of Light | Target: All Allies | Cooldown 0s | Critical Rate increases by 6%.,Intense Light | Cooldown 0s | Immunity to BLIND Effect. | Immunity to SILENCE Effect. | I'm a Rockstar! | Target: Mutant Allies | Cooldown 0s | Increases basic damage dealt to boss types by 65%. | Ignores target's Dodge Rate by 70%. | Increases all Basic Attacks by 25%,"X-Song | Cooldown 0s | Decreases basic damage received by 20%. | Increases Skill damage by 20%, increases Bonus Damage by 20%.",Basic Damage Dealt to Villains 3% 0.2% | All Basic Attacks 13% 0.2% | Basic Damage Dealt to Villains 5% 0.3% | All Basic Attacks 15% 0.3% | Basic Damage Dealt to Villains 7% 0.4% | All Basic Attacks 17% 0.4% | Basic Damage Dealt to Villains 10% 0.5% | All Basic Attacks 20% 0.5%,https://thanosvibs.money/api/characters/dazzler1/skills
deathlok,Deathlok,Marvel Studios' Agents of S.H.I.E.L.D.,The Hooded Hero | Target: All Allies | Cooldown 0s | 30% increase of Physical Attack.,"Centipede Serum | Cooldown 0s | Increases basic damage dealt to enemies with Machine ability by 50%. | Decreases basic damage received from enemies with Machine ability by 50%. | Cybernetic Enhancements | Activation: when skill (Regular Attacks Excluded) is used | Cooldown 7s | Barrier 5 time(s) | Increases Skill damage by 50%, increases Bonus Damage by 30%.",,,https://thanosvibs.money/api/characters/deathlok/skills
deathlok,Deathlok,Modern,The Hooded Hero | Target: All Allies | Cooldown 0s | 30% increase of Physical Attack.,"Centipede Serum | Cooldown 0s | Increases basic damage dealt to enemies with Machine ability by 50%. | Decreases basic damage received from enemies with Machine ability by 50%. | Cybernetic Enhancements | Activation: when skill (Regular Attacks Excluded) is used | Cooldown 7s | Barrier 5 time(s) | Increases Skill damage by 50%, increases Bonus Damage by 30%.",Modern | Activation: 10 % chance when attacking | Cooldown 10s | Physical Damage: 30% of Physical Attack. Additional 0 Physical Damage.,,https://thanosvibs.money/api/characters/deathlok1/skills
destroyer,Destroyer,Classic,God's Blessing | Target: All Allies | Cooldown 0s | 30% increase of Energy Defense.,"Odin’s Enchantment | Cooldown 0s | Decreases Energy Damage Received by 65%. | Plasma Pulse | Cooldown 0s | Increases Skill damage by 25%, increases Bonus Damage by 25%. | Increases All Speeds by 10%.",,,https://thanosvibs.money/api/characters/destroyer/skills
destroyer,Destroyer,Prometheus,God's Blessing | Target: All Allies | Cooldown 0s | 30% increase of Energy Defense.,"Odin’s Enchantment | Cooldown 0s | Decreases Energy Damage Received by 65%. | Plasma Pulse | Cooldown 0s | Increases Skill damage by 25%, increases Bonus Damage by 25%. | Increases All Speeds by 10%.",Prometheus | Activation: 30 % chance when attacking | Cooldown 15s | Increases basic damage by 170% for 2 attack(s).,,https://thanosvibs.money/api/characters/destroyer1/skills
destroyer,Destroyer,The Mighty Thor,God's Blessing | Target: All Allies | Cooldown 0s | 30% increase of Energy Defense.,"Mech Thor | Cooldown 0s | Decreases Energy Damage Received by 70%. | Reflects 100% of Energy Damage received. (Up to 160% of Max Attack). | Plasma Pulse | Cooldown 0s | Increases Skill damage by 35%, increases Bonus Damage by 35%. | Increases All Speeds by 10%.","The Mighty Thor | Cooldown 0s | Super Armor, increases all Basic Defenses by 30%.",,https://thanosvibs.money/api/characters/destroyer2/skills
doctordoom,Doctor Doom,Modern,Waste of Time | Target: All Allies | Activation: when debuffed | Cooldown 20s | Removes all Debuffs.,"Doombot Decoy | Activation: when dead | Cooldown 300s | After Doombot is destroyed, an avatar appears with 100% of Max HP. | Born Ruler | Cooldown 0s | Super Armor, increases all Basic Defenses by 25%. | 50% chance to penetrate with Invincible, All Damage Immune, Shield, Barrier, Super Armor effect. | Increases Skill damage by 25%, increases Bonus Damage by 12%.",,,https://thanosvibs.money/api/characters/doctordoom/skills
doctordoom,Doctor Doom,3099,Waste of Time | Target: All Allies | Activation: when debuffed | Cooldown 20s | Removes all Debuffs.,"Doombot Decoy | Activation: when dead | Cooldown 300s | After Doombot is destroyed, an avatar appears with 100% of Max HP. | Born Ruler | Cooldown 0s | Super Armor, increases all Basic Defenses by 50%. | 55% chance to penetrate with Invincible, All Damage Immune, Shield, Barrier, Super Armor effect. | Increases Skill damage by 35%, increases Bonus Damage by 40%.",3099 | Cooldown 0s | Decreases damage received from reflected effects by 60%.Effect: Reflect All Attacks | Acquires the following effect for $TIME sec.,,https://thanosvibs.money/api/characters/doctordoom1/skills
doctordoom,Doctor Doom,God Emperor,Waste of Time | Target: All Allies | Activation: when debuffed | Cooldown 20s | Removes all Debuffs.,"Doombot Decoy | Activation: when dead | Cooldown 300s | After Doombot is destroyed, an avatar appears with 100% of Max HP. | Born Ruler | Cooldown 0s | Super Armor, increases all Basic Defenses by 50%. | 55% chance to penetrate with Invincible, All Damage Immune, Shield, Barrier, Super Armor effect. | Increases Skill damage by 35%, increases Bonus Damage by 40%.",God Emperor | Cooldown 0s | Decreases damage received from reflected effects by 60%.Effect: Reflect All Attacks | Decreases basic damage received by 40%. | Increases Chain Hit damage by 15% when attacking.,,https://thanosvibs.money/api/characters/doctordoom2/skills
doctorvoodoo,Doctor Voodoo,Modern,Power of the Soul | Target: All Allies | Cooldown 0s | Increases All Debuffs effect by 40%.,"Voodoo Ritual | Activation: {1}% chance to activate when attacking an enemy with 90 effect | Cooldown 9s | Recovers 10% of HP. | Decreases all Basic Attacks by 25%. | Soul Scream | Activation: when skill Soul Magic Eruption is used | Cooldown 12s | Increases Skill damage by 45%, increases Bonus Damage by 45%. | 90% chance to become immune to Flame Damage.",,,https://thanosvibs.money/api/characters/doctorvoodoo/skills
doctorvoodoo,Doctor Voodoo,Strange Academy,Soul Ruler | Target: All Allies | Cooldown 0s | Increases All Debuffs effect by 40%. | Increases all Basic Attacks by 30%,"Voodoo Ritual | Activation: When attacking an enemy with POISON effect applied | Cooldown 9s | Recovers 20% of HP. | Decreases all Basic Attacks by 30%. | Soul Scream | Cooldown 0s | Increases Skill damage by 50%, increases Bonus Damage by 45%. | 90% chance to become immune to Flame Damage.",Strange Academy | Target: All Allies | Cooldown 0s | Ignores target's Dodge Rate by 30%.,,https://thanosvibs.money/api/characters/doctorvoodoo1/skills
doctorvoodoo,Doctor Voodoo,Savage Avengers,Soul Ruler | Target: All Allies | Cooldown 0s | Increases All Debuffs effect by 40%. | Increases all Basic Attacks by 30%,"Voodoo Ritual | Activation: When attacking an enemy with POISON effect applied | Cooldown 9s | Recovers 20% of HP. | Decreases all Basic Attacks by 30%. | Voodoo Shield | Target: All Allies for the first effect, Self for the second effect | Cooldown 0s | Ignores target's Dodge Rate by 30%. | Increases Skill damage by 50%, increases Bonus Damage by 45%. | 90% chance to become immune to Flame Damage.",Savage Avengers | Target: Universal Type Allies | Cooldown 0s | Increases basic damage dealt to Villain faction by 50%. | Decreases basic damage received from Villain faction by 20%.,,https://thanosvibs.money/api/characters/doctorvoodoo2/skills
domino,Domino,X-Force,Soldier of Fortune | Target: All Allies | Cooldown 0s | Critical Rate increases by 8%. | Ignores target's Dodge Rate by 45%.,Manipulated Probability | Cooldown 0s | Dodge Rate increases by 20%. | Luck Be A Lady | Cooldown 0s | Increases Guaranteed Critical Rate by 30% | Critical Damage increases by 40%. | Increases Guaranteed Dodge Rate by 25%,,,https://thanosvibs.money/api/characters/domino/skills
domino,Domino,Marvel NOW!,Soldier of Fortune | Target: All Allies | Cooldown 0s | Critical Rate increases by 8%. | Ignores target's Dodge Rate by 45%.,Manipulated Probability | Cooldown 0s | Dodge Rate increases by 20%. | Luck Be A Lady | Cooldown 0s | Increases Guaranteed Critical Rate by 30% | Critical Damage increases by 40%. | Increases Guaranteed Dodge Rate by 25%,Marvel NOW! | Cooldown 0s | Increases Chain Hit damage by 15% when attacking. | 30% chance to increase Critical Damage by 100% on Critical Attacks. | Increases all Basic Attacks by 35%,,https://thanosvibs.money/api/characters/domino1/skills
domino,Domino,Krakoa X-Force,Soldier of Fortune | Target: All Allies | Cooldown 0s | Critical Rate increases by 8%. | Ignores target's Dodge Rate by 45%.,Slippery Luck | Cooldown 0s | Dodge Rate increases by 20%. | Guard Break Immunity | Decreases basic damage received by 30%. | Luck Be A Lady | Cooldown 0s | Increases Guaranteed Critical Rate by 30% | Critical Damage increases by 40%. | Increases Guaranteed Dodge Rate by 25%,Krakoa X-Force | Cooldown 0s | Increases Chain Hit damage by 15% when attacking. | 30% chance to increase Critical Damage by 100% on Critical Attacks. | Increases all Basic Attacks by 35%,,https://thanosvibs.money/api/characters/domino2/skills
drax,Drax,Guardians of the Galaxy,Unstoppable | Target: All Allies\nActivates when: Combat Type Ally enters | Cooldown 0s | 21% increase of HP. | 30% increase of HP. | 45% increase of HP.,Quick Reflexes | Activation: when attacking | Cooldown 0s | 30% decrease of Physical Defense. | Revenge | Activation: when skill Cry for Blood is used | Cooldown 1s | 100% chance to grant All Damage Immunity,,,https://thanosvibs.money/api/characters/drax/skills
drax,Drax,"All-New, All-Different",Unstoppable | Target: All Allies\nActivates when: Combat Type Ally enters | Cooldown 0s | 21% increase of HP. | 30% increase of HP. | 45% increase of HP.,Quick Reflexes | Activation: when attacking | Cooldown 0s | 30% decrease of Physical Defense. | Revenge | Activation: when skill Cry for Blood is used | Cooldown 1s | 100% chance to grant All Damage Immunity,"All-New, All-Different | Cooldown 0s | 10% Ignore Defense",,https://thanosvibs.money/api/characters/drax1/skills
drax,Drax,Classic,Unstoppable | Target: All Allies\nActivates when: Combat Type Ally enters | Cooldown 0s | 45% increase of HP. | 55% increase of HP. | 65% increase of HP.,"Innate Warrior | Activation: when attacking | Cooldown 0s | Decreases all Basic Defenses by 10%. (Stacks up to 50%, ignores immunity) | Decreases all resists by 10%. (Stacks up to 40%, ignores immunity) | Decreases all Basic Attacks by 10%. (Stacks up to 30% ) | Unstoppable Might | Cooldown 0s | Increases damage dealt to targets with 401 effect by 70% | Ignores target's Dodge Rate by 30%. | Decreases damage received from reflected effects by 60%.Effect: Physical Reflect","Classic | Cooldown 0s | Increases Skill damage by 40%, increases Bonus Damage by 30%. | Decreases basic damage received from Hero faction by 60%. | Decreases basic damage received from Villain faction by 60%.",,https://thanosvibs.money/api/characters/drax2/skills
ebonymaw,Ebony Maw,Infinity,Mind Trap | Target: All Allies | Cooldown 0s | 40% increase of Energy Attack.,"Black Guards | Cooldown 0s | Increases summoned characters' Basic Attacks and Basic Defenses by 60%, Increases HP by 10%, increases duration of summoned characters by 50%. | Evil Persuasion | Cooldown 0s | Increases All Speeds by 15%. | Increases Skill damage by 35%, increases Bonus Damage by 25%.",,Basic Damage Dealt to Heroes 11% 0.2% | Basic Damage Dealt to Villains 11% 0.2% | Basic Damage Dealt to Heroes 14% 0.3% | Basic Damage Dealt to Villains 14% 0.3% | Basic Damage Dealt to Heroes 17% 0.4% | Basic Damage Dealt to Villains 17% 0.4% | Basic Damage Dealt to Heroes 20% 0.5% | Basic Damage Dealt to Villains 20% 0.5%,https://thanosvibs.money/api/characters/ebonymaw/skills
ebonymaw,Ebony Maw,Marvel Studios' Avengers: Infinity War,Mind Trap | Target: All Allies | Cooldown 0s | 40% increase of Energy Attack.,"Black Guards | Cooldown 0s | Increases summoned characters' Basic Attacks and Basic Defenses by 60%, Increases HP by 10%, increases duration of summoned characters by 50%. | Evil Persuasion | Cooldown 0s | Increases All Speeds by 15%. | Increases Skill damage by 35%, increases Bonus Damage by 25%.",Marvel Studios' Avengers: Infinity War | Target: All Allies | Cooldown 0s | Increases basic damage dealt to Universal types by 25%. | Decreases basic damage received from Universal types by 25%.,Basic Damage Dealt to Heroes 11% 0.2% | Basic Damage Dealt to Villains 11% 0.2% | Basic Damage Dealt to Heroes 14% 0.3% | Basic Damage Dealt to Villains 14% 0.3% | Basic Damage Dealt to Heroes 17% 0.4% | Basic Damage Dealt to Villains 17% 0.4% | Basic Damage Dealt to Heroes 20% 0.5% | Basic Damage Dealt to Villains 20% 0.5%,https://thanosvibs.money/api/characters/ebonymaw1/skills
ebonymaw,Ebony Maw,Dark Obsidian Armor,Mind Trap | Target: All Allies | Cooldown 0s | 50% increase of Energy Attack.,"Black Guards | Cooldown 0s | Decreases basic damage received by 30%. | Increases Mind Damage by 30%. | Evil Persuasion | Cooldown 0s | Increases Skill damage by 40%, increases Bonus Damage by 30%. | Increases basic damage dealt to Villain faction by 30%. | Increases basic damage dealt to Hero faction by 50%.",Dark Obsidian Armor | Target: All Allies | Cooldown 0s | Increases basic damage dealt to Universal types by 35%. | Decreases basic damage received from Universal types by 35%.,Basic Damage Dealt to Heroes 11% 0.2% | Basic Damage Dealt to Villains 11% 0.2% | Basic Damage Dealt to Heroes 14% 0.3% | Basic Damage Dealt to Villains 14% 0.3% | Basic Damage Dealt to Heroes 17% 0.4% | Basic Damage Dealt to Villains 17% 0.4% | Basic Damage Dealt to Heroes 20% 0.5% | Basic Damage Dealt to Villains 20% 0.5%,https://thanosvibs.money/api/characters/ebonymaw2/skills
ebonymaw,Ebony Maw,General's Hand,Mind Trap | Target: All Allies | Cooldown 0s | 50% increase of Energy Attack.,"Voice of Darkness | Cooldown 0s | Decreases basic damage received by 40%. | Increases Mind Damage by 30%. | Super Armor, increases all Basic Defenses by 30%. | Evil Persuasion | Cooldown 0s | Increases Skill damage by 45%, increases Bonus Damage by 35%. | Increases basic damage dealt to Villain faction by 30%. | Increases basic damage dealt to Hero faction by 50%.",General's Hand | Target: All Allies | Cooldown 0s | Increases basic damage dealt to Universal types by 40%. | Decreases basic damage received from Universal types by 35%.,Basic Damage Dealt to Heroes 11% 0.2% | Basic Damage Dealt to Villains 11% 0.2% | Basic Damage Dealt to Heroes 14% 0.3% | Basic Damage Dealt to Villains 14% 0.3% | Basic Damage Dealt to Heroes 17% 0.4% | Basic Damage Dealt to Villains 17% 0.4% | Basic Damage Dealt to Heroes 20% 0.5% | Basic Damage Dealt to Villains 20% 0.5%,https://thanosvibs.money/api/characters/ebonymaw3/skills
electro,Electro,Modern,"Sinister Six | Target: Sinister Six Allies | Cooldown 0s | Increases all Basic Attacks by 40%, all Basic Defenses by 40%, and all Speeds by 10%.","Unstable Current | Target: All Allies | Cooldown 0s | Increases Lightning Damage by 15%. | Acquires the following effect for $TIME sec. | 70% chance to become immune to Lightning Damage. | Dodge Rate increases by 15%. | High Voltage | Cooldown 0s | Increases Skill damage by 30%, increases Bonus Damage by 30%. | Increases Guaranteed Dodge Rate by 20%",,,https://thanosvibs.money/api/characters/electro/skills
electro,Electro,Spider-Man: No Way Home,"Sinister Six | Target: Sinister Six Allies | Cooldown 0s | Increases all Basic Attacks by 60%, all Basic Defenses by 60%, and all Speeds by 15%.","Electric Battlefield | Target: All Allies | Cooldown 0s | Increases Lightning Damage by 30%. | Acquires the following effect for $TIME sec. | Increases basic damage dealt to Hero faction by 30%. | Decreases basic damage received from Hero faction by 30%. | High Voltage | Cooldown 0s | Increases Skill damage by 30%, increases Bonus Damage by 30%. | Increases Guaranteed Dodge Rate by 20%","Spider-Man: No Way Home | Cooldown 0s | Excluding bosses, ignores enemy's damage decrease by 30%. | Increases damage dealt to targets with 108 effect by 90% | Decreases basic damage received by 25%.",,https://thanosvibs.money/api/characters/electro1/skills
elektra,Elektra,Classic,Master Assassin | Target: All Allies | Cooldown 0s | Increases All Speeds by 6%.,"Assassin’s Instinct | Cooldown 0s | Critical Rate increases by 10%. | Revived Assassin | Cooldown 0s | Increases Skill damage by 25%, increases Bonus Damage by 20%. | Increases Guaranteed Dodge Rate by 20% | Increases Guaranteed Critical Rate by 20%",,,https://thanosvibs.money/api/characters/elektra/skills
elektra,Elektra,Marvel Studios' Daredevil,Master Assassin | Target: All Allies | Cooldown 0s | Increases All Speeds by 6%.,"Assassin’s Instinct | Cooldown 0s | Critical Rate increases by 10%. | Revived Assassin | Cooldown 0s | Increases Skill damage by 25%, increases Bonus Damage by 20%. | Increases Guaranteed Dodge Rate by 20% | Increases Guaranteed Critical Rate by 20%",Marvel Studios' Daredevil | Activation: when skill Throwing Sais is used | Cooldown 2s | Increases All Speeds by 10%. | Critical Damage increases by 15%.,,https://thanosvibs.money/api/characters/elektra1/skills
elektra,Elektra,Woman Without Fear,Master Assassin | Target: All Allies | Cooldown 0s | Increases All Speeds by 6%.,"Demonic Senses | Activation: 33 % rate when hit | Cooldown 15s | Grants 75% Invisibility, Dodge 15% ↑. | Recovers 6% of HP. | Revived Assassin | Cooldown 0s | Increases Skill damage by 25%, increases Bonus Damage by 20%. | Increases Guaranteed Dodge Rate by 35% | Increases Guaranteed Critical Rate by 20%",Woman Without Fear | Cooldown 0s | Critical Rate increases by 33%. | Critical Damage increases by 33%. | Decreases basic damage received by 33%.,,https://thanosvibs.money/api/characters/elektra2/skills
elektra,Elektra,Elektra,Master Assassin | Target: All Allies | Cooldown 0s | Increases All Speeds by 6%.,"Demonic Senses | Activation: 33 % rate when hit | Cooldown 15s | Grants 75% Invisibility, Dodge 15% ↑. | Recovers 9% of HP. | Revived Assassin | Cooldown 0s | Increases Skill damage by 40%, increases Bonus Damage by 35%. | Increases Guaranteed Dodge Rate by 35% | Increases Guaranteed Critical Rate by 20%",Elektra | Cooldown 0s | Critical Rate increases by 35%. | Critical Damage increases by 35%. | Decreases basic damage received by 33%.,,https://thanosvibs.money/api/characters/elektra3/skills
emmafrost,Emma Frost,Modern,Psionic Shield | Target: All Allies | Cooldown 0s | Decreases Debuff Duration by 24%.,"Mind Cloaking | Cooldown 0s | Increases Guaranteed Dodge Rate by 20% | Mind of a Queen | Cooldown 0s | Increases Mind Damage by 40%. | Increases Mind Resist by 60%. | 100% chance to penetrate with Shield, Barrier effect.",,,https://thanosvibs.money/api/characters/emmafrost/skills
emmafrost,Emma Frost,Marvel NOW!,Psionic Shield | Target: All Allies | Cooldown 0s | Decreases Debuff Duration by 24%.,"Mind Cloaking | Cooldown 0s | Increases Guaranteed Dodge Rate by 20% | Mind of a Queen | Cooldown 0s | Increases Mind Damage by 40%. | Increases Mind Resist by 60%. | 100% chance to penetrate with Shield, Barrier effect.",Marvel NOW! | Activation: 35 % chance when attacking | Cooldown 15s | Incapacitation (Removes Active Buffs from target),,https://thanosvibs.money/api/characters/emmafrost1/skills
emmafrost,Emma Frost,Phoenix Five,Psionic Shield | Target: All Allies | Cooldown 0s | Decreases Debuff Duration by 24%.,"Mind Cloaking | Cooldown 0s | Increases Guaranteed Dodge Rate by 20% | Mind of a Queen | Cooldown 0s | Increases Flame Damage by 40%. | Increases Mind Resist by 60%. | 100% chance to penetrate with Shield, Barrier effect.",Phoenix Five | Activation: 35 % chance when attacking | Cooldown 0s | 10% increase of Energy Attack. | Acquires the following effect for $TIME sec. | Incapacitation (Removes Active Buffs from target),,https://thanosvibs.money/api/characters/emmafrost2/skills
emmafrost,Emma Frost,Hellfire Gala,Psionic Shield | Target: All Allies | Cooldown 0s | Decreases Debuff Duration by 24%.,"Mind Cloaking | Cooldown 0s | Increases Guaranteed Dodge Rate by 30% | Increases Skill damage by 20%, increases Bonus Damage by 10%. | 40% increase of MAX HP. | Mind of a Queen | Cooldown 0s | Increases Mind Damage by 50%. | 100% chance to become immune to Mind Damage. | 60% chance to penetrate with Invincible, All Damage Immune, Shield, Barrier, Super Armor effect.",Hellfire Gala | Activation: 50 % chance when attacking | Cooldown 0s | 20% increase of Energy Attack. | Acquires the following effect for $TIME sec. | Incapacitation (Removes Active Buffs from target),,https://thanosvibs.money/api/characters/emmafrost3/skills
emmafrost,Emma Frost,Summer Queen,Psionic Shield | Target: All Allies | Cooldown 0s | Decreases Debuff Duration by 24%.,"Mind Cloaking | Cooldown 0s | Increases Guaranteed Dodge Rate by 30% | Increases Skill damage by 25%, increases Bonus Damage by 20%. | 40% increase of MAX HP. | Mind of a Queen | Cooldown 0s | Increases Mind Damage by 50%. | 100% chance to become immune to Mind Damage. | 60% chance to penetrate with Invincible, All Damage Immune, Shield, Barrier, Super Armor effect.","Summer Queen | Cooldown 0s | 20% increase of Energy Attack. | Super Armor, increases all Basic Defenses by 20%. | Immunity to Incapacitation Effect.",,https://thanosvibs.money/api/characters/emmafrost4/skills
enchantress,Enchantress,Modern,Entice | Target: All Allies | Cooldown 0s | Increases All Debuffs effect by 25%.,"Spellbound | Activation: when skill Maiden's Farewell is used | Cooldown 1s | Charm: Deals 25% Mind Damage every 1 sec, Recovery equal to 50% of DOT Damage. (Up to 30% of Max HP) | Asgardian Goddess | Cooldown 0s | Increases Skill damage by 30%, increases Bonus Damage by 20%. | Increases Guaranteed Dodge Rate by 18%",,,https://thanosvibs.money/api/characters/enchantress/skills
enchantress,Enchantress,Summer Days,Entice | Target: All Allies | Cooldown 0s | Increases All Debuffs effect by 40%.,"Spellbound | Target: All Allies | Cooldown 0s | Increases Mind Damage by 30%. | Asgardian Goddess | Cooldown 0s | Increases Skill damage by 30%, increases Bonus Damage by 25%. | Increases Guaranteed Dodge Rate by 25%",Summer Days | Cooldown 0s | Increases all Basic Attacks by 10%,,https://thanosvibs.money/api/characters/enchantress1/skills
enchantress,Enchantress,War of the Realms,Entice | Target: All Allies | Cooldown 0s | Increases All Debuffs effect by 40%.,"Mystic Morale | Target: All Allies | Cooldown 0s | Increases Mind Damage by 30%. | Increases Mind Resist by 20%. | Asgardian Goddess | Cooldown 0s | Increases Skill damage by 35%, increases Bonus Damage by 40%. | Increases Guaranteed Dodge Rate by 25%",War of the Realms | Target: Super Villain Allies | Cooldown 0s | Increases all Basic Attacks by 20% | Increases basic damage dealt to boss types by 40%.,,https://thanosvibs.money/api/characters/enchantress2/skills
falcon,Falcon,Marvel Studios' Captain America: The Winter Soldier,Loyal Ally | Target: All Allies | Cooldown 0s | Dodge Rate increases by 6%.,Survival Training | Cooldown 0s | Increases All Speeds by 1.5%. | Defense Increase | Activation: 25 % rate when hit | Cooldown 15s | 100% chance to grant All Damage Immunity,,,https://thanosvibs.money/api/characters/falcon/skills
falcon,Falcon,All-New Captain America,Loyal Ally | Target: All Allies | Cooldown 0s | Dodge Rate increases by 6%.,Survival Training | Cooldown 0s | Increases All Speeds by 1.5%. | Defense Increase | Activation: 25 % rate when hit | Cooldown 15s | 100% chance to grant All Damage Immunity,All-New Captain America | Activation: 25 % chance when attacking | Cooldown 5s | Physical Damage: 58% of Physical Attack. Additional 0 Physical Damage.,,https://thanosvibs.money/api/characters/falcon1/skills
falcon,Falcon,Marvel Studios' Captain America: Civil War,Loyal Ally | Target: All Allies | Cooldown 0s | Dodge Rate increases by 6%.,Survival Training | Cooldown 0s | Increases All Speeds by 1.5%. | Defense Increase | Activation: 25 % rate when hit | Cooldown 15s | 100% chance to grant All Damage Immunity,Marvel Studios' Captain America: Civil War | Activation: 25 % chance when attacking | Cooldown 5s | Physical Damage: 58% of Physical Attack. Additional 0 Physical Damage.,,https://thanosvibs.money/api/characters/falcon2/skills
falcon,Falcon,Marvel Legacy,Loyal Ally | Target: All Allies | Cooldown 0s | Dodge Rate increases by 6%.,Survival Training | Cooldown 0s | Increases All Speeds by 1.5%. | Defense Increase | Activation: 25 % rate when hit | Cooldown 15s | 100% chance to grant All Damage Immunity,Marvel Legacy | Activation: 40 % chance when attacking | Cooldown 3s | Physical Damage: 58% of Physical Attack. Additional 0 Physical Damage.,,https://thanosvibs.money/api/characters/falcon3/skills
falcon,Falcon,Marvel Studios' The Falcon and the Winter Soldier,Loyal Ally | Target: All Allies | Cooldown 0s | Dodge Rate increases by 15%.,Survival Training | Cooldown 0s | Increases Guaranteed Dodge Rate by 30% | Defense Increase | Activation: when dodging | Cooldown 8s | Removes all Debuffs. | Recovers 30% of HP. | 40% increase of Physical Attack.,"Marvel Studios' The Falcon and the Winter Soldier | Cooldown 0s | Increases Skill damage by 35%, increases Bonus Damage by 45%. | Increases Chain Hit damage by 10% when attacking.",,https://thanosvibs.money/api/characters/falcon4/skills
falcon,Falcon,What If... Zombies?!,Loyal Ally | Target: All Allies | Cooldown 0s | Dodge Rate increases by 15%.,Hero Meat.. Villain Meat.. | Target: Zombie Allies | Cooldown 0s | Increases basic damage dealt to Hero faction by 50%. | Increases basic damage dealt to Villain faction by 50%. | Defense Increase | Activation: when dodging | Cooldown 8s | Removes all Debuffs. | Recovers 30% of HP. | 40% increase of Physical Attack.,"What If... Zombies?! | Cooldown 0s | Increases Skill damage by 40%, increases Bonus Damage by 45%. | Increases Chain Hit damage by 10% when attacking. | Increases Guaranteed Dodge Rate by 30%",,https://thanosvibs.money/api/characters/falcon5/skills
falcon,Falcon,Marvel Studios' Captain America: Brave New World,Loyal Ally | Target: All Allies | Cooldown 0s | Dodge Rate increases by 15%.,"New Captain America | Cooldown 0s | Decreases basic damage received by 25%. | Increases basic damage dealt to Villain faction by 50%. | Great Diligence | Cooldown 0s | Increases Guaranteed Dodge Rate by 30% | Increases Skill damage by 40%, increases Bonus Damage by 45%.",Marvel Studios' Captain America: Brave New World | Cooldown 0s | 40% increase of Physical Attack. | Increases Chain Hit damage by 15% when attacking. | Ignores target's Dodge Rate by 20%.,,https://thanosvibs.money/api/characters/falcon6/skills
fandral,Fandral,Modern,Quick Draw | Target: All Allies | Cooldown 0s | Increases All Speeds by 9%.,Parry Stance | Activation: 15 % chance when attacking | Cooldown 20s | Increases basic damage by 135% for 2 attack(s). | Countermeasure | Cooldown 0s | Increases Guaranteed Dodge Rate by 30%,,,https://thanosvibs.money/api/characters/fandral/skills
fantomex,Fantomex,X-Force,Novel Idea | Target: All Allies | Cooldown 0s | Increases All Speeds by 6%.,"Weapon XIII | Activation: when HP is below 99 % | Cooldown 2s | Recovers 3% of HP. | Super Armor, increases all Basic Defenses by 5%. | Increases Mind Resist by 50%. | Special Ceramic Bullets | Cooldown 0s | Increases basic damage dealt to Mutant characters by 65%.",,,https://thanosvibs.money/api/characters/fantomex/skills
gamora,Gamora,Guardians of the Galaxy,Most Dangerous Woman | Target: Speed Type Allies | Cooldown 0s | Attack Speed increases by 13.5%.,"Skilled Assassin | Activation: 5 % chance when attacking | Cooldown 20s | Bleed: Deals additional 30% Damage every 1 sec. (Removes Elasticity) | Battle Cry | Cooldown 0s | Increases Skill damage by 42%, increases Bonus Damage by 30%. | Increases Guaranteed Dodge Rate by 35%",,,https://thanosvibs.money/api/characters/gamora/skills
gamora,Gamora,"All-New, All-Different",Most Dangerous Woman | Target: Speed Type Allies | Cooldown 0s | Attack Speed increases by 13.5%.,"Skilled Assassin | Activation: 5 % chance when attacking | Cooldown 20s | Bleed: Deals additional 40% Damage every 1 sec. (Removes Elasticity) | Battle Cry | Cooldown 0s | Increases Skill damage by 42%, increases Bonus Damage by 30%. | Increases Guaranteed Dodge Rate by 35%",,,https://thanosvibs.money/api/characters/gamora1/skills
gamora,Gamora,Guardians of the Galaxy 2,Most Dangerous Woman | Target: Speed Type Allies | Cooldown 0s | Attack Speed increases by 13.5%.,"Skilled Assassin | Activation: 5 % chance when attacking | Cooldown 20s | Bleed: Deals additional 30% Damage every 1 sec. (Removes Elasticity) | Battle Cry | Cooldown 0s | Increases Skill damage by 42%, increases Bonus Damage by 30%. | Increases Guaranteed Dodge Rate by 35%",Guardians of the Galaxy 2 | Cooldown 0s | 30% Ignore Defense,,https://thanosvibs.money/api/characters/gamora2/skills
gamora,Gamora,Requiem,Assassination Technique | Target: Speed Type Allies | Cooldown 0s | 55% increase of Physical Attack. | Increases All Speeds by 6%.,"Skilled Assassin | Target: Self | Activation: when attacking | Cooldown 5s | Bleed: Deals additional 40% Damage every 1 sec. (Removes Elasticity) | Silence | Cosmic Enforcer | Cooldown 0s | Increases Skill damage by 45%, increases Bonus Damage by 35%. | Increases basic damage dealt to Hero faction by 45%. | Increases basic damage dealt to Villain faction by 45%.",Requiem | Cooldown 0s | Increases Guaranteed Dodge Rate by 35% | Increases Guaranteed Critical Rate by 30% | Critical Damage increases by 25%.,,https://thanosvibs.money/api/characters/gamora3/skills
gamora,Gamora,Marvel Studios' Guardians of the Galaxy 3,Assassination Technique | Target: Speed Type Allies | Cooldown 0s | 60% increase of Physical Attack. | Increases All Speeds by 6%.,"Skilled Assassin | Target: Self | Activation: when attacking | Cooldown 5s | Bleed: Deals additional 40% Damage every 1 sec. (Removes Elasticity) | Silence | Cosmic Enforcer | Cooldown 0s | Increases Skill damage by 45%, increases Bonus Damage by 35%. | Increases basic damage dealt to Hero faction by 45%. | Increases basic damage dealt to Villain faction by 45%.",Marvel Studios' Guardians of the Galaxy 3 | Cooldown 0s | Increases Guaranteed Dodge Rate by 35% | Increases Guaranteed Critical Rate by 30% | Critical Damage increases by 35%.,,https://thanosvibs.money/api/characters/gamora4/skills
gamora,Gamora,Wastelanders,Assassination Technique | Target: Speed Type Allies | Cooldown 0s | 60% increase of Physical Attack. | Increases All Speeds by 6%.,"Skilled Assassin | Target: Self | Activation: when attacking | Cooldown 5s | Bleed: Deals additional 40% Damage every 1 sec. (Removes Elasticity) | Silence | Cosmic Enforcer | Cooldown 0s | Increases Skill damage by 45%, increases Bonus Damage by 45%. | Increases basic damage dealt to Hero faction by 45%. | Increases basic damage dealt to Villain faction by 45%.",Wastelanders | Cooldown 0s | Increases Guaranteed Dodge Rate by 35% | Increases Guaranteed Critical Rate by 35% | Critical Damage increases by 35%.,,https://thanosvibs.money/api/characters/gamora5/skills
ghost,Ghost,Modern,Proficient Scientist | Target: Machine Allies | Cooldown 0s | Increases all Basic Attacks by 50%,Invisible Ghost | Activation: when hit | Cooldown 10s | 60% chance to become immune to Physical Damage. | GhostTech | Target: Super Villain Allies | Cooldown 0s | 10% increase of Energy Attack.,,,https://thanosvibs.money/api/characters/ghost/skills
ghost,Ghost,Marvel Studios' Ant-Man and the Wasp,Proficient Scientist | Target: Machine Allies | Cooldown 0s | Increases all Basic Attacks by 50%,Invisible Ghost | Activation: when hit | Cooldown 10s | 100% chance to become immune to Physical Damage. | GhostTech | Target: All Allies | Cooldown 0s | 20% increase of Energy Attack.,,,https://thanosvibs.money/api/characters/ghost1/skills
ghost,Ghost,Marvel Studios' Thunderbolts*,Proficient Scientist | Target: Machine Allies | Cooldown 0s | Increases all Basic Attacks by 50%,"Invisible Ghost | Activation: when hit | Cooldown 10s | 100% chance to become immune to Physical Damage. | Ghost Curse | Cooldown 0s | Ignores target's Dodge Rate by 30%. | Increases Skill damage by 45%, increases Bonus Damage by 35%. | Decreases basic damage received by 25%.",Marvel Studios' Thunderbolts* | Target: Thunderbolts Allies Only | Activation: when debuffed | Cooldown 20s | Removes all Debuffs.,,https://thanosvibs.money/api/characters/ghost2/skills
ghostpanther,Ghost Panther,Infinity Warps,Fiery Spirit | Target: All Allies | Cooldown 0s | Critical Rate increases by 15%. | Increases Flame Damage by 30%.,"Eternal Flame | Cooldown 0s | 90% chance to become immune to Flame Damage. | Decreases Physical Damage Received by 30%. | Super Armor, increases all Basic Defenses by 5%. | Avenging Fire | Target: All Allies | Cooldown 0s | Increases basic damage dealt to Villain faction by 45%. | Decreases basic damage received from Villain faction by 15%. | Increases Flame Damage by 50%.",,,https://thanosvibs.money/api/characters/ghostpanther/skills
ghostriderrobbiereyes,Ghost Rider (Robbie Reyes),Marvel NOW!,Fiery Offense | Target: All Allies | Cooldown 0s | Ignores target's Dodge Rate by 50%.,"Flame Retardant | Cooldown 0s | 80% chance to become immune to Flame Damage. | All-New Ghost Rider | Cooldown 0s | Increases Guaranteed Dodge Rate by 20% | Increases Guaranteed Critical Rate by 25% | Increases Skill damage by 18%, increases Bonus Damage by 15%.",,Fire Damage by % Fire Resist 20% 0.2% 7 | Fire Damage 8% 0.2% 7 | Fire Damage by % Fire Resist 23% 0.3% 8 | Fire Damage 10% 0.2% 8 | Fire Damage by % Fire Resist 26% 0.4% 9 | Fire Damage 12% 0.2% 9 | Fire Damage by % Fire Resist 30% 0.5% 10 | Fire Damage 15% 0.2% 10,https://thanosvibs.money/api/characters/robbiereyes/skills
ghostriderrobbiereyes,Ghost Rider (Robbie Reyes),Lord of Vengeance,Fiery Offense | Target: All Allies | Cooldown 0s | Ignores target's Dodge Rate by 50%.,"Hellfire Charge | Target: Flame Allies | Cooldown 0s | 80% chance to become immune to Flame Damage. | Increases Flame Resist by 60%. | Increases Flame Damage by 30%. | All-New Ghost Rider | Cooldown 0s | Increases Guaranteed Dodge Rate by 30% | Increases Guaranteed Critical Rate by 35% | Increases Skill damage by 25%, increases Bonus Damage by 25%.",Lord of Vengeance | Cooldown 0s | Increases Chain Hit damage by 10% when attacking. | Increases basic damage dealt to Villain faction by 60%. | Decreases basic damage received from Villain faction by 70%.,Fire Damage by % Fire Resist 20% 0.2% 7 | Fire Damage 8% 0.2% 7 | Fire Damage by % Fire Resist 23% 0.3% 8 | Fire Damage 10% 0.2% 8 | Fire Damage by % Fire Resist 26% 0.4% 9 | Fire Damage 12% 0.2% 9 | Fire Damage by % Fire Resist 30% 0.5% 10 | Fire Damage 15% 0.2% 10,https://thanosvibs.money/api/characters/robbiereyes1/skills
giantman,Giant-Man,Modern,Larger than Life | Target: All Allies | Cooldown 0s | 30% increase of HP.,"Increase | Activation: 30 % chance when attacking | Cooldown 30s | Increases character size by 35%, all Basic Attacks by 15% ^, all Basic Defenses by 15%. | 30% increase of Movement Speed. | Colossal | Activation: when using ENLARGE buff | Cooldown 25s | Increases Skill damage by 15%, increases Bonus Damage by 13%. | Decreases Physical Damage Received by 15%. | Decreases Energy Damage Received by 15%.",,,https://thanosvibs.money/api/characters/giantman/skills
giantman,Giant-Man,Modern · Goliath,Larger than Life | Target: All Allies | Cooldown 0s | 30% increase of HP.,"Increase | Activation: 30 % chance when attacking | Cooldown 30s | Increases character size by 35%, all Basic Attacks by 15% ^, all Basic Defenses by 15%. | 30% increase of Movement Speed. | Colossal | Activation: when using ENLARGE buff | Cooldown 25s | Increases Skill damage by 15%, increases Bonus Damage by 13%. | Decreases Physical Damage Received by 15%. | Decreases Energy Damage Received by 15%.",Modern | Activation: when using ENLARGE buff | Cooldown 30s | Increases all Basic Attacks by 10% | Increases all Basic Defenses by 10%.,,https://thanosvibs.money/api/characters/giantman1/skills
giantman,Giant-Man,Ultron Pym,Larger than Life | Target: All Allies | Cooldown 0s | 30% increase of HP.,"Increase | Activation: 30 % chance when attacking | Cooldown 30s | Increases character size by 35%, all Basic Attacks by 15% ^, all Basic Defenses by 15%. | 30% increase of Movement Speed. | Colossal | Activation: when using ENLARGE buff | Cooldown 25s | Increases Skill damage by 15%, increases Bonus Damage by 13%. | Decreases Physical Damage Received by 15%. | Decreases Energy Damage Received by 15%.",Ultron Pym | Activation: when using ENLARGE buff | Cooldown 30s | Increases all Basic Attacks by 10% | Increases all Basic Defenses by 10%.,,https://thanosvibs.money/api/characters/giantman2/skills
gladiator,Gladiator,Modern,March of the Praetor | Target: All Allies | Cooldown 0s | Increases all Basic Attacks by 55%,"Majestor's Might | Cooldown 0s | Super Armor, increases all Basic Defenses by 40%. | Increases Skill damage by 30%, increases Bonus Damage by 40%. | Decreases basic damage received by 40%. | Strength of Chandilar | Activation: when HP is below 99 % | Cooldown 1s | Recovers 5% of HP.",,,https://thanosvibs.money/api/characters/gladiator/skills
gladiator,Gladiator,Thanos: The Infinity Revelation,March of the Praetor | Target: All Allies | Cooldown 0s | Increases all Basic Attacks by 60%,"Imperial Guard Armor | Cooldown 0s | Super Armor, increases all Basic Defenses by 40%. | Increases Skill damage by 50%, increases Bonus Damage by 45%. | Decreases basic damage received by 40%. | Confidence Regained | Activation: when HP is below 99 % | when HP is below 40 % | Cooldown 1s | Recovers 5% of HP. | Acquires the following effect for $TIME sec. | Recovers 50% of HP.",Thanos: The Infinity Revelation | Cooldown 0s | Increases Chain Hit damage by 15% when attacking. | Ignores target's Dodge Rate by 35%.,,https://thanosvibs.money/api/characters/gladiator1/skills
goliath,Goliath,Classic,Bill’s Will | Target: All Allies | Cooldown 0s | 45% increase of Physical Attack.,"Pym Particle Activation | Cooldown 0s | Super Armor, increases all Basic Defenses by 10%. | Another Giant-Man | Cooldown 0s | Increases Skill damage by 32%, increases Bonus Damage by 15%. | Decreases basic damage received by 30%.",,,https://thanosvibs.money/api/characters/goliath/skills
gorgon,Gorgon,War of Kings,Upliftment | Target: All Allies | Cooldown 0s | 45% increase of Physical Attack.,"Reckless Rush | Cooldown 0s | Increases All Speeds by 7%. | Super Armor, increases all Basic Defenses by 10%. | High Horse Warrior | Cooldown 0s | Increases Skill damage by 20%, increases Bonus Damage by 15%. | Decreases basic damage received by 15%.",,,https://thanosvibs.money/api/characters/gorgon/skills
gorillaman,Gorilla-Man,Modern,Going Gorilla | Target: All Allies | Cooldown 0s | Increases All Speeds by 6%.,Ape Instinct | Cooldown 0s | 50% increase of HP. | Immortal Curse | Cooldown 0s | Decreases basic damage received by 30%. | Increases Guaranteed Critical Rate by 30%,,,https://thanosvibs.money/api/characters/gorillaman/skills
greengoblin,Green Goblin,Classic,The Goblin King | Target: All Allies | Cooldown 0s | Increases Poison Resist by 50%.,Goblin Suit | Cooldown 0s | Immunity to POISON Effect. | Immunity to SNARE Effect. | Expert Glider | Cooldown 0s | Increases Guaranteed Dodge Rate by 30% | Increases Poison Damage by 45%.,,,https://thanosvibs.money/api/characters/greengoblin/skills
greengoblin,Green Goblin,Ultimate,The Goblin King | Target: All Allies | Cooldown 0s | Increases Flame Resist by 50%.,"Goblin Suit | Cooldown 0s | Immunity to POISON Effect. | Immunity to SNARE Effect. | OZ Formula | Cooldown 0s | Super Armor, increases all Basic Defenses by 15%. | Increases Flame Damage by 35%.",Ultimate | Activation: 82 % rate when hit | Cooldown 8s | 100% chance to grant All Damage Immunity,,https://thanosvibs.money/api/characters/greengoblin1/skills
greengoblin,Green Goblin,Dark Avengers,The Goblin King | Target: Dark Avengers Allies | Cooldown 0s | Increases all Basic Attacks by 60%,"Goblin Suit | Cooldown 0s | 30% increase of Energy Attack. | Increases Skill damage by 25%, increases Bonus Damage by 15%. | OZ Formula | Target: Dark Avengers Allies | Cooldown 0s | Increases basic damage dealt to Villain faction by 40%. | Increases basic damage dealt to Hero faction by 40%.",Dark Avengers | Cooldown 0s | Increases Chain Hit damage by 10% when attacking.,,https://thanosvibs.money/api/characters/greengoblin2/skills
greengoblin,Green Goblin,Spider-Man: No Way Home,True Goblin | Target: All Allies | Cooldown 0s | Increases all Basic Attacks by 40% | Ignores target's Dodge Rate by 40%.,"Goblin Suit | Cooldown 0s | 30% increase of Energy Attack. | Increases Skill damage by 25%, increases Bonus Damage by 15%. | OZ Formula | Target: Super Villain Allies | Cooldown 0s | Increases basic damage dealt to Villain faction by 45%. | Increases basic damage dealt to Hero faction by 45%.",Spider-Man: No Way Home | Cooldown 0s | Increases Chain Hit damage by 15% when attacking.,,https://thanosvibs.money/api/characters/greengoblin3/skills
greengoblin,Green Goblin,Red Goblin,True Goblin | Target: All Allies | Cooldown 0s | Increases all Basic Attacks by 40% | Ignores target's Dodge Rate by 40%.,"Goblin Suit | Cooldown 0s | 30% increase of Energy Attack. | Increases Skill damage by 25%, increases Bonus Damage by 15%. | OZ Formula | Target: Super Villain Allies | Cooldown 0s | Increases basic damage dealt to Villain faction by 45%. | Increases basic damage dealt to Hero faction by 45%.",Red Goblin | Cooldown 0s | Increases Chain Hit damage by 15% when attacking. | Increases Flame Damage by 10%.,,https://thanosvibs.money/api/characters/greengoblin4/skills
greengoblin,Green Goblin,Gold Goblin,True Goblin | Target: All Allies | Cooldown 0s | Increases all Basic Attacks by 40% | Ignores target's Dodge Rate by 40%.,"Goblin Suit | Cooldown 0s | 30% increase of Energy Attack. | Increases Skill damage by 30%, increases Bonus Damage by 25%. | OZ Formula | Target: Super Hero Allies | Cooldown 0s | Increases basic damage dealt to Villain faction by 45%. | Increases basic damage dealt to Hero faction by 45%.",Gold Goblin | Cooldown 0s | Increases Chain Hit damage by 20% when attacking. | Increases Poison Damage by 10%.,,https://thanosvibs.money/api/characters/greengoblin5/skills
groot,Groot,Guardians of the Galaxy,I Am Groot! | Target: Combat Type Allies | Cooldown 0s | 45% increase of Physical Defense.,Growth | Activation: when dead | Cooldown 300s | Revive with 50% of Max HP | Bloom | Target: All Allies | Activation: 25 % rate when hit | Cooldown 15s | Recovers 20% of HP.,,,https://thanosvibs.money/api/characters/groot/skills
groot,Groot,Secret Wars: Thors,I Am Groot! | Target: Universal Type Allies | Cooldown 0s | 45% increase of Physical Defense.,Growth | Activation: when dead | Cooldown 300s | Revive with 50% of Max HP | Bloom | Target: All Allies | Activation: 25 % rate when hit | Cooldown 15s | Recovers 20% of HP.,Secret Wars: Thors | Cooldown 0s | 100% chance to become immune to Lightning Damage.,,https://thanosvibs.money/api/characters/groot1/skills
groot,Groot,Guardians of the Galaxy 2,I Am Groot! | Target: Speed Type Allies | Cooldown 0s | 45% increase of Physical Defense.,Growth | Activation: when dead | Cooldown 300s | Revive with 50% of Max HP | Bloom | Target: All Allies | Activation: 25 % rate when hit | Cooldown 15s | Recovers 20% of HP.,Guardians of the Galaxy 2 | Cooldown 0s | Dodge Rate increases by 7%. | 15% increase of Recovery Rate.,,https://thanosvibs.money/api/characters/groot2/skills
groot,Groot,Marvel Studios' Avengers: Infinity War,I Am Groot! | Target: Combat Type Allies | Cooldown 0s | 45% increase of Physical Defense.,Growth | Activation: when dead | Cooldown 300s | Revive with 50% of Max HP | Bloom | Target: All Allies | Activation: 25 % rate when hit | Cooldown 15s | Recovers 20% of HP.,Marvel Studios' Avengers: Infinity War | Cooldown 0s | 15% Ignore Defense | 15% increase of Recovery Rate.,,https://thanosvibs.money/api/characters/groot3/skills
groot,Groot,Snowflake Festival,I Am Groot! | Target: Speed Type Allies | Cooldown 0s | 45% increase of Physical Defense.,Growth | Activation: when dead | Cooldown 300s | Revive with 50% of Max HP | Bloom | Target: All Allies | Activation: 25 % rate when hit | Cooldown 15s | Recovers 20% of HP.,"Snowflake Festival | Cooldown 0s | Increases Skill damage by 30%, increases Bonus Damage by 15%. | 30% increase of Recovery Rate.",,https://thanosvibs.money/api/characters/groot4/skills
groot,Groot,Marvel Studios' Guardians of the Galaxy 3,Flora Bark | Target: Combat Type Allies | Cooldown 0s | 45% increase of Physical Defense.,Growth | Activation: when dead | Cooldown 300s | Revive with 60% of Max HP | Bloom | Target: Guardians of the Galaxy Allies | Cooldown 0s | Increases basic damage dealt to boss types by 40%. | Acquires the following effect for $TIME sec.,"Marvel Studios' Guardians of the Galaxy 3 | Cooldown 0s | Increases Skill damage by 35%, increases Bonus Damage by 35%. | 30% increase of Recovery Rate. | Increases all Basic Attacks by 30%",,https://thanosvibs.money/api/characters/groot5/skills
groot,Groot,Planet X Palm,Flora Bark | Target: Combat Type Allies | Cooldown 0s | 45% increase of Physical Defense.,Growth | Activation: when dead | Cooldown 300s | Revive with 60% of Max HP | Bloom | Target: Alien Allies | Cooldown 0s | Increases basic damage dealt to boss types by 45%. | Acquires the following effect for $TIME sec.,"Planet X Palm | Cooldown 0s | Increases Skill damage by 40%, increases Bonus Damage by 40%. | 30% increase of Recovery Rate. | Increases all Basic Attacks by 30%",,https://thanosvibs.money/api/characters/groot6/skills
gwenpool,Gwenpool,"All-New, All-Different",Nimble | Target: All Allies | Cooldown 0s | Increases All Speeds by 6%.,"Adventurous | Activation: when HP is below 90 % | Cooldown 2s | Recovers 1% of HP. | Lady Mercenary | Activation: 50 % chance when attacking | Cooldown 10s | 100% chance to penetrate with All Damage Immune, Super Armor effect. | Increases Skill damage by 52%, increases Bonus Damage by 40%.",,,https://thanosvibs.money/api/characters/gwenpool/skills
gwenpool,Gwenpool,Gwen Poole,Nimble | Target: All Allies | Cooldown 0s | Increases All Speeds by 6%.,"Adventurous | Activation: when HP is below 90 % | Cooldown 2s | Recovers 5% of HP. | Lady Mercenary | Activation: 50 % chance when attacking | Cooldown 10s | 100% chance to penetrate with All Damage Immune, Super Armor effect. | Increases Skill damage by 52%, increases Bonus Damage by 40%.",,,https://thanosvibs.money/api/characters/gwenpool1/skills
gwenpool,Gwenpool,Holiday Party,Nimble | Target: All Allies | Cooldown 0s | Increases All Speeds by 6%.,"Adventurous | Activation: when HP is below 90 % | Cooldown 2s | Recovers 5% of HP. | Lady Mercenary | Activation: 30 % chance when attacking | Cooldown 3s | 100% chance to penetrate with Invincible, All Damage Immune, Super Armor effect. | Increases Skill damage by 52%, increases Bonus Damage by 40%. | Increases Guaranteed Dodge Rate by 35%",Holiday Party | Cooldown 0s | Increases Cold Damage by 40%. | Increases Chain Hit damage by 25% when attacking.,,https://thanosvibs.money/api/characters/gwenpool2/skills
gwenpool,Gwenpool,April Pools,Nimble | Target: All Allies | Cooldown 0s | Increases All Speeds by 6%.,"Adventurous | Activation: when HP is below 90 % | Cooldown 2s | Recovers 5% of HP. | Lady Mercenary | Cooldown 0s | 100% chance to penetrate with Invincible, All Damage Immune, Super Armor effect. | Increases Skill damage by 52%, increases Bonus Damage by 40%. | Increases Guaranteed Dodge Rate by 35%",April Pools | Target: Deadpool | Cooldown 0s | Increases Additional Pierce Damage by 4% | Increases Chain Hit damage by 25% when attacking.,,https://thanosvibs.money/api/characters/gwenpool3/skills
gwenpool,Gwenpool,Dark Gwenpool,Nimble | Target: All Allies | Cooldown 0s | Increases All Speeds by 6%.,"Adventurous | Activation: when HP is below 90 % | Cooldown 2s | Recovers 5% of HP. | Lady Mercenary | Cooldown 0s | 100% chance to penetrate with Invincible, All Damage Immune, Super Armor effect. | Increases Skill damage by 52%, increases Bonus Damage by 40%. | Increases Guaranteed Dodge Rate by 35%",Dark Gwenpool | Cooldown 0s | Increases Additional Pierce Damage by 4% | Increases Chain Hit damage by 25% when attacking. | Increases Guaranteed Critical Rate by 25%,,https://thanosvibs.money/api/characters/gwenpool4/skills
hawkeye,Hawkeye,The Avengers,World's Greatest Archer | Target: All Allies | Cooldown 0s | Critical Damage increases by 12%.,"Precision Aim | Cooldown 0s | Range increases by 2 m. | Refocus Shot | Activation: 60 % rate when 60 skill is used | Cooldown 10s | Resets Cooldown for skill, 0. | Increases Skill damage by 52%, increases Bonus Damage by 40%.",,,https://thanosvibs.money/api/characters/hawkeye/skills
hawkeye,Hawkeye,Avengers: Age of Ultron,World's Greatest Archer | Target: All Allies | Cooldown 0s | Critical Damage increases by 12%.,"Precision Aim | Cooldown 0s | Range increases by 2 m. | Refocus Shot | Activation: 60 % rate when 60 skill is used | Cooldown 10s | Resets Cooldown for skill, 0. | Increases Skill damage by 52%, increases Bonus Damage by 40%.",Avengers: Age of Ultron | Activation: when dealing Critical Attack | Cooldown 5s | Stun,,https://thanosvibs.money/api/characters/hawkeye1/skills
hawkeye,Hawkeye,Marvel Studios' Captain America: Civil War,World's Greatest Archer | Target: All Allies | Cooldown 0s | Critical Damage increases by 12%.,"Precision Aim | Cooldown 0s | Range increases by 2 m. | Refocus Shot | Activation: 60 % rate when 60 skill is used | Cooldown 10s | Resets Cooldown for skill, 0. | Increases Skill damage by 52%, increases Bonus Damage by 40%.",Marvel Studios' Captain America: Civil War | Activation: when dealing Critical Attack | Cooldown 5s | Stun,,https://thanosvibs.money/api/characters/hawkeye2/skills
hawkeye,Hawkeye,Classic,World's Greatest Archer | Target: All Allies | Cooldown 0s | Critical Damage increases by 12%.,"Precision Aim | Cooldown 0s | Range increases by 2 m. | Refocus Shot | Activation: 60 % rate when 60 skill is used | Cooldown 10s | Resets Cooldown for skill, 0. | Increases Skill damage by 52%, increases Bonus Damage by 40%.",Classic | Activation: when dealing Critical Attack | Cooldown 5s | Stun,,https://thanosvibs.money/api/characters/hawkeye3/skills
hawkeye,Hawkeye,Marvel Studios' Avengers: Endgame,Vigilante | Target: All Allies | Cooldown 0s | Critical Damage increases by 12%.,"Precision Aim | Cooldown 0s | Critical Rate increases by 20%. | Dodge Rate increases by 15%. | Rogue Hero | Cooldown 0s | Increases Guaranteed Critical Rate by 35% | Increases Skill damage by 32%, increases Bonus Damage by 15%. | Increases Guaranteed Dodge Rate by 20%",Marvel Studios' Avengers: Endgame | Cooldown 0s | Critical Damage increases by 15%.,,https://thanosvibs.money/api/characters/hawkeye4/skills
hawkeye,Hawkeye,Marvel Studios' Hawkeye (Hero Suit),Vigilante | Target: All Allies | Cooldown 0s | Critical Damage increases by 12%.,"Keen Eye | Cooldown 0s | 50% chance to penetrate with Invincible, All Damage Immune, Shield, Barrier, Super Armor effect. | Increases Guaranteed Critical Rate by 35% | Ignores target's Dodge Rate by 40%. | Rogue Hero | Cooldown 0s | Critical Damage increases by 30%. | Increases Skill damage by 35%, increases Bonus Damage by 30%. | Increases Guaranteed Dodge Rate by 30%",Marvel Studios' Hawkeye (Hero Suit) | Activation: when skill (Regular Attacks Excluded) is used | Cooldown 0s | Guard Break Immunity | Increases Chain Hit damage by 20% when attacking. | Acquires the following effect for $TIME sec. | 100% chance to increase Critical Damage by 50% on Critical Attacks.,,https://thanosvibs.money/api/characters/hawkeye5/skills
hawkeye,Hawkeye,Wastelanders,Vigilante | Target: All Allies | Cooldown 0s | Critical Damage increases by 12%.,"Keen Eye | Cooldown 0s | 50% chance to penetrate with Invincible, All Damage Immune, Shield, Barrier, Super Armor effect. | Increases Guaranteed Critical Rate by 35% | Ignores target's Dodge Rate by 40%. | Rogue Hero | Cooldown 0s | Critical Damage increases by 30%. | Increases Skill damage by 35%, increases Bonus Damage by 30%. | Increases Guaranteed Dodge Rate by 30%",Wastelanders | Activation: when skill (Regular Attacks Excluded) is used | Cooldown 0s | Guard Break Immunity | Increases Chain Hit damage by 25% when attacking. | Acquires the following effect for $TIME sec. | 100% chance to increase Critical Damage by 50% on Critical Attacks.,,https://thanosvibs.money/api/characters/hawkeye6/skills
hawkeyekatebishop,Hawkeye (Kate Bishop),Marvel NOW!,Young Leader | Target: All Allies | Cooldown 0s | Critical Rate increases by 15%.,Calm Aim | Cooldown 0s | Ignores target's Dodge Rate by 35%. | All-New Hawkeye | Cooldown 0s | Increases Guaranteed Dodge Rate by 30% | Increases Guaranteed Critical Rate by 20% | Critical Damage increases by 20%.,,,https://thanosvibs.money/api/characters/katebishop/skills
hawkeyekatebishop,Hawkeye (Kate Bishop),Marvel Studios' Hawkeye,Young Leader | Target: All Allies | Cooldown 0s | Critical Rate increases by 15%.,Calm Aim | Cooldown 0s | Ignores target's Dodge Rate by 35%. | Decreases basic damage received by 25%. | All-New Hawkeye | Cooldown 0s | Increases Guaranteed Dodge Rate by 35% | Increases Guaranteed Critical Rate by 25% | Critical Damage increases by 30%.,"Marvel Studios' Hawkeye | Cooldown 0s | 55% chance to penetrate with Invincible, All Damage Immune, Shield, Barrier, Super Armor effect. | Increases Chain Hit damage by 15% when attacking. | Increases Skill damage by 35%, increases Bonus Damage by 40%.",,https://thanosvibs.money/api/characters/katebishop1/skills
hawkeyekatebishop,Hawkeye (Kate Bishop),Young Avengers,Young Leader | Target: All Allies | Cooldown 0s | Critical Rate increases by 15%.,Clint Barton's Successor | Cooldown 0s | Ignores target's Dodge Rate by 35%. | Decreases basic damage received by 25%. | 30% increase of Physical Attack. | All-New Hawkeye | Cooldown 0s | Increases Guaranteed Dodge Rate by 35% | Increases Guaranteed Critical Rate by 30% | Critical Damage increases by 35%.,"Young Avengers | Cooldown 0s | 55% chance to penetrate with Invincible, All Damage Immune, Shield, Barrier, Super Armor effect. | Increases Chain Hit damage by 20% when attacking. | Increases Skill damage by 35%, increases Bonus Damage by 40%.",,https://thanosvibs.money/api/characters/katebishop2/skills
hela,Hela,Modern,Gathering of the Dead | Target: All Allies | Cooldown 0s | 45% increase of Energy Attack.,"Death's Embrace | Cooldown 0s | Increases summoned characters' Basic Attacks and Basic Defenses by 20%, Increases HP by 20%, increases duration of summoned characters by 20%. | Throne of Niffleheim | Cooldown 0s | Increases All Debuffs effect by 25%. | Increases Guaranteed Dodge Rate by 25%",,,https://thanosvibs.money/api/characters/hela/skills
hela,Hela,Marvel Studios' Thor: Ragnarok,Gathering of the Dead | Target: All Allies | Cooldown 0s | 45% increase of Energy Attack.,"Death's Embrace | Cooldown 0s | Increases summoned characters' Basic Attacks and Basic Defenses by 20%, Increases HP by 20%, increases duration of summoned characters by 20%. | Throne of Niffleheim | Cooldown 0s | Increases All Debuffs effect by 25%. | Increases Guaranteed Dodge Rate by 25%",Marvel Studios' Thor: Ragnarok | Target: All Allies | Cooldown 0s | Increases basic damage dealt to Hero faction by 15%. | Decreases basic damage received from Hero faction by 15%.,,https://thanosvibs.money/api/characters/hela1/skills
hela,Hela,Asgard Invasion,Gathering of the Dead | Target: All Allies | Cooldown 0s | 60% increase of Energy Attack.,"Dark Protection | Cooldown 0s | Increases All Resistances by 50%. | Decreases damage received from reflected effects by 50%.Effect: Reflect All Attacks | Increases Chain Hit damage by 20% when attacking. | Lady of Despair | Cooldown 0s | Increases Guaranteed Dodge Rate by 30% | Decreases basic damage received by 25%. | Super Armor, increases all Basic Defenses by 40%.",Asgard Invasion | Target: All Allies | Cooldown 0s | Increases basic damage dealt to Hero faction by 50%. | Decreases basic damage received from Hero faction by 30%.,,https://thanosvibs.money/api/characters/hela2/skills
hela,Hela,Marvel Studios' What If...?,Gathering of the Dead | Target: All Allies | Cooldown 0s | 60% increase of Energy Attack.,"Dark Protection | Cooldown 0s | Increases All Resistances by 50%. | Decreases damage received from reflected effects by 50%.Effect: Reflect All Attacks | Increases Chain Hit damage by 20% when attacking. | Lady of Despair | Cooldown 0s | Increases Guaranteed Dodge Rate by 30% | Decreases basic damage received by 30%. | Super Armor, increases all Basic Defenses by 40%.",Marvel Studios' What If...? | Target: All Allies | Cooldown 0s | Increases basic damage dealt to Hero faction by 50%. | Decreases basic damage received from Hero faction by 30%. | Ignores target's Dodge Rate by 20%.,,https://thanosvibs.money/api/characters/hela3/skills
hellcat,Hellcat,"All-New, All-Different",Feline Speed | Target: All Allies | Cooldown 0s | Increases All Speeds by 9%.,Wild Cat | Activation: 20 % chance when attacking | Cooldown 10s | Bleed: Deals additional 30% Damage every 1 sec. (Removes Elasticity) | Adventures of Patsy Walker | Cooldown 0s | Increases Guaranteed Dodge Rate by 30% | Critical Damage increases by 20%.,,,https://thanosvibs.money/api/characters/hellcat/skills
hellstorm,Hellstorm,Modern,Heat Stroke | Target: All Allies | Cooldown 0s | Increases Flame Resist by 50%.,Scorch Marks | Activation: 5 % chance when attacking | Cooldown 20s | Decreases Skill Cooldown by 30%. | King of Hell | Activation: 25 % chance when attacking | Cooldown 20s | Increases Flame Damage by 60%. | Recovers 10% of HP.,,,https://thanosvibs.money/api/characters/hellstorm/skills
hellstorm,Hellstorm,TVA,Heat Stroke | Target: All Allies | Cooldown 0s | Increases Flame Resist by 50%.,"Son of Hell | Cooldown 0s | 80% chance to become immune to Flame Damage. | Increases Flame Damage by 50%. | Half-Man, Half-Demon | Cooldown 0s | Decreases basic damage received by 20%. | Increases Skill damage by 30%, increases Bonus Damage by 25%.",TVA | Cooldown 0s | Increases Chain Hit damage by 10% when attacking. | Ignores target's Dodge Rate by 40%.,,https://thanosvibs.money/api/characters/hellstorm1/skills
hogun,Hogun,Modern,Iron Will | Target: All Allies | Cooldown 0s | Increases all Basic Attacks by 24%,"Blunt Trauma | Cooldown 0s | Critical Rate increases by 5%. | Sudden Outburst | Activation: 50 % chance when attacking | Cooldown 20s | 0.3% Increase of All Basic Attacks, Critical Damage each 1% of pure damage accumulated | Accumulates 10% of pure damage when attacking (Max 100%) | Increases Guaranteed Critical Rate by 25%",,,https://thanosvibs.money/api/characters/hogun/skills
hulkbusterironmanmark44,Hulkbuster (Iron Man Mark 44),Avengers: Age of Ultron,Iron Armada | Target: All Allies | Cooldown 0s | Increases all Basic Attacks by 24%,"Heavy Duty Exo-Frame | Activation: 35 % rate when hit | Cooldown 20s | 100% chance to grant All Damage Immunity | System Upgrade | Cooldown 0s | Increases Skill damage by 38%, increases Bonus Damage by 25%. | Increases All Speeds by 10%.",,,https://thanosvibs.money/api/characters/hulkbuster/skills
hulkbusterironmanmark44,Hulkbuster (Iron Man Mark 44),Heavy Duty Armor,Iron Armada | Target: All Allies | Cooldown 0s | Increases all Basic Attacks by 24%,"Heavy Duty Exo-Frame | Activation: 35 % rate when hit | Cooldown 20s | 100% chance to grant All Damage Immunity | System Upgrade | Cooldown 0s | Increases Skill damage by 38%, increases Bonus Damage by 25%. | Increases All Speeds by 10%.",Heavy Duty Armor | Activation: 5 % chance when attacking | Cooldown 20s | Decreases Skill Cooldown by 50%.,,https://thanosvibs.money/api/characters/hulkbuster1/skills
hulkbusterironmanmark44,Hulkbuster (Iron Man Mark 44),Marvel Studios' Avengers: Infinity War,Iron Armada | Target: All Allies | Cooldown 0s | Increases all Basic Attacks by 24%,"Heavy Duty Exo-Frame | Activation: 35 % rate when hit | Cooldown 20s | 100% chance to grant All Damage Immunity | System Upgrade | Cooldown 0s | Increases Skill damage by 38%, increases Bonus Damage by 25%. | Increases All Speeds by 10%.",Marvel Studios' Avengers: Infinity War | Cooldown 0s | Decreases basic damage received by 15%.,,https://thanosvibs.money/api/characters/hulkbuster2/skills
hulkbusterironmanmark44,Hulkbuster (Iron Man Mark 44),3099,Iron Armada | Target: Iron Man | Cooldown 0s | Increases all Basic Attacks by 35% | Increases all Basic Attacks by 70%,"Heavy Duty Exo-Frame | Target: Machine Allies | Cooldown 0s | 35% increase of MAX HP. | System Upgrade | Cooldown 0s | Increases Skill damage by 40%, increases Bonus Damage by 35%. | Super Armor, increases all Basic Defenses by 30%. | Decreases basic damage received by 30%.",3099 | Activation: when HP is below 99 % | Cooldown 1s | Recovers 3% of HP.,,https://thanosvibs.money/api/characters/hulkbuster3/skills
hulkbusterironmanmark44,Hulkbuster (Iron Man Mark 44),Celestial Hulkbuster,Iron Armada | Target: Iron Man | Cooldown 0s | Increases all Basic Attacks by 35% | Increases all Basic Attacks by 70%,"Heavy Duty Exo-Frame | Target: Machine Allies | Cooldown 0s | 35% increase of MAX HP. | System Upgrade | Cooldown 0s | Increases Skill damage by 45%, increases Bonus Damage by 40%. | Super Armor, increases all Basic Defenses by 30%. | Decreases basic damage received by 30%.",Celestial Hulkbuster | Activation: when HP is below 99 % | Cooldown 0s | Decreases Chain Hit damage by 20% when attacked. | Acquires the following effect for $TIME sec. | Recovers 3% of HP.,,https://thanosvibs.money/api/characters/hulkbuster4/skills
hulkling,Hulkling,New Avengers,Metamorphic Adaptation | Target: All Allies | Cooldown 0s | 30% increase of Physical Defense.,Kree Ancestry | Cooldown 0s | 10% increase of Physical Attack. | Skrull Skin | Activation: 25 % rate when hit | Cooldown 20s | Removes all Debuffs. | 100% chance to grant All Damage Immunity,,,https://thanosvibs.money/api/characters/hulkling/skills
humantorch,Human Torch,Modern,Flame On! | Target: All Allies | Cooldown 0s | Increases Flame Damage by 25%.,"Fire with Fire | Cooldown 0s | 80% chance to become immune to Flame Damage. | Dodge Rate increases by 50%. | Turn Up the Heat | Cooldown 0s | Increases Skill damage by 32%, increases Bonus Damage by 15%. | Increases all Basic Attacks and Defense by 10%, all speed by 5%, and Critical Rate by 10%, removes Incapacitation | Increases Guaranteed Dodge Rate by 20%",,,https://thanosvibs.money/api/characters/humantorch/skills
humantorch,Human Torch,Future Foundation,Flame On! | Target: All Allies | Cooldown 0s | Increases Flame Damage by 25%.,"Fire with Fire | Cooldown 0s | 80% chance to become immune to Flame Damage. | Dodge Rate increases by 50%. | Turn Up the Heat | Cooldown 0s | Increases Skill damage by 32%, increases Bonus Damage by 15%. | Increases all Basic Attacks and Defense by 10%, all speed by 5%, and Critical Rate by 10%, removes Incapacitation | Increases Guaranteed Dodge Rate by 20%",Future Foundation | Cooldown 0s | Increases Flame Damage by 20%.,,https://thanosvibs.money/api/characters/humantorch1/skills
humantorch,Human Torch,Classic,Flame On! | Target: All Allies | Cooldown 0s | Increases Flame Resist by 50%.,"Fire with Fire | Cooldown 0s | 80% chance to become immune to Flame Damage. | Dodge Rate increases by 50%. | Critical Rate increases by 15%. | Turn Up the Heat | Cooldown 0s | Increases Skill damage by 32%, increases Bonus Damage by 15%. | Increases all Basic Attacks and Defense by 10%, all speed by 5%, and Critical Rate by 10%, removes Incapacitation | Increases Guaranteed Dodge Rate by 20%",Classic | Cooldown 0s | Increases Flame Damage by 45%.,,https://thanosvibs.money/api/characters/humantorch2/skills
humantorch,Human Torch,The Fall of the Fantastic Four,Flame On! | Target: All Allies | Cooldown 0s | Increases Flame Resist by 50%.,"Fire with Fire | Cooldown 0s | 80% chance to become immune to Flame Damage. | Dodge Rate increases by 50%. | Critical Rate increases by 25%. | Spreading Flames | Cooldown 0s | Increases Skill damage by 45%, increases Bonus Damage by 45%. | Ignores target's Dodge Rate by 35%. | Increases Guaranteed Dodge Rate by 30%",The Fall of the Fantastic Four | Cooldown 0s | Increases Flame Damage by 50%.,,https://thanosvibs.money/api/characters/humantorch3/skills
humantorch,Human Torch,Marvel Studios' The Fantastic Four: First Steps,Flame On! | Target: All Allies | Cooldown 0s | Increases Flame Resist by 50%.,"Fire with Fire | Cooldown 0s | 80% chance to become immune to Flame Damage. | Dodge Rate increases by 50%. | Critical Rate increases by 25%. | Spreading Flames | Cooldown 0s | Increases Skill damage by 45%, increases Bonus Damage by 45%. | Ignores target's Dodge Rate by 40%. | Increases Guaranteed Dodge Rate by 30%",Marvel Studios' The Fantastic Four: First Steps | Cooldown 0s | Increases Flame Damage by 50%. | Decreases basic damage received by 20%.,,https://thanosvibs.money/api/characters/humantorch4/skills
hydroman,Hydro-Man,Spider-Man: Far From Home,Running Water | Target: All Allies | Cooldown 0s | Immunity to BLEED Effect. | Immunity to Fracture Effect. | 20% increase of Physical Defense.,"Torrent | Activation: when skill (Regular Attacks Excluded) is used | Cooldown 1s | Increases all Basic Attacks by 7%, all Basic Defenses by 7%, stacks up to 5.(Deduct 1 stack if Burned) | Next effect activates after 3 uses. | Increases character size by 20%, all Basic Attacks by 40% ^, all Basic Defenses by 40%. | Water Supply | Activation: when using ENLARGE buff | Cooldown 10s | Increases Skill damage by 45%, increases Bonus Damage by 45%. | Super Armor, increases all Basic Defenses by 30%.",,,https://thanosvibs.money/api/characters/hydroman/skills
hyperion,Hyperion,"All-New, All-Different",Cosmic Fusion | Target: All Allies | Cooldown 0s | Increases all Basic Attacks by 45%,"Solar Power | Activation: when hit | Cooldown 15s | Barrier 1 time(s) | Recovers 4% of HP. | Immunity to SNARE Effect. | Sun Spark | Cooldown 0s | Increases Skill damage by 35%, increases Bonus Damage by 25%. | 40% chance to penetrate with All Damage Immune, Barrier effect. | Super Armor, increases all Basic Defenses by 5%.",,,https://thanosvibs.money/api/characters/hyperion/skills
hyperion,Hyperion,Classic,Cosmic Fusion | Target: All Allies | Cooldown 0s | Increases all Basic Attacks by 45%,"Solar Power | Activation: when hit | Cooldown 15s | Barrier 1 time(s) | Recovers 8% of HP. | Immunity to SNARE Effect. | Sun Spark | Cooldown 0s | Increases Skill damage by 35%, increases Bonus Damage by 25%. | 40% chance to penetrate with All Damage Immune, Barrier effect. | Super Armor, increases all Basic Defenses by 5%.",Classic | Cooldown 0s | Critical Rate increases by 15%.,,https://thanosvibs.money/api/characters/hyperion1/skills
hyperion,Hyperion,Enter the Phoenix,Cosmic Fusion | Target: All Allies | Cooldown 0s | Increases all Basic Attacks by 55%,"Solar Power | Activation: when hit | Cooldown 10s | Barrier 1 time(s) | Recovers 50% of HP. | Immunity to STUN Effect. | Sun Spark | Cooldown 0s | Increases Skill damage by 35%, increases Bonus Damage by 35%. | 60% chance to penetrate with Invincible, All Damage Immune, Barrier effect. | Super Armor, increases all Basic Defenses by 50%.",Enter the Phoenix | Cooldown 0s | Increases Guaranteed Critical Rate by 20% | Increases Flame Damage by 25%.,,https://thanosvibs.money/api/characters/hyperion2/skills
iceman,Iceman,Modern,Internal Cooling | Target: All Allies | Cooldown 0s | Decreases Skill Cooldown by 24%.,"Cold Shoulder | Cooldown 0s | 40% chance to become immune to Cold Damage. | Frostbite | Cooldown 0s | Increases Skill damage by 32%, increases Bonus Damage by 15%. | Decreases basic damage received by 30%. | Increases All Debuffs effect by 30%.",,,https://thanosvibs.money/api/characters/iceman/skills
iceman,Iceman,X-Men Blue,Internal Cooling | Target: All Allies | Cooldown 0s | Decreases Skill Cooldown by 24%.,"Cold Shoulder | Cooldown 0s | 40% chance to become immune to Cold Damage. | Frostbite | Cooldown 0s | Increases Skill damage by 32%, increases Bonus Damage by 15%. | Decreases basic damage received by 30%. | Increases All Debuffs effect by 30%.",X-Men Blue | Activation: When FREEZE effect is used | Cooldown 10s | Increases all Basic Attacks by 35%. | Critical Damage increases by 45%.,,https://thanosvibs.money/api/characters/iceman1/skills
iceman,Iceman,Krakoan Summer,Internal Cooling | Target: All Allies | Cooldown 0s | Decreases Skill Cooldown by 24%.,"Icy Enhancement | Cooldown 0s | 90% chance to become immune to Cold Damage. | Increases Cold Damage by 35%. | Increases Cold Resist by 45%. | Frostbite | Cooldown 0s | Increases Skill damage by 40%, increases Bonus Damage by 35%. | Decreases basic damage received by 40%. | Increases Chain Hit damage by 15% when attacking.",Krakoan Summer | Activation: When FREEZE effect is used | Cooldown 10s | Increases all Basic Attacks by 40%. | Critical Damage increases by 45%. | Increases Guaranteed Critical Rate by 35%,,https://thanosvibs.money/api/characters/iceman2/skills
inferno,Inferno,"All-New, All-Different",Fiery Fever | Target: All Allies | Cooldown 0s | Increases Flame Resist by 50%.,Burning Rage | Cooldown 0s | 80% chance to become immune to Flame Damage. | Increases Flame Damage by 10%. | Hot Streak | Cooldown 0s | Increases All Buffs effect by 20%.,,,https://thanosvibs.money/api/characters/inferno/skills
inferno,Inferno,Modern,Fiery Fever | Target: All Allies | Cooldown 0s | Increases Flame Resist by 50%.,Burning Rage | Cooldown 0s | 80% chance to become immune to Flame Damage. | Increases Flame Damage by 10%. | Hot Streak | Cooldown 0s | Increases All Buffs effect by 20%.,Modern | Activation: when HP is below 50 % | Cooldown 5s | Recovers 9% of HP.,,https://thanosvibs.money/api/characters/inferno1/skills
invisiblewoman,Invisible Woman,Modern,Strong Willpower | Target: All Allies | Cooldown 0s | Increases Mind Resist by 50%.,"Invisibility Shift | Target: All Allies for the first effect, Self for the second effect | Activation: when hit | Cooldown 5s | Barrier 1 time(s) | Grants 75% Invisibility, Dodge 15% ↑. | Psionic Fields | Cooldown 0s | Increases Guaranteed Critical Rate by 20% | Increases Skill damage by 32%, increases Bonus Damage by 15%.",,,https://thanosvibs.money/api/characters/invisiblewoman/skills
invisiblewoman,Invisible Woman,Future Foundation,Strong Willpower | Target: All Allies | Cooldown 0s | Increases Mind Resist by 50%.,"Invisibility Shift | Target: All Allies for the first effect, Self for the second effect | Activation: when hit | Cooldown 5s | Barrier 1 time(s) | Grants 75% Invisibility, Dodge 15% ↑. | Psionic Fields | Cooldown 0s | Increases Guaranteed Critical Rate by 20% | Increases Skill damage by 32%, increases Bonus Damage by 15%.",Future Foundation | Cooldown 0s | 10% increase of Energy Attack.,,https://thanosvibs.money/api/characters/invisiblewoman1/skills
invisiblewoman,Invisible Woman,Classic,Strong Willpower | Target: All Allies | Activation: when debuffed | Cooldown 20s | Removes all Debuffs. | Immunity to all Debuffs.,"Invisibility Shift | Target: All Allies for the first effect, Self for the second effect | Activation: when hit | Cooldown 5s | Barrier 1 time(s) | Grants 75% Invisibility, Dodge 15% ↑. | Psionic Fields | Activation: when using INVISIBILITY buff | Cooldown 0s | Increases Guaranteed Critical Rate by 20% | Increases Skill damage by 32%, increases Bonus Damage by 15%. | Acquires the following effect for $TIME sec. | Decreases basic damage received by 45%.",Classic | Cooldown 0s | 10% increase of Energy Attack. | Increases Guaranteed Dodge Rate by 20%,,https://thanosvibs.money/api/characters/invisiblewoman2/skills
invisiblewoman,Invisible Woman,The Fall of the Fantastic Four,Motherly Guidance | Target: All Allies | Cooldown 0s | 45% increase of Energy Attack.,"Invisibility Shift | Target: All Allies for the first effect, Self for the second effect | Activation: when hit | Cooldown 5s | Barrier 1 time(s) | Grants 75% Invisibility, Dodge 15% ↑. | Invisible Movement | Cooldown 0s | Increases Guaranteed Dodge Rate by 30% | Increases Skill damage by 40%, increases Bonus Damage by 40%. | Decreases basic damage received by 40%.",The Fall of the Fantastic Four | Target: All Allies | Activation: when debuffed | Cooldown 20s | Removes all Debuffs. | Immunity to all Debuffs.,,https://thanosvibs.money/api/characters/invisiblewoman3/skills
invisiblewoman,Invisible Woman,Marvel Studios' The Fantastic Four: First Steps,Motherly Guidance | Target: All Allies | Cooldown 0s | 45% increase of Energy Attack.,"Invisibility Shift | Target: All Allies for the first effect, Self for the second effect | Activation: when hit | Cooldown 5s | Barrier 1 time(s) | Grants 75% Invisibility, Dodge 15% ↑. | Invisible Movement | Cooldown 0s | Increases Guaranteed Dodge Rate by 30% | Increases Skill damage by 45%, increases Bonus Damage by 45%. | Decreases basic damage received by 40%.","Marvel Studios' The Fantastic Four: First Steps | Target: All Allies for the first effect, Self for the second effect | Cooldown 0s | Acquires the following effect for $TIME sec. | Increases Chain Hit damage by 10% when attacking.",,https://thanosvibs.money/api/characters/invisiblewoman4/skills
ironhammer,Iron Hammer,Infinity Warps,Infinite Power | Target: All Allies | Cooldown 0s | Decreases Skill Cooldown by 24%. | 15% increase of Energy Attack. | Increases Lightning Damage by 15%.,"Natural Resistance | Cooldown 0s | 100% chance to become immune to Lightning Damage. | Overload | Cooldown 0s | Super Armor, increases all Basic Defenses by 5%. | Increases Lightning Damage by 40%. | Increases Skill damage by 32%, increases Bonus Damage by 15%.",,,https://thanosvibs.money/api/characters/ironhammer/skills
ironheart,Ironheart,Marvel NOW!,Young Genius | Target: All Allies | Cooldown 0s | 45% increase of Energy Attack.,"Stark Protocol | Activation: 10 % chance when attacking | Cooldown 30s | Dodge Rate increases by 16%. | Model-Prime Armor | Activation: 25 % chance when attacking | Cooldown 15s | Increases Skill damage by 28%, increases Bonus Damage by 25%. | Increases Guaranteed Dodge Rate by 20% | Recovers 15% of HP.",,,https://thanosvibs.money/api/characters/ironheart/skills
ironheart,Ironheart,Black Panther: Wakanda Forever,Young Genius | Target: Blast Type Allies | Cooldown 0s | 55% increase of Energy Attack.,"Mechanical Engineering | Cooldown 0s | Guard Break Immunity | Increases Chain Hit damage by 15% when attacking. | Advanced Upgrade | Cooldown 0s | Increases Skill damage by 35%, increases Bonus Damage by 30%. | Increases Guaranteed Dodge Rate by 25%",Black Panther: Wakanda Forever | Target: All Allies | Cooldown 0s | Increases basic damage dealt to boss types by 35%. | Ignores target's Dodge Rate by 25%.,,https://thanosvibs.money/api/characters/ironheart1/skills
ironheart,Ironheart,Marvel Television's Ironheart,Young Genius | Target: Blast Type Allies | Cooldown 0s | 55% increase of Energy Attack.,"Mechanical Engineering | Cooldown 0s | Guard Break Immunity | Increases Chain Hit damage by 15% when attacking. | Advanced Upgrade | Cooldown 0s | Increases Skill damage by 40%, increases Bonus Damage by 40%. | Increases Guaranteed Dodge Rate by 25%",Marvel Television's Ironheart | Target: All Allies | Cooldown 0s | Increases basic damage dealt to boss types by 45%. | Ignores target's Dodge Rate by 25%.,,https://thanosvibs.money/api/characters/ironheart2/skills
jubilee,Jubilee,Classic,Shining Star | Target: All Allies | Cooldown 0s | Increases Mind Resist by 50%.,"Afterimage | Target: Self | Activation: 70 % chance when attacking | Cooldown 1s | Energy Plasmoid: Deals additional 30% Damage every 1 sec, stacks up to 5 times (Max additional 150% Damage) | Sparkle | Cooldown 0s | Increases Skill damage by 30%, increases Bonus Damage by 30%. | 50% chance to become immune to Mind Damage.",,,https://thanosvibs.money/api/characters/jubilee/skills
jubilee,Jubilee,Marvel Animation's X-Men '97,Shining Star | Target: All Allies | Cooldown 0s | Increases Mind Resist by 50%.,"The Light of the X-Men | Target: Mutant Allies | Cooldown 0s | Increases basic damage dealt to Villain faction by 35%. | Decreases basic damage received from Villain faction by 45%. | Decreases basic damage received from Hero faction by 45%. | Spark Show | Cooldown 0s | Increases Skill damage by 30%, increases Bonus Damage by 30%. | Super Armor, increases all Basic Defenses by 40%. | 40% increase of HP.","Marvel Animation's X-Men '97 | Target: Mutant Allies | Cooldown 0s | Excluding bosses, ignores enemy's damage decrease by 15%.",,https://thanosvibs.money/api/characters/jubilee1/skills
juggernaut,Juggernaut,Brotherhood of Mutants,Cyttorak's Blessing | Target: All Allies | Cooldown 0s | Increases all Basic Defenses by 50%.,"Crimson Cosmos Armor | Cooldown 0s | Super Armor, increases all Basic Defenses by 5%. | Decreases basic damage received by 25%. | Cyttorak's Avatar | Activation: when HP is below 99 % | when HP is below 50 % | Cooldown 1s | Recovers 3.5% of HP. | Acquires the following effect for $TIME sec. | Increases all Basic Attacks and Defense by 12%, all speed by 2.5%, and Critical Rate by 12%, removes Incapacitation | 100% chance to become immune to Mind Damage.",,,https://thanosvibs.money/api/characters/juggernaut/skills
juggernaut,Juggernaut,Fear Itself,Cyttorak's Blessing | Target: All Allies | Cooldown 0s | Increases all Basic Defenses by 50%.,"Crimson Cosmos Armor | Cooldown 0s | Super Armor, increases all Basic Defenses by 20%. | Decreases basic damage received by 40%. | Cyttorak's Avatar | Activation: when HP is below 99 % | when HP is below 40 % | Cooldown 1s | Recovers 5% of HP. | Acquires the following effect for $TIME sec. | Increases all Basic Attacks and Defense by 60%, all speed by 5%, and Critical Rate by 25%, removes Incapacitation | Removes all Debuffs.","Fear Itself | Cooldown 0s | 30% increase of HP. | 30% Ignore Defense | Increases Skill damage by 35%, increases Bonus Damage by 20%.",,https://thanosvibs.money/api/characters/juggernaut1/skills
juggernaut,Juggernaut,Savage Avengers,Cyttorak's Blessing | Target: All Allies | Cooldown 0s | Increases all Basic Defenses by 50%.,"Can't Stop Me! | Cooldown 0s | Super Armor, increases all Basic Defenses by 20%. | Decreases basic damage received by 40%. | Ignores target's Dodge Rate by 30%. | Cyttorak's Avatar | Activation: when HP is below 99 % | when HP is below 40 % | Cooldown 1s | Recovers 5% of HP. | Acquires the following effect for $TIME sec. | Increases all Basic Attacks and Defense by 60%, all speed by 5%, and Critical Rate by 25%, removes Incapacitation | Removes all Debuffs.","Savage Avengers | Cooldown 0s | 30% increase of HP. | Decreases damage received from reflected effects by 55%.Effect: Reflect All Attacks | Increases Skill damage by 40%, increases Bonus Damage by 30%.",,https://thanosvibs.money/api/characters/juggernaut2/skills
kaecilius,Kaecilius,Marvel Studios' Doctor Strange,Dark Defense | Target: All Allies | Cooldown 0s | 45% increase of Physical Defense.,"Dark Heal | Activation: 25 % rate when hit | Cooldown 30s | 100% chance to become immune to Physical Damage. | Dark Reversal | Activation: 25 % chance when attacking | Cooldown 20s | 0.3% Increase of All Basic Attacks, Critical Rate, Critical Damage each 1% of pure damage accumulated | Accumulates 10% of pure damage when attacking (Max 100%) | 100% chance to penetrate with Super Armor effect.",,,https://thanosvibs.money/api/characters/kaecilius/skills
karnak,Karnak,War of Kings,Tower of Wisdom | Target: All Allies | Cooldown 0s | Increases All Speeds by 9%.,"Deadly Blow | Activation: 15 % chance when attacking | Cooldown 3s | Critical Rate increases by 15%. | Ignores target's Dodge Rate by 15%. | Pressure Point Detection | Activation: when skill Death Chop is used | Cooldown 3s | Increases Guaranteed Critical Rate by 25% | Critical Damage increases by 30%. | 70% chance to penetrate with Barrier, Super Armor effect.",,,https://thanosvibs.money/api/characters/karnak/skills
karnak,Karnak,"All-New, All-Different",Tower of Wisdom | Target: All Allies | Cooldown 0s | Increases All Speeds by 9%.,"Deadly Blow | Activation: 15 % chance when attacking | Cooldown 3s | Critical Rate increases by 15%. | Ignores target's Dodge Rate by 15%. | Pressure Point Detection | Activation: when skill Death Chop is used | Cooldown 3s | Increases Guaranteed Critical Rate by 25% | Critical Damage increases by 30%. | 70% chance to penetrate with Barrier, Super Armor effect.","All-New, All-Different | Activation: 35 % rate when debuffed | Cooldown 15s | Removes all Debuffs.",,https://thanosvibs.money/api/characters/karnak1/skills
kidkaiju,Kid Kaiju,Monsters Unleashed!,"Team Support | Target: All Allies | Cooldown 0s | Increases all Basic Attacks by 20%, all Basic Defenses by 20%, and all Speeds by 10%.","Hi-vo Summon | Activation: by default and reactivates 3 sec. after removed | Cooldown 3s | Summon an illusion with 150% of the summoner's stats. | Monster Unleashed | Cooldown 0s | Increases Skill damage by 30%, increases Bonus Damage by 20%.",,Basic Damage Dealt to Villains 9% 0.2% | Basic Damage Dealt to Heroes 9% 0.2% | Basic Damage Dealt to Villains 11% 0.3% | Basic Damage Dealt to Heroes 11% 0.3% | Basic Damage Dealt to Villains 13% 0.4% | Basic Damage Dealt to Heroes 13% 0.4% | Basic Damage Dealt to Villains 15% 0.5% | Basic Damage Dealt to Heroes 15% 0.5%,https://thanosvibs.money/api/characters/kidkaiju/skills
kidkaiju,Kid Kaiju,Monsters Unleashed! (MFF Variant),"Team Support | Target: All Allies | Cooldown 0s | Increases all Basic Attacks by 20%, all Basic Defenses by 20%, and all Speeds by 10%.","Smasher Summon | Activation: by default and reactivates 3 sec. after removed | Cooldown 3s | Summon an illusion with 150% of the summoner's stats. | Monster Unleashed | Cooldown 0s | Increases Skill damage by 30%, increases Bonus Damage by 20%.","Monsters Unleashed! (MFF Variant) | Cooldown 0s | Increases summoned characters' Basic Attacks and Basic Defenses by 15%, Increases HP by 0%, increases duration of summoned characters by 0%.",,https://thanosvibs.money/api/characters/kidkaiju1/skills
kidomega,Kid Omega,Modern,Rebel With A Cause | Target: All Allies | Cooldown 0s | Increases Mind Damage by 40%.,"Psychic Persuasion | Cooldown 0s | Increases Mind Resist by 50%. | Increases Mind Damage by 15%. | Omega Power | Activation: when debuffed | Cooldown 0s | Increases Skill damage by 15%, increases Bonus Damage by 45%. | Immunity to Incapacitation Effect. | Acquires the following effect for $TIME sec. | Removes all Debuffs.",,,https://thanosvibs.money/api/characters/kidomega/skills
kidomega,Kid Omega,Uncanny X-Men,Rebel With A Cause | Target: All Allies | Cooldown 0s | Increases Mind Damage by 40%.,"Psychic Persuasion | Cooldown 0s | Increases Mind Resist by 50%. | Increases Mind Damage by 20%. | Omega Power | Cooldown 0s | Increases Skill damage by 40%, increases Bonus Damage by 45%. | Immunity to Incapacitation Effect. | Acquires the following effect for $TIME sec. | Increases Chain Hit damage by 10% when attacking. | Increases Guaranteed Critical Rate by 25%",Uncanny X-Men | Cooldown 0s | Increases Chain Hit damage by 10% when attacking. | Increases Guaranteed Critical Rate by 25%,,https://thanosvibs.money/api/characters/kidomega1/skills
killmonger,Killmonger,Classic,Revolutionary Leader | Target: All Allies | Cooldown 0s | 50% increase of Physical Defense.,"Unyielding Will | Cooldown 0s | Decreases Physical Damage Received by 55%. | Synthetic Herbal Potion | Cooldown 0s | Super Armor, increases all Basic Defenses by 5%. | Increases Skill damage by 20%, increases Bonus Damage by 15%. | Increases basic damage dealt to Hero faction by 45%.",,,https://thanosvibs.money/api/characters/killmonger/skills
killmonger,Killmonger,Marvel Studios' Black Panther,Revolutionary Leader | Target: All Allies | Cooldown 0s | 50% increase of Physical Defense.,"Unyielding Will | Cooldown 0s | Decreases basic damage received by 55%. | Synthetic Herbal Potion | Cooldown 0s | Super Armor, increases all Basic Defenses by 5%. | Increases Skill damage by 20%, increases Bonus Damage by 15%. | Increases basic damage dealt to Hero faction by 45%.",Marvel Studios' Black Panther | Activation: when attacking | Cooldown 5s | Bleed: Deals additional 20% Damage every 1 sec. (Removes Elasticity),,https://thanosvibs.money/api/characters/killmonger1/skills
kingpin,Kingpin,Modern,King of Darkness | Target: All Allies | Cooldown 0s | 30% increase of HP.,"Strengthen Muscle | Cooldown 0s | 5% increase of Physical Attack. | Dark Empire | Cooldown 0s | Decreases basic damage received by 20%. | Increases Skill damage by 25%, increases Bonus Damage by 20%. | Increases summoned characters' Basic Attacks and Basic Defenses by 10%, Increases HP by 25%, increases duration of summoned characters by 10%.",,,https://thanosvibs.money/api/characters/kingpin/skills
kingpin,Kingpin,Secret Wars: Armor Wars,King of Darkness | Target: All Allies | Cooldown 0s | 30% increase of HP.,"Strengthen Muscle | Cooldown 0s | 5% increase of Physical Attack. | Dark Empire | Cooldown 0s | Decreases basic damage received by 20%. | Increases Skill damage by 25%, increases Bonus Damage by 20%. | Increases summoned characters' Basic Attacks and Basic Defenses by 10%, Increases HP by 25%, increases duration of summoned characters by 10%.",Secret Wars: Armor Wars | Activation: 10 % rate when hit | Cooldown 30s | Creates a physical Shield equal to 20% of Max HP,,https://thanosvibs.money/api/characters/kingpin1/skills
kingpin,Kingpin,Winter Criminal,King of Darkness | Target: Super Villain Allies | Cooldown 0s | 40% increase of Physical Attack. | 30% increase of HP.,"Criminal Mastermind | Cooldown 0s | Critical Damage increases by 30%. | Ignores target's Dodge Rate by 45%. | Power of the King | Cooldown 0s | Increases Skill damage by 30%, increases Bonus Damage by 25%. | Increases Guaranteed Critical Rate by 25%",Winter Criminal | Activation: when attacking | Cooldown 0s | Increases Chain Hit damage by 15% when attacking. | Acquires the following effect for $TIME sec. | 100% chance to increase Critical Damage by 45% on Critical Attacks.,,https://thanosvibs.money/api/characters/kingpin2/skills
kingpin,Kingpin,Marvel Television's Daredevil: Born Again,King of Darkness | Target: Super Villain Allies | Cooldown 0s | 55% increase of Physical Attack. | 30% increase of HP.,"Criminal Mastermind | Cooldown 0s | Critical Damage increases by 30%. | Ignores target's Dodge Rate by 45%. | Power of the King | Cooldown 0s | Increases Skill damage by 40%, increases Bonus Damage by 35%. | Increases Guaranteed Critical Rate by 30%",Marvel Television's Daredevil: Born Again | Activation: when attacking | Cooldown 0s | Increases Chain Hit damage by 20% when attacking. | Acquires the following effect for $TIME sec. | 100% chance to increase Critical Damage by 45% on Critical Attacks.,,https://thanosvibs.money/api/characters/kingpin3/skills
kittypryde,Kitty Pryde,Modern,Headmistress Pryde | Target: Mutant Allies | Cooldown 0s | Increases all Basic Attacks by 55% | Critical Rate increases by 6%.,"Lockheed's Helping Hand | Activation: by default and reactivates 3 sec. after removed | Cooldown 3s | Increases basic damage dealt to enemies with Machine ability by 25%. | Summon an illusion with 100% of the summoner's stats. | Untouchable Shadow | Cooldown 0s | 80% chance to penetrate with All Damage Immune, Shield, Barrier effect. | Increases Guaranteed Dodge Rate by 25% | Increases Guaranteed Critical Rate by 30%",,,https://thanosvibs.money/api/characters/kittypryde/skills
kittypryde,Kitty Pryde,Red Queen,Headmistress Pryde | Target: Mutant Allies | Cooldown 0s | Increases all Basic Attacks by 60% | Critical Rate increases by 6%.,"Mutant Alliance | Activation: by default and reactivates 3 sec. after removed | Cooldown 3s | Increases Skill damage by 30%, increases Bonus Damage by 30%. | Summons a creature with 100% Attack/Defense and 150% HP of the summoner (Changes the creature's abilities to the character's abilities)(All abilities including stats, buffs, and types) | Untouchable Shadow | Cooldown 0s | 80% chance to penetrate with All Damage Immune, Shield, Barrier effect. | Increases Guaranteed Dodge Rate by 30% | Increases Guaranteed Critical Rate by 30%","Red Queen | Activation: when hit | Cooldown 20s | Grants 75% Invisibility, Dodge 10% ↑. | 100% chance to grant All Damage Immunity",,https://thanosvibs.money/api/characters/kittypryde1/skills
korath,Korath,Marvel Studios' Captain Marvel,Kree Agility | Target: All Allies | Cooldown 0s | Increases All Speeds by 10%.,"Zero Hesitation | Target: Self | Activation: 30 % chance when attacking | Cooldown 0s | Super Armor, increases all Basic Defenses by 10%. | Acquires the following effect for $TIME sec. | Shock: Deals additional 35% Lightning Damage every 1 sec. | Paralyze | The Pursuer | Cooldown 0s | Increases Guaranteed Critical Rate by 35% | Increases Skill damage by 32%, increases Bonus Damage by 15%. | Increases Guaranteed Dodge Rate by 25%",,,https://thanosvibs.money/api/characters/korath/skills
kraventhehunter,Kraven The Hunter,Modern,Hunter's Intuition | Target: All Allies | Cooldown 0s | Critical Damage increases by 12%.,"Predatory | Target: Self | Activation: 30 % chance when attacking | Cooldown 3s | Decreases all Basic Defenses by 5%. (Stacks up to 25% ) | Spirit of the Hunt | Cooldown 0s | Increases Skill damage by 30%, increases Bonus Damage by 15%. | Increases Guaranteed Critical Rate by 25% | Ignores target's Dodge Rate by 20%.",,,https://thanosvibs.money/api/characters/kraventhehunter/skills
kraventhehunter,Kraven The Hunter,Interdimensional Hunter,Hunter's Intuition | Target: All Allies | Cooldown 0s | Critical Damage increases by 12%.,"Covert Stalker | Activation: when skill Spear Throw is used | Cooldown 1s | Grants 75% Invisibility, Dodge 10% ↑. | 30% increase of Physical Attack. | Extraordinary Senses | Cooldown 0s | Super Armor, increases all Basic Defenses by 10%. | Increases Guaranteed Critical Rate by 30% | Ignores target's Dodge Rate by 25%.","Interdimensional Hunter | Target: Sinister Six Allies | Cooldown 0s | Increases basic damage dealt to Villain faction by 35%. | Increases basic damage dealt to Hero faction by 35%. | Increases Skill damage by 30%, increases Bonus Damage by 30%.",,https://thanosvibs.money/api/characters/kraventhehunter1/skills
lash,Lash,Marvel Studios' Agents of S.H.I.E.L.D.,Judgment of the Lord | Target: All Allies | Cooldown 0s | 30% increase of Energy Attack.,"Energy Steal | Activation: 70 % rate when hit | Cooldown 30s | Increases all Basic Attacks by 10% per 1% of pure damage received | Stacks all Energy damage taken. | Rage Trigger | Activation: when skill Disintegrate is used | Cooldown 6s | Increases Skill damage by 60%, increases Bonus Damage by 45%. | 100% chance to grant All Damage Immunity",,,https://thanosvibs.money/api/characters/lash/skills
lash,Lash,Modern,Judgment of the Lord | Target: All Allies | Cooldown 0s | 30% increase of Energy Attack.,"Energy Steal | Activation: 70 % rate when hit | Cooldown 30s | Increases all Basic Attacks by 10% per 1% of pure damage received | Stacks all Energy damage taken. | Rage Trigger | Activation: when skill Disintegrate is used | Cooldown 6s | Increases Skill damage by 60%, increases Bonus Damage by 45%. | 100% chance to grant All Damage Immunity",Modern | Activation: 10 % chance when attacking | Cooldown 10s | Energy Damage: 54% of Energy Attack Additional 0 Energy Damage.,,https://thanosvibs.money/api/characters/lash1/skills
lincolncampbell,Lincoln Campbell,Marvel Studios' Agents of S.H.I.E.L.D.,Conductor | Target: All Allies | Cooldown 0s | Increases Lightning Damage by 60%.,"Terrigenics | Activation: when enemies are within 4 m range | Cooldown 3s | Energy Lightning Damage: 33% of Energy Attack Additional 135 Energy Lightning Damage. | Spark Plug | Cooldown 0s | Increases Skill damage by 22%, increases Bonus Damage by 18%. | Decreases Energy Damage Received by 25%. | Increases Lightning Resist by 50%.",,,https://thanosvibs.money/api/characters/lincolncampbell/skills
lizard,Lizard,Classic,Lizard Instincts | Target: All Allies | Cooldown 0s | 30% increase of Physical Attack.,Reptile Regeneration | Activation: when HP is below 75 % | Cooldown 5s | Recovers 3% of HP. | Cold Blooded | Cooldown 0s | Increases Active Buffs effect by 25%.,,,https://thanosvibs.money/api/characters/lizard/skills
modok,M.O.D.O.K.,Classic,Master of Mind | Target: All Allies | Cooldown 0s | 30% increase of Energy Attack.,"Mental Focus | Cooldown 0s | Immunity to SNARE Effect. | Immunity to CHARM Effect. | Mind Game | Cooldown 0s | Increases Skill damage by 20%, increases Bonus Damage by 15%. | Ignores target's Dodge Rate by 10%.",,,https://thanosvibs.money/api/characters/modok/skills
modok,M.O.D.O.K.,SPIDOC,Master of Mind | Target: All Allies | Cooldown 0s | 30% increase of Energy Attack.,"Mental Focus | Cooldown 0s | Immunity to SNARE Effect. | Immunity to CHARM Effect. | Mind Game | Cooldown 0s | Increases Skill damage by 20%, increases Bonus Damage by 15%. | Ignores target's Dodge Rate by 10%.",,,https://thanosvibs.money/api/characters/modok1/skills
modok,M.O.D.O.K.,CAPDOC,Master of Mind | Target: All Allies | Cooldown 0s | 30% increase of Energy Attack.,"Mental Focus | Cooldown 0s | Immunity to SNARE Effect. | Immunity to CHARM Effect. | Mind Game | Cooldown 0s | Increases Skill damage by 20%, increases Bonus Damage by 15%. | Ignores target's Dodge Rate by 10%.",CAPDOC | Activation: 25 % rate when hit | Cooldown 20s | 100% chance to grant All Damage Immunity,,https://thanosvibs.money/api/characters/modok2/skills
modok,M.O.D.O.K.,Ant-Man and the Wasp: Quantumania,Master of Mind | Target: All Allies | Cooldown 0s | 45% increase of Energy Attack.,"Unchained Mind | Cooldown 0s | Immunity to SNARE Effect. | Immunity to CHARM Effect. | Immunity to Mind Control Effect. | Mind Game | Cooldown 0s | Increases Skill damage by 40%, increases Bonus Damage by 35%. | Ignores target's Dodge Rate by 20%.",Ant-Man and the Wasp: Quantumania | Cooldown 0s | Increases Chain Hit damage by 10% when attacking. | Decreases basic damage received by 15%.,,https://thanosvibs.money/api/characters/modok3/skills
magik,Magik,Modern,Darkchylde | Target: All Allies | Cooldown 0s | Critical Rate increases by 13%.,"Mixed Magic | Activation: when skill (Regular Attacks Excluded) is used | Cooldown 1s | Increases all Basic Attacks and Defense by 10%, all speed by 10%, and Critical Rate by 10%, removes Incapacitation | Next effect activates after 3 uses. | Recovers 10% of HP. | Master of Limbo | Cooldown 0s | Super Armor, increases all Basic Defenses by 15%. | Increases Skill damage by 35%, increases Bonus Damage by 15%. | Decreases basic damage received by 35%.",,,https://thanosvibs.money/api/characters/magik/skills
magik,Magik,Phoenix Five,Darkchylde | Target: All Allies | Cooldown 0s | Critical Rate increases by 13%.,"Mixed Magic | Activation: when skill (Regular Attacks Excluded) is used | Cooldown 1s | Increases all Basic Attacks and Defense by 15%, all speed by 10%, and Critical Rate by 15%, removes Incapacitation | Next effect activates after 3 uses. | Recovers 15% of HP. | Master of Limbo | Cooldown 0s | Super Armor, increases all Basic Defenses by 15%. | Increases Skill damage by 35%, increases Bonus Damage by 15%. | Decreases basic damage received by 35%.",,,https://thanosvibs.money/api/characters/magik1/skills
magik,Magik,Krakoan Winter,Limbo Leader | Target: Mutant Allies | Cooldown 0s | Increases all Basic Attacks by 40%,"Will of the Soul Sword | Cooldown 0s | Ignores target's Dodge Rate by 25%. | Increases all Basic Attacks and Defense by 25%, all speed by 15%, and Critical Rate by 15%, removes Incapacitation | Increases basic damage dealt to Villain faction by 40%. | Master of Limbo | Cooldown 0s | Super Armor, increases all Basic Defenses by 20%. | Increases Skill damage by 35%, increases Bonus Damage by 15%. | Decreases basic damage received by 35%.",Krakoan Winter | Cooldown 0s | Increases Chain Hit damage by 10% when attacking. | 100% chance to increase Critical Damage by 40% on Critical Attacks.,,https://thanosvibs.money/api/characters/magik2/skills
magik,Magik,Marvel Rivals,Limbo Leader | Target: Mutant Allies | Cooldown 0s | Increases all Basic Attacks by 40%,"Will of the Soul Sword | Cooldown 0s | Ignores target's Dodge Rate by 35%. | Increases all Basic Attacks and Defense by 25%, all speed by 15%, and Critical Rate by 15%, removes Incapacitation | Increases basic damage dealt to Villain faction by 40%. | Master of Limbo | Cooldown 0s | Super Armor, increases all Basic Defenses by 40%. | Increases Skill damage by 35%, increases Bonus Damage by 15%. | Decreases basic damage received by 40%.",Marvel Rivals | Cooldown 0s | Increases Chain Hit damage by 10% when attacking. | 100% chance to increase Critical Damage by 40% on Critical Attacks.,,https://thanosvibs.money/api/characters/magik3/skills
malekith,Malekith,Thor: The Dark World,Wild Hunt | Target: All Allies | Activation: when debuffed | Cooldown 40s | 30% increase of Energy Defense. | Removes all Debuffs.,Dark Aberration | Activation: 5 % chance when attacking | Cooldown 60s | Fear | Malicious Manipulation | Cooldown 0s | Increases basic damage dealt to Hero faction by 120%. | Decreases basic damage received from Hero faction by 20%.,,,https://thanosvibs.money/api/characters/malekith/skills
malekith,Malekith,"All-New, All-Different",Wild Hunt | Target: All Allies | Activation: when debuffed | Cooldown 40s | 30% increase of Energy Defense. | Removes all Debuffs.,Dark Aberration | Activation: 5 % chance when attacking | Cooldown 60s | Fear | Malicious Manipulation | Cooldown 0s | Increases basic damage dealt to Hero faction by 120%. | Decreases basic damage received from Hero faction by 20%.,"All-New, All-Different | Activation: 12 % rate when hit | Cooldown 7s | Recovers 10% of HP.",,https://thanosvibs.money/api/characters/malekith1/skills
malekith,Malekith,War of the Realms,Wild Hunt | Target: All Allies | Activation: when debuffed | Cooldown 35s | 30% increase of Energy Defense. | Removes all Debuffs.,"Dark Elf's Will | Cooldown 0s | 20% increase of HP. | Increases Chain Hit damage by 10% when attacking. | Acquires the following effect for $TIME sec. | Physical Damage: 53% of Energy Attack Additional 73 Physical Damage. | Dark Blessing | Cooldown 0s | Increases basic damage dealt to Hero faction by 120%. | Decreases basic damage received by 20%. | Increases Skill damage by 40%, increases Bonus Damage by 35%.",War of the Realms | Activation: 12 % rate when hit | Cooldown 7s | Recovers 15% of HP.,,https://thanosvibs.money/api/characters/malekith2/skills
mantis,Mantis,Guardians of the Galaxy 2,Inspiration | Target: All Allies | Cooldown 0s | Decreases Debuff Duration by 24%.,Self-Healing | Activation: when HP is below 90 % | Cooldown 7s | Recovers 5% of HP. | Celestial Madonna | Target: All Allies | Cooldown 0s | 15% Ignore Defense | Critical Damage increases by 20%.,,,https://thanosvibs.money/api/characters/mantis/skills
mantis,Mantis,Marvel Studios' Guardians of the Galaxy 3,Inspiration | Target: All Allies | Cooldown 0s | Decreases Debuff Duration by 24%.,Self-Healing | Activation: when HP is below 90 % | Cooldown 7s | Recovers 5% of HP. | Mental Connection | Target: All Allies | Cooldown 0s | Decreases basic damage received from Villain faction by 30%. | Decreases basic damage received from Hero faction by 30%.,"Marvel Studios' Guardians of the Galaxy 3 | Cooldown 0s | Increases Mind Damage by 20%. | 80% chance to become immune to Mind Damage. | Increases Skill damage by 30%, increases Bonus Damage by 30%.",,https://thanosvibs.money/api/characters/mantis1/skills
maximus,Maximus,War of Kings,Dangerous Ideal | Target: All Allies | Cooldown 0s | Decreases Debuff Duration by 24%.,"Mad Scientist | Activation: by default and reactivates 3 sec. after removed | Cooldown 3s | Summon an illusion with 32% of the summoner's stats. | Increases basic damage dealt to enemies with Machine ability by 50%. | Tragic Genius | Cooldown 0s | Increases summoned characters' Basic Attacks and Basic Defenses by 20%, Increases HP by 15%, increases duration of summoned characters by 10%. | Increases basic damage dealt to Hero faction by 15%.",,,https://thanosvibs.money/api/characters/maximus/skills
minnerva,Minn-Erva,Modern,Adaptability | Target: All Allies | Cooldown 0s | Decreases Debuff Duration by 24%.,"Developed Reflexes | Cooldown 0s | Dodge Rate increases by 30%. | Enhanced Kree Physique | Cooldown 0s | Increases Guaranteed Dodge Rate by 30% | Decreases basic damage received by 25%. | Increases Skill damage by 32%, increases Bonus Damage by 15%.",,,https://thanosvibs.money/api/characters/minn-erva/skills
minnerva,Minn-Erva,Marvel Studios' Captain Marvel,Adaptability | Target: All Allies | Cooldown 0s | Decreases Debuff Duration by 24%.,"Developed Reflexes | Cooldown 0s | Dodge Rate increases by 30%. | Enhanced Kree Physique | Cooldown 0s | Increases Guaranteed Dodge Rate by 30% | Decreases basic damage received by 25%. | Increases Skill damage by 32%, increases Bonus Damage by 15%.",Marvel Studios' Captain Marvel | Cooldown 0s | Increases Chain Hit damage by 10% when attacking.,,https://thanosvibs.money/api/characters/minn-erva1/skills
mistersinister,Mister Sinister,Modern,"Genetic Manipulation | Target: All Allies for the first effect, Self for the second effect | Cooldown 0s | Increases Mind Resist by 50%. | Increases all Basic Attacks by 35%, all Basic Defenses by 35%, and all Speeds by 10%.","Self-Experiment | Activation: when HP is below 50 % | Cooldown 140s | Recovers 100% of HP. | Removes all Debuffs. | Mad Science | Cooldown 0s | Increases Skill damage by 40%, increases Bonus Damage by 30%. | Increases all Basic Attacks by 15% | Increases summoned characters' Basic Attacks and Basic Defenses by 30%, Increases HP by 20%, increases duration of summoned characters by 30%.",,,https://thanosvibs.money/api/characters/mistersinister/skills
mistersinister,Mister Sinister,Hellfire Gala,"Genetic Manipulation | Target: All Allies for the first effect, Self for the second effect | Cooldown 0s | Increases Mind Resist by 50%. | Increases all Basic Attacks by 35%, all Basic Defenses by 35%, and all Speeds by 10%.","Self-Experiment | Activation: when HP is below 50 % | Cooldown 90s | Recovers 100% of HP. | Removes all Debuffs. | Mad Science | Cooldown 0s | Increases Skill damage by 40%, increases Bonus Damage by 30%. | Decreases basic damage received by 30%. | Increases summoned characters' Basic Attacks and Basic Defenses by 30%, Increases HP by 20%, increases duration of summoned characters by 30%.",Hellfire Gala | Cooldown 0s | Increases Guaranteed Dodge Rate by 35% | Ignores target's Dodge Rate by 30%. | Guard Break Immunity,,https://thanosvibs.money/api/characters/mistersinister1/skills
mistyknight,Misty Knight,"All-New, All-Different",Frostbite | Target: All Allies | Cooldown 0s | Increases Cold Damage by 60%.,Interrogation Expert | Cooldown 0s | Increases All Speeds by 1.5%. | Detective Insight | Cooldown 0s | Increases Guaranteed Dodge Rate by 25% | Increases Cold Damage by 35%.,,,https://thanosvibs.money/api/characters/mistyknight/skills
mockingbird,Mockingbird,Heroic Age,Agent 19 | Target: All Allies | Cooldown 0s | Dodge Rate increases by 6%.,"Battle Expert | Activation: 5 % chance when attacking | Cooldown 1s | Critical Rate increases by 3%. | Spy Tactics | Cooldown 0s | Increases Skill damage by 35%, increases Bonus Damage by 30%. | Increases Guaranteed Dodge Rate by 35%",,,https://thanosvibs.money/api/characters/mockingbird/skills
mockingbird,Mockingbird,Marvel Studios' Agents of S.H.I.E.L.D.,Agent 19 | Target: All Allies | Cooldown 0s | Dodge Rate increases by 6%.,"Battle Expert | Activation: 5 % chance when attacking | Cooldown 1s | Critical Rate increases by 5%. | Spy Tactics | Cooldown 0s | Increases Skill damage by 35%, increases Bonus Damage by 30%. | Increases Guaranteed Dodge Rate by 35%",Marvel Studios' Agents of S.H.I.E.L.D. | Activation: 30 % chance when attacking | Cooldown 3s | Guard Breaks activate for 1 attacks.,,https://thanosvibs.money/api/characters/mockingbird1/skills
mockingbird,Mockingbird,"All-New, All-Different",Agent 19 | Target: All Allies | Cooldown 0s | Dodge Rate increases by 6%.,"Battle Expert | Activation: 5 % chance when attacking | Cooldown 1s | Critical Rate increases by 5%. | Spy Tactics | Cooldown 0s | Increases Skill damage by 35%, increases Bonus Damage by 30%. | Increases Guaranteed Dodge Rate by 35%","All-New, All-Different | Activation: 30 % chance when attacking | Cooldown 3s | Guard Breaks activate for 1 attacks.",,https://thanosvibs.money/api/characters/mockingbird2/skills
moltenman,Molten Man,Spider-Man: Far From Home,Metallic Skin | Target: All Allies | Cooldown 0s | Increases all Basic Defenses by 45%.,"Fire Eater | Cooldown 0s | 70% chance to become immune to Flame Damage. | Increases basic damage dealt to enemies with Flame ability by 30%. | Fiery Rage | Activation: when skill Lava Flow is used | Cooldown 0s | Increases Skill damage by 30%, increases Bonus Damage by 15%. | Decreases basic damage received by 25%. | Acquires the following effect for $TIME sec. | 100% chance to grant All Damage Immunity",,,https://thanosvibs.money/api/characters/moltenman/skills
moongirl,Moon Girl,Marvel NOW!,Brilliant Inventor | Target: All Allies | Cooldown 0s | Increases all Basic Attacks by 36%,"Devil Dinosaur | Activation: by default and reactivates 3 sec. after removed | Cooldown 3s | Summon an illusion with 120% of the summoner's stats. | Devil Roar | Cooldown 0s | Increases Skill damage by 20%, increases Bonus Damage by 15%. | Increases summoned characters' Basic Attacks and Basic Defenses by 25%, Increases HP by 10%, increases duration of summoned characters by 10%. | Increases All Debuffs effect by 15%.",,,https://thanosvibs.money/api/characters/moongirl/skills
moongirl,Moon Girl,Monsters Unleashed! (MFF Variant),Brilliant Inventor | Target: All Allies | Cooldown 0s | Increases all Basic Attacks by 36%,"Devil Dinosaur | Activation: by default and reactivates 3 sec. after removed | Cooldown 3s | Summon an illusion with 140% of the summoner's stats. | Devil Roar | Cooldown 0s | Increases Skill damage by 20%, increases Bonus Damage by 15%. | Increases summoned characters' Basic Attacks and Basic Defenses by 25%, Increases HP by 10%, increases duration of summoned characters by 10%. | Increases All Debuffs effect by 15%.","Monsters Unleashed! (MFF Variant) | Cooldown 0s | Increases all Basic Attacks by 20%, all Basic Defenses by 10%, and all Speeds by 5%.",,https://thanosvibs.money/api/characters/moongirl1/skills
morganlefay,Morgan le Fay,Modern,Anti-Magic | Target: All Allies | Cooldown 0s | Decreases Debuff Duration by 24%.,"Back In Time | Activation: when dead | Cooldown 300s | Revive with 50% of Max HP | Transcendence | Activation: 30 % rate when Do My Biddings skill is used | Cooldown 0s | Acquires the following effect for $TIME sec. | Increases summoned characters' Basic Attacks and Basic Defenses by 30%, Increases HP by 30%, increases duration of summoned characters by 30%. | Increases Skill damage by 32%, increases Bonus Damage by 15%. | Resets Cooldown for skill, 101770200.",,,https://thanosvibs.money/api/characters/morganlefay/skills
morganlefay,Morgan le Fay,Fallen Soul,Anti-Magic | Target: All Allies | Cooldown 0s | Decreases Debuff Duration by 24%.,"Back In Time | Activation: when dead | Cooldown 300s | Revive with 80% of Max HP | Witch's Curse | Cooldown 0s | Decreases basic damage received by 30%. | Increases Chain Hit damage by 10% when attacking. | Increases Skill damage by 35%, increases Bonus Damage by 25%.",Fallen Soul | Target: Universal Type Allies | Cooldown 0s | Acquires the following effect for $TIME sec. | Increases all Basic Attacks by 35% | Increases basic damage dealt to boss types by 35%.,,https://thanosvibs.money/api/characters/morganlefay1/skills
msmarvelkamalakhan,Ms. Marvel (Kamala Khan),"All-New, All-Different",Biokinetic Suit | Target: All Allies | Cooldown 0s | 45% increase of Physical Defense.,"Accelerated Healing | Activation: when HP is below 30 % | Cooldown 7s | Recovers 30% of HP. | Embiggen! | Cooldown 0s | Increases Skill damage by 30%, increases Bonus Damage by 25%.",,,https://thanosvibs.money/api/characters/kamalakhan/skills
msmarvelkamalakhan,Ms. Marvel (Kamala Khan),Karachi Costume,Biokinetic Suit | Target: All Allies | Cooldown 0s | 45% increase of Physical Defense.,"Accelerated Healing | Activation: when HP is below 30 % | Cooldown 7s | Recovers 30% of HP. | Embiggen! | Cooldown 0s | Increases Skill damage by 30%, increases Bonus Damage by 25%.",Karachi Costume | Cooldown 0s | 20% increase of HP. | Increases All Speeds by 10%.,,https://thanosvibs.money/api/characters/kamalakhan1/skills
msmarvelkamalakhan,Ms. Marvel (Kamala Khan),Inhumans: Attilan Rising,Biokinetic Suit | Target: All Allies | Cooldown 0s | 45% increase of Physical Defense.,"Accelerated Healing | Activation: when HP is below 50 % | Cooldown 6s | Recovers 30% of HP. | Removes all Debuffs. | Embiggen! | Cooldown 0s | Increases Skill damage by 30%, increases Bonus Damage by 25%.","Inhumans: Attilan Rising | Cooldown 0s | 30% increase of HP. | Increases all Basic Attacks by 15% | Super Armor, increases all Basic Defenses by 50%.",,https://thanosvibs.money/api/characters/kamalakhan2/skills
msmarvelkamalakhan,Ms. Marvel (Kamala Khan),Marvel Studios' Ms. Marvel,Biokinetic Suit | Target: All Allies | Cooldown 0s | 45% increase of Physical Defense.,"Amazing Potential | Cooldown 0s | Ignores target's Dodge Rate by 35%. | Guard Break Immunity | Embiggen! | Cooldown 0s | Increases Skill damage by 35%, increases Bonus Damage by 30%. | Increases Chain Hit damage by 15% when attacking.","Marvel Studios' Ms. Marvel | Cooldown 0s | Decreases basic damage received by 30%. | Increases all Basic Attacks by 40% | Super Armor, increases all Basic Defenses by 50%.",,https://thanosvibs.money/api/characters/kamalakhan3/skills
msmarvelkamalakhan,Ms. Marvel (Kamala Khan),Marvel Studios' The Marvels,Biokinetic Suit | Target: All Allies | Cooldown 0s | 45% increase of Physical Defense.,"Amazing Potential | Cooldown 0s | Ignores target's Dodge Rate by 35%. | Guard Break Immunity | Embiggen! | Cooldown 0s | Increases Skill damage by 45%, increases Bonus Damage by 30%. | Increases Chain Hit damage by 15% when attacking.","Marvel Studios' The Marvels | Cooldown 0s | Decreases basic damage received by 30%. | Increases all Basic Attacks by 45% | Super Armor, increases all Basic Defenses by 50%.",,https://thanosvibs.money/api/characters/kamalakhan4/skills
msmarvelkamalakhan,Ms. Marvel (Kamala Khan),Marvel Animation's Marvel Zombies,Biokinetic Suit | Target: All Allies | Cooldown 0s | 45% increase of Physical Defense.,"Amazing Potential | Cooldown 0s | Ignores target's Dodge Rate by 35%. | Guard Break Immunity | Embiggen! | Cooldown 0s | Increases Skill damage by 45%, increases Bonus Damage by 30%. | Increases Chain Hit damage by 15% when attacking.","Marvel Animation's Marvel Zombies | Cooldown 0s | Decreases basic damage received by 30%. | Increases all Basic Attacks by 50% | Super Armor, increases all Basic Defenses by 50%.",,https://thanosvibs.money/api/characters/kamalakhan5/skills
mysterio,Mysterio,Classic,Brilliant Performance | Target: All Allies | Cooldown 0s | Decreases Skill Cooldown by 24%.,"Stage Spectacle | Target: Self | Activation: when attacking | Cooldown 10s | Silence | Showmanship | Cooldown 0s | Increases summoned characters' Basic Attacks and Basic Defenses by 20%, Increases HP by 15%, increases duration of summoned characters by 10%. | Increases all Basic Attacks by 15%, all Basic Defenses by 15%, and all Speeds by 10%. | Increases Mind Damage by 15%.",,,https://thanosvibs.money/api/characters/mysterio/skills
mysterio,Mysterio,Spider-Man: Far From Home,Brilliant Performance | Target: All Allies | Cooldown 0s | Decreases Skill Cooldown by 24%.,"Stage Spectacle | Target: Self | Activation: when attacking | Cooldown 10s | Silence | Showmanship | Cooldown 0s | Increases summoned characters' Basic Attacks and Basic Defenses by 20%, Increases HP by 15%, increases duration of summoned characters by 10%. | Increases all Basic Attacks by 15%, all Basic Defenses by 15%, and all Speeds by 10%. | Increases Mind Damage by 15%.","Spider-Man: Far From Home | Cooldown 0s | Increases all Basic Attacks by 50% | 25% chance to penetrate with Invincible, All Damage Immune, Shield effect. | Decreases basic damage received by 66%.",,https://thanosvibs.money/api/characters/mysterio1/skills
mysterio,Mysterio,Summer Mystery,Brilliant Performance | Target: All Allies | Cooldown 0s | Decreases Skill Cooldown by 24%.,"Stage Spectacle | Target: Self | Activation: when attacking | Cooldown 10s | Silence | Cunning Battle | Cooldown 0s | Increases all Basic Attacks by 50% | 30% chance to penetrate with Invincible, All Damage Immune, Shield, Barrier, Super Armor effect. | Acquires the following effect for $TIME sec.",Summer Mystery | Target: Super Villain Allies | Cooldown 0s | Increases basic damage dealt to boss types by 40%. | Increases all Basic Attacks by 30%,,https://thanosvibs.money/api/characters/mysterio2/skills
nebula,Nebula,Guardians of the Galaxy,Relentless | Target: All Allies\nActivates when: Combat Type Ally enters | Cooldown 0s | Dodge Rate increases by 4.2%. | Dodge Rate increases by 6%. | Dodge Rate increases by 7.8%.,Stunning Grace | Activation: 5 % chance when attacking | Cooldown 20s | Shock: Deals additional 30% Lightning Damage every 1 sec. | Cosmic Sense | Cooldown 0s | Increases Lightning Damage by 25%. | Increases Guaranteed Dodge Rate by 35%,,,https://thanosvibs.money/api/characters/nebula/skills
nebula,Nebula,Classic,Relentless | Target: All Allies\nActivates when: Combat Type Ally enters | Cooldown 0s | Dodge Rate increases by 4.2%. | Dodge Rate increases by 6%. | Dodge Rate increases by 7.8%.,Stunning Grace | Activation: 5 % chance when attacking | Cooldown 20s | Shock: Deals additional 30% Lightning Damage every 1 sec. | Cosmic Sense | Cooldown 0s | Increases Lightning Damage by 25%. | Increases Guaranteed Dodge Rate by 35%,,,https://thanosvibs.money/api/characters/nebula1/skills
nebula,Nebula,Marvel Studios' Avengers: Endgame,Relentless | Target: All Allies\nActivates when: Combat Type Ally enters | Cooldown 0s | Dodge Rate increases by 4.2%. | Dodge Rate increases by 6%. | Dodge Rate increases by 7.8%.,"Stunning Grace | Target: Self | Activation: 5 % chance when attacking | Cooldown 5s | Shock: Deals additional 30% Lightning Damage every 1 sec. | Cosmic Sense | Cooldown 0s | Increases Lightning Damage by 20%. | Increases Guaranteed Dodge Rate by 35% | Increases Skill damage by 32%, increases Bonus Damage by 15%.",Marvel Studios' Avengers: Endgame | Cooldown 0s | Increases Lightning Damage by 20%.,,https://thanosvibs.money/api/characters/nebula4/skills
nebula,Nebula,Team Suit,Relentless | Target: All Allies\nActivates when: Combat Type Ally enters | Cooldown 0s | Dodge Rate increases by 4.2%. | Dodge Rate increases by 6%. | Dodge Rate increases by 7.8%.,"Stunning Grace | Target: Self | Activation: 5 % chance when attacking | Cooldown 5s | Shock: Deals additional 30% Lightning Damage every 1 sec. | Cosmic Sense | Cooldown 0s | Increases Lightning Damage by 20%. | Increases Guaranteed Dodge Rate by 35% | Increases Skill damage by 32%, increases Bonus Damage by 15%.",Team Suit | Cooldown 0s | Increases Lightning Damage by 20%.,,https://thanosvibs.money/api/characters/nebula5/skills
nebula,Nebula,Marvel Studios' What If...?,Relentless | Target: All Allies\nActivates when: Combat Type Ally enters | Cooldown 0s | Dodge Rate increases by 4.2%. | Dodge Rate increases by 6%. | Dodge Rate increases by 7.8%.,"Stunning Grace | Target: Self | Activation: 5 % chance when attacking | Cooldown 5s | Burn: Deals additional 30% Flame Damage every 1 sec. | Whistle of Passion | Cooldown 0s | Increases Flame Damage by 20%. | Increases Guaranteed Dodge Rate by 35% | Increases Skill damage by 32%, increases Bonus Damage by 15%.",Marvel Studios' What If...? | Cooldown 0s | Increases Flame Damage by 25%. | Increases Guaranteed Critical Rate by 15%,,https://thanosvibs.money/api/characters/nebula6/skills
negasonicteenagewarhead,Negasonic Teenage Warhead,Modern,Precognitive Practice | Target: All Allies | Cooldown 0s | Decreases Debuff Duration by 30%.,"Mercenary Fervor | Cooldown 0s | Critical Rate increases by 30%. | Critical Damage increases by 30%. | Particle Manipulation | Cooldown 0s | Decreases basic damage received by 30%. | Super Armor, increases all Basic Defenses by 100%. | 65% chance to increase Critical Damage by 50% on Critical Attacks.",,,https://thanosvibs.money/api/characters/negasonicteenagewarhead/skills
nickfury,Nick Fury,Modern,Legendary Leader | Target: Super Hero Allies | Cooldown 0s | Increases all Basic Attacks by 50%,"Care Package | Activation: when debuffed | Cooldown 15s | Removes all Debuffs. | Director of S.H.I.E.L.D. | Target: Super Hero Allies | Cooldown 0s | Increases basic damage dealt to Villain faction by 50%. | Super Armor, increases all Basic Defenses by 30%.",,Ignore Dodge 4% 0.2% | Basic Damage Dealt to Boss Types 5% 0.1% | Ignore Dodge 6% 0.3% | Basic Damage Dealt to Boss Types 8% 0.15% | Ignore Dodge 8% 0.4% | Basic Damage Dealt to Boss Types 11% 0.2% | Ignore Dodge 10% 0.5% | Basic Damage Dealt to Boss Types 15% 0.25%,https://thanosvibs.money/api/characters/nickfury1/skills
nickfury,Nick Fury,Marvel Studios' Captain Marvel,Legendary Leader | Target: Super Hero Allies | Cooldown 0s | Increases all Basic Attacks by 50%,"Care Package | Activation: when debuffed | Cooldown 15s | Removes all Debuffs. | Director of S.H.I.E.L.D. | Target: Super Hero Allies | Cooldown 0s | Increases basic damage dealt to Villain faction by 55%. | Super Armor, increases all Basic Defenses by 30%. | Immunity to Incapacitation Effect.",,Ignore Dodge 4% 0.2% | Basic Damage Dealt to Boss Types 5% 0.1% | Ignore Dodge 6% 0.3% | Basic Damage Dealt to Boss Types 8% 0.15% | Ignore Dodge 8% 0.4% | Basic Damage Dealt to Boss Types 11% 0.2% | Ignore Dodge 10% 0.5% | Basic Damage Dealt to Boss Types 15% 0.25%,https://thanosvibs.money/api/characters/nickfury2/skills
nickfury,Nick Fury,Marvel Studios' The Marvels,Legendary Leader | Target: Super Hero Allies | Cooldown 0s | Increases all Basic Attacks by 60%,"Care Package | Activation: when debuffed | Cooldown 15s | Removes all Debuffs. | Director of S.H.I.E.L.D. | Target: Super Hero Allies | Cooldown 0s | Increases basic damage dealt to Villain faction by 55%. | Super Armor, increases all Basic Defenses by 30%. | Immunity to Incapacitation Effect.","Marvel Studios' The Marvels | Cooldown 0s | Increases Skill damage by 35%, increases Bonus Damage by 30%. | Decreases basic damage received by 30%.",Ignore Dodge 4% 0.2% | Basic Damage Dealt to Boss Types 5% 0.1% | Ignore Dodge 6% 0.3% | Basic Damage Dealt to Boss Types 8% 0.15% | Ignore Dodge 8% 0.4% | Basic Damage Dealt to Boss Types 11% 0.2% | Ignore Dodge 10% 0.5% | Basic Damage Dealt to Boss Types 15% 0.25%,https://thanosvibs.money/api/characters/nickfury3/skills
nickfury,Nick Fury,Secret Avengers,Legendary Leader | Target: Super Hero Allies | Cooldown 0s | Increases all Basic Attacks by 60%,"Care Package | Activation: when debuffed | Cooldown 15s | Removes all Debuffs. | Director of S.H.I.E.L.D. | Target: Super Hero Allies | Cooldown 0s | Increases basic damage dealt to Villain faction by 60%. | Super Armor, increases all Basic Defenses by 30%. | Immunity to Incapacitation Effect.","Secret Avengers | Cooldown 0s | Increases Skill damage by 40%, increases Bonus Damage by 35%. | Decreases basic damage received by 30%.",Ignore Dodge 4% 0.2% | Basic Damage Dealt to Boss Types 5% 0.1% | Ignore Dodge 6% 0.3% | Basic Damage Dealt to Boss Types 8% 0.15% | Ignore Dodge 8% 0.4% | Basic Damage Dealt to Boss Types 11% 0.2% | Ignore Dodge 10% 0.5% | Basic Damage Dealt to Boss Types 15% 0.25%,https://thanosvibs.money/api/characters/nickfury4/skills
novarichardrider,Nova (Richard Rider),Modern,Nova Force | Target: Super Hero Allies | Cooldown 0s | 30% increase of Energy Attack.,"Worldmind Knowledge | Target: Super Hero Allies | Cooldown 0s | Increases basic damage dealt to Villain faction by 40%. | Ignores target's Dodge Rate by 25%. | Prime Power | Cooldown 0s | Increases Skill damage by 25%, increases Bonus Damage by 25%. | Increases Guaranteed Dodge Rate by 20%",,Basic Damage Dealt to Villains 6% 0.2% | Basic Damage Dealt to Heroes 6% 0.2% | Basic Damage Dealt to Villains 9% 0.3% | Basic Damage Dealt to Heroes 9% 0.3% | Basic Damage Dealt to Villains 12% 0.4% | Basic Damage Dealt to Heroes 12% 0.4% | Basic Damage Dealt to Villains 15% 0.5% | Basic Damage Dealt to Heroes 15% 0.5%,https://thanosvibs.money/api/characters/nova/skills
novarichardrider,Nova (Richard Rider),Marvel Cosmic Invasion,Nova Force | Target: Super Hero Allies | Cooldown 0s | 30% increase of Energy Attack.,"Worldmind Knowledge | Target: Super Hero Allies | Cooldown 0s | Increases basic damage dealt to Villain faction by 50%. | Ignores target's Dodge Rate by 40%. | Prime Power | Cooldown 0s | Increases Skill damage by 35%, increases Bonus Damage by 35%. | Increases Guaranteed Dodge Rate by 20%",Marvel Cosmic Invasion | Cooldown 0s | Decreases basic damage received by 20%.,Basic Damage Dealt to Villains 6% 0.2% | Basic Damage Dealt to Heroes 6% 0.2% | Basic Damage Dealt to Villains 9% 0.3% | Basic Damage Dealt to Heroes 9% 0.3% | Basic Damage Dealt to Villains 12% 0.4% | Basic Damage Dealt to Heroes 12% 0.4% | Basic Damage Dealt to Villains 15% 0.5% | Basic Damage Dealt to Heroes 15% 0.5%,https://thanosvibs.money/api/characters/nova1/skills
novasamalexander,Nova (Sam Alexander),"All-New, All-Different",Lightspeed Flight | Target: All Allies | Cooldown 0s | Increases All Speeds by 6%.,"Xandarian Worldmind | Cooldown 0s | Dodge Rate increases by 10%. | 10% increase of Energy Attack. | Power of Nova Centurion | Cooldown 0s | Increases Skill damage by 32%, increases Bonus Damage by 15%. | Increases Guaranteed Critical Rate by 30% | Ignores target's Dodge Rate by 30%.",,,https://thanosvibs.money/api/characters/samalexander/skills
philcoulson,Phil Coulson,Marvel Studios' Agents of S.H.I.E.L.D.,Director | Target: Super Hero Allies | Activation: when dealing Critical Attack | Cooldown 15s | Decreases Skill Cooldown by 30%.,Full Blast | Cooldown 0s | Decreases Striker Activation CD by 50%. | Increases Striker Rate by 50%. | Director's Orders | Target: Super Hero Allies | Cooldown 0s | Increases Guaranteed Critical Rate by 20% | Increases basic damage dealt to Villain faction by 45%. | Decreases basic damage received from Villain faction by 15%.,,Ignore Dodge 9% 0.2% | Basic Damage Dealt to Boss Types 5% 0.1% | Ignore Dodge 11% 0.3% | Basic Damage Dealt to Boss Types 8% 0.15% | Ignore Dodge 13% 0.4% | Basic Damage Dealt to Boss Types 11% 0.2% | Ignore Dodge 15% 0.5% | Basic Damage Dealt to Boss Types 15% 0.25%,https://thanosvibs.money/api/characters/philcoulson/skills
philcoulson,Phil Coulson,A.O.S. Season 3,Director | Target: Super Hero Allies | Activation: when dealing Critical Attack | Cooldown 15s | Decreases Skill Cooldown by 30%.,Full Blast | Cooldown 0s | Decreases Striker Activation CD by 50%. | Increases Striker Rate by 50%. | Director's Orders | Target: Super Hero Allies | Cooldown 0s | Increases Guaranteed Critical Rate by 20% | Increases basic damage dealt to Villain faction by 45%. | Decreases basic damage received from Villain faction by 15%.,A.O.S. Season 3 | Target: All Allies | Cooldown 0s | Increases all Basic Defenses by 10%.,Ignore Dodge 9% 0.2% | Basic Damage Dealt to Boss Types 5% 0.1% | Ignore Dodge 11% 0.3% | Basic Damage Dealt to Boss Types 8% 0.15% | Ignore Dodge 13% 0.4% | Basic Damage Dealt to Boss Types 11% 0.2% | Ignore Dodge 15% 0.5% | Basic Damage Dealt to Boss Types 15% 0.25%,https://thanosvibs.money/api/characters/philcoulson1/skills
philcoulson,Phil Coulson,Winter Ops,Director | Target: Super Hero Allies | Activation: when dealing Critical Attack | Cooldown 15s | Decreases Skill Cooldown by 30%.,Fire Support | Cooldown 0s | 40% increase of Energy Attack. | Increases Chain Hit damage by 5% when attacking. | Director's Orders | Target: All Allies | Cooldown 0s | Increases Guaranteed Critical Rate by 20% | Increases basic damage dealt to Villain faction by 50%. | Decreases basic damage received from Villain faction by 20%.,Winter Ops | Target: Super Hero Allies | Cooldown 0s | 30% increase of HP. | Decreases basic damage received by 20%.,Ignore Dodge 9% 0.2% | Basic Damage Dealt to Boss Types 5% 0.1% | Ignore Dodge 11% 0.3% | Basic Damage Dealt to Boss Types 8% 0.15% | Ignore Dodge 13% 0.4% | Basic Damage Dealt to Boss Types 11% 0.2% | Ignore Dodge 15% 0.5% | Basic Damage Dealt to Boss Types 15% 0.25%,https://thanosvibs.money/api/characters/philcoulson2/skills
phylavell,Phyla-Vell,Modern,Energy Control | Target: All Allies | Cooldown 0s | 50% increase of Energy Defense.,"Quantum Armor | Cooldown 0s | Super Armor, increases all Basic Defenses by 30%. | Reflects 25% of Energy Damage received. (Up to 25% of Max Attack). | Quantum Energy Amplification | Target: Universal Type Allies | Cooldown 0s | Increases all Basic Attacks by 30% | Increases Skill damage by 25%, increases Bonus Damage by 15%.",,,https://thanosvibs.money/api/characters/phylavell/skills
phylavell,Phyla-Vell,Marvel Cosmic Invasion,Energy Control | Target: All Allies | Cooldown 0s | 50% increase of Energy Defense.,"Quantum Armor | Cooldown 0s | Super Armor, increases all Basic Defenses by 30%. | Reflects 25% of Energy Damage received. (Up to 25% of Max Attack). | Quantum Energy Amplification | Target: Universal Type Allies | Cooldown 0s | Increases all Basic Attacks by 30% | Increases basic damage dealt to boss types by 45%.",Marvel Cosmic Invasion | Cooldown 0s | Decreases basic damage received by 20%. | Ignores target's Dodge Rate by 35%.,,https://thanosvibs.money/api/characters/phylavell1/skills
proximamidnight,Proxima Midnight,Infinity,Dark Premonition | Target: All Allies | Cooldown 0s | Ignores target's Dodge Rate by 40%. | Critical Damage increases by 18%.,"Relentless Pursuit | Activation: 30 % chance when attacking | Cooldown 5s | Decreases All Speeds by 5%. (stacks up to 35% ) | The Demolisher | Activation: by default and reactivates 7 sec. after removed | Cooldown 7s | 30% chance to penetrate with All Damage Immune, Shield, Barrier effect.",,,https://thanosvibs.money/api/characters/proximamidnight/skills
proximamidnight,Proxima Midnight,Marvel Studios' Avengers: Infinity War,Dark Premonition | Target: All Allies | Cooldown 0s | Ignores target's Dodge Rate by 40%. | Critical Damage increases by 18%.,"Relentless Pursuit | Activation: 30 % chance when attacking | Cooldown 5s | Decreases All Speeds by 5%. (stacks up to 35% ) | Decreases all Basic Defenses by 5%. (Stacks up to 35% ) | The Demolisher | Activation: by default and reactivates 7 sec. after removed | Cooldown 7s | 50% chance to penetrate with All Damage Immune, Shield, Barrier effect.",,,https://thanosvibs.money/api/characters/proximamidnight1/skills
proximamidnight,Proxima Midnight,Dark Obsidian Armor,Dark Premonition | Target: All Allies | Cooldown 0s | Ignores target's Dodge Rate by 45%. | Critical Damage increases by 30%.,"Relentless Pursuit | Activation: when HP is below 40 % | Cooldown 90s | Recovers 40% of HP. | Invincible | The Demolisher | Activation: by default and reactivates 7 sec. after removed | Cooldown 7s | 50% chance to penetrate with Invincible, All Damage Immune, Shield, Barrier effect. | Increases Skill damage by 30%, increases Bonus Damage by 30%.",Dark Obsidian Armor | Target: Super Villain Allies | Cooldown 0s | Increases basic damage dealt to Villain faction by 35%. | Increases basic damage dealt to Hero faction by 40%.,,https://thanosvibs.money/api/characters/proximamidnight2/skills
psylocke,Psylocke,X-Force,Psylocke's Protection | Target: All Allies | Cooldown 0s | Increases Mind Resist by 50%.,"Psionic Immunity | Cooldown 0s | Immunity to Mind Control Effect. | Increases Mind Resist by 30%. | Unlocked Potential | Activation: when skill Butterfly Phantasm is used | Cooldown 1s | Increases Mind Damage by 35%. | 100% chance to penetrate with All Damage Immune, Shield, Barrier, Super Armor effect.",,,https://thanosvibs.money/api/characters/psylocke/skills
psylocke,Psylocke,Disassembled,Psylocke's Protection | Target: All Allies | Cooldown 0s | Increases Mind Resist by 50%.,"Psionic Immunity | Cooldown 0s | Immunity to Mind Control Effect. | Increases Mind Resist by 30%. | Unlocked Potential | Activation: when skill Butterfly Phantasm is used | Cooldown 1s | Increases Mind Damage by 35%. | 100% chance to penetrate with All Damage Immune, Shield, Barrier, Super Armor effect.",Disassembled | Cooldown 0s | 20% increase of HP. | 30% chance to penetrate with Mind Resist effect.,,https://thanosvibs.money/api/characters/psylocke2/skills
psylocke,Psylocke,Hellfire Gala,Psylocke's Protection | Target: All Allies | Cooldown 0s | Increases Mind Resist by 50%.,Psionic Immunity | Cooldown 0s | Immunity to Mind Control Effect. | Increases Mind Resist by 30%. | Guard Break Immunity | Mental Fortitude | Cooldown 0s | Increases Mind Damage by 35%. | Increases Guaranteed Critical Rate by 30% | Critical Damage increases by 30%.,"Hellfire Gala | Cooldown 0s | 30% increase of HP. | Ignores target's Dodge Rate by 40%. | Increases Skill damage by 15%, increases Bonus Damage by 15%.",,https://thanosvibs.money/api/characters/psylocke3/skills
psylocke,Psylocke,Summer Vacation,Psylocke's Protection | Target: All Allies | Cooldown 0s | Increases Mind Resist by 50%.,Psionic Immunity | Cooldown 0s | Immunity to Mind Control Effect. | Increases Mind Resist by 30%. | Guard Break Immunity | Summer Butterfly | Cooldown 0s | Increases Mind Damage by 40%. | Increases Guaranteed Critical Rate by 40% | Critical Damage increases by 30%.,"Summer Vacation | Cooldown 0s | Increases Chain Hit damage by 15% when attacking. | Ignores target's Dodge Rate by 40%. | Increases Skill damage by 15%, increases Bonus Damage by 15%.",,https://thanosvibs.money/api/characters/psylocke4/skills
punisher,Punisher,Modern,Vigilante Justice | Target: All Allies | Cooldown 0s | Increases all Basic Attacks by 24%,Pain Tolerance | Cooldown 0s | Decreases Skill Cooldown by 4%. | One Man Army | Cooldown 0s | Ignores target's Dodge Rate by 35%. | 15% Ignore Defense,,,https://thanosvibs.money/api/characters/punisher/skills
punisher,Punisher,Noir,Vigilante Justice | Target: All Allies | Cooldown 0s | Increases all Basic Attacks by 24%,Pain Tolerance | Cooldown 0s | Decreases Skill Cooldown by 4%. | One Man Army | Cooldown 0s | Ignores target's Dodge Rate by 35%. | 15% Ignore Defense,Noir | Activation: when dealing Critical Attack | Cooldown 30s | 10% increase of Physical Attack.,,https://thanosvibs.money/api/characters/punisher1/skills
punisher,Punisher,War Journal,Vigilante Justice | Target: All Allies | Cooldown 0s | Increases all Basic Attacks by 24%,Pain Tolerance | Cooldown 0s | Decreases Skill Cooldown by 4%. | One Man Army | Cooldown 0s | Ignores target's Dodge Rate by 35%. | 15% Ignore Defense,War Journal | Activation: 25 % chance when attacking | Cooldown 20s | Increases All Speeds by 15%.,,https://thanosvibs.money/api/characters/punisher2/skills
punisher,Punisher,Marvel Studios' Daredevil,Vigilante Justice | Target: All Allies | Cooldown 0s | Increases all Basic Attacks by 24%,Pain Tolerance | Cooldown 0s | Decreases Skill Cooldown by 4%. | One Man Army | Cooldown 0s | Ignores target's Dodge Rate by 35%. | 15% Ignore Defense,Marvel Studios' Daredevil | Activation: 5 % chance when attacking | Cooldown 20s | Decreases Skill Cooldown by 30%.,,https://thanosvibs.money/api/characters/punisher3/skills
punisher,Punisher,Marvel Legacy,Vigilante Justice | Target: All Allies | Cooldown 0s | Increases all Basic Attacks by 24%,Pain Tolerance | Cooldown 0s | Decreases Skill Cooldown by 10%. | One Man Army | Cooldown 0s | Ignores target's Dodge Rate by 35%. | 15% Ignore Defense,Marvel Legacy | Cooldown 0s | Decreases basic damage received by 15%.,,https://thanosvibs.money/api/characters/punisher4/skills
punisher,Punisher,Cosmic Ghost Rider,Vigilante Justice | Target: All Allies | Cooldown 0s | Increases all Basic Attacks by 24%,Pain Tolerance | Cooldown 0s | Decreases Skill Cooldown by 10%. | One Man Army | Cooldown 0s | Ignores target's Dodge Rate by 35%. | 15% Ignore Defense,Cosmic Ghost Rider | Cooldown 0s | Decreases basic damage received by 25%. | Increases basic damage dealt to Villain faction by 50%. | Increases basic damage dealt to Hero faction by 50%.,,https://thanosvibs.money/api/characters/punisher5/skills
punisher,Punisher,Fist of the Beast,Vigilante Justice | Target: All Allies | Cooldown 0s | Increases all Basic Attacks by 30%,"Eyes of the Beast | Cooldown 0s | Decreases basic damage received by 30%. | 40% increase of HP. | Increases Skill damage by 40%, increases Bonus Damage by 35%. | Dark Awakening | Cooldown 0s | Ignores target's Dodge Rate by 40%. | Critical Damage increases by 25%. | Decreases additional Pierce damage taken by 50%",Fist of the Beast | Cooldown 0s | Increases basic damage dealt to Villain faction by 50%. | 40% chance to increase Critical Damage by 80% on Critical Attacks.,,https://thanosvibs.money/api/characters/punisher6/skills
punisher,Punisher,Marvel Television's Daredevil: Born Again,Vigilante Justice | Target: All Allies | Cooldown 0s | Increases all Basic Attacks by 30%,"Eyes of the Beast | Cooldown 0s | Decreases basic damage received by 30%. | 40% increase of HP. | Increases Skill damage by 40%, increases Bonus Damage by 35%. | Dark Awakening | Cooldown 0s | Ignores target's Dodge Rate by 40%. | Critical Damage increases by 25%. | Decreases additional Pierce damage taken by 50%","Marvel Television's Daredevil: Born Again | Cooldown 0s | Increases basic damage dealt to Villain faction by 50%. | 40% chance to increase Critical Damage by 80% on Critical Attacks. | Super Armor, increases all Basic Defenses by 20%.",,https://thanosvibs.money/api/characters/punisher7/skills
quasaravrilkincaid,Quasar (Avril Kincaid),"All-New, All-Different",New Quasar | Target: All Allies | Cooldown 0s | Decreases Skill Cooldown by 24%.,"Quantum Shield | Activation: when hit | Cooldown 6s | Creates a Shield equal to 50% of Max HP | Power of the Quantum Bands | Cooldown 0s | Increases Guaranteed Dodge Rate by 30% | Increases Skill damage by 25%, increases Bonus Damage by 15%.",,,https://thanosvibs.money/api/characters/quasar/skills
quasaravrilkincaid,Quasar (Avril Kincaid),Classic,New Quasar | Target: All Allies | Cooldown 0s | Decreases Skill Cooldown by 24%.,"Quantum Shield | Activation: when debuffed | Cooldown 15s | Creates a Shield equal to 50% of Max HP | Removes all Debuffs. | Power of the Quantum Bands | Cooldown 0s | Increases Guaranteed Dodge Rate by 30% | Increases Skill damage by 30%, increases Bonus Damage by 30%. | Ignores target's Dodge Rate by 40%.",Classic | Activation: by default and reactivates 7 sec. after removed | Cooldown 7s | Increases Chain Hit damage by 20% when attacking. | Decreases basic damage received by 30%.,,https://thanosvibs.money/api/characters/quasar1/skills
rachelsummers,Rachel Summers,Modern,Mental Enhancement | Target: All Allies | Cooldown 0s | Increases Mind Resist by 40%.,"Inherited power | Cooldown 0s | 70% chance to become immune to Mind Damage. | Immunity to Mind Control Effect. | Immunity to CHARM Effect. | Phoenix Aura | Cooldown 0s | 35% chance to penetrate with All Damage Immune, Super Armor effect. | Increases Guaranteed Dodge Rate by 40% | Increases Skill damage by 30%, increases Bonus Damage by 15%.",,,https://thanosvibs.money/api/characters/rachelsummers/skills
rachelsummers,Rachel Summers,X-Men: Days of Future Past,Phoenix's Majesty | Target: Phoenix Force Allies | Cooldown 0s | Increases Mind Resist by 40%. | Acquires the following effect for $TIME sec.,"Inherited power | Cooldown 0s | 70% chance to become immune to Mind Damage. | Immunity to Mind Control Effect. | Immunity to CHARM Effect. | Phoenix Aura | Cooldown 0s | 35% chance to penetrate with Invincible, All Damage Immune, Shield, Barrier, Super Armor effect. | Increases Guaranteed Dodge Rate by 40% | Increases Skill damage by 45%, increases Bonus Damage by 30%.","X-Men: Days of Future Past | Cooldown 0s | Super Armor, increases all Basic Defenses by 30%. | Decreases basic damage received by 30%.",,https://thanosvibs.money/api/characters/rachelsummers1/skills
redhulk,Red Hulk,Modern,Ignite | Target: All Allies | Cooldown 0s | Increases Flame Damage by 60%. | Immunity to BURN Effect.,"Absorb Radiation | Activation: 35 % chance when attacking | Cooldown 10s | Increases all Basic Attacks and Defense by 10%, all speed by 10%, and Critical Rate by 10%, removes Incapacitation | Recovers 15% of HP. | Overheat | Cooldown 0s | Increases Skill damage by 30%, increases Bonus Damage by 25%. | Decreases basic damage received by 30%.",,,https://thanosvibs.money/api/characters/redhulk/skills
redhulk,Red Hulk,Marvel NOW!,Ignite | Target: All Allies | Cooldown 0s | Increases Flame Damage by 60%. | Immunity to BURN Effect.,"Absorb Radiation | Activation: 35 % chance when attacking | Cooldown 10s | Increases all Basic Attacks and Defense by 10%, all speed by 10%, and Critical Rate by 10%, removes Incapacitation | Recovers 15% of HP. | Overheat | Cooldown 0s | Increases Skill damage by 30%, increases Bonus Damage by 25%. | Decreases basic damage received by 30%.",Marvel NOW! | Activation: when HP is below 50 % | Cooldown 7s | Recovers 15% of HP.,,https://thanosvibs.money/api/characters/redhulk1/skills
redhulk,Red Hulk,Symbiote of Vengeance,Ignite | Target: All Allies | Cooldown 0s | Increases Flame Damage by 70%. | Immunity to BURN Effect.,"Absorb Radiation | Activation: when HP is below 99 % | Cooldown 1s | Recovers 5% of HP. | Overheat | Cooldown 0s | Increases Skill damage by 30%, increases Bonus Damage by 25%. | Decreases basic damage received by 30%.","Symbiote of Vengeance | Cooldown 0s | Super Armor, increases all Basic Defenses by 15%.",,https://thanosvibs.money/api/characters/redhulk2/skills
redhulk,Red Hulk,Marvel Studios' Captain America: Brave New World,Ignite | Target: All Allies | Cooldown 0s | Increases Flame Damage by 70%. | Immunity to BURN Effect.,"President's Doctor | Activation: when HP is below 99 % | when HP is below 33 % | Cooldown 1s | Recovers 5% of HP. | Acquires the following effect for $TIME sec. | Recovers 60% of HP. | Executive Order | Cooldown 0s | Increases Skill damage by 40%, increases Bonus Damage by 35%. | Decreases basic damage received by 35%. | Super Armor, increases all Basic Defenses by 30%.",Marvel Studios' Captain America: Brave New World | Target: All Allies | Cooldown 0s | 15% increase of HP. | Increases basic damage dealt to Villain faction by 25%.,,https://thanosvibs.money/api/characters/redhulk3/skills
redshehulk,Red She-Hulk,Modern,Red Rage | Target: All Allies | Cooldown 0s | Increases Flame Damage by 65%. | 25% increase of HP.,"Angered Tenacity | Target: All Allies | Cooldown 0s | 30% increase of HP. | Decreases basic damage received by 10%. | Precise Destruction | Cooldown 0s | Increases Skill damage by 20%, increases Bonus Damage by 15%. | Increases all Basic Attacks and Defense by 15%, all speed by 5%, and Critical Rate by 10%, removes Incapacitation",,,https://thanosvibs.money/api/characters/redshehulk/skills
rescue,Rescue,Marvel Studios' Avengers: Endgame,Rescue Armor | Target: All Allies | Activation: when HP is below 30 % | Cooldown 10s | Creates a Shield equal to 20% of Max HP,"Life Support System | Activation: when HP is below 99 % | Cooldown 1s | Recovers 3% of HP. | Increases All Speeds by 30%. | Repulsor Tech | Cooldown 0s | Increases Skill damage by 32%, increases Bonus Damage by 15%. | 45% increase of Energy Attack. | Increases summoned characters' Basic Attacks and Basic Defenses by 20%, Increases HP by 0%, increases duration of summoned characters by 0%.",,,https://thanosvibs.money/api/characters/rescue/skills
rescue,Rescue,3099,Rescue Armor | Target: All Allies | Activation: when HP is below 99 % | Cooldown 10s | Creates a Shield equal to 50% of Max HP,"Life Support System | Activation: when HP is below 99 % | Cooldown 1s | Recovers 3% of HP. | Increases All Speeds by 30%. | Repulsor Tech | Cooldown 0s | Increases Skill damage by 32%, increases Bonus Damage by 15%. | 45% increase of Energy Attack. | Increases summoned characters' Basic Attacks and Basic Defenses by 20%, Increases HP by 0%, increases duration of summoned characters by 0%.",3099 | Target: All Allies | Cooldown 0s | 25% increase of Recovery Rate.,,https://thanosvibs.money/api/characters/rescue1/skills
rescue,Rescue,Invincible Iron Man,Rescue Armor | Target: All Allies | Activation: when HP is below 99 % | Cooldown 10s | Creates a Shield equal to 50% of Max HP,"Life Support System | Activation: when HP is below 99 % | Cooldown 1s | Recovers 3% of HP. | Increases All Speeds by 30%. | Safety Secured | Cooldown 0s | Increases Skill damage by 40%, increases Bonus Damage by 35%. | 45% increase of Energy Attack. | Decreases basic damage received by 25%.",Invincible Iron Man | Target: All Allies | Cooldown 0s | 25% increase of Recovery Rate. | 25% increase of HP.,,https://thanosvibs.money/api/characters/rescue2/skills
rhino,Rhino,Classic,Razor Sharp Horn | Target: All Allies | Cooldown 0s | 20% Ignore Defense,"Rhino Hide | Cooldown 0s | Decreases basic damage received by 20%. | Super Armor, increases all Basic Defenses by 15%. | Rhino Stampede | Cooldown 0s | Decreases damage received from reflected effects by 100%.Effect: Physical Reflect | 70% chance to penetrate with All Damage Immune, Shield, Barrier effect. | Increases all Basic Attacks and Defense by 15%, all speed by 10%, and Critical Rate by 10%, removes Incapacitation",,,https://thanosvibs.money/api/characters/rhino/skills
rhino,Rhino,Uncanny Spider-Man,Razor Sharp Horn | Target: All Allies | Cooldown 0s | 20% Ignore Defense,"Rhino Hide | Cooldown 0s | Decreases basic damage received by 20%. | Super Armor, increases all Basic Defenses by 30%. | Rhino Stampede | Activation: by default and reactivates 10 sec. after removed | Cooldown 10s | Decreases damage received from reflected effects by 100%.Effect: Physical Reflect | 70% chance to penetrate with All Damage Immune, Shield, Barrier effect. | Increases Skill damage by 35%, increases Bonus Damage by 35%.","Uncanny Spider-Man | Target: Super Villain Allies | Cooldown 0s | Decreases Chain Hit damage by 20% when attacked. | Excluding bosses, ignores enemy's damage decrease by 10%. | 35% increase of HP.",,https://thanosvibs.money/api/characters/rhino1/skills
rocketraccoon,Rocket Raccoon,Guardians of the Galaxy,Cunning Tactician | Target: All Allies | Activation: when dealing Critical Attack | Cooldown 10s | Decreases Skill Cooldown by 30%.,"Reload | Activation: 25 % rate when Covering Fire skill is used | Cooldown 1s | Resets Cooldown for skill, 100050200. | Weapons Specialist | Cooldown 0s | Increases Skill damage by 42%, increases Bonus Damage by 30%. | Ignores target's Dodge Rate by 30%.",,,https://thanosvibs.money/api/characters/rocketraccoon/skills
rocketraccoon,Rocket Raccoon,"All-New, All-Different",Cunning Tactician | Target: All Allies | Activation: when dealing Critical Attack | Cooldown 10s | Decreases Skill Cooldown by 30%.,"Reload | Activation: 25 % rate when Covering Fire skill is used | Cooldown 1s | Resets Cooldown for skill, 100050704. | Weapons Specialist | Cooldown 0s | Increases Skill damage by 42%, increases Bonus Damage by 30%. | Ignores target's Dodge Rate by 30%.",,,https://thanosvibs.money/api/characters/rocketraccoon1/skills
rocketraccoon,Rocket Raccoon,Guardians of the Galaxy 2,Cunning Tactician | Target: All Allies | Activation: when dealing Critical Attack | Cooldown 10s | Decreases Skill Cooldown by 30%.,"Reload | Activation: 25 % rate when Boom! skill is used | Cooldown 1s | Resets Cooldown for skill, 100051200. | Weapons Specialist | Cooldown 0s | Increases Skill damage by 42%, increases Bonus Damage by 30%. | Ignores target's Dodge Rate by 30%.",Guardians of the Galaxy 2 | Activation: 20 % chance when attacking | Cooldown 15s | Recovers 5% of HP.,,https://thanosvibs.money/api/characters/rocketraccoon2/skills
rocketraccoon,Rocket Raccoon,Marvel Studios' Avengers: Infinity War,Cunning Tactician | Target: All Allies | Activation: when dealing Critical Attack | Cooldown 10s | Decreases Skill Cooldown by 30%.,"Reload | Activation: when skill Boom! is used | Cooldown 1s | Barrier 5 time(s) | Weapons Specialist | Cooldown 0s | Increases Skill damage by 42%, increases Bonus Damage by 30%. | Ignores target's Dodge Rate by 30%.",Marvel Studios' Avengers: Infinity War | Cooldown 0s | Increases all Basic Attacks by 25%,,https://thanosvibs.money/api/characters/rocketraccoon3/skills
rocketraccoon,Rocket Raccoon,Marvel Studios' Avengers: Endgame,Cunning Tactician | Target: All Allies | Activation: when dealing Critical Attack | Cooldown 10s | Decreases Skill Cooldown by 30%.,"Reload | Activation: when skill Boom! is used | Cooldown 1s | Barrier 5 time(s) | Weapons Specialist | Cooldown 0s | Increases Skill damage by 42%, increases Bonus Damage by 30%. | Ignores target's Dodge Rate by 30%.",Marvel Studios' Avengers: Endgame | Cooldown 0s | Increases all Basic Attacks by 25% | 10% Ignore Defense,,https://thanosvibs.money/api/characters/rocketraccoon4/skills
rocketraccoon,Rocket Raccoon,Team Suit,Cunning Tactician | Target: All Allies | Activation: when dealing Critical Attack | Cooldown 10s | Decreases Skill Cooldown by 30%.,"Reload | Activation: when skill Boom! is used | Cooldown 1s | Barrier 5 time(s) | Weapons Specialist | Cooldown 0s | Increases Skill damage by 42%, increases Bonus Damage by 30%. | Ignores target's Dodge Rate by 30%.",Team Suit | Cooldown 0s | Increases all Basic Attacks by 25% | 10% Ignore Defense,,https://thanosvibs.money/api/characters/rocketraccoon5/skills
rocketraccoon,Rocket Raccoon,Marvel Studios' Guardians of the Galaxy 3,Cunning Tactician | Target: All Allies | Activation: when dealing Critical Attack | Cooldown 10s | Decreases Skill Cooldown by 30%.,"Halfworld Hero | Target: Guardians of the Galaxy Allies | Cooldown 0s | 40% increase of Energy Attack. | Weapons Specialist | Cooldown 0s | Increases Skill damage by 45%, increases Bonus Damage by 35%. | Ignores target's Dodge Rate by 30%.",Marvel Studios' Guardians of the Galaxy 3 | Cooldown 0s | Increases all Basic Attacks by 30% | 15% Ignore Defense | Decreases basic damage received by 20%.,,https://thanosvibs.money/api/characters/rocketraccoon6/skills
ronan,Ronan,Guardians of the Galaxy,The Accuser | Target: Universal Type Allies | Cooldown 0s | Increases all Basic Attacks by 36% | Increases all Basic Defenses by 36%.,Hostile Adaptation | Activation: 5 % rate when hit | Cooldown 40s | Creates a Shield equal to 10% of Max HP | Kree Justice | Target: All Allies | Cooldown 0s | Ignores target's Dodge Rate by 20%.,,All Basic Attacks 14% 0.2% | All Basic Attacks 16% 0.3% | All Basic Attacks 18% 0.4% | All Basic Attacks 20% 0.5%,https://thanosvibs.money/api/characters/ronan/skills
ronan,Ronan,Annihilation,The Accuser | Target: Universal Type Allies | Cooldown 0s | Increases all Basic Attacks by 36% | Increases all Basic Defenses by 36%.,Hostile Adaptation | Activation: 5 % rate when hit | Cooldown 40s | Creates a Shield equal to 10% of Max HP | Kree Justice | Target: All Allies | Cooldown 0s | Ignores target's Dodge Rate by 20%.,,,https://thanosvibs.money/api/characters/ronan1/skills
ronan,Ronan,Marvel Studios' Captain Marvel,The Accuser | Target: Universal Type Allies | Cooldown 0s | Increases all Basic Attacks by 50% | Increases all Basic Defenses by 36%.,"Hostile Adaptation | Cooldown 0s | Super Armor, increases all Basic Defenses by 20%. | Kree Justice | Target: All Allies for the first effect, Self for the second effect | Activation: by default and reactivates 10 sec. after removed | Cooldown 10s | Ignores target's Dodge Rate by 20%. | Decreases basic damage received by 50%.",Marvel Studios' Captain Marvel | Cooldown 0s | Increases basic damage dealt to Hero faction by 25%.,All Basic Attacks 14% 0.2% | All Basic Attacks 16% 0.3% | All Basic Attacks 18% 0.4% | All Basic Attacks 20% 0.5%,https://thanosvibs.money/api/characters/ronan2/skills
ronan,Ronan,Annihilators,The Accuser | Target: Universal Type Allies | Cooldown 0s | Increases all Basic Attacks by 50% | Increases all Basic Defenses by 36%.,"Hostile Adaptation | Cooldown 0s | Super Armor, increases all Basic Defenses by 30%. | Accuser's Authority | Activation: by default and reactivates 10 sec. after removed | Cooldown 10s | Increases Skill damage by 35%, increases Bonus Damage by 30%. | Decreases basic damage received by 50%.",Annihilators | Target: Universal Type Allies | Cooldown 0s | Increases basic damage dealt to Hero faction by 40%. | Increases basic damage dealt to Villain faction by 40%. | Ignores target's Dodge Rate by 25%.,All Basic Attacks 14% 0.2% | All Basic Attacks 16% 0.3% | All Basic Attacks 18% 0.4% | All Basic Attacks 20% 0.5%,https://thanosvibs.money/api/characters/ronan3/skills
sabretooth,Sabretooth,Brotherhood of Mutants,Familiar Pain | Target: All Allies | Cooldown 0s | Decreases Debuff Duration by 24%.,"Healing Factor | Target: Self | Activation: when HP is below 99 % | 50 % chance when attacking | Cooldown 1s | Recovers 5% of HP. | Acquires the following effect for $TIME sec. | Decreases all Basic Defenses by 7%. (Stacks up to 55%, ignores immunity) | Claw Cut | Cooldown 0s | Increases Guaranteed Critical Rate by 30% | Critical Damage increases by 25%. | 30% chance to increase Critical Damage by 100% on Critical Attacks.",,,https://thanosvibs.money/api/characters/sabretooth/skills
sabretooth,Sabretooth,Uncanny Avengers,Familiar Pain | Target: All Allies | Cooldown 0s | Decreases Debuff Duration by 24%.,"Healing Factor | Target: Self | Activation: when HP is below 99 % | 50 % chance when attacking | Cooldown 1s | Recovers 5% of HP. | Acquires the following effect for $TIME sec. | Decreases all Basic Defenses by 7%. (Stacks up to 55%, ignores immunity) | Claw Cut | Cooldown 0s | Increases Guaranteed Critical Rate by 30% | Critical Damage increases by 25%. | 30% chance to increase Critical Damage by 100% on Critical Attacks.",Uncanny Avengers | Cooldown 0s | Increases Chain Hit damage by 15% when attacking.,,https://thanosvibs.money/api/characters/sabretooth1/skills
sabretooth,Sabretooth,Ultimate,Familiar Pain | Target: All Allies | Cooldown 0s | Decreases Debuff Duration by 24%.,"Healing Factor | Target: Self | Activation: when HP is below 99 % | 50 % chance when attacking | Cooldown 1s | Recovers 5% of HP. | Acquires the following effect for $TIME sec. | Decreases all Basic Defenses by 7%. (Stacks up to 55%, ignores immunity) | Claw Cut | Cooldown 0s | Increases Guaranteed Critical Rate by 30% | Critical Damage increases by 25%. | 30% chance to increase Critical Damage by 100% on Critical Attacks.",Ultimate | Cooldown 0s | Increases Chain Hit damage by 20% when attacking. | Guard Break Immunity | Decreases basic damage received by 40%.,,https://thanosvibs.money/api/characters/sabretooth2/skills
sandman,Sandman,Classic,High Density | Target: All Allies | Cooldown 0s | Increases all Basic Defenses by 24%.,"Sand Conversion | Activation: 55 % rate when hit | Cooldown 10s | 100% chance to become immune to Physical Damage. | Sand Mass | Cooldown 0s | Increases Skill damage by 25%, increases Bonus Damage by 30%. | Decreases basic damage received by 18%.",,,https://thanosvibs.money/api/characters/sandman/skills
sandman,Sandman,Beach Fortress,High Density | Target: All Allies | Cooldown 0s | Increases all Basic Defenses by 24%.,"Villains' Fortress | Cooldown 0s | Critical Rate increases by 30%. | 20% increase of Physical Attack. | Sand Mass | Cooldown 0s | Increases Skill damage by 35%, increases Bonus Damage by 35%. | Decreases basic damage received by 25%.",Beach Fortress | Target: Super Villain Allies | Cooldown 0s | Increases basic damage dealt to boss types by 40%. | Ignores target's Dodge Rate by 20%.,,https://thanosvibs.money/api/characters/sandman1/skills
satana,Satana,Modern,Hellfire Fury | Target: All Allies | Cooldown 0s | Increases Flame Damage by 60%.,Devil’s Daughter | Activation: 15 % chance when attacking | Cooldown 30s | Recovers 10% of HP. | Queen of Hell | Activation: 25 % chance when attacking | Cooldown 30s | 100% chance to grant All Damage Immunity | Decreases All Buffs effect by 80%. | Decreases 0 effect used by the Character by 80%.,,All Basic Attacks 14% 0.2% | Basic Damage Dealt to Boss Types 4% 0.1% | All Basic Attacks 16% 0.3% | Basic Damage Dealt to Boss Types 6% 0.15% | All Basic Attacks 18% 0.4% | Basic Damage Dealt to Boss Types 8% 0.2% | All Basic Attacks 20% 0.5% | Basic Damage Dealt to Boss Types 10% 0.25%,https://thanosvibs.money/api/characters/satana/skills
satana,Satana,Marvel Legacy,Hellfire Fury | Target: All Allies | Cooldown 0s | Increases Flame Damage by 70%.,Devil’s Daughter | Activation: 15 % chance when attacking | Cooldown 30s | Recovers 25% of HP. | Queen of Hell | Activation: 25 % chance when attacking | Cooldown 30s | 100% chance to grant All Damage Immunity | Decreases All Buffs effect by 80%. | Decreases 0 effect used by the Character by 80%.,,All Basic Attacks 14% 0.2% | Basic Damage Dealt to Boss Types 4% 0.1% | All Basic Attacks 16% 0.3% | Basic Damage Dealt to Boss Types 6% 0.15% | All Basic Attacks 18% 0.4% | Basic Damage Dealt to Boss Types 8% 0.2% | All Basic Attacks 20% 0.5% | Basic Damage Dealt to Boss Types 10% 0.25%,https://thanosvibs.money/api/characters/satana1/skills
satana,Satana,Ascended One,Hellfire Fury | Target: All Allies | Cooldown 0s | Increases Flame Damage by 70%.,"Aura of the Noble | Cooldown 0s | 30% increase of Energy Attack. | Decreases basic damage received by 25%. | Angel’s Wrath | Cooldown 0s | Ignores target's Dodge Rate by 25%. | Increases Skill damage by 30%, increases Bonus Damage by 20%. | Increases Chain Hit damage by 10% when attacking.",Ascended One | Target: All Allies | Cooldown 0s | Increases damage to All element damage by 35%.,All Basic Attacks 14% 0.2% | Basic Damage Dealt to Boss Types 4% 0.1% | All Basic Attacks 16% 0.3% | Basic Damage Dealt to Boss Types 6% 0.15% | All Basic Attacks 18% 0.4% | Basic Damage Dealt to Boss Types 8% 0.2% | All Basic Attacks 20% 0.5% | Basic Damage Dealt to Boss Types 10% 0.25%,https://thanosvibs.money/api/characters/satana2/skills
scarletspider,Scarlet Spider,Modern,Spider-Clone | Target: All Allies | Cooldown 0s | Dodge Rate increases by 6%.,"Cell Mutation | Cooldown 0s | Immunity to STUN Effect. | Immunity to PARALYZE Effect. | Assault of the Spider-Army | Target: Allies with Spider-Sense | Cooldown 0s | Increases Skill damage by 25%, increases Bonus Damage by 20%. | Increases basic damage dealt to Villain faction by 40%. | Increases basic damage dealt to Hero faction by 35%.",,,https://thanosvibs.money/api/characters/scarletspider/skills
scarletspider,Scarlet Spider,Dark Web,Spider-Clone | Target: All Allies | Cooldown 0s | Dodge Rate increases by 6%.,"Corruptive Power | Cooldown 0s | Immunity to STUN Effect. | Immunity to PARALYZE Effect. | Increases all Basic Attacks by 35% | Assault of the Spider-Army | Target: Allies with Spider-Sense | Cooldown 0s | Increases Skill damage by 35%, increases Bonus Damage by 35%. | Increases basic damage dealt to Villain faction by 40%. | Increases basic damage dealt to Hero faction by 35%.",Dark Web | Cooldown 0s | Decreases basic damage received by 20%. | Ignores target's Dodge Rate by 15%. | Increases Chain Hit damage by 10% when attacking.,,https://thanosvibs.money/api/characters/scarletspider1/skills
scarletspider,Scarlet Spider,Gift Deliverer,Spider-Clone | Target: All Allies | Cooldown 0s | Dodge Rate increases by 6%.,"Quick Gift Delivery | Cooldown 0s | Immunity to STUN Effect. | Ignores target's Dodge Rate by 15%. | Super Armor, increases all Basic Defenses by 30%. | Good Guy, Bad Guy | Target: Speed Type Allies | Cooldown 0s | Increases all Basic Attacks by 30% | Increases basic damage dealt to Villain faction by 50%. | Increases basic damage dealt to Hero faction by 35%.","Gift Deliverer | Cooldown 0s | Decreases basic damage received by 25%. | Increases Skill damage by 40%, increases Bonus Damage by 40%. | Increases Chain Hit damage by 10% when attacking.",,https://thanosvibs.money/api/characters/scarletspider2/skills
scorpion,Scorpion,Modern,Scorpion Shell | Target: All Allies | Cooldown 0s | Increases all Basic Defenses by 50%.,"Poison Lord | Activation: When attacking an enemy with POISON effect applied | Cooldown 9s | Increases all Basic Attacks and Defense by 30%, all speed by 1%, and Critical Rate by 20%, removes Incapacitation | Vitality Drain | Activation: When POISON effect is used | Cooldown 10s | Increases Skill damage by 30%, increases Bonus Damage by 25%. | Recovers 5% of HP.",,,https://thanosvibs.money/api/characters/scorpion/skills
scorpion,Scorpion,Marvel Studios' Spider-Man: Brand New Day,Scorpion Shell | Target: All Allies | Cooldown 0s | Increases all Basic Defenses by 50%.,"Venomous Tail | Cooldown 0s | 80% chance to become immune to Poison Damage. | Scorpion Suit | Cooldown 0s | Increases Skill damage by 35%, increases Bonus Damage by 30%. | Decreases basic damage received by 20%.",Marvel Studios' Spider-Man: Brand New Day | Cooldown 0s | Increases Poison Damage by 20%.,,https://thanosvibs.money/api/characters/scorpion1/skills
scream,Scream,Modern,Symbiote Screech | Target: All Allies | Cooldown 0s | Critical Rate increases by 12%.,"Instinctive Madness | Cooldown 0s | Critical Rate increases by 20%. | Critical Damage increases by 25%. | Inescapable Hunter | Cooldown 0s | Increases Skill damage by 45%, increases Bonus Damage by 35%. | Increases Guaranteed Critical Rate by 35%",,,https://thanosvibs.money/api/characters/scream/skills
scream,Scream,Silence,Symbiote Screech | Target: All Allies | Cooldown 0s | Critical Rate increases by 12%.,"Synthetic Fusion | Activation: when hit | Cooldown 5s | Recovers 15% of HP. | Inescapable Hunter | Cooldown 0s | Increases Skill damage by 45%, increases Bonus Damage by 40%. | Increases Guaranteed Critical Rate by 35% | Critical Damage increases by 40%.",Silence | Cooldown 0s | 35% increase of Physical Attack. | Increases Chain Hit damage by 10% when attacking.,,https://thanosvibs.money/api/characters/scream1/skills
sentinel,Sentinel,Modern,Self-Repair | Target: All Allies | Activation: when debuffed | Cooldown 20s | Removes all Debuffs.,"Mutant Suppressor | Activation: by default and reactivates 3 sec. after removed | 25 % rate when hit | Cooldown 3s | Acquires the following effect for $TIME sec. | Increases basic damage dealt to Mutant characters by 90%. | Decreases basic damage received from Mutant characters by 50%. | Super Armor, increases all Basic Defenses by 5%. | 70% chance to become immune to the greatest damage received. | Tech Upgrade | Cooldown 0s | Immunity to Mind Control Effect. | Increases all Basic Attacks and Defense by 25%, all speed by 10%, and Critical Rate by 10%, removes Incapacitation | Increases summoned characters' Basic Attacks and Basic Defenses by 20%, Increases HP by 20%, increases duration of summoned characters by 20%.",,,https://thanosvibs.money/api/characters/sentinel/skills
sentinel,Sentinel,Nimrod The Lesser,Self-Repair | Target: All Allies | Activation: when debuffed | Cooldown 20s | Removes all Debuffs.,"Mutant Suppressor | Activation: by default and reactivates 3 sec. after removed | 25 % rate when hit | Cooldown 3s | Acquires the following effect for $TIME sec. | Increases basic damage dealt to Mutant characters by 90%. | Decreases basic damage received from Mutant characters by 50%. | Super Armor, increases all Basic Defenses by 5%. | 70% chance to become immune to the greatest damage received. | Tech Upgrade | Cooldown 0s | Immunity to Mind Control Effect. | Increases all Basic Attacks and Defense by 25%, all speed by 10%, and Critical Rate by 10%, removes Incapacitation | Increases summoned characters' Basic Attacks and Basic Defenses by 20%, Increases HP by 20%, increases duration of summoned characters by 20%.",Nimrod The Lesser | Cooldown 0s | Increases all Basic Attacks by 10% | Immunity to MIND BLAST Effect.,,https://thanosvibs.money/api/characters/sentinel1/skills
sentinel,Sentinel,Stark Sentinels Mk II,Self-Repair | Target: All Allies | Activation: when debuffed | Cooldown 20s | Removes all Debuffs.,"Mutant Suppressor | Activation: by default and reactivates 3 sec. after removed | 25 % rate when hit | Cooldown 3s | Acquires the following effect for $TIME sec. | Increases basic damage dealt to Mutant characters by 100%. | Decreases basic damage received from Mutant characters by 60%. | 70% chance to become immune to the greatest damage received. | Stark Tech Fusion | Cooldown 0s | Immunity to Mind Control Effect. | Decreases basic damage received by 25%. | Increases Skill damage by 35%, increases Bonus Damage by 35%.","Stark Sentinels Mk II | Cooldown 0s | Increases all Basic Attacks by 35% | Immunity to MIND BLAST Effect. | Super Armor, increases all Basic Defenses by 30%.",,https://thanosvibs.money/api/characters/sentinel2/skills
shangchi,Shang-Chi,Modern,Master of Kung-Fu | Target: All Allies | Cooldown 0s | Increases all Basic Attacks by 24%,"Chi Reflect | Activation: 70 % rate when hit | Cooldown 10s | Barrier 4 time(s) | Rising Spirit | Activation: 50 % chance when attacking | Cooldown 20s | 0.3% Increase of All Basic Attacks, Critical Rate each 1% of pure damage accumulated | Accumulates 10% of pure damage when attacking (Max 100%)",,,https://thanosvibs.money/api/characters/shangchi/skills
shangchi,Shang-Chi,Marvel Studios' Shang-Chi,Master of Kung-Fu | Target: All Allies | Cooldown 0s | Increases all Basic Attacks by 24%,"Flowing Strikes | Activation: when skill Flying Kick is used | Cooldown 9s | Resets Cooldown for skill, 100893104. | Rising Spirit | Activation: 50 % chance when attacking | Cooldown 20s | 0.9% Increase of All Basic Attacks, Critical Rate each 1% of pure damage accumulated | Accumulates 10% of pure damage when attacking (Max 100%)","Marvel Studios' Shang-Chi | Cooldown 0s | Increases Skill damage by 35%, increases Bonus Damage by 25%. | Decreases basic damage received by 40%.",,https://thanosvibs.money/api/characters/shangchi1/skills
shangchi,Shang-Chi,Marvel Animation's Marvel Zombies,Master of Kung-Fu | Target: All Allies | Cooldown 0s | Increases all Basic Attacks by 24%,"Flowing Strikes | Activation: when skill Ten Rings Staff is used | Cooldown 9s | Resets Cooldown for skill, 100895600. | Rising Spirit | Activation: 50 % chance when attacking | Cooldown 20s | 0.9% Increase of All Basic Attacks, Critical Rate each 1% of pure damage accumulated | Accumulates 10% of pure damage when attacking (Max 100%)","Marvel Animation's Marvel Zombies | Cooldown 0s | Increases Skill damage by 40%, increases Bonus Damage by 35%. | Decreases basic damage received by 40%. | Super Armor, increases all Basic Defenses by 20%.",,https://thanosvibs.money/api/characters/shangchi2/skills
shehulk,She-Hulk,Secret Wars: A-Force,Lawyer Up | Target: All Allies | Cooldown 0s | Increases basic damage dealt to $HEROSUBTYPE1 types by 48%.,"Defense Attorney | Cooldown 0s | Decreases Chain Hit damage by 5% when attacked. | Case Closed | Cooldown 0s | Increases Skill damage by 20%, increases Bonus Damage by 15%. | Decreases basic damage received by 18%. | Super Armor, increases all Basic Defenses by 25%.",,All Basic Attacks (Stackable) 3% 0.1% 15% 27 | All Basic Attacks (Stackable) 4% 0.2% 20% 28 | All Basic Attacks (Stackable) 5% 0.3% 30% 29 | All Basic Attacks (Stackable) 6% 0.4% 40% 30,https://thanosvibs.money/api/characters/shehulk/skills
shehulk,She-Hulk,All-New,Lawyer Up | Target: All Allies | Cooldown 0s | Increases basic damage dealt to $HEROSUBTYPE1 types by 55%.,"Defense Attorney | Cooldown 0s | Decreases Chain Hit damage by 5% when attacked. | Case Closed | Cooldown 0s | Increases Skill damage by 20%, increases Bonus Damage by 15%. | Decreases basic damage received by 18%. | Super Armor, increases all Basic Defenses by 25%.",All-New | Cooldown 0s | Guard Break Immunity,All Basic Attacks (Stackable) 3% 0.1% 15% 27 | All Basic Attacks (Stackable) 4% 0.2% 20% 28 | All Basic Attacks (Stackable) 5% 0.3% 30% 29 | All Basic Attacks (Stackable) 6% 0.4% 40% 30,https://thanosvibs.money/api/characters/shehulk1/skills
shehulk,She-Hulk,Fantastic Four,Lawyer Up | Target: All Allies | Cooldown 0s | Increases basic damage dealt to $HEROSUBTYPE1 types by 60%.,"Defense Attorney | Cooldown 0s | Decreases Chain Hit damage by 5% when attacked. | Case Closed | Cooldown 0s | Increases Skill damage by 20%, increases Bonus Damage by 15%. | Decreases basic damage received by 18%. | Super Armor, increases all Basic Defenses by 25%.",Fantastic Four | Cooldown 0s | Guard Break Immunity | Increases all Basic Defenses by 10%.,All Basic Attacks (Stackable) 3% 0.1% 15% 27 | All Basic Attacks (Stackable) 4% 0.2% 20% 28 | All Basic Attacks (Stackable) 5% 0.3% 30% 29 | All Basic Attacks (Stackable) 6% 0.4% 40% 30,https://thanosvibs.money/api/characters/shehulk2/skills
shehulk,She-Hulk,Avengers,Lawyer Up | Target: All Allies | Cooldown 0s | Increases basic damage dealt to $HEROSUBTYPE1 types by 65%.,"Defense Attorney | Cooldown 0s | Decreases Chain Hit damage by 5% when attacked. | Case Closed | Cooldown 0s | Increases Skill damage by 20%, increases Bonus Damage by 15%. | Decreases basic damage received by 18%. | Super Armor, increases all Basic Defenses by 25%.",Avengers | Cooldown 0s | Guard Break Immunity | Increases all Basic Attacks by 30%,All Basic Attacks (Stackable) 3% 0.1% 15% 27 | All Basic Attacks (Stackable) 4% 0.2% 20% 28 | All Basic Attacks (Stackable) 5% 0.3% 30% 29 | All Basic Attacks (Stackable) 6% 0.4% 40% 30,https://thanosvibs.money/api/characters/shehulk3/skills
shehulk,She-Hulk,Marvel Studios' She-Hulk: Attorney at Law,Lawyer Up | Target: All Allies | Cooldown 0s | Increases basic damage dealt to $HEROSUBTYPE1 types by 65%.,"Inevitable Trial | Cooldown 0s | Increases Chain Hit damage by 10% when attacking. | Ignores target's Dodge Rate by 30%. | Case Closed | Cooldown 0s | Increases Skill damage by 35%, increases Bonus Damage by 30%. | Decreases basic damage received by 30%. | Super Armor, increases all Basic Defenses by 40%.",Marvel Studios' She-Hulk: Attorney at Law | Cooldown 0s | Guard Break Immunity | Increases all Basic Attacks by 40% | Increases basic damage dealt to boss types by 10%.,,https://thanosvibs.money/api/characters/shehulk4/skills
shuri,Shuri,Marvel Legacy,Djalia Enhancements | Target: All Allies | Cooldown 0s | Increases All Speeds by 6%.,Genius Princess | Cooldown 0s | Ignores target's Dodge Rate by 30%. | Panther God's Protection | Target: All Allies | Cooldown 0s | Increases basic damage dealt to Villain faction by 35%. | Decreases basic damage received from Villain faction by 25%.,,,https://thanosvibs.money/api/characters/shuri/skills
shuri,Shuri,Marvel Studios' Black Panther,Djalia Enhancements | Target: All Allies | Cooldown 0s | Increases All Speeds by 6%.,Genius Princess | Cooldown 0s | Ignores target's Dodge Rate by 30%. | Panther God's Protection | Target: All Allies | Cooldown 0s | Increases basic damage dealt to Villain faction by 45%. | Decreases basic damage received from Villain faction by 35%.,"Marvel Studios' Black Panther | Activation: when skill Output Enhancement is used | Cooldown 1s | Super Armor, increases all Basic Defenses by 5%.",,https://thanosvibs.money/api/characters/shuri1/skills
shuri,Shuri,Black Panther: Wakanda Forever,Djalia Enhancements | Target: All Allies | Cooldown 0s | Increases All Speeds by 6%.,Genius Princess | Cooldown 0s | Ignores target's Dodge Rate by 35%. | Increases Chain Hit damage by 15% when attacking. | Panther God's Protection | Target: All Allies | Cooldown 0s | Increases basic damage dealt to Villain faction by 55%. | Decreases basic damage received from Villain faction by 40%.,"Black Panther: Wakanda Forever | Cooldown 0s | Super Armor, increases all Basic Defenses by 40%. | Increases Skill damage by 35%, increases Bonus Damage by 30%.",,https://thanosvibs.money/api/characters/shuri2/skills
shuri,Shuri,Marvel Studios' Black Panther: Wakanda Forever,PANTHER ASSAULT | Target: Speed Type Allies | Cooldown 0s | Increases all Basic Attacks by 35%,Genius Princess | Cooldown 0s | Ignores target's Dodge Rate by 35%. | Increases Chain Hit damage by 15% when attacking. | Panther God's Protection | Target: All Allies | Cooldown 0s | Increases basic damage dealt to Villain faction by 55%. | Decreases basic damage received from Villain faction by 40%.,"Marvel Studios' Black Panther: Wakanda Forever | Cooldown 0s | Super Armor, increases all Basic Defenses by 40%. | Increases Skill damage by 40%, increases Bonus Damage by 35%.",,https://thanosvibs.money/api/characters/shuri3/skills
sin,Sin,"All-New, All-Different",Malicious Intent | Target: All Allies | Cooldown 0s | Increases all Basic Attacks by 24%,"Fatal Reversal | Activation: when debuffed | Cooldown 20s | Increases all Basic Attacks and Defense by 30%, all speed by 8%, and Critical Rate by 35%, removes Incapacitation | Removes all Debuffs. | Unholy | Cooldown 0s | Increases Guaranteed Dodge Rate by 20%",,,https://thanosvibs.money/api/characters/sin/skills
sin,Sin,Rage Returned,Malicious Intent | Target: All Allies | Cooldown 0s | Increases all Basic Attacks by 24%,Amplified Power | Cooldown 0s | 30% increase of Physical Attack. | Decreases basic damage received by 25%. | Hunting Skill | Target: Super Villain Allies | Cooldown 0s | Increases basic damage dealt to boss types by 55%.,Rage Returned | Cooldown 0s | Increases Chain Hit damage by 10% when attacking. | Increases Guaranteed Dodge Rate by 25%,Basic Damage Dealt to Heroes 6% 0.2% | Basic Damage Dealt to Villains 6% 0.2% | Basic Damage Dealt to Heroes 9% 0.3% | Basic Damage Dealt to Villains 9% 0.3% | Basic Damage Dealt to Heroes 12% 0.4% | Basic Damage Dealt to Villains 12% 0.4% | Basic Damage Dealt to Heroes 15% 0.5% | Basic Damage Dealt to Villains 15% 0.5%,https://thanosvibs.money/api/characters/sin1/skills
singularity,Singularity,Secret Wars: A-Force,Black Vortex | Target: All Allies | Cooldown 0s | 30% increase of Energy Attack.,"Cosmic Pull | Cooldown 0s | Immunity to STUN Effect. | Immunity to PARALYZE Effect. | Guard Break Immunity | Star Shroud | Cooldown 0s | Increases Skill damage by 40%, increases Bonus Damage by 30%. | Increases Guaranteed Dodge Rate by 40% | 100% chance to penetrate with Barrier effect.",,,https://thanosvibs.money/api/characters/singularity/skills
sistergrimm,Sister Grimm,Secret Wars: A-Force,Insulation | Target: All Allies | Activation: 10 % rate when hit | Cooldown 30s | Creates an energy Shield equal to 30% of Max HP,"Energy Drain | Activation: when attacking | Cooldown 0s | 30% decrease of Energy Defense. | Blood Magic | Activation: when skill Rock and Roll is used | Cooldown 3s | Increases Skill damage by 37%, increases Bonus Damage by 28%. | Barrier 3 time(s) | Recovers 10% of HP.",,,https://thanosvibs.money/api/characters/sistergrimm/skills
sistergrimm,Sister Grimm,"All-New, All-Different",Insulation | Target: All Allies | Activation: 10 % rate when hit | Cooldown 30s | Creates an energy Shield equal to 30% of Max HP,"Energy Drain | Activation: when attacking | Cooldown 0s | 30% decrease of Energy Defense. | Blood Magic | Activation: when skill Rock and Roll is used | Cooldown 3s | Increases Skill damage by 37%, increases Bonus Damage by 28%. | Barrier 3 time(s) | Recovers 10% of HP.",,,https://thanosvibs.money/api/characters/sistergrimm1/skills
sistergrimm,Sister Grimm,Runaways,Insulation | Target: All Allies | Activation: 30 % rate when hit | Cooldown 30s | Creates an energy Shield equal to 60% of Max HP,"Healing Sound | Target: Magic Allies | Activation: when debuffed | Cooldown 20s | Removes all Debuffs. | Recovers 10% of HP. | Cunning Instinct | Cooldown 0s | Increases Skill damage by 45%, increases Bonus Damage by 45%. | Decreases basic damage received by 35%.",Runaways | Cooldown 0s | Increases Chain Hit damage by 15% when attacking.,,https://thanosvibs.money/api/characters/sistergrimm2/skills
skurge,Skurge,Marvel Studios' Thor: Ragnarok,Battle Plan | Target: All Allies | Cooldown 0s | Critical Rate increases by 9%. | Attack Speed increases by 9%.,"Gunfire of War | Activation: 20 % chance when attacking | Cooldown 3s | Increases All Speeds by 5% (Can Stack) | Warrior of Hel | Activation: when skill Last Stand is used | Cooldown 3s | Invincible | Increases Skill damage by 45%, increases Bonus Damage by 30%.",,,https://thanosvibs.money/api/characters/skurge/skills
slapstick,Slapstick,Modern,Cartoon Plasma | Target: All Allies | Cooldown 0s | Increases Lightning Resist by 50%.,"Slapstick Show | Activation: when dead | Cooldown 300s | Revive with 50% of Max HP | Unstable Fury | Activation: 40 % chance when attacking | Cooldown 5s | Increases Skill damage by 30%, increases Bonus Damage by 40%. | Increases all Basic Attacks by 30%, all Basic Defenses by 20%, and all Speeds by 1%.",,,https://thanosvibs.money/api/characters/slapstick/skills
songbird,Songbird,New Avengers,Supersonic | Target: All Allies | Cooldown 0s | Increases All Speeds by 9%.,"Acoustikinesis | Activation: 5 % chance when attacking | Cooldown 20s | Stun | Sonic Pitch | Cooldown 0s | 1 s increase to the duration of 204. | Increases Skill damage by 25%, increases Bonus Damage by 10%.",,,https://thanosvibs.money/api/characters/songbird/skills
spidermanmilesmorales,Spider-Man (Miles Morales),"All-New, All-Different",Quick Recovery | Target: All Allies | Cooldown 0s | Decreases Debuff Duration by 24%.,"Envenomed Attack | Cooldown 0s | Increases All Speeds by 7%. | Ultimate Spider-Man | Cooldown 0s | Increases basic damage dealt to Villain faction by 120%. | Increases Skill damage by 32%, increases Bonus Damage by 25%. | Increases Guaranteed Dodge Rate by 25%",,,https://thanosvibs.money/api/characters/milesmorales/skills
spidermanmilesmorales,Spider-Man (Miles Morales),Into the Spider-Verse,Quick Recovery | Target: All Allies | Cooldown 0s | Decreases Debuff Duration by 24%.,"Envenomed Attack | Cooldown 0s | Increases All Speeds by 7%. | Ultimate Spider-Man | Cooldown 0s | Increases basic damage dealt to Villain faction by 120%. | Increases Skill damage by 32%, increases Bonus Damage by 25%. | Increases Guaranteed Dodge Rate by 25%",Into the Spider-Verse | Cooldown 0s | Increases Lightning Damage by 25%.,,https://thanosvibs.money/api/characters/milesmorales1/skills
spidermanmilesmorales,Spider-Man (Miles Morales),Absolute Carnage,Quick Recovery | Target: Carnage | Cooldown 0s | Decreases Debuff Duration by 24%. | Increases all Basic Attacks by 70% | Decreases basic damage received by 20%.,"Envenomed Attack | Activation: when HP is below 50 % | Cooldown 6s | Recovers 30% of HP. | Ultimate Spider-Man | Cooldown 0s | Increases basic damage dealt to Hero faction by 120%. | Increases Skill damage by 35%, increases Bonus Damage by 28%. | Increases Guaranteed Dodge Rate by 25%",Absolute Carnage | Cooldown 0s | Increases all Basic Attacks by 30%,,https://thanosvibs.money/api/characters/milesmorales2/skills
spidermanmilesmorales,Spider-Man (Miles Morales),Anniversary Special,Spider Party | Target: Spider-Man | Cooldown 0s | Increases All Speeds by 6%. | Increases all Basic Attacks by 70%,"Bioelectrical Enhancement | Cooldown 0s | Increases Lightning Damage by 20%. | Ignores target's Dodge Rate by 25%. | Villain Extermination | Cooldown 0s | Increases basic damage dealt to Villain faction by 120%. | Increases Skill damage by 35%, increases Bonus Damage by 30%. | Increases Guaranteed Dodge Rate by 25%",Anniversary Special | Cooldown 0s | Increases all Basic Attacks by 30% | Increases Chain Hit damage by 10% when attacking.,,https://thanosvibs.money/api/characters/milesmorales3/skills
spidermanmilesmorales,Spider-Man (Miles Morales),Spider-Man: Across the Spider-Verse,"True Courage | Target: All Allies for the first effect, Self for the second effect | Cooldown 0s | Increases All Speeds by 6%. | Increases all Basic Attacks by 70%","Combat Sense | Cooldown 0s | Decreases basic damage received by 15%. | Ignores target's Dodge Rate by 25%. | Villain Extermination | Cooldown 0s | Increases basic damage dealt to Villain faction by 120%. | Increases Skill damage by 35%, increases Bonus Damage by 30%. | Increases Guaranteed Dodge Rate by 25%",Spider-Man: Across the Spider-Verse | Cooldown 0s | Decreases basic damage received from Villain faction by 30%. | Increases Chain Hit damage by 15% when attacking.,,https://thanosvibs.money/api/characters/milesmorales4/skills
spidermanmilesmorales,Spider-Man (Miles Morales),Ancient Curse,"True Courage | Target: All Allies for the first effect, Self for the second effect | Cooldown 0s | Increases All Speeds by 6%. | Increases all Basic Attacks by 70%","Combat Sense | Cooldown 0s | Decreases basic damage received by 15%. | Ignores target's Dodge Rate by 25%. | Villain Extermination | Cooldown 0s | Increases basic damage dealt to Villain faction by 120%. | Increases Skill damage by 35%, increases Bonus Damage by 30%. | Increases Guaranteed Dodge Rate by 25%",Ancient Curse | Cooldown 0s | Decreases basic damage received from Villain faction by 30%. | Increases Chain Hit damage by 20% when attacking.,,https://thanosvibs.money/api/characters/milesmorales5/skills
spiderman2099,Spider-Man 2099,Modern,Future Technology | Target: All Allies | Cooldown 0s | Ignores target's Dodge Rate by 50%.,"Accelerated Decoy | Activation: when hit | Cooldown 5s | Physical Damage: 111% of Physical Attack. Additional 142 Physical Damage. | Grants 75% Invisibility, Dodge 15% ↑. | Barrier 1 time(s) | Lyla A.I. | Cooldown 0s | Increases Skill damage by 25%, increases Bonus Damage by 32%. | Increases Guaranteed Dodge Rate by 15%",,,https://thanosvibs.money/api/characters/spiderman2099/skills
spiderman2099,Spider-Man 2099,"All-New, All-Different",Future Technology | Target: All Allies | Cooldown 0s | Ignores target's Dodge Rate by 50%.,"Accelerated Decoy | Activation: when hit | Cooldown 5s | Physical Damage: 111% of Physical Attack. Additional 142 Physical Damage. | Grants 75% Invisibility, Dodge 15% ↑. | Barrier 1 time(s) | Lyla A.I. | Cooldown 0s | Increases Skill damage by 25%, increases Bonus Damage by 32%. | Increases Guaranteed Dodge Rate by 15%","All-New, All-Different | Cooldown 0s | Increases basic damage dealt to Villain faction by 10%.",,https://thanosvibs.money/api/characters/spiderman20991/skills
spiderman2099,Spider-Man 2099,Spider-Man: Across the Spider-Verse,Future Technology | Target: All Allies | Cooldown 0s | Ignores target's Dodge Rate by 50%.,"Accelerated Decoy | Activation: when hit | Cooldown 5s | Physical Damage: 111% of Physical Attack. Additional 142 Physical Damage. | Grants 75% Invisibility, Dodge 15% ↑. | Barrier 3 time(s) | Lyla A.I. | Cooldown 0s | Increases Skill damage by 40%, increases Bonus Damage by 40%. | Increases Guaranteed Dodge Rate by 30%",Spider-Man: Across the Spider-Verse | Cooldown 0s | Increases basic damage dealt to boss types by 20%. | Increases Chain Hit damage by 20% when attacking. | Decreases basic damage received by 20%.,,https://thanosvibs.money/api/characters/spiderman20992/skills
squirrelgirl,Squirrel Girl,New Avengers,Squirrelly | Target: All Allies | Cooldown 0s | Dodge Rate increases by 6%.,"Cosmic Defender | Cooldown 0s | Increases basic damage dealt to Universal types by 25%. | Unbeatable | Cooldown 0s | Increases Guaranteed Dodge Rate by 10% | Increases summoned characters' Basic Attacks and Basic Defenses by 25%, Increases HP by 15%, increases duration of summoned characters by 20%.",,,https://thanosvibs.money/api/characters/squirrelgirl/skills
squirrelgirl,Squirrel Girl,Marvel NOW!,Squirrelly | Target: All Allies | Cooldown 0s | Dodge Rate increases by 6%.,"Cosmic Defender | Cooldown 0s | Increases basic damage dealt to Universal types by 25%. | Unbeatable | Cooldown 0s | Increases Guaranteed Dodge Rate by 10% | Increases summoned characters' Basic Attacks and Basic Defenses by 25%, Increases HP by 15%, increases duration of summoned characters by 20%.",Marvel NOW! | Activation: 20 % chance when attacking | Cooldown 15s | Increases basic damage by 110% for 1 attack(s).,,https://thanosvibs.money/api/characters/squirrelgirl1/skills
squirrelgirl,Squirrel Girl,Nutty Titan,Squirrelly | Target: All Allies | Cooldown 0s | Dodge Rate increases by 6%.,"Unbeatable Vigor | Cooldown 0s | Increases basic damage dealt to Universal types by 25%. | 30% increase of Physical Attack. | Increases Skill damage by 15%, increases Bonus Damage by 15%. | Mammal Ascendant | Cooldown 0s | Increases Guaranteed Dodge Rate by 20% | Increases Chain Hit damage by 15% when attacking.",Nutty Titan | Target: Thanos | Activation: when HP is below 30 % | Cooldown 0s | Increases basic damage dealt to boss types by 60%. | Decreases basic damage received by 20%. | Acquires the following effect for $TIME sec. | Recovers 70% of HP.,,https://thanosvibs.money/api/characters/squirrelgirl2/skills
stryfe,Stryfe,Modern,Authority of the High Lord | Target: All Allies | Activation: when debuffed | Cooldown 20s | Removes all Debuffs.,"Energy Curtain | Cooldown 0s | Immunity to Fracture Effect. | Immunity to Incapacitation Effect. | Decreases basic damage received by 50%. | Power Curtain | Cooldown 0s | Increases Skill damage by 32%, increases Bonus Damage by 15%. | Super Armor, increases all Basic Defenses by 5%. | 80% chance to penetrate with Invincible, All Damage Immune, Shield, Barrier, Super Armor effect.",,,https://thanosvibs.money/api/characters/stryfe/skills
stryfe,Stryfe,Classic,Firm Conviction | Target: All Allies | Cooldown 0s | Increases all Basic Defenses by 50%.,"Energy Curtain | Cooldown 0s | Immunity to Fracture Effect. | Immunity to Incapacitation Effect. | Decreases basic damage received by 50%. | Power Curtain | Cooldown 0s | Increases Skill damage by 50%, increases Bonus Damage by 30%. | Super Armor, increases all Basic Defenses by 15%. | 80% chance to penetrate with Invincible, All Damage Immune, Shield, Barrier, Super Armor effect.",Classic | Target: All Allies | Activation: when debuffed | Cooldown 20s | Removes all Debuffs.,,https://thanosvibs.money/api/characters/stryfe1/skills
stryfe,Stryfe,The Tyrant of Spring,Firm Conviction | Target: All Allies | Cooldown 0s | Increases all Basic Defenses by 50%.,"Energy Curtain | Activation: when HP is below {0}% | Cooldown 0s | Acquires the following effect for $TIME sec. | Immunity to Incapacitation Effect. | Decreases basic damage received by 50%. | HP does not drop below 1 for $TIME secImmediately dies when the effect ends | Power Curtain | Cooldown 0s | Increases Skill damage by 50%, increases Bonus Damage by 30%. | Super Armor, increases all Basic Defenses by 50%. | 80% chance to penetrate with Invincible, All Damage Immune, Shield, Barrier, Super Armor effect.","The Tyrant of Spring | Target: All Allies for the first effect, Self for the second effect | Cooldown 0s | Acquires the following effect for $TIME sec. | 30% increase of Energy Attack.",,https://thanosvibs.money/api/characters/stryfe2/skills
supergiant,Supergiant,Infinity,Mental Resistance | Target: All Allies | Activation: when debuffed | Cooldown 25s | Removes all Debuffs.,"Dark Silence | Activation: 25 % chance when attacking | Cooldown 10s | Silence | Mind Over Matter | Cooldown 0s | Increases Guaranteed Dodge Rate by 25% | Increases summoned characters' Basic Attacks and Basic Defenses by 40%, Increases HP by 25%, increases duration of summoned characters by 20%.",,,https://thanosvibs.money/api/characters/supergiant/skills
supergiant,Supergiant,Dark Obsidian Armor,Mental Resistance | Target: All Allies | Activation: when debuffed | Cooldown 25s | Removes all Debuffs.,"Dark Silence | Activation: when hit | Cooldown 5s | Grants 75% Invisibility, Dodge 15% ↑. | Mind Over Matter | Cooldown 0s | Increases Guaranteed Dodge Rate by 33% | Increases All Resistances by 33%. | Decreases basic damage received by 33%.","Dark Obsidian Armor | Cooldown 0s | Ignores target's Dodge Rate by 25%. | 25% Ignore Defense | 50% chance to penetrate with Invincible, All Damage Immune, Shield, Barrier effect.",,https://thanosvibs.money/api/characters/supergiant1/skills
swordmaster,Sword Master,Modern,Strong Body | Target: Super Hero Allies | Cooldown 0s | Increases all Basic Defenses by 35%.,"Berserk | Activation: when attacking | Cooldown 2s | Increases all Basic Attacks and Defense by 22%, all speed by 1%, and Critical Rate by 22%, removes Incapacitation | Strength From Within | Cooldown 0s | Increases Skill damage by 25%, increases Bonus Damage by 45%. | Super Armor, increases all Basic Defenses by 5%. | 50% chance to penetrate with Shield, Barrier effect.",,,https://thanosvibs.money/api/characters/swordmaster/skills
swordmaster,Sword Master,Classic,Strong Body | Target: Super Hero Allies | Cooldown 0s | Increases all Basic Defenses by 50%. | 30% increase of HP.,"Berserk | Activation: when attacking | Cooldown 2s | Increases all Basic Attacks and Defense by 35%, all speed by 1%, and Critical Rate by 25%, removes Incapacitation | Strength From Within | Cooldown 0s | Increases Skill damage by 40%, increases Bonus Damage by 45%. | Super Armor, increases all Basic Defenses by 15%. | 50% chance to penetrate with Shield, Barrier effect.",Classic | Activation: 50 % rate when hit | Cooldown 10s | 100% chance to grant All Damage Immunity,,https://thanosvibs.money/api/characters/swordmaster1/skills
taskmaster,Taskmaster,Modern,"Photographic Reflexes | Target: All Allies for the first effect, Self for the second effect | Cooldown 0s | Dodge Rate increases by 6%. | Increases all Basic Attacks by 35%, all Basic Defenses by 35%, and all Speeds by 10%.","Absolute Dodge | Activation: when HP is below 50 % | Cooldown 10s | Increases Guaranteed Dodge Rate by 40% | Flawless Strategy | Target: Weapon Master Allies | Cooldown 0s | Increases Skill damage by 25%, increases Bonus Damage by 20%. | Ignores target's Dodge Rate by 20%. | Increases Guaranteed Critical Rate by 20%",,,https://thanosvibs.money/api/characters/taskmaster/skills
taskmaster,Taskmaster,Marvel Studios' Black Widow,"Photographic Reflexes | Target: All Allies for the first effect, Self for the second effect | Cooldown 0s | Dodge Rate increases by 6%. | Increases all Basic Attacks by 35%, all Basic Defenses by 35%, and all Speeds by 10%.","Absolute Dodge | Activation: when HP is below 50 % | Cooldown 10s | Increases Guaranteed Dodge Rate by 40% | 20% Ignore Defense | Flawless Strategy | Target: Weapon Master Allies | Cooldown 0s | Increases Skill damage by 25%, increases Bonus Damage by 20%. | Ignores target's Dodge Rate by 20%. | Increases Guaranteed Critical Rate by 20%",Marvel Studios' Black Widow | Target: All Allies | Cooldown 0s | Increases basic damage dealt to Villain faction by 40%. | Increases basic damage dealt to Hero faction by 40%.,,https://thanosvibs.money/api/characters/taskmaster1/skills
taskmaster,Taskmaster,Marvel Studios' Thunderbolts*,"Photographic Reflexes | Target: All Allies for the first effect, Self for the second effect | Cooldown 0s | Dodge Rate increases by 6%. | Increases all Basic Attacks by 35%, all Basic Defenses by 35%, and all Speeds by 10%.","Master Spy | Cooldown 0s | Increases Guaranteed Dodge Rate by 35% | Increases Skill damage by 30%, increases Bonus Damage by 25%. | Training Thunderbolts* | Target: Thunderbolts Allies Only | Cooldown 0s | Decreases Chain Hit damage by 30% when attacked. | Ignores target's Dodge Rate by 20%. | Increases Guaranteed Critical Rate by 20%",Marvel Studios' Thunderbolts* | Target: All Allies | Cooldown 0s | Increases basic damage dealt to Villain faction by 45%. | Increases basic damage dealt to Hero faction by 45%.,,https://thanosvibs.money/api/characters/taskmaster2/skills
thane,Thane,Modern,Ruler's Fate | Target: All Allies | Activation: when debuffed | Cooldown 25s | Removes all Debuffs. | Increases all Basic Attacks by 25%.,"The Guide to Death | Activation: when attacking | Cooldown 10s | 70% chance to penetrate with Invincible, All Damage Immune, Shield, Barrier, Super Armor effect. | Dark Instinct | Cooldown 0s | Increases Skill damage by 30%, increases Bonus Damage by 25%. | Decreases basic damage received by 30%.",,,https://thanosvibs.money/api/characters/thane/skills
thane,Thane,Phoenix Force,Ruler's Fate | Target: All Allies | Activation: when debuffed | Cooldown 20s | Removes all Debuffs. | Increases all Basic Attacks by 25%.,"The Guide to Death | Activation: when attacking | Cooldown 10s | 70% chance to penetrate with Invincible, All Damage Immune, Shield, Barrier, Super Armor effect. | Dark Instinct | Cooldown 0s | Increases Skill damage by 40%, increases Bonus Damage by 35%. | Decreases basic damage received by 30%. | Super Armor, increases all Basic Defenses by 30%.",Phoenix Force | Cooldown 0s | Increases Flame Damage by 30%. | Immunity to Incapacitation Effect.,,https://thanosvibs.money/api/characters/thane1/skills
thething,The Thing,Modern,Tough Hide | Target: All Allies | Cooldown 0s | Increases all Basic Defenses by 50%.,"Rock Solid | Cooldown 0s | Decreases basic damage received by 50%. | Family Man | Target: Fantastic Four Allies | Cooldown 0s | Super Armor, increases all Basic Defenses by 5%. | Increases all Basic Attacks by 40% | Decreases damage received from reflected effects by 50%.Effect: Physical Reflect",,,https://thanosvibs.money/api/characters/thing/skills
thething,The Thing,Future Foundation,Tough Hide | Target: All Allies | Cooldown 0s | Increases all Basic Defenses by 50%.,"Rock Solid | Cooldown 0s | Decreases basic damage received by 50%. | Family Man | Target: Fantastic Four Allies | Cooldown 0s | Super Armor, increases all Basic Defenses by 5%. | Increases all Basic Attacks by 40% | Decreases damage received from reflected effects by 50%.Effect: Physical Reflect",Future Foundation | Target: All Allies | Cooldown 0s | 15% increase of MAX HP.,,https://thanosvibs.money/api/characters/thing1/skills
thething,The Thing,Classic,Tough Hide | Target: All Allies | Cooldown 0s | Increases all Basic Defenses by 50%.,"Rock Solid | Cooldown 0s | Decreases basic damage received by 50%. | Family Man | Target: Fantastic Four Allies | Cooldown 0s | Super Armor, increases all Basic Defenses by 25%. | Increases all Basic Attacks by 40% | Decreases damage received from reflected effects by 50%.Effect: Reflect All Attacks | Increases basic damage dealt to boss types by 25%.","Classic | Target: All Allies for the first effect, Self for the second effect | Cooldown 0s | 15% increase of MAX HP. | Increases all Basic Attacks by 30%, all Basic Defenses by 20%, and all Speeds by 3%.",,https://thanosvibs.money/api/characters/thing2/skills
thething,The Thing,The Fall of the Fantastic Four,Tough Hide | Target: All Allies | Cooldown 0s | Increases all Basic Defenses by 50%.,"Rock Solid | Cooldown 0s | Decreases basic damage received by 50%. | Family Man | Target: Fantastic Four Allies | Cooldown 0s | Super Armor, increases all Basic Defenses by 25%. | Increases all Basic Attacks by 45% | Decreases damage received from reflected effects by 50%.Effect: Reflect All Attacks | Increases basic damage dealt to boss types by 35%.","The Fall of the Fantastic Four | Target: [WORLD BOSS] Clear Ultimate difficulty or higher 10 times | Cooldown 0s | 25% increase of MAX HP. | Increases all Basic Attacks by 35%, all Basic Defenses by 20%, and all Speeds by 3%.",,https://thanosvibs.money/api/characters/thing3/skills
thething,The Thing,Marvel Studios' The Fantastic Four: First Steps,Tough Hide | Target: All Allies | Cooldown 0s | Increases all Basic Defenses by 50%.,"Rock Solid | Cooldown 0s | Decreases basic damage received by 50%. | Family Man | Target: Fantastic Four Allies | Cooldown 0s | Super Armor, increases all Basic Defenses by 25%. | Increases all Basic Attacks by 45% | Decreases damage received from reflected effects by 50%.Effect: Reflect All Attacks | Increases basic damage dealt to Villain faction by 35%.","Marvel Studios' The Fantastic Four: First Steps | Target: [WORLD BOSS] Clear Ultimate difficulty or higher 10 times | Cooldown 0s | 35% increase of MAX HP. | Increases all Basic Attacks by 35%, all Basic Defenses by 20%, and all Speeds by 3%.",,https://thanosvibs.money/api/characters/thing4/skills
thorjanefoster,Thor (Jane Foster),"All-New, All-Different",Asgard's Blessing | Target: All Allies | Cooldown 0s | Increases Lightning Resist by 50%. | Critical Damage increases by 6%.,"Thunder Might | Activation: 25 % chance when attacking | Cooldown 10s | Energy Lightning Damage: 17% of Energy Attack Additional 142 Energy Lightning Damage. | Power Surge | Cooldown 0s | Increases Lightning Damage by 60%. | Increases Guaranteed Dodge Rate by 30% | Increases Skill damage by 25%, increases Bonus Damage by 20%.",,,https://thanosvibs.money/api/characters/janefoster/skills
thorjanefoster,Thor (Jane Foster),Marvel Studios' Thor: Love and Thunder,Asgard's Blessing | Target: All Allies | Cooldown 0s | Increases Lightning Resist by 50%. | Critical Damage increases by 6%.,"Bond of the Mighty | Target: Electrokinetic Allies | Cooldown 0s | Increases Lightning Damage by 40%. | Ignores target's Dodge Rate by 30%. | Power Surge | Cooldown 0s | Increases Lightning Damage by 60%. | Increases Guaranteed Dodge Rate by 30% | Increases Skill damage by 25%, increases Bonus Damage by 20%.",Marvel Studios' Thor: Love and Thunder | Cooldown 0s | Critical Damage increases by 30%. | Decreases basic damage received from Villain faction by 35%.,,https://thanosvibs.money/api/characters/janefoster1/skills
titania,Titania,Modern,Natural Strength | Target: Combat Type Allies | Cooldown 0s | 50% increase of Physical Attack.,"Stronghold | Cooldown 0s | Super Armor, increases all Basic Defenses by 20%. | Advanced Musculature | Activation: 35 % rate when hit | Cooldown 20s | Recovers 15% of HP. | Decreases basic damage received by 25%. | Increases Skill damage by 25%, increases Bonus Damage by 15%.",,,https://thanosvibs.money/api/characters/titania/skills
titania,Titania,Fear Itself,Natural Strength | Target: Combat Type Allies | Cooldown 0s | 60% increase of Physical Attack.,"Show Off | Target: Strong Allies | Cooldown 0s | Increases all Basic Attacks by 25% | Advanced Musculature | Activation: 45 % rate when hit | Cooldown 0s | Increases Skill damage by 35%, increases Bonus Damage by 30%. | Decreases basic damage received by 30%. | Acquires the following effect for $TIME sec. | Recovers 30% of HP.","Fear Itself | Cooldown 0s | 30% increase of HP. | Super Armor, increases all Basic Defenses by 40%.",,https://thanosvibs.money/api/characters/titania1/skills
ulik,Ulik,Modern,Troll Rally | Target: All Allies | Cooldown 0s | 30% increase of Physical Attack.,"Rock Hide | Activation: 30 % rate when dealing critical attack | Cooldown 25s | Resets Cooldown for skill, 0. | Unconquerable | Cooldown 0s | Decreases basic damage received by 20%. | Increases Guaranteed Critical Rate by 15% | Critical Damage increases by 15%.",,,https://thanosvibs.money/api/characters/ulik/skills
ultron,Ultron,Modern,Sentry Army | Target: All Allies | Cooldown 0s | Increases all Basic Attacks by 24%,"Reactivate | Cooldown 0s | Immunity to BLEED Effect. | Immunity to POISON Effect. | Immunity to BURN Effect. | Overclock | Cooldown 0s | Increases summoned characters' Basic Attacks and Basic Defenses by 20%, Increases HP by 15%, increases duration of summoned characters by 10%. | Increases Skill damage by 15%, increases Bonus Damage by 10%.",,,https://thanosvibs.money/api/characters/ultron/skills
ultron,Ultron,Avengers: Age of Ultron · Ultron Prime,Sentry Army | Target: All Allies | Cooldown 0s | Increases all Basic Attacks by 24%,"Reactivate | Cooldown 0s | Immunity to BLEED Effect. | Immunity to POISON Effect. | Immunity to BURN Effect. | Overclock | Cooldown 0s | Increases summoned characters' Basic Attacks and Basic Defenses by 20%, Increases HP by 15%, increases duration of summoned characters by 10%. | Increases Skill damage by 15%, increases Bonus Damage by 10%.",Avengers: Age of Ultron | Cooldown 0s | Decreases basic damage received from Blast types by 10%. | Increases basic damage dealt to Blast types by 10%.,,https://thanosvibs.money/api/characters/ultron1/skills
ultron,Ultron,Avengers: Age of Ultron · Ultron Mark 1,Sentry Army | Target: All Allies | Cooldown 0s | Increases all Basic Attacks by 24%,"Reactivate | Cooldown 0s | Immunity to BLEED Effect. | Immunity to POISON Effect. | Immunity to BURN Effect. | Overclock | Cooldown 0s | Increases summoned characters' Basic Attacks and Basic Defenses by 20%, Increases HP by 15%, increases duration of summoned characters by 10%. | Increases Skill damage by 15%, increases Bonus Damage by 10%.",Avengers: Age of Ultron | Cooldown 0s | Decreases basic damage received from Combat types by 10%. | Increases basic damage dealt to Combat types by 10%.,,https://thanosvibs.money/api/characters/ultron2/skills
ultron,Ultron,Avengers: Age of Ultron · Ultron Mark 3,Sentry Army | Target: All Allies | Cooldown 0s | Increases all Basic Attacks by 24%,"Reactivate | Cooldown 0s | Immunity to BLEED Effect. | Immunity to POISON Effect. | Immunity to BURN Effect. | Overclock | Cooldown 0s | Increases summoned characters' Basic Attacks and Basic Defenses by 20%, Increases HP by 15%, increases duration of summoned characters by 10%. | Increases Skill damage by 15%, increases Bonus Damage by 10%.",Avengers: Age of Ultron | Cooldown 0s | Decreases basic damage received from Speed types by 10%. | Increases basic damage dealt to Speed types by 10%.,,https://thanosvibs.money/api/characters/ultron3/skills
ultron,Ultron,Marvel Studios' What If...?,Ultron Fusion | Target: Machine Allies | Cooldown 0s | Increases all Basic Attacks by 55%,"Extinction of Mankind | Cooldown 0s | 30% increase of HP. | Increases Guaranteed Critical Rate by 30% | Critical Damage increases by 50%. | Suppression Order | Cooldown 0s | Increases Skill damage by 35%, increases Bonus Damage by 25%. | Decreases basic damage received by 40%. | Ignores target's Dodge Rate by 40%.",Marvel Studios' What If...? | Cooldown 0s | Increases Chain Hit damage by 15% when attacking. | Increases basic damage by 40% when attacking characters without Machine Ability.,,https://thanosvibs.money/api/characters/ultron4/skills
ultron,Ultron,All-Father Ultron,Ultron Fusion | Target: Machine Allies | Cooldown 0s | Increases all Basic Attacks by 65%,"Extinction of Mankind | Cooldown 0s | 40% increase of HP. | Increases Guaranteed Critical Rate by 30% | Critical Damage increases by 50%. | Suppression Order | Activation: when dead | Cooldown 0s | Increases Skill damage by 40%, increases Bonus Damage by 30%. | Decreases basic damage received by 40%. | Acquires the following effect for $TIME sec. | Revive with 70% of Max HP","All-Father Ultron | Cooldown 0s | Increases Chain Hit damage by 15% when attacking. | Increases basic damage by 40% when attacking characters without Machine Ability. | Super Armor, increases all Basic Defenses by 30%.",,https://thanosvibs.money/api/characters/ultron5/skills
ulyssesklaue,Ulysses Klaue,Marvel Studios' Black Panther,Trading Scheme | Target: All Allies | Cooldown 0s | Critical Rate increases by 13%.,Marketing Skill | Target: All Allies | Cooldown 0s | Critical Damage increases by 30%. | Arms Dealer | Cooldown 0s | Increases Guaranteed Critical Rate by 35% | Critical Damage increases by 35%. | Ignores target's Dodge Rate by 20%.,,,https://thanosvibs.money/api/characters/ulyssesklaue/skills
victorious,Victorious,Modern,For Victory! | Target: Doctor Doom | Cooldown 0s | Increases all Basic Attacks by 35% | Decreases basic damage received by 20%. | 25% increase of Energy Attack.,Latverian Champion | Target: All Allies | Cooldown 0s | 30% increase of HP. | Herald of Doom | Cooldown 0s | Increases Guaranteed Dodge Rate by 30% | Critical Damage increases by 30%. | 30% chance to increase Critical Damage by 100% on Critical Attacks.,,Ignore Dodge 6% 0.2% | All Basic Attacks 10% 0.2% | Ignore Dodge 9% 0.3% | All Basic Attacks 13% 0.3% | Ignore Dodge 12% 0.4% | All Basic Attacks 16% 0.4% | Ignore Dodge 15% 0.5% | All Basic Attacks 20% 0.5%,https://thanosvibs.money/api/characters/victorious/skills
victorious,Victorious,Emperor Guarder,Latverian Vanguard | Target: Doctor Doom | Cooldown 0s | Increases all Basic Attacks by 35% | 65% increase of Energy Attack.,"Spear of Latveria | Target: All Allies for the first effect, Self for the second effect | Cooldown 0s | 40% increase of HP. | 20% chance to penetrate with Invincible, All Damage Immune, Shield, Barrier, Super Armor effect. | Increases Guaranteed Critical Rate by 30% | Herald of Doom | Cooldown 0s | Increases Guaranteed Dodge Rate by 30% | Critical Damage increases by 30%. | 30% chance to increase Critical Damage by 100% on Critical Attacks.","Emperor Guarder | Cooldown 0s | Decreases basic damage received by 30%. | Super Armor, increases all Basic Defenses by 30%.",Ignore Dodge 6% 0.2% | All Basic Attacks 10% 0.2% | Ignore Dodge 9% 0.3% | All Basic Attacks 13% 0.3% | Ignore Dodge 12% 0.4% | All Basic Attacks 16% 0.4% | Ignore Dodge 15% 0.5% | All Basic Attacks 20% 0.5%,https://thanosvibs.money/api/characters/victorious1/skills
viper,Viper,Modern,Toxic Queen | Target: All Allies | Cooldown 0s | Increases Poison Damage by 40%.,"Snake Skin | Cooldown 0s | 90% chance to become immune to Poison Damage. | Immunity to POISON Effect. | Venomous Call | Activation: When attacking an enemy with POISON effect applied | Cooldown 0s | Increases Guaranteed Critical Rate by 25% | Increases Skill damage by 25%, increases Bonus Damage by 35%. | Acquires the following effect for $TIME sec. | Increases Guaranteed Dodge Rate by 25%",,,https://thanosvibs.money/api/characters/viper/skills
vision,Vision,Modern,"Prophetic Vision | Target: All Allies | Activation: when tagging | Cooldown 30s | Super Armor, increases all Basic Defenses by 30%.","Energy Charge | Activation: 25 % rate when hit | Cooldown 60s | 100% chance to become immune to Physical Damage. | Intangible | Cooldown 0s | Increases Skill damage by 25%, increases Bonus Damage by 20%.",,Heal 40% 0.3% | Heal 50% 0.3% | Heal 60% 0.3% | Heal 70% 0.3%,https://thanosvibs.money/api/characters/vision/skills
vision,Vision,Avengers: Age of Ultron,"Prophetic Vision | Target: All Allies | Activation: when tagging | Cooldown 30s | Super Armor, increases all Basic Defenses by 30%.","Energy Charge | Activation: 25 % rate when hit | Cooldown 60s | 100% chance to become immune to Physical Damage. | Intangible | Cooldown 0s | Increases Skill damage by 25%, increases Bonus Damage by 20%.",Avengers: Age of Ultron | Cooldown 0s | Increases All Resistances by 15%. | Decreases Debuff Duration by 15%.,,https://thanosvibs.money/api/characters/vision1/skills
vision,Vision,Uncanny Avengers,"Prophetic Vision | Target: All Allies | Activation: when tagging | Cooldown 30s | Super Armor, increases all Basic Defenses by 30%.","Energy Charge | Activation: 25 % rate when hit | Cooldown 60s | 100% chance to become immune to Physical Damage. | Intangible | Cooldown 0s | Increases Skill damage by 25%, increases Bonus Damage by 20%.",Uncanny Avengers | Cooldown 0s | Increases All Resistances by 30%. | Decreases Debuff Duration by 20%. | Increases all Basic Attacks by 20%,,https://thanosvibs.money/api/characters/vision2/skills
vision,Vision,Marvel Studios' WandaVision,Prophetic Vision | Target: Scarlet Witch | Cooldown 0s | Increases all Basic Attacks by 20% | Increases all Basic Attacks by 50%,"Energy Charge | Activation: 25 % rate when hit | Cooldown 30s | 100% chance to become immune to Physical Damage. | Reflects 50% of Energy Damage received. (Up to 100% of Max Attack). | Intangible | Cooldown 0s | Increases Skill damage by 30%, increases Bonus Damage by 25%. | Decreases basic damage received by 40%. | Super Armor, increases all Basic Defenses by 5%.",Marvel Studios' WandaVision | Cooldown 0s | Increases All Resistances by 30%. | Decreases Debuff Duration by 30%. | Increases all Basic Attacks by 30%,Heal 40% 0.3% | Heal 50% 0.3% | Heal 60% 0.3% | Heal 70% 0.3%,https://thanosvibs.money/api/characters/vision3/skills
vision,Vision,Ultimate Vision,Herald of Gah Lak Tus | Target: All Allies | Cooldown 0s | Increases all Basic Attacks by 45% | Increases all Basic Defenses by 25%.,"Manipulation of Atomic Valences | Activation: 40 % rate when hit | Cooldown 0s | Super Armor, increases all Basic Defenses by 45%. | Acquires the following effect for $TIME sec. | 100% chance to become immune to Physical Damage. | Reflects 50% of Energy Damage received. (Up to 100% of Max Attack). | Bug Fix | Target: [WORLD BOSS] Clear Ultimate difficulty or higher 10 times | Cooldown 0s | Acquires the following effect for $TIME sec. | Increases Skill damage by 40%, increases Bonus Damage by 40%. | Decreases basic damage received by 45%.",Ultimate Vision | Cooldown 0s | Increases All Resistances by 30%. | Decreases Debuff Duration by 30%. | Increases all Basic Attacks by 40%,Heal 40% 0.3% | Heal 50% 0.3% | Heal 60% 0.3% | Heal 70% 0.3%,https://thanosvibs.money/api/characters/vision4/skills
volstagg,Volstagg,Modern,Bodyguard | Target: All Allies | Cooldown 0s | Increases all Basic Defenses by 24%.,"Gourmet Gut | Cooldown 0s | Super Armor, increases all Basic Defenses by 25%. | Lion of Asgard | Target: Super Hero Allies | Cooldown 0s | Decreases basic damage received by 20%.",,,https://thanosvibs.money/api/characters/volstagg/skills
vulture,Vulture,Classic,Reflex Levitation | Target: All Allies | Cooldown 0s | Dodge Rate increases by 6%. | Critical Rate increases by 9%.,"Higher Ground | Cooldown 0s | 10% Ignore Defense | Sky Predator | Cooldown 0s | Increases Guaranteed Critical Rate by 20% | Increases Guaranteed Dodge Rate by 30% | Increases Skill damage by 15%, increases Bonus Damage by 30%.",,,https://thanosvibs.money/api/characters/vulture/skills
vulture,Vulture,Spider-Man: Homecoming,Reflex Levitation | Target: All Allies | Cooldown 0s | Dodge Rate increases by 6%. | Critical Rate increases by 9%.,"Higher Ground | Cooldown 0s | 10% Ignore Defense | Sky Predator | Cooldown 0s | Increases Guaranteed Critical Rate by 20% | Increases Guaranteed Dodge Rate by 30% | Increases Skill damage by 15%, increases Bonus Damage by 30%.",Spider-Man: Homecoming | Cooldown 0s | Increases basic damage dealt to Hero faction by 25%.,,https://thanosvibs.money/api/characters/vulture1/skills
warmachine,War Machine,Modern,Call to Arms | Target: All Allies | Cooldown 0s | 30% increase of Physical Attack.,"Resistant Armor | Cooldown 0s | 5% increase of Physical Defense. | Immunity to STUN Effect. | Ready for the Mission | Cooldown 0s | Increases Skill damage by 35%, increases Bonus Damage by 20%.",,,https://thanosvibs.money/api/characters/warmachine/skills
warmachine,War Machine,Iron Patriot,Call to Arms | Target: All Allies | Cooldown 0s | 30% increase of Physical Attack.,"Resistant Armor | Cooldown 0s | 5% increase of Physical Defense. | Immunity to STUN Effect. | Ready for the Mission | Cooldown 0s | Increases Skill damage by 35%, increases Bonus Damage by 20%.",,,https://thanosvibs.money/api/characters/warmachine1/skills
warmachine,War Machine,Avengers: The Initiative,Call to Arms | Target: All Allies | Cooldown 0s | 30% increase of Physical Attack.,"Resistant Armor | Cooldown 0s | 5% increase of Physical Defense. | Immunity to STUN Effect. | Ready for the Mission | Cooldown 0s | Increases Skill damage by 35%, increases Bonus Damage by 20%.",,,https://thanosvibs.money/api/characters/warmachine2/skills
warmachine,War Machine,Marvel Studios' Captain America: Civil War,Call to Arms | Target: All Allies | Cooldown 0s | 30% increase of Physical Attack.,"Resistant Armor | Cooldown 0s | 5% increase of Physical Defense. | Immunity to STUN Effect. | Ready for the Mission | Cooldown 0s | Increases Skill damage by 35%, increases Bonus Damage by 20%.",,,https://thanosvibs.money/api/characters/warmachine3/skills
warmachine,War Machine,Marvel Studios' Avengers: Infinity War,Call to Arms | Target: All Allies | Cooldown 0s | 30% increase of Physical Attack.,"Resistant Armor | Cooldown 0s | 5% increase of Physical Defense. | Immunity to STUN Effect. | Ready for the Mission | Cooldown 0s | Increases Skill damage by 35%, increases Bonus Damage by 20%.",Marvel Studios' Avengers: Infinity War | Activation: 60 % rate when hit | Cooldown 10s | Physical Damage: 60% of Physical Attack. Additional 0 Physical Damage. | Increases all Basic Attacks by 10%,,https://thanosvibs.money/api/characters/warmachine4/skills
warmachine,War Machine,Marvel Studios' Avengers: Endgame,Call to Arms | Target: All Allies | Cooldown 0s | 30% increase of Physical Attack.,"Resistant Armor | Cooldown 0s | 5% increase of Physical Defense. | Immunity to STUN Effect. | Ready for the Mission | Cooldown 0s | Increases Skill damage by 35%, increases Bonus Damage by 20%.",Marvel Studios' Avengers: Endgame | Activation: 60 % chance when attacking | Cooldown 10s | 15% increase of Physical Attack.,,https://thanosvibs.money/api/characters/warmachine5/skills
warmachine,War Machine,Team Suit,Call to Arms | Target: All Allies | Cooldown 0s | 30% increase of Physical Attack.,"Resistant Armor | Cooldown 0s | 5% increase of Physical Defense. | Immunity to STUN Effect. | Ready for the Mission | Cooldown 0s | Increases Skill damage by 35%, increases Bonus Damage by 20%.",Team Suit | Activation: 60 % chance when attacking | Cooldown 10s | 15% increase of Physical Attack.,,https://thanosvibs.money/api/characters/warmachine6/skills
warmachine,War Machine,3099,Call to Arms | Target: All Allies | Cooldown 0s | 30% increase of Physical Attack.,"Resistant Armor | Target: Machine Allies | Cooldown 0s | Increases all Basic Attacks by 40% | Increases all Basic Defenses by 40%. | 30% increase of HP. | Ready for the Mission | Cooldown 0s | Increases Skill damage by 35%, increases Bonus Damage by 20%. | Decreases basic damage received by 30%. | Ignores target's Dodge Rate by 30%.",3099 | Cooldown 0s | Increases Guaranteed Critical Rate by 30% | Critical Damage increases by 50%.,,https://thanosvibs.money/api/characters/warmachine7/skills
warmachine,War Machine,Invincible Iron Man,Fire Command | Target: Blast Type Allies | Cooldown 0s | Increases all Basic Attacks by 40%,"Machine Army | Target: Machine Allies | Cooldown 0s | Decreases basic damage received from Villain faction by 20%. | Increases basic damage dealt to Villain faction by 40%. | 30% increase of HP. | Ready for the Mission | Cooldown 0s | Increases Skill damage by 35%, increases Bonus Damage by 35%. | Decreases basic damage received by 30%. | Ignores target's Dodge Rate by 30%.",Invincible Iron Man | Cooldown 0s | Increases Guaranteed Critical Rate by 30% | Critical Damage increases by 50%. | Increases Chain Hit damage by 10% when attacking.,,https://thanosvibs.money/api/characters/warmachine8/skills
warpath,Warpath,X-Force,Swift Hunter | Target: All Allies | Cooldown 0s | Increases All Speeds by 6%.,"Warrior's Spirit | Cooldown 0s | Super Armor, increases all Basic Defenses by 25%. | Critical Rate increases by 20%. | Apache Magic | Cooldown 0s | Increases Guaranteed Critical Rate by 30% | Critical Damage increases by 25%. | Increases Skill damage by 32%, increases Bonus Damage by 15%.",,,https://thanosvibs.money/api/characters/warpath/skills
warwolf,Warwolf,The Howling Commandos of S.H.I.E.L.D.,"Fear the Lycan | Target: All Allies | Activation: When enemies are below 30 % HP, | Cooldown 1s | Critical Rate increases by 18%. | Critical Damage increases by 18%.",Power of the Lycan | Activation: when dealing Critical Attack | Cooldown 10s | Recovers 10% of HP. | Rally Howl | Target: All Allies | Cooldown 0s | Increases Guaranteed Critical Rate by 20% | Critical Damage increases by 30%.,,Basic Damage Dealt to Heroes 6% 0.2% | Basic Damage Dealt to Villains 6% 0.2% | Basic Damage Dealt to Heroes 9% 0.3% | Basic Damage Dealt to Villains 9% 0.3% | Basic Damage Dealt to Heroes 12% 0.4% | Basic Damage Dealt to Villains 12% 0.4% | Basic Damage Dealt to Heroes 15% 0.5% | Basic Damage Dealt to Villains 15% 0.5%,https://thanosvibs.money/api/characters/warwolf/skills
wasp,Wasp,Modern,"Flight Control | Target: All Allies | Cooldown 0s | Increases all Basic Attacks by 18%, all Basic Defenses by 18%, and all Speeds by 6%.",Paralyzing Sting | Activation: 5 % chance when attacking | Cooldown 20s | Silence | Winsome Wasp | Target: All Allies | Activation: when debuffed | Cooldown 25s | Removes all Debuffs.,,,https://thanosvibs.money/api/characters/wasp/skills
wasp,Wasp,"All-New, All-Different","Flight Control | Target: All Allies | Cooldown 0s | Increases all Basic Attacks by 18%, all Basic Defenses by 18%, and all Speeds by 6%.",Paralyzing Sting | Activation: 5 % chance when attacking | Cooldown 20s | Silence | Winsome Wasp | Target: All Allies | Activation: when debuffed | Cooldown 25s | Removes all Debuffs.,"All-New, All-Different | Activation: 5 % chance when attacking | Cooldown 20s | Paralyze",,https://thanosvibs.money/api/characters/wasp1/skills
wasp,Wasp,Marvel Studios' Ant-Man and the Wasp,"Flight Control | Target: All Allies | Cooldown 0s | Increases all Basic Attacks by 23%, all Basic Defenses by 18%, and all Speeds by 6%.",Paralyzing Sting | Target: Self | Activation: 15 % chance when attacking | Cooldown 20s | Silence | Paralyze | Winsome Wasp | Target: All Allies | Activation: when debuffed | Cooldown 25s | Removes all Debuffs.,Marvel Studios' Ant-Man and the Wasp | Target: All Allies | Cooldown 0s | 10% increase of HP.,,https://thanosvibs.money/api/characters/wasp2/skills
wasp,Wasp,Ant-Man and the Wasp: Quantumania,"Flight Control | Target: All Allies | Cooldown 0s | Increases all Basic Attacks by 30%, all Basic Defenses by 20%, and all Speeds by 10%.",The Paralyzer | Target: Self | Activation: 30 % chance when attacking | Cooldown 0s | Increases Chain Hit damage by 15% when attacking. | Acquires the following effect for $TIME sec. | Silence | Paralyze | Winsome Wasp | Target: All Allies | Activation: when debuffed | Cooldown 25s | Removes all Debuffs.,Ant-Man and the Wasp: Quantumania | Target: All Allies | Cooldown 0s | 20% increase of HP.,,https://thanosvibs.money/api/characters/wasp3/skills
waspnadiavandyne,Wasp (Nadia Van Dyne),Modern,Agility | Target: All Allies | Cooldown 0s | Dodge Rate increases by 11%.,Winsome Wasp | Target: All Allies | Activation: When attacking an enemy with MINIATURIZE effect applied | Cooldown 1s | Increases all Basic Attacks by 15% | Unstoppable Wasp | Activation: when skill Pym Disc is used | Cooldown 1s | Increases Guaranteed Dodge Rate by 25% | Increases basic damage by 180% for 1 attack(s).,,Heal 5% 0.2% | Heal 6.5% 0.3% | Heal 8% 0.4% | Heal 10% 0.5%,https://thanosvibs.money/api/characters/nadiavandyne/skills
wave,Wave,Modern,Ride the Current | Target: Namor | Cooldown 0s | Increases All Speeds by 6%. | Increases all Basic Attacks by 60%,Riptide | Cooldown 0s | Critical Rate increases by 8%. | Wrath of the Waves | Target: Super Hero Allies | Cooldown 0s | Increases basic damage dealt to Villain faction by 40%. | Decreases basic damage received from Villain faction by 15%.,,,https://thanosvibs.money/api/characters/wave/skills
wave,Wave,Classic,Ride the Current | Target: Namor | Cooldown 0s | Increases all Basic Attacks by 25% | Increases all Basic Attacks by 60%,Riptide | Cooldown 0s | Increases Guaranteed Critical Rate by 15% | Wrath of the Waves | Target: Super Hero Allies | Cooldown 0s | Increases basic damage dealt to Villain faction by 50%. | Decreases basic damage received from Villain faction by 15%.,"Classic | Cooldown 0s | Increases Skill damage by 15%, increases Bonus Damage by 10%.",,https://thanosvibs.money/api/characters/wave1/skills
weaponhex,Weapon Hex,Infinity Warps,Mystical Evocation | Target: All Allies | Cooldown 0s | Dodge Rate increases by 6%. | Decreases Debuff Duration by 24%.,"Witchcraft | Target: All Allies for the first effect, Self for the second effect | Activation: by default and reactivates 3 sec. after removed | when HP is below 99 % | Cooldown 3s | Summon an illusion with 50% of the summoner's stats. | Acquires the following effect for $TIME sec. | Recovers 5% of HP. | Precision Magic | Cooldown 0s | Decreases basic damage received by 25%. | Increases all Basic Attacks and Defense by 15%, all speed by 15%, and Critical Rate by 5%, removes Incapacitation | Increases All Buffs effect by 20%.",,,https://thanosvibs.money/api/characters/weaponhex/skills
weaponhex,Weapon Hex,Infected Bioweapon,Mystical Evocation | Target: All Allies | Cooldown 0s | Dodge Rate increases by 6%. | Decreases Debuff Duration by 24%.,"Berserker | Target: Zombie Allies | Activation: when HP is below {0}% | Cooldown 180s | HP does not drop below 1 for $TIME secImmediately dies when the effect ends | Undead Magic | Cooldown 0s | Decreases basic damage received by 35%. | Increases Guaranteed Critical Rate by 30% | Acquires the following effect for $TIME sec.",Infected Bioweapon | Target: Zombie Allies | Activation: when debuffed | Cooldown 0s | Increases basic damage dealt to Hero faction by 45%. | Increases basic damage dealt to Villain faction by 45%. | Acquires the following effect for $TIME sec. | Removes all Debuffs.,,https://thanosvibs.money/api/characters/weaponhex1/skills
whiplash,Whiplash,Marvel Studios' Iron Man 2,Armament Upgrade | Target: All Allies | Cooldown 0s | Decreases Skill Cooldown by 24%.,"Mechanical Engineering | Cooldown 0s | Increases basic damage dealt to enemies with Machine ability by 80%. | Burning Revenge | Cooldown 0s | Increases Skill damage by 15%, increases Bonus Damage by 30%. | Ignores target's Dodge Rate by 20%. | Increases Lightning Damage by 30%.",,,https://thanosvibs.money/api/characters/whiplash/skills
whitefox,White Fox,Modern,Chief Fox | Target: All Allies | Cooldown 0s | Increases All Debuffs effect by 40%. | Decreases Debuff Duration by 24%.,Blood Scent | Target: Self | Activation: when attacking | Cooldown 1s | Bleed: Deals additional 15% Damage every 1 sec. (Removes Elasticity) | Incapacitation (Removes Active Buffs from target) | Kumiho Stance | Target: Allies with Leadership | Cooldown 0s | Increases basic damage dealt to Villain faction by 60%.,,,https://thanosvibs.money/api/characters/whitefox/skills
whitefox,White Fox,Lifestyle Series 1,Chief Fox | Target: All Allies | Cooldown 0s | Increases All Debuffs effect by 40%. | Decreases Debuff Duration by 24%.,Blood Scent | Target: Self | Activation: when attacking | Cooldown 1s | Bleed: Deals additional 15% Damage every 1 sec. (Removes Elasticity) | Incapacitation (Removes Active Buffs from target) | Kumiho Stance | Target: Allies with Leadership | Cooldown 0s | Increases basic damage dealt to Villain faction by 60%.,Lifestyle Series 1 | Target: Allies with Leadership | Cooldown 0s | Increases all Basic Attacks by 10% | Immunity to FEAR Effect.,,https://thanosvibs.money/api/characters/whitefox1/skills
whitefox,White Fox,Lifestyle Series 2,Chief Fox | Target: All Allies | Cooldown 0s | Increases All Debuffs effect by 40%. | Decreases Debuff Duration by 24%.,Blood Scent | Target: Self | Activation: when attacking | Cooldown 1s | Bleed: Deals additional 15% Damage every 1 sec. (Removes Elasticity) | Incapacitation (Removes Active Buffs from target) | Increases Guaranteed Dodge Rate by 20% | Kumiho Stance | Target: Allies with Leadership | Cooldown 0s | Increases basic damage dealt to Villain faction by 65%. | Decreases basic damage received from Villain faction by 30%.,Lifestyle Series 2 | Target: Super Hero Allies | Cooldown 0s | Increases all Basic Attacks by 15% | Increases Chain Hit damage by 10% when attacking. | Ignores target's Dodge Rate by 30%.,,https://thanosvibs.money/api/characters/whitefox2/skills
whitefox,White Fox,Agent F-One,Chief Fox | Target: All Allies | Cooldown 0s | Increases All Debuffs effect by 40%. | Decreases Debuff Duration by 24%.,Agent Fox | Cooldown 0s | Increases Guaranteed Dodge Rate by 25% | Villain Specialist | Target: Allies with Leadership | Cooldown 0s | Increases basic damage dealt to Villain faction by 65%. | Decreases basic damage received from Villain faction by 30%. | Increases All Resistances by 20%.,Agent F-One | Target: Super Hero Allies | Cooldown 0s | Increases all Basic Attacks by 25% | Increases Chain Hit damage by 10% when attacking. | Ignores target's Dodge Rate by 30%.,,https://thanosvibs.money/api/characters/whitefox3/skills
whitetiger,White Tiger,New Avengers,Tiger Fury | Target: All Allies | Activation: when dealing Critical Attack | Cooldown 5s | Bleed: Deals additional 10% Damage every 0.7 sec. (Removes Elasticity),Tiger Chi | Cooldown 0s | 5% increase of Physical Attack. | Animal Instinct | Cooldown 0s | Increases Guaranteed Critical Rate by 30% | Critical Damage increases by 25%.,,,https://thanosvibs.money/api/characters/whitetiger/skills
whitetiger,White Tiger,Marvel Television's Daredevil: Born Again,Tiger Fury | Target: All Allies | Activation: when dealing Critical Attack | Cooldown 5s | Bleed: Deals additional 10% Damage every 0.7 sec. (Removes Elasticity),"Tiger Chi | Cooldown 0s | 30% increase of Physical Attack. | Decreases basic damage received by 30%. | Ignores target's Dodge Rate by 15%. | Animal Instinct | Cooldown 0s | Increases Guaranteed Critical Rate by 30% | Critical Damage increases by 25%. | Increases Skill damage by 40%, increases Bonus Damage by 30%.","Marvel Television's Daredevil: Born Again | Cooldown 0s | Super Armor, increases all Basic Defenses by 30%. | 40% increase of HP. | Increases Chain Hit damage by 10% when attacking.",,https://thanosvibs.money/api/characters/whitetiger1/skills
wiccan,Wiccan,New Avengers,Electrokinetic Boost | Target: All Allies | Cooldown 0s | Increases all Basic Attacks by 24%,Silent Link | Activation: when skill Dispel Zone is used | Cooldown 1s | Silence | Magic Field | Target: All Allies | Cooldown 0s | 1 s increase to the duration of 120. | Ignores target's Dodge Rate by 20%. | 1 s increase to the duration of 204.,,,https://thanosvibs.money/api/characters/wiccan/skills
wong,Wong,"All-New, All-Different",Sorcerer's Apprentice | Target: All Allies | Activation: 25 % rate when hit | Cooldown 60s | 100% chance to become immune to Physical Damage.,Mystic Monk | Cooldown 0s | Increases All Speeds by 8%. | Master of Kamar-Taj | Cooldown 0s | Increases Guaranteed Critical Rate by 30% | Critical Damage increases by 40%. | Increases Guaranteed Dodge Rate by 15%,,,https://thanosvibs.money/api/characters/wong/skills
wong,Wong,Marvel Studios' Doctor Strange,Sorcerer's Apprentice | Target: All Allies | Activation: 25 % rate when hit | Cooldown 60s | 100% chance to become immune to Physical Damage.,Mystic Monk | Cooldown 0s | Increases All Speeds by 8%. | Master of Kamar-Taj | Cooldown 0s | Increases Guaranteed Critical Rate by 30% | Critical Damage increases by 40%. | Increases Guaranteed Dodge Rate by 15%,Marvel Studios' Doctor Strange | Activation: 45 % rate when dealing critical attack | Cooldown 20s | Decreases Skill Cooldown by 50%.,,https://thanosvibs.money/api/characters/wong1/skills
wong,Wong,Marvel Studios' Doctor Strange 2,Sorcerer's Apprentice | Target: Magic Allies | Activation: 25 % rate when hit | Cooldown 60s | 100% chance to grant All Damage Immunity,Mystic Advancement | Target: Magic Allies | Cooldown 0s | Increases basic damage dealt to Hero faction by 53%. | Increases basic damage dealt to Villain faction by 53%. | Master of Kamar-Taj | Cooldown 0s | Increases Guaranteed Critical Rate by 40% | Critical Damage increases by 50%. | Increases Guaranteed Dodge Rate by 30%,Marvel Studios' Doctor Strange 2 | Cooldown 0s | Dodge Rate increases by 15%. | Critical Rate increases by 15%. | Decreases basic damage received by 30%.,,https://thanosvibs.money/api/characters/wong2/skills
wong,Wong,What If... Zombies?!,Sorcerer's Apprentice | Target: Magic Allies | Activation: 25 % rate when hit | Cooldown 60s | 100% chance to grant All Damage Immunity,Mystic Advancement | Target: Magic Allies | Cooldown 0s | Increases basic damage dealt to Hero faction by 53%. | Increases basic damage dealt to Villain faction by 53%. | Master of Kamar-Taj | Cooldown 0s | Increases Guaranteed Critical Rate by 40% | Critical Damage increases by 50%. | Increases Guaranteed Dodge Rate by 30%,What If... Zombies?! | Cooldown 0s | Dodge Rate increases by 20%. | Critical Rate increases by 20%. | Decreases basic damage received by 30%.,,https://thanosvibs.money/api/characters/wong3/skills
yelenabelova,Yelena Belova,Modern,Perfect Tactics | Target: All Allies | Cooldown 0s | Increases All Speeds by 6%.,"Stealth Technology | Cooldown 0s | Dodge Rate increases by 30%. | Target Removal | Cooldown 0s | Increases Skill damage by 25%, increases Bonus Damage by 30%. | Increases Guaranteed Dodge Rate by 25%",,,https://thanosvibs.money/api/characters/yelenabelova/skills
yelenabelova,Yelena Belova,Marvel Studios' Black Widow,Perfect Tactics | Target: All Allies | Cooldown 0s | Increases All Speeds by 6%.,"Stealth Technology | Cooldown 0s | Dodge Rate increases by 30%. | Target Removal | Cooldown 0s | Increases Skill damage by 25%, increases Bonus Damage by 30%. | Increases Guaranteed Dodge Rate by 25%",Marvel Studios' Black Widow | Cooldown 0s | Increases Chain Hit damage by 30% when attacking. | 15% Ignore Defense,,https://thanosvibs.money/api/characters/yelenabelova1/skills
yelenabelova,Yelena Belova,Marvel Studios' Black Widow (Snow Suit),Perfect Tactics | Target: All Allies | Cooldown 0s | Increases All Speeds by 6%.,"Stealth Technology | Cooldown 0s | Dodge Rate increases by 30%. | Target Removal | Cooldown 0s | Increases Skill damage by 25%, increases Bonus Damage by 30%. | Increases Guaranteed Dodge Rate by 25%",Marvel Studios' Black Widow (Snow Suit) | Cooldown 0s | Decreases basic damage received by 15%. | Ignores target's Dodge Rate by 15%.,,https://thanosvibs.money/api/characters/yelenabelova2/skills
yelenabelova,Yelena Belova,Marvel Studios' Thunderbolts*,Perfect Tactics | Target: All Allies | Cooldown 0s | Increases All Speeds by 6%.,"Stealth Technology | Cooldown 0s | Dodge Rate increases by 30%. | Target Removal | Cooldown 0s | Increases Skill damage by 35%, increases Bonus Damage by 30%. | Increases Guaranteed Dodge Rate by 30%",Marvel Studios' Thunderbolts* | Cooldown 0s | Increases Chain Hit damage by 30% when attacking. | Ignores target's Dodge Rate by 20%. | Decreases basic damage received by 30%.,,https://thanosvibs.money/api/characters/yelenabelova3/skills
yellowjacket,Yellowjacket,Marvel Studios' Ant-Man,Fear of the Sting | Target: All Allies | Activation: 10 % chance when attacking | Cooldown 12s | Paralyze,"Bounce Back | Activation: when HP is below 80 % | Cooldown -1s | Decreases character size by 35%, increases all Basic Attacks by 15% ^, all Basic Defenses by 0%. | Critical Rate increases by 5%. | Microscopic | Cooldown 0s | Increases Guaranteed Dodge Rate by 20% | Increases Guaranteed Critical Rate by 25% | Critical Damage increases by 20%.",,,https://thanosvibs.money/api/characters/yellowjacket/skills
yellowjacket,Yellowjacket,Marvel NOW!,Fear of the Sting | Target: All Allies | Activation: 10 % chance when attacking | Cooldown 12s | Paralyze,"Bounce Back | Activation: when HP is below 80 % | Cooldown -1s | Decreases character size by 35%, increases all Basic Attacks by 15% ^, all Basic Defenses by 0%. | Critical Rate increases by 5%. | Microscopic | Cooldown 0s | Increases Guaranteed Dodge Rate by 20% | Increases Guaranteed Critical Rate by 25% | Critical Damage increases by 20%.",Marvel NOW! | Cooldown 0s | Increases basic damage dealt to Hero faction by 25%.,,https://thanosvibs.money/api/characters/yellowjacket1/skills
yondu,Yondu,Guardians of the Galaxy,Double Crossed | Target: All Allies | Cooldown 0s | Critical Rate increases by 7.8%.,Exploit | Cooldown 0s | 10% Ignore Defense | Backup Plan | Activation: 10 % chance when attacking | Cooldown 10s | Energy Damage: 63% of Physical Attack. Additional 24 Energy Damage.,,,https://thanosvibs.money/api/characters/yondu/skills
yondu,Yondu,"All-New, All-Different",Double Crossed | Target: All Allies | Cooldown 0s | Critical Rate increases by 7.8%.,Exploit | Cooldown 0s | 10% Ignore Defense | Backup Plan | Activation: 10 % chance when attacking | Cooldown 10s | Energy Damage: 63% of Physical Attack. Additional 24 Energy Damage.,"All-New, All-Different | Activation: 5 % chance when attacking | Cooldown 20s | Decreases Skill Cooldown by 50%.",,https://thanosvibs.money/api/characters/yondu1/skills
yondu,Yondu,Guardians of the Galaxy 2,Double Crossed | Target: All Allies | Cooldown 0s | Critical Rate increases by 7.8%.,Exploit | Cooldown 0s | 10% Ignore Defense | Backup Plan | Activation: 10 % chance when attacking | Cooldown 10s | Energy Damage: 63% of Physical Attack. Additional 24 Energy Damage.,Guardians of the Galaxy 2 | Activation: 10 % chance when attacking | Cooldown 20s | Decreases Skill Cooldown by 50%.,,https://thanosvibs.money/api/characters/yondu2/skills
yondu,Yondu,Summer Vacation,Double Crossed | Target: All Allies | Cooldown 0s | Critical Rate increases by 7.8%.,"Exploit | Target: Alien Allies | Cooldown 0s | Increases basic damage dealt to Villain faction by 50%. | Intergalactic Vacation | Cooldown 0s | 10% Ignore Defense | Increases Skill damage by 20%, increases Bonus Damage by 20%.",Summer Vacation | Target: Alien Allies | Cooldown 0s | Increases all Basic Attacks by 35% | Increases basic damage dealt to boss types by 40%.,,https://thanosvibs.money/api/characters/yondu3/skills
mephisto,Mephisto,Modern,Soul Contract | Target: Super Villain Allies | Activation: when debuffed | Cooldown 20s | Removes all Debuffs. | Increases Flame Damage by 30%.,"Burning Resurrection | Activation: when dead | Cooldown 300s | Revive with 90% of Max HP | Rage of the Pit | Cooldown 0s | Increases Skill damage by 35%, increases Bonus Damage by 30%. | Increases basic damage dealt to Hero faction by 30%. Effect cannot be removed. | Acquires the following effect for $TIME sec. | Decreases damage received from reflected effects by 70%.Effect: Reflect All Attacks | Decreases basic damage received by 40%.",,,https://thanosvibs.money/api/characters/mephisto/skills
mephisto,Mephisto,Master of Hell,Lord of Hell | Target: Super Villain Allies | Cooldown 0s | Increases Flame Damage by 30%. | Acquires the following effect for $TIME sec.,"Burning Resurrection | Activation: when dead | Cooldown 300s | Revive with 90% of Max HP | Rage of the Pit | Cooldown 0s | Increases Skill damage by 40%, increases Bonus Damage by 40%. | Increases basic damage dealt to Hero faction by 30%. Effect cannot be removed. | Acquires the following effect for $TIME sec. | Decreases damage received from reflected effects by 70%.Effect: Reflect All Attacks | Decreases basic damage received by 40%.","Master of Hell | Cooldown 0s | Increases Additional Pierce Damage by 5% | Increases Chain Hit damage by 25% when attacking. | Super Armor, increases all Basic Defenses by 50%.",,https://thanosvibs.money/api/characters/mephisto1/skills
spectrum,Spectrum,Modern,Energy Form | Target: All Allies | Cooldown 0s | 36% increase of Energy Attack. | Ignores target's Dodge Rate by 36%.,"Energy Conversion | Activation: when hit | Cooldown 7s | 100% chance to dodge 1 attacks. | Increases all Basic Attacks by 20%, all Basic Defenses by 20%, and all Speeds by 1%. | Energy Amplification | Cooldown 0s | Decreases Energy Damage Received by 60%. | Increases Skill damage by 25%, increases Bonus Damage by 35%. | 100% chance to increase Critical Damage by 50% on Critical Attacks.",,,https://thanosvibs.money/api/characters/spectrum/skills
spectrum,Spectrum,Marvel Studios' The Marvels,Energy Form | Target: All Allies | Cooldown 0s | 36% increase of Energy Attack. | Ignores target's Dodge Rate by 36%.,"Inherited Will | Activation: when hit | Cooldown 0s | Increases all Basic Attacks by 30%, all Basic Defenses by 30%, and all Speeds by 1%. | Acquires the following effect for $TIME sec. | 100% chance to dodge 1 attacks. | Energy Amplification | Cooldown 0s | Decreases Energy Damage Received by 60%. | Increases Skill damage by 35%, increases Bonus Damage by 35%. | 100% chance to increase Critical Damage by 50% on Critical Attacks.","Marvel Studios' The Marvels | Cooldown 0s | 30% increase of HP. | Super Armor, increases all Basic Defenses by 30%.",,https://thanosvibs.money/api/characters/spectrum1/skills
wenwu,Wenwu,Marvel Studios' Shang-Chi,Ancient Leader | Target: Super Villain Allies | Activation: when debuffed | Cooldown 20s | Removes all Debuffs. | Recovers 10% of HP.,"Legendary Power | Target: Super Villain Allies | Cooldown 0s | 25% increase of HP. | Will of the Ten Rings | Cooldown 0s | Super Armor, increases all Basic Defenses by 5%. | Increases Skill damage by 30%, increases Bonus Damage by 25%.",,,https://thanosvibs.money/api/characters/wenwu/skills
wenwu,Wenwu,Marvel Studios' What If...?,Ancient Leader | Target: Super Villain Allies | Activation: when debuffed | Cooldown 20s | Removes all Debuffs. | Recovers 10% of HP.,"Legendary Power | Target: Super Villain Allies | Cooldown 0s | 30% increase of HP. | Will of the Ten Rings | Cooldown 0s | Super Armor, increases all Basic Defenses by 30%. | Increases Skill damage by 45%, increases Bonus Damage by 25%.",Marvel Studios' What If...? | Cooldown 0s | Decreases basic damage received by 30%. | Increases Chain Hit damage by 5% when attacking.,,https://thanosvibs.money/api/characters/wenwu1/skills
katy,Katy,Marvel Studios' Shang-Chi,Perfect Teamwork | Target: Shang-Chi | Cooldown 0s | Critical Rate increases by 18%. | Increases all Basic Attacks by 60%,"Robe of Justice | Target: All Allies | Cooldown 0s | Ignores target's Dodge Rate by 30%. | Critical Damage increases by 30%. | Never Missing Arrow | Cooldown 0s | Increases Guaranteed Dodge Rate by 30% | Increases Skill damage by 30%, increases Bonus Damage by 30%. | Increases Guaranteed Critical Rate by 20%",,,https://thanosvibs.money/api/characters/katy/skills
makkari,Makkari,Modern,Eternal Speed | Target: All Allies | Cooldown 0s | Increases All Speeds by 6%.,"Cosmic Vitality | Cooldown 0s | 30% Ignore Defense | Ignores target's Dodge Rate by 30%. | Sonic Dodge | Cooldown 0s | Increases Guaranteed Dodge Rate by 30% | 50% chance to penetrate with Invincible, All Damage Immune, Barrier, Super Armor effect. | Decreases basic damage received by 30%.",,,https://thanosvibs.money/api/characters/makkari/skills
makkari,Makkari,Marvel Studios' Eternals,Eternal Speed | Target: All Allies | Cooldown 0s | Increases All Speeds by 6%.,"Cosmic Vitality | Cooldown 0s | 30% Ignore Defense | Ignores target's Dodge Rate by 30%. | Sonic Dodge | Cooldown 0s | Increases Guaranteed Dodge Rate by 30% | 50% chance to penetrate with Invincible, All Damage Immune, Barrier, Super Armor effect. | Decreases basic damage received by 30%.",Marvel Studios' Eternals | Activation: when skill Hurricane Dash is used | Cooldown 1s | Recovers 10% of HP.,,https://thanosvibs.money/api/characters/makkari1/skills
kingo,Kingo,Modern,Samurai Step | Target: All Allies | Cooldown 0s | Dodge Rate increases by 15%.,"Action Star | Cooldown 0s | Increases all Basic Attacks by 20% | Ignores target's Dodge Rate by 35%. | Katana Honing | Cooldown 0s | Increases Skill damage by 25%, increases Bonus Damage by 15%. | Decreases basic damage received by 30%.",,,https://thanosvibs.money/api/characters/kingo/skills
kingo,Kingo,Marvel Studios' Eternals,Samurai Step | Target: All Allies | Cooldown 0s | Dodge Rate increases by 15%.,"Action Star | Cooldown 0s | Increases all Basic Attacks by 20% | Ignores target's Dodge Rate by 35%. | Katana Honing | Cooldown 0s | Increases Skill damage by 25%, increases Bonus Damage by 15%. | Decreases basic damage received by 30%.",Marvel Studios' Eternals | Activation: when skill Explosion Bombardment is used | Cooldown 5s | Sets the Cooldown time of 2 skill to 1 sec,,https://thanosvibs.money/api/characters/kingo1/skills
thena,Thena,Modern,Ancient Guardian | Target: All Allies | Cooldown 0s | Increases all Basic Attacks by 50% | Increases all Basic Defenses by 20%.,"Victory Cry | Cooldown 0s | Critical Rate increases by 20%. | Critical Damage increases by 25%. | Increases Additional Pierce Damage by 5% | Eon Precision | Cooldown 0s | Increases Skill damage by 32%, increases Bonus Damage by 35%. | Increases Guaranteed Critical Rate by 20% | Ignores target's Dodge Rate by 20%.",,,https://thanosvibs.money/api/characters/thena/skills
thena,Thena,Marvel Studios' Eternals,Ancient Guardian | Target: All Allies | Cooldown 0s | Increases all Basic Attacks by 50% | Increases all Basic Defenses by 20%.,"Victory Cry | Cooldown 0s | Critical Rate increases by 20%. | Critical Damage increases by 25%. | Increases Additional Pierce Damage by 5% | Eon Precision | Cooldown 0s | Increases Skill damage by 32%, increases Bonus Damage by 35%. | Increases Guaranteed Critical Rate by 20% | Ignores target's Dodge Rate by 20%.",Marvel Studios' Eternals | Cooldown 0s | Guard Break Immunity | Decreases basic damage received by 35%. | Increases Chain Hit damage by 15% when attacking.,,https://thanosvibs.money/api/characters/thena1/skills
gilgamesh,Gilgamesh,Modern,Ruthless Power | Target: All Allies | Cooldown 0s | Increases all Basic Defenses by 50%.,"Eternal Resilience | Activation: when HP is below 99 % | Cooldown 0s | Super Armor, increases all Basic Defenses by 10%. | Acquires the following effect for $TIME sec. | Recovers 4% of HP. | True Memory | Cooldown 0s | Increases Skill damage by 45%, increases Bonus Damage by 45%. | Decreases basic damage received by 45%. | 100% chance to become immune to Mind Damage.",,,https://thanosvibs.money/api/characters/gilgamesh/skills
gilgamesh,Gilgamesh,Marvel Studios' Eternals,Ruthless Power | Target: All Allies | Cooldown 0s | Increases all Basic Defenses by 50%.,"Eternal Resilience | Activation: when HP is below 99 % | Cooldown 0s | Super Armor, increases all Basic Defenses by 10%. | Acquires the following effect for $TIME sec. | Recovers 6% of HP. | True Memory | Cooldown 0s | Increases Skill damage by 45%, increases Bonus Damage by 45%. | Decreases basic damage received by 45%. | 100% chance to become immune to Mind Damage.",Marvel Studios' Eternals | Target: Eternals Allies | Cooldown 0s | Increases all Basic Defenses by 35%. | Decreases damage received from reflected effects by 80%.Effect: Physical Reflect | Decreases Chain Hit damage by 15% when attacked.,,https://thanosvibs.money/api/characters/gilgamesh1/skills
echo,Echo,Enter the Phoenix,Phoenix's Blessing | Target: All Allies | Cooldown 0s | Increases Flame Damage by 60%.,"Handprint of Revenge | Target: All Allies | Cooldown 0s | Increases damage to All element damage by 15%. | Increases Flame Resist by 25%. | Hero's Promise | Activation: when HP is below 99 % | Cooldown 0s | Increases Skill damage by 25%, increases Bonus Damage by 15%. | Increases Guaranteed Dodge Rate by 35% | Acquires the following effect for $TIME sec. | Recovers 4% of HP.",,,https://thanosvibs.money/api/characters/echo/skills
echo,Echo,Marvel Studios' Hawkeye,Back Alley Queen | Target: Speed Type Allies | Cooldown 0s | Increases all Basic Attacks by 60% | Increases all Basic Defenses by 60%. | Acquires the following effect for $TIME sec.,"Vengeance Begins | Target: Speed Type Allies | Cooldown 0s | Decreases Chain Hit damage by 20% when attacked. | Ignores target's Dodge Rate by 20%. | Hero's Promise | Cooldown 0s | Increases Skill damage by 25%, increases Bonus Damage by 15%. | Increases Guaranteed Dodge Rate by 35% | 33% chance to penetrate with Invincible, All Damage Immune, Super Armor effect.",Marvel Studios' Hawkeye | Cooldown 0s | Decreases basic damage received by 20%. | Dodge Rate increases by 20%.,,https://thanosvibs.money/api/characters/echo1/skills
echo,Echo,Marvel Studios' Echo,Back Alley Queen | Target: Speed Type Allies | Cooldown 0s | Increases all Basic Attacks by 60% | Increases all Basic Defenses by 60%. | Acquires the following effect for $TIME sec.,"Vengeance Begins | Target: Speed Type Allies | Cooldown 0s | Decreases Chain Hit damage by 20% when attacked. | Ignores target's Dodge Rate by 20%. | Hero's Promise | Cooldown 0s | Increases Skill damage by 25%, increases Bonus Damage by 25%. | Increases Guaranteed Dodge Rate by 35% | 40% chance to penetrate with Invincible, All Damage Immune, Super Armor effect.","Marvel Studios' Echo | Cooldown 0s | Decreases basic damage received by 25%. | Dodge Rate increases by 20%. | Excluding bosses, ignores enemy's damage decrease by 30%.",,https://thanosvibs.money/api/characters/echo2/skills
gorr,Gorr,Marvel Studios' Thor: Love and Thunder,Whispers of Darkness | Target: Super Villain Allies | Cooldown 0s | 35% increase of HP. | Acquires the following effect for $TIME sec.,"Indigarr Anger | Cooldown 0s | Increases Skill damage by 40%, increases Bonus Damage by 40%. | Super Armor, increases all Basic Defenses by 50%. | Acquires the following effect for $TIME sec. | Godless Prayer | Cooldown 0s | Increases Additional Pierce Damage by 5% | Decreases basic damage received by 40%. | Acquires the following effect for $TIME sec.",,,https://thanosvibs.money/api/characters/gorr1/skills
gorr,Gorr,The God Butcher,Whispers of Darkness | Target: Super Villain Allies | Cooldown 0s | 35% increase of HP. | Acquires the following effect for $TIME sec.,"Indigarr Anger | Cooldown 0s | Increases Skill damage by 40%, increases Bonus Damage by 40%. | Super Armor, increases all Basic Defenses by 50%. | Acquires the following effect for $TIME sec. | Godless Prayer | Cooldown 0s | Increases Additional Pierce Damage by 5% | Decreases basic damage received by 40%. | Acquires the following effect for $TIME sec.","The God Butcher | Cooldown 0s | Excluding bosses, ignores enemy's damage decrease by 10%. | Increases Chain Hit damage by 10% when attacking.",,https://thanosvibs.money/api/characters/gorr2/skills
toxin,Toxin,Modern,Red Threat | Target: All Allies | Cooldown 0s | 30% increase of Physical Attack.,"Limitless Potential | Activation: when attacking | Cooldown 1s | Increases all Basic Attacks by 20% (Max 60% ) | Anger Manifest | Activation: when HP is below 99 % | Cooldown 0s | Increases Skill damage by 45%, increases Bonus Damage by 40%. | Decreases basic damage received by 40%. | Acquires the following effect for $TIME sec. | Recovers 5% of HP.",,,https://thanosvibs.money/api/characters/toxin/skills
mbaku,M'Baku,Black Panther: Wakanda Forever,Lord of the Mountains | Target: All Allies | Cooldown 0s | 30% increase of Physical Attack.,"Strength of Hanuman | Cooldown 0s | Super Armor, increases all Basic Defenses by 30%. | Increases Skill damage by 30%, increases Bonus Damage by 25%. | Wild Warrior | Target: All Allies | Cooldown 0s | Increases basic damage dealt to Villain faction by 45%. | Decreases basic damage received from Villain faction by 35%.",,,https://thanosvibs.money/api/characters/mbaku1/skills
polaris,Polaris,Modern,Force of Destiny | Target: Mutant Allies | Cooldown 0s | Increases all Basic Attacks by 45%,"Inherited Power | Activation: when hit | Cooldown 0s | Increases Skill damage by 35%, increases Bonus Damage by 30%. | Acquires the following effect for $TIME sec. | Decreases basic damage received by 25%. | 10% chance to Absorb Energy Damage, upon absorption all Basic Attacks increased by 5% (Max 30% ) | Polarity Effect | Target: Mutant Allies | Cooldown 0s | Increases basic damage dealt to Villain faction by 45%. | Decreases basic damage received from Villain faction by 35%.",,,https://thanosvibs.money/api/characters/polaris/skills
polaris,Polaris,Uncanny X-Men,Force of Destiny | Target: Mutant Allies | Cooldown 0s | Increases all Basic Attacks by 45%,"Inherited Power | Activation: when hit | Cooldown 0s | Increases Skill damage by 35%, increases Bonus Damage by 30%. | Acquires the following effect for $TIME sec. | Decreases basic damage received by 25%. | 10% chance to Absorb Energy Damage, upon absorption all Basic Attacks increased by 5% (Max 30% ) | Antipolarity Effect | Target: Mutant Allies | Cooldown 0s | Increases all basic damage dealt to enemies except $HEROSUBTYPE1 characters by 55% | Ignores target's Dodge Rate by 10%.",Uncanny X-Men | Cooldown 0s | Increases Chain Hit damage by 10% when attacking.,,https://thanosvibs.money/api/characters/polaris1/skills
cassielang,Cassie Lang,Ant-Man and the Wasp: Quantumania,Youthful Passion | Target: All Allies | Cooldown 0s | Critical Rate increases by 18%.,"Shrunken Speed | Target: Speed Type Allies | Cooldown 0s | Increases basic damage dealt to Villain faction by 15%. | Increases basic damage dealt to Hero faction by 15%. | Ignores target's Dodge Rate by 25%. | Beginner's Luck | Cooldown 0s | Decreases basic damage received by 10%. | Increases Guaranteed Critical Rate by 25% | Increases Skill damage by 30%, increases Bonus Damage by 25%.",,,https://thanosvibs.money/api/characters/cassielang/skills
spot,Spot,Spider-Man: Across the Spider-Verse,Teleportation | Target: All Allies | Cooldown 0s | Dodge Rate increases by 6%. | Critical Rate increases by 12%.,"The Untouchable | Cooldown 0s | Ignores target's Dodge Rate by 30%. | Dodge Rate increases by 30%. | Confidence Surge | Cooldown 0s | Increases Guaranteed Dodge Rate by 25% | Increases Chain Hit damage by 10% when attacking. | Increases Skill damage by 45%, increases Bonus Damage by 40%.",,,https://thanosvibs.money/api/characters/spot/skills
kangtheconqueror,Kang the Conqueror,Ant-Man and the Wasp: Quantumania,"Kang's Readiness | Target: All Allies for the first effect, Self for the second effect | Cooldown 0s | Acquires the following effect for $TIME sec. | Increases all Basic Attacks by 55%","Temporal Resurrection | Activation: when dead | Cooldown 0s | 50% chance to penetrate with Invincible, All Damage Immune, Shield, Barrier, Super Armor effect. | Acquires the following effect for $TIME sec. | Revive with 100% of Max HP | Kang's Fury | Cooldown 0s | Increases Additional Pierce Damage by 5% | Decreases basic damage received by 40%. | Increases Skill damage by 40%, increases Bonus Damage by 40%.",,,https://thanosvibs.money/api/characters/kang/skills
kangtheconqueror,Kang the Conqueror,Rama-Tut,"Kang's Readiness | Target: All Allies for the first effect, Self for the second effect | Cooldown 0s | Acquires the following effect for $TIME sec. | Increases all Basic Attacks by 55%","Temporal Resurrection | Activation: when dead | Cooldown 0s | 60% chance to penetrate with Invincible, All Damage Immune, Shield, Barrier, Super Armor effect. | Acquires the following effect for $TIME sec. | Revive with 100% of Max HP | Kang's Fury | Cooldown 0s | Increases Additional Pierce Damage by 5% | Decreases basic damage received by 45%. | Increases Skill damage by 45%, increases Bonus Damage by 45%.","Rama-Tut | Cooldown 0s | Super Armor, increases all Basic Defenses by 50%. | Increases Chain Hit damage by 25% when attacking. | Excluding bosses, ignores enemy's damage decrease by 20%.",,https://thanosvibs.money/api/characters/kang1/skills
omegared,Omega Red,Modern,"Omega Release | Target: All Allies for the first effect, Self for the second effect | Cooldown 0s | Increases All Speeds by 6%. | 30% increase of Physical Attack.","Omega Sense | Activation: when HP is below 99 % | Cooldown 0s | Super Armor, increases all Basic Defenses by 40%. | Acquires the following effect for $TIME sec. | Recovers 5% of HP. | Omega Menace | Cooldown 0s | Decreases basic damage received by 20%. | Increases Skill damage by 40%, increases Bonus Damage by 30%. | 35% increase of HP.",,,https://thanosvibs.money/api/characters/omegared/skills
manthing,Man-Thing,Modern,Swamp Tenacity | Target: All Allies | Cooldown 0s | Decreases Debuff Duration by 30%. | 30% increase of HP.,"Force of Nature | Activation: when HP is below 99 % | Cooldown 0s | Decreases basic damage received by 30%. | Acquires the following effect for $TIME sec. | Recovers 5% of HP. | Man-Thing's Magic | Cooldown 0s | Super Armor, increases all Basic Defenses by 30%. | Increases Skill damage by 50%, increases Bonus Damage by 40%.",,,https://thanosvibs.money/api/characters/manthing/skills
sylvie,Sylvie,Marvel Studios' Loki,Temporal Fortitude | Target: All Allies | Cooldown 0s | Increases Mind Resist by 50%.,"Power Detection | Cooldown 0s | Decreases basic damage received by 40%. | Super Armor, increases all Basic Defenses by 40%. | Time Vigilante | Cooldown 0s | Increases Skill damage by 40%, increases Bonus Damage by 40%. | Increases Guaranteed Critical Rate by 25%",,,https://thanosvibs.money/api/characters/sylvie/skills
kahhori,Kahhori,Marvel Studios' What If...?,First People | Target: All Allies | Cooldown 0s | 45% increase of Energy Defense.,"Tesseract Power | Cooldown 0s | 55% increase of Energy Attack. | Super Armor, increases all Basic Defenses by 40%. | Dodge Rate increases by 30%. | Hero's Decree | Target: Super Hero Allies | Cooldown 0s | Increases damage dealt to targets with 206 effect by 50% | Increases damage dealt to targets with 407 effect by 50%",,,https://thanosvibs.money/api/characters/kahhori/skills
havok,Havok,Modern,Energy Buster | Target: All Allies | Cooldown 0s | 50% increase of Energy Attack.,"Energy Lock | Cooldown 0s | Super Armor, increases all Basic Defenses by 40%. | 10% chance to Absorb Energy Damage, upon absorption all Basic Attacks increased by 5% (Max 20% ) | Control Advancement | Cooldown 0s | Decreases basic damage received by 35%. | Increases Skill damage by 40%, increases Bonus Damage by 20%.",,,https://thanosvibs.money/api/characters/havok/skills
hopesummers,Hope Summers,Modern,Last Hope | Target: Cable | Cooldown 0s | Increases all Basic Attacks by 30% | Increases all Basic Attacks by 70%,"Future Training | Cooldown 0s | 35% increase of Physical Attack. | Ignores target's Dodge Rate by 20%. | Exact Attack | Cooldown 0s | Increases Guaranteed Critical Rate by 25% | Increases Skill damage by 35%, increases Bonus Damage by 35%.",,Basic Damage Dealt to Villains 6% 0.2% | Basic Damage Received from Villains 6% 0.2% | Basic Damage Dealt to Villains 9% 0.3% | Basic Damage Received from Villains 9% 0.3% | Basic Damage Dealt to Villains 12% 0.4% | Basic Damage Received from Villains 12% 0.4% | Basic Damage Dealt to Villains 15% 0.5% | Basic Damage Received from Villains 15% 0.5%,https://thanosvibs.money/api/characters/hopesummers/skills
exodus,Exodus,Modern,Power of Belief | Target: Self\nActivates when: Mutant Ally enters | Cooldown 0s | Increases all Basic Attacks by 30% | Increases all Basic Attacks by 40% | Increases all Basic Attacks by 50%,"Prophet's Will | Target: Mutant Allies | Activation: when debuffed | Cooldown 20s | Removes all Debuffs. | Psionic Armor | Cooldown 0s | Decreases basic damage received by 25%. | Increases Skill damage by 40%, increases Bonus Damage by 35%. | Super Armor, increases all Basic Defenses by 40%.",,HP 16% 0.1% | HP 19% 0.1% | HP 22% 0.1% | HP 25% 0.1%,https://thanosvibs.money/api/characters/exodus/skills
madelynepryor,Madelyne Pryor,Modern,Queen's Will | Target: All Allies | Activation: when debuffed | Cooldown 20s | Removes all Debuffs.,"Hellish Magic | Cooldown 0s | Increases Additional Pierce Damage by 5% | Super Armor, increases all Basic Defenses by 30%. | 50% chance to penetrate with Invincible, All Damage Immune, Shield, Barrier, Super Armor effect. | Spell of Protection | Cooldown 0s | Increases Skill damage by 45%, increases Bonus Damage by 45%. | Decreases basic damage received by 40%. | Increases All Resistances by 50%.",,,https://thanosvibs.money/api/characters/madelynepryor/skills
madelynepryor,Madelyne Pryor,Winter Queen,Queen's Will | Target: All Allies | Activation: when debuffed | Cooldown 20s | Removes all Debuffs.,"Hellish Magic | Cooldown 0s | Increases Additional Pierce Damage by 5% | Super Armor, increases all Basic Defenses by 30%. | 50% chance to penetrate with Invincible, All Damage Immune, Shield, Barrier, Super Armor effect. | Spell of Protection | Cooldown 0s | Increases Skill damage by 45%, increases Bonus Damage by 45%. | Decreases basic damage received by 40%. | Increases All Resistances by 50%.","Winter Queen | Cooldown 0s | Decreases Chain Hit damage by 25% when attacked. | Excluding bosses, ignores enemy's damage decrease by 20%.",,https://thanosvibs.money/api/characters/madelynepryor1/skills
quasarwendellvaughn,Quasar (Wendell Vaughn),Modern,Annihilators Assemble | Target: Annihilator Allies Only | Cooldown 0s | 40% increase of HP. | Acquires the following effect for $TIME sec.,"Quantum Protection | Cooldown 0s | Super Armor, increases all Basic Defenses by 40%. | Decreases basic damage received by 30%. | 15% increase of Energy Attack. | Quantum Intuition | Cooldown 0s | Increases Guaranteed Dodge Rate by 30% | Increases Skill damage by 45%, increases Bonus Damage by 40%.",,Ignore Non-Boss Damage Decrease 9% 0.15% | Ignore Non-Boss Damage Decrease 11% 0.2% | Ignore Non-Boss Damage Decrease 13% 0.25% | Ignore Non-Boss Damage Decrease 15% 0.3%,https://thanosvibs.money/api/characters/wendellvaughn/skills
ikon,Ikon,Modern,Weakness Evaluation | Target: All Allies | Cooldown 0s | Critical Rate increases by 8%.,"Bounce Back | Cooldown 0s | Reflects 35% of Energy Damage received. (Up to 50% of Max Attack). | Decreases basic damage received by 25%. | Targeting Weakness | Cooldown 0s | Increases basic damage dealt to enemies with 40% HP or lower by 100%. | Increases Skill damage by 35%, increases Bonus Damage by 35%. | 35% increase of Energy Attack.",,,https://thanosvibs.money/api/characters/ikon/skills
blackswan,Black Swan,Modern,Lone Swan | Target: All Allies | Activation: when debuffed | Cooldown 25s | Removes all Debuffs.,"Uncompromising Precision | Target: Self | Activation: Effect reactivates in 3 seconds after removal. | Cooldown 3s | 50% chance to penetrate with Super Armor, Barrier, Shield, All Damage Immune, and Invincible effects. | Grants Super Armor and increases all Basic Defenses by 50%. | Increases Skill Damage by 45% and Bonus Damage by 45%. | Brutal Incursion | Activation: when HP is below 40 % | Cooldown 0s | Increases Additional Pierce Damage by 5% | Decreases basic damage received by 40%. | Acquires the following effect for $TIME sec. | Ignores basic damage for $TIME sec, increases basic damage by 10% for every basic damage that's ignored (up to 60% ), and decreases all damage received by 10% (up to 60% ).",,,https://thanosvibs.money/api/characters/blackswan/skills
franklinrichards,Franklin Richards,Modern,Reality Twist | Target: All Allies | Cooldown 0s | Decreases Debuff Duration by 24%.,"We Are Family | Target: Fantastic Four Allies | Activation: when HP is below 40 % | Cooldown 300s | Recovers 40% of HP. | 40% increase of MAX HP. | Omega Shield | Cooldown 0s | Super Armor, increases all Basic Defenses by 30%. | Increases Skill damage by 40%, increases Bonus Damage by 30%. | Decreases basic damage received by 30%.",,Immortality + Heal 5% 0.5% 1 | Immortality + Heal 10% 0.5% 2 | Immortality + Heal 15% 0.5% 3 | Immortality + Heal 20% 0.5% 4,https://thanosvibs.money/api/characters/franklinrichards/skills
valeriarichards,Valeria Richards,Modern,Love for Family | Target: Fantastic Four Allies | Cooldown 0s | 25% increase of HP. | Increases all Basic Attacks by 55%,"I Know Everything! | Cooldown 0s | Dodge Rate increases by 30%. | Ignores target's Dodge Rate by 20%. | Genius Prediction | Cooldown 0s | Increases Guaranteed Dodge Rate by 20% | Increases Skill damage by 35%, increases Bonus Damage by 35%.",,Basic Damage Dealt to Villains 8% 0.2% | All Basic Attacks 5% 0.2% | Basic Damage Dealt to Boss Types 10% 0.1% | Basic Damage Dealt to Villains 12% 0.2% | All Basic Attacks 8% 0.3% | Basic Damage Dealt to Boss Types 13% 0.15% | Basic Damage Dealt to Villains 16% 0.2% | All Basic Attacks 11% 0.4% | Basic Damage Dealt to Boss Types 16% 0.2% | Basic Damage Dealt to Villains 20% 0.5% | All Basic Attacks 15% 0.5% | Basic Damage Dealt to Boss Types 20% 0.3%,https://thanosvibs.money/api/characters/valeriarichards/skills
cassandranova,Cassandra Nova,Marvel Studios' Deadpool & Wolverine,The Marauders' Tactician | Target: Mutant Allies | Activation: when debuffed | Cooldown 20s | Removes all Debuffs.,"Evil Spirit | Activation: when HP is below 60 % | Cooldown 0s | 90% chance to become immune to Mind Damage. | 30% chance to penetrate with Mind Resist effect. | Acquires the following effect for $TIME sec. | Grants 75% Invisibility, Dodge 15% ↑. | Mental Paralysis | Cooldown 0s | Increases Mind Damage by 40%. | Decreases basic damage received by 30%. | Increases Skill damage by 40%, increases Bonus Damage by 30%.",,,https://thanosvibs.money/api/characters/cassandranova/skills
okoye,Okoye,What If... Zombies?!,Wakandan Commando | Target: All Allies | Cooldown 0s | Increases All Speeds by 9%.,"Wakandan Martial Art | Cooldown 0s | Dodge Rate increases by 40%. | Critical Damage increases by 50%. | Ignores target's Dodge Rate by 30%. | Vibranium Spearmanship | Cooldown 0s | Increases Guaranteed Dodge Rate by 38% | Increases Guaranteed Critical Rate by 30% | Increases Skill damage by 45%, increases Bonus Damage by 40%.",,,https://thanosvibs.money/api/characters/okoye/skills
sleeper,Sleeper,Modern,Father And Me | Target: Venom | Cooldown 0s | Increases all Basic Attacks by 20% | Increases all Basic Attacks by 60%,"Symbiote Heroes | Target: Symbiote Allies | Activation: when debuffed | Cooldown 0s | Increases basic damage dealt to Villain faction by 35%. | Decreases basic damage received from Villain faction by 30%. | Acquires the following effect for $TIME sec. | Removes all Debuffs. | Invisible Symbiote | Cooldown 0s | Decreases basic damage received by 30%. | Increases Skill damage by 35%, increases Bonus Damage by 35%. | Acquires the following effect for $TIME sec.",,,https://thanosvibs.money/api/characters/sleeper/skills
leader,Leader,Modern,Leader Of Evil | Target: Super Villain Allies | Cooldown 0s | 50% increase of Energy Attack.,"Evil Leadership | Target: Super Villain Allies | Cooldown 0s | Increases basic damage dealt to Villain faction by 25%. | Increases basic damage dealt to Hero faction by 25%. | Green Door Control | Cooldown 0s | Decreases basic damage received by 20%. | Increases Skill damage by 30%, increases Bonus Damage by 30%.",,,https://thanosvibs.money/api/characters/leader/skills
falconjoaquintorres,Falcon (Joaquin Torres),Marvel Studios' Captain America: Brave New World,Wings Of Freedom | Target: All Allies | Cooldown 0s | Increases All Speeds by 6%.,"Agile Flight | Activation: when dodging | Cooldown 0s | Dodge Rate increases by 30%. | 30% increase of Physical Attack. | Acquires the following effect for $TIME sec. | Recovers 15% of HP. | Captain's Wingman | Target: Falcon | Cooldown 0s | Increases basic damage dealt to Villain faction by 60%. | Increases Guaranteed Dodge Rate by 20% | Increases Skill damage by 45%, increases Bonus Damage by 40%.",,,https://thanosvibs.money/api/characters/joaquintorres/skills
usagent,U.S. Agent,Marvel Studios' Thunderbolts*,Thunderbolts* Enforcer | Target: Thunderbolts Allies Only | Cooldown 0s | Increases all Basic Attacks by 30% | 40% increase of HP.,"Agent's Shield | Activation: when HP is below 30 % | Cooldown 0s | Decreases basic damage received by 30%. | Super Armor, increases all Basic Defenses by 30%. | Acquires the following effect for $TIME sec. | Recovers 50% of HP. | Captain of Fury | Cooldown 0s | Increases Skill damage by 40%, increases Bonus Damage by 35%. | Ignores target's Dodge Rate by 25%. | Decreases additional Pierce damage taken by 50%",,,https://thanosvibs.money/api/characters/usagent/skills
sunspot,Sunspot,Marvel Animation's X-Men '97,Sunshine | Target: All Allies | Cooldown 0s | Increases All Speeds by 6%.,"Solar Heat | Target: All Allies | Cooldown 0s | Increases Flame Damage by 40%. | Blessed by the Sun | Cooldown 0s | Increases Skill damage by 30%, increases Bonus Damage by 30%. | Ignores target's Dodge Rate by 20%. | Increases Guaranteed Critical Rate by 20%",,,https://thanosvibs.money/api/characters/sunspot/skills
thehood,The Hood,Marvel Television's Ironheart,Crime Lord | Target: Super Villain Allies | Cooldown 0s | Increases all Basic Attacks by 60%,"Demonic Power | Cooldown 0s | 40% increase of Energy Attack. | Demonic Contract | Cooldown 0s | Increases Skill damage by 45%, increases Bonus Damage by 40%. | Decreases basic damage received by 15%.",,,https://thanosvibs.money/api/characters/thehood/skills
silversurfershallabal,Silver Surfer (Shalla-Bal),Marvel Studios' The Fantastic Four: First Steps,Empress of Zenn-La | Target: All Allies | Cooldown 0s | Decreases Debuff Duration by 24%.,"Cosmic Purification | Target: All Allies | Activation: when debuffed | Cooldown 20s | Removes all Debuffs. | Silver Skin | Cooldown 0s | Decreases basic damage received by 40%. | Reflect 30% of all damage received (Up to 30% of Max Attack). | Increases Skill damage by 35%, increases Bonus Damage by 35%.",,,https://thanosvibs.money/api/characters/shallabal/skills
blackknight,Black Knight,Savage Avengers,The Knight Leader | Target: All Allies | Cooldown 0s | Decreases Debuff Duration by 24%.,"Protection of the Lady of the Lake | Target: All Allies | Cooldown 0s | 40% increase of HP. | Decreases damage received from reflected effects by 50%.Effect: Reflect All Attacks | Chivalry | Cooldown 0s | Decreases basic damage received by 30%. | Super Armor, increases all Basic Defenses by 30%. | Increases Skill damage by 45%, increases Bonus Damage by 40%.",,,https://thanosvibs.money/api/characters/blackknight/skills
hercules,Hercules,Modern,Lion's Purpose | Target: All Allies | Cooldown 0s | 40% increase of HP.,"Immortal Hercules | Activation: when HP is below 99 % | Cooldown 0s | Decreases basic damage received by 45%. | Super Armor, increases all Basic Defenses by 45%. | Acquires the following effect for $TIME sec. | Recovers 5% of HP. | Power of Olympus | Cooldown 0s | 35% chance to penetrate with Invincible, All Damage Immune, Shield, Barrier, Super Armor effect. | Increases Skill damage by 40%, increases Bonus Damage by 40%.",,,https://thanosvibs.money/api/characters/hercules/skills
hadespluto,Hades (Pluto),Modern,Hell itself | Target: All Allies | Cooldown 0s | Increases Flame Damage by 60%.,"Deathless Death | Cooldown 0s | Decreases basic damage received by 20%. | Weight of Death | Cooldown 0s | Increases Chain Hit damage by 10% when attacking. | Increases Flame Resist by 50%. | Increases Skill damage by 35%, increases Bonus Damage by 35%.",,,https://thanosvibs.money/api/characters/hades/skills
zeus,Zeus,Modern,Thunderbolt of the gods | Target: All Allies | Cooldown 0s | Increases Lightning Damage by 60%.,"Power of the Skyfather | Cooldown 0s | Increases Chain Hit damage by 10% when attacking. | Increases Additional Pierce Damage by 5% | Wrath of Zeus | Cooldown 0s | Decreases basic damage received by 20%. | Increases Skill damage by 35%, increases Bonus Damage by 30%. | Super Armor, increases all Basic Defenses by 30%.",,,https://thanosvibs.money/api/characters/zeus/skills
athena,Athena,Incredible Hercules,Athena's Protection | Target: All Allies | Cooldown 0s | Increases all Basic Defenses by 24%.,"Righteous Wisdom | Target: All Allies | Cooldown 0s | Increases basic damage dealt to Villain faction by 45%. | Increases all Basic Attacks by 25% | Wisdom Strike | Cooldown 0s | Increases Guaranteed Critical Rate by 25% | Increases Skill damage by 35%, increases Bonus Damage by 35%.",,,https://thanosvibs.money/api/characters/athena/skills
venusaphrodite,Venus (Aphrodite),Incredible Hercules,Song of Purification | Target: Olympus Allies Only | Activation: when debuffed | Cooldown 20s | Removes all Debuffs.,"The Beauty | Activation: when hit | Cooldown 0s | Decreases basic damage received by 30%. | Immunity to CHARM Effect. | Acquires the following effect for $TIME sec. | Grants 75% Invisibility, Dodge 15% ↑. | Olympian Hymn | Target: Olympus Allies Only | Cooldown 0s | Increases basic damage dealt to Villain faction by 45%. | Decreases basic damage received from Villain faction by 35%.",,,https://thanosvibs.money/api/characters/venus/skills
marvelboy,Marvel Boy,Young Avengers,Young Avengers Assemble! | Target: Young Avengers Allies Only | Cooldown 0s | Increases all Basic Attacks by 60%,"Nanotech Care | Target: Young Avengers Allies Only | Activation: when debuffed | Cooldown 20s | Removes all Debuffs. | Kree Super Soldier | Cooldown 0s | Decreases basic damage received by 30%. | Increases Skill damage by 35%, increases Bonus Damage by 35%.",,Basic Damage Dealt to Villains 10% 0.2% | Basic Damage Received from Villains 10% 0.2% | Basic Damage Dealt to Villains 13% 0.3% | Basic Damage Received from Villains 13% 0.3% | Basic Damage Dealt to Villains 16% 0.4% | Basic Damage Received from Villains 16% 0.4% | Basic Damage Dealt to Villains 20% 0.5% | Basic Damage Received from Villains 20% 0.5%,https://thanosvibs.money/api/characters/marvelboy/skills
silversamurai,Silver Samurai,Modern,Bushido | Target: All Allies | Cooldown 0s | 40% increase of HP.,"Sashimono | Target: Mutant Allies | Cooldown 0s | Decreases Chain Hit damage by 35% when attacked. | Increases basic damage dealt to Villain faction by 30%. | Increases basic damage dealt to Hero faction by 30%. | Mikiri | Cooldown 0s | Decreases basic damage received by 35%. | Increases Skill damage by 35%, increases Bonus Damage by 30%. | Super Armor, increases all Basic Defenses by 50%.",,,https://thanosvibs.money/api/characters/silversamurai/skills
jeffthelandshark,Jeff the Land Shark,Marvel Rivals,MRRRR! | Target: All Allies | Cooldown 0s | Decreases Debuff Duration by 24%.,"Guardian of the Deep | Target: Super Hero Allies | Cooldown 0s | Excluding bosses, ignores enemy's damage decrease by 10%. | Increases basic damage dealt to Villain faction by 45%. | Decreases basic damage received from Villain faction by 40%. | Oblivious Cuteness | Cooldown 0s | Decreases basic damage received by 30%. | Super Armor, increases all Basic Defenses by 30%.",,Basic Damage Dealt to Villains 5% 0.2% | HP 8% 0.1% | Basic Damage Dealt to Villains 10% 0.3% | HP 12% 0.2% | Basic Damage Dealt to Villains 15% 0.4% | HP 16% 0.3% | Basic Damage Dealt to Villains 20% 0.5% | HP 20% 0.4%,https://thanosvibs.money/api/characters/jeffthelandshark/skills
morph,Morph,Marvel Animation's X-Men '97,All-rounder X-Men | Target: All Allies | Cooldown 0s | Decreases Debuff Duration by 24%.,"Ability Mimicry | Cooldown 0s | Decreases basic damage received by 20%. | Increases Skill damage by 50%, increases Bonus Damage by 45%. | Gender Equality | Target: All Allies | Cooldown 0s | Increases basic damage dealt to $HEROSUBTYPE1 types by 40%.",,,https://thanosvibs.money/api/characters/morph/skills
