character_id,name,acquisition,season,cost,release_update,release_date,image_url,image_local_url,source_url
abomination,Infected Bioweapon,Halloween Exclusive (1750 Crystals) | Seasonal | Halloween | CrystalHalloween,Halloween,Halloween Exclusive (1750 Crystals),Update 10.4.5,"October 30, 2024",https://thanosvibs.money/images-thumbnails/portraits/md/abomination1.png,/mff-assets/uniforms/abomination1.webp,https://thanosvibs.money/uniforms
absorbingman,Fear Itself,1750 Crystals,,1750 Crystals,Update 8.3,"August 10, 2022",https://thanosvibs.money/images-thumbnails/portraits/md/absorbingman1.png,/mff-assets/uniforms/absorbingman1.webp,https://thanosvibs.money/uniforms
adamwarlock,Infinity Countdown,2500 Crystals,,2500 Crystals,Update 7.8,"February 3, 2022",https://thanosvibs.money/images-thumbnails/portraits/md/adamwarlock1.png,/mff-assets/uniforms/adamwarlock1.webp,https://thanosvibs.money/uniforms
adamwarlock,Marvel Studios' Guardians of the Galaxy 3,2500 Crystals,,2500 Crystals,Update 9.0.5b,"May 31, 2023",https://thanosvibs.money/images-thumbnails/portraits/md/adamwarlock2.png,/mff-assets/uniforms/adamwarlock2.webp,https://thanosvibs.money/uniforms
aero,Classic,1750 Crystals,,1750 Crystals,Update 7.4,"September 8, 2021",https://thanosvibs.money/images-thumbnails/portraits/md/aero1.png,/mff-assets/uniforms/aero1.webp,https://thanosvibs.money/uniforms
agent13,Marvel Studios' Captain America: Civil War,500000 Gold | Gold,,500000 Gold,Update 2.3,"July 14, 2016",https://thanosvibs.money/images-thumbnails/portraits/md/sharoncarter1.png,/mff-assets/uniforms/sharoncarter1.webp,https://thanosvibs.money/uniforms
agentvenom,Agent Anti-Venom,500000 Gold | Gold,,500000 Gold,Update 4.4,"September 13, 2018",https://thanosvibs.money/images-thumbnails/portraits/md/agentvenom1.png,/mff-assets/uniforms/agentvenom1.webp,https://thanosvibs.money/uniforms
agentvenom,Classic,1750 Crystals,,1750 Crystals,Update 8.4,"September 21, 2022",https://thanosvibs.money/images-thumbnails/portraits/md/agentvenom2.png,/mff-assets/uniforms/agentvenom2.webp,https://thanosvibs.money/uniforms
agentvenom,Guardians of the Galaxy,1750 Crystals,,1750 Crystals,Update 10.5,"November 20, 2024",https://thanosvibs.money/images-thumbnails/portraits/md/agentvenom3.png,/mff-assets/uniforms/agentvenom3.webp,https://thanosvibs.money/uniforms
americachavez,Classic,1750 Crystals,,1750 Crystals,Update 7.2.5,"July 14, 2021",https://thanosvibs.money/images-thumbnails/portraits/md/americachavez1.png,/mff-assets/uniforms/americachavez1.webp,https://thanosvibs.money/uniforms
americachavez,Marvel Studios' Doctor Strange 2,1750 Crystals,,1750 Crystals,Update 8.0,"April 27, 2022",https://thanosvibs.money/images-thumbnails/portraits/md/americachavez2.png,/mff-assets/uniforms/americachavez2.webp,https://thanosvibs.money/uniforms
americachavez,Young Avengers,1750 Crystals,,1750 Crystals,Update 11.5,"December 11, 2025",https://thanosvibs.money/images-thumbnails/portraits/md/americachavez3.png,/mff-assets/uniforms/americachavez3.webp,https://thanosvibs.money/uniforms
ancientone,Marvel Studios' Doctor Strange,500000 Gold | Gold,,500000 Gold,Update 2.6,"October 26, 2016",https://thanosvibs.money/images-thumbnails/portraits/md/ancientone1.png,/mff-assets/uniforms/ancientone1.webp,https://thanosvibs.money/uniforms
ancientone,The Monk of Kamar-Taj,April Fools Exclusive (1750 Crystals) | Seasonal | April | CrystalApril,April Fool's,April Fools Exclusive (1750 Crystals),Update 10.8.5a,"April 2, 2025",https://thanosvibs.money/images-thumbnails/portraits/md/ancientone3.png,/mff-assets/uniforms/ancientone3.webp,https://thanosvibs.money/uniforms
ancientone,Unleashed Mystic,1750 Crystals,,1750 Crystals,Update 8.0.5,"May 11, 2022",https://thanosvibs.money/images-thumbnails/portraits/md/ancientone2.png,/mff-assets/uniforms/ancientone2.webp,https://thanosvibs.money/uniforms
angel,All-New X-Men,1750 Crystals,,1750 Crystals,Update 8.6,"December 7, 2022",https://thanosvibs.money/images-thumbnails/portraits/md/angel2.png,/mff-assets/uniforms/angel2.webp,https://thanosvibs.money/uniforms
angel,Fallen One,April Fools Exclusive (1750 Crystals) | Seasonal | April | CrystalApril,April Fool's,April Fools Exclusive (1750 Crystals),Update 9.9,"March 27, 2024",https://thanosvibs.money/images-thumbnails/portraits/md/angel3.png,/mff-assets/uniforms/angel3.webp,https://thanosvibs.money/uniforms
angel,X-Force,500000 Gold | Gold,,500000 Gold,Update 4.5,"October 24, 2018",https://thanosvibs.money/images-thumbnails/portraits/md/angel1.png,/mff-assets/uniforms/angel1.webp,https://thanosvibs.money/uniforms
angela,"All-New, All-Different",500000 Gold | Gold,,500000 Gold,Update 1.9,"January 20, 2016",https://thanosvibs.money/images-thumbnails/portraits/md/angela2.png,/mff-assets/uniforms/angela2.webp,https://thanosvibs.money/uniforms
angela,Asgard's Assassin,1750 Crystals,,1750 Crystals,Update 9.2,"July 26, 2023",https://thanosvibs.money/images-thumbnails/portraits/md/angela3.png,/mff-assets/uniforms/angela3.webp,https://thanosvibs.money/uniforms
angela,Secret Wars: 1602 Witch Hunter Angela,500000 Gold | Gold,,500000 Gold,Update 1.4,"August 25, 2015",https://thanosvibs.money/images-thumbnails/portraits/md/angela1.png,/mff-assets/uniforms/angela1.webp,https://thanosvibs.money/uniforms
antman,Ant-Man and the Wasp: Quantumania,1750 Crystals,,1750 Crystals,Update 8.8,"February 15, 2023",https://thanosvibs.money/images-thumbnails/portraits/md/antman6.png,/mff-assets/uniforms/antman6.webp,https://thanosvibs.money/uniforms
antman,Marvel Studios' Ant-Man,500000 Gold | Gold,,500000 Gold,Update 1.3,"July 7, 2015",https://thanosvibs.money/images-thumbnails/portraits/md/antman1.png,/mff-assets/uniforms/antman1.webp,https://thanosvibs.money/uniforms
antman,Marvel Studios' Ant-Man and the Wasp,1750 Crystals,,1750 Crystals,Update 4.2,"July 3, 2018",https://thanosvibs.money/images-thumbnails/portraits/md/antman3.png,/mff-assets/uniforms/antman3.webp,https://thanosvibs.money/uniforms
antman,Marvel Studios' Avengers: Endgame,1750 Crystals | Synergy,,1750 Crystals,Update 5.0,"April 24, 2019",https://thanosvibs.money/images-thumbnails/portraits/md/antman4.png,/mff-assets/uniforms/antman4.webp,https://thanosvibs.money/uniforms
antman,Marvel Studios' Captain America: Civil War,500000 Gold | Gold,,500000 Gold,Update 2.1.5,"May 17, 2016",https://thanosvibs.money/images-thumbnails/portraits/md/antman2.png,/mff-assets/uniforms/antman2.webp,https://thanosvibs.money/uniforms
antman,Team Suit,1750 Crystals | Synergy,,1750 Crystals,Update 5.0,"April 24, 2019",https://thanosvibs.money/images-thumbnails/portraits/md/antman5.png,/mff-assets/uniforms/antman5.webp,https://thanosvibs.money/uniforms
antiman,Ultimates,1750 Crystals,,1750 Crystals,Update 10.0,"May 8, 2024",https://thanosvibs.money/images-thumbnails/portraits/md/antiman1.png,/mff-assets/uniforms/antiman1.webp,https://thanosvibs.money/uniforms
apocalypse,Heralds of Apocalypse,2500 Crystals,,2500 Crystals,Update 10.3.5b,"October 2, 2024",https://thanosvibs.money/images-thumbnails/portraits/md/apocalypse2.png,/mff-assets/uniforms/apocalypse2.webp,https://thanosvibs.money/uniforms
apocalypse,Messiah Complex,2500 Crystals,,2500 Crystals,Update 5.6,"November 27, 2019",https://thanosvibs.money/images-thumbnails/portraits/md/apocalypse1.png,/mff-assets/uniforms/apocalypse1.webp,https://thanosvibs.money/uniforms
apocalypse,Marvel Animation's X-Men '97,2500 Crystals,,2500 Crystals,Update 12.0,"June 24, 2026",https://thanosvibs.money/images-thumbnails/portraits/md/apocalypse3.png,/mff-assets/uniforms/apocalypse3.webp,https://thanosvibs.money/uniforms
arachknight,Arachknight 2099,1750 Crystals,,1750 Crystals,Update 8.7.5,"January 26, 2023",https://thanosvibs.money/images-thumbnails/portraits/md/arachknight1.png,/mff-assets/uniforms/arachknight1.webp,https://thanosvibs.money/uniforms
ares,Punisher,1750 Crystals,,1750 Crystals,Update 11.4.5,"November 19, 2025",https://thanosvibs.money/images-thumbnails/portraits/md/ares1.png,/mff-assets/uniforms/ares1.webp,https://thanosvibs.money/uniforms
baronmordo,Marvel Studios' Doctor Strange,500000 Gold | Gold,,500000 Gold,Update 2.6,"October 26, 2016",https://thanosvibs.money/images-thumbnails/portraits/md/baronmordo1.png,/mff-assets/uniforms/baronmordo1.webp,https://thanosvibs.money/uniforms
baronmordo,Marvel Studios' Doctor Strange 2,1750 Crystals,,1750 Crystals,Update 8.0.5,"May 11, 2022",https://thanosvibs.money/images-thumbnails/portraits/md/baronmordo2.png,/mff-assets/uniforms/baronmordo2.webp,https://thanosvibs.money/uniforms
baronzemo,Marvel Studios' The Falcon and the Winter Soldier,1750 Crystals,,1750 Crystals,Update 7.2,"June 30, 2021",https://thanosvibs.money/images-thumbnails/portraits/md/baronzemo1.png,/mff-assets/uniforms/baronzemo1.webp,https://thanosvibs.money/uniforms
beast,Age of Apocalypse,500000 Gold | Gold,,500000 Gold,Update 3.4,"September 13, 2017",https://thanosvibs.money/images-thumbnails/portraits/md/beast1.png,/mff-assets/uniforms/beast1.webp,https://thanosvibs.money/uniforms
beast,All-New X-Men,1750 Crystals,,1750 Crystals,Update 8.6,"December 7, 2022",https://thanosvibs.money/images-thumbnails/portraits/md/beast3.png,/mff-assets/uniforms/beast3.webp,https://thanosvibs.money/uniforms
beast,Marvel Animation's X-Men '97,1750 Crystals,,1750 Crystals,Update 11.0,"June 4, 2025",https://thanosvibs.money/images-thumbnails/portraits/md/beast4.png,/mff-assets/uniforms/beast4.webp,https://thanosvibs.money/uniforms
beast,Uncanny X-Men,1750 Crystals,,1750 Crystals,Update 5.1,"May 29, 2019",https://thanosvibs.money/images-thumbnails/portraits/md/beast2.png,/mff-assets/uniforms/beast2.webp,https://thanosvibs.money/uniforms
betaraybill,Beta Ray Bill,1750 Crystals,,1750 Crystals,Update 9.8,"February 21, 2024",https://thanosvibs.money/images-thumbnails/portraits/md/betaraybill1.png,/mff-assets/uniforms/betaraybill1.webp,https://thanosvibs.money/uniforms
bishop,Marvel Animation's X-Men '97,1750 Crystals,,1750 Crystals,Update 11.0.5a,"June 18, 2025",https://thanosvibs.money/images-thumbnails/portraits/md/bishop1.png,/mff-assets/uniforms/bishop1.webp,https://thanosvibs.money/uniforms
blackbolt,"All-New, All-Different",500000 Gold | Gold,,500000 Gold,Update 1.8,"December 15, 2015",https://thanosvibs.money/images-thumbnails/portraits/md/blackbolt1.png,/mff-assets/uniforms/blackbolt1.webp,https://thanosvibs.money/uniforms
blackbolt,Fallen Soul,Halloween Exclusive (1750 Crystals) | Seasonal | Halloween | CrystalHalloween,Halloween,Halloween Exclusive (1750 Crystals),Update 8.4.5b,"October 19, 2022",https://thanosvibs.money/images-thumbnails/portraits/md/blackbolt4.png,/mff-assets/uniforms/blackbolt4.webp,https://thanosvibs.money/uniforms
blackbolt,Inhumans: Attilan Rising,500000 Gold | Gold,,500000 Gold,Update 2.9,"February 15, 2017",https://thanosvibs.money/images-thumbnails/portraits/md/blackbolt2.png,/mff-assets/uniforms/blackbolt2.webp,https://thanosvibs.money/uniforms
blackbolt,Marvels X,1750 Crystals,,1750 Crystals,Update 6.3,"August 11, 2020",https://thanosvibs.money/images-thumbnails/portraits/md/blackbolt3.png,/mff-assets/uniforms/blackbolt3.webp,https://thanosvibs.money/uniforms
blackcat,"All-New, All-Different",500000 Gold | Gold,,500000 Gold,Update 2.5,"September 20, 2016",https://thanosvibs.money/images-thumbnails/portraits/md/blackcat2.png,/mff-assets/uniforms/blackcat2.webp,https://thanosvibs.money/uniforms
blackcat,Claws,500000 Gold | Gold,,500000 Gold,Update 1.6,"October 29, 2015",https://thanosvibs.money/images-thumbnails/portraits/md/blackcat1.png,/mff-assets/uniforms/blackcat1.webp,https://thanosvibs.money/uniforms
blackcat,Queen in Black,1750 Crystals,,1750 Crystals,Update 11.9.5,"June 10, 2026",https://thanosvibs.money/images-thumbnails/portraits/md/blackcat4.png,/mff-assets/uniforms/blackcat4.webp,https://thanosvibs.money/uniforms
blackcat,Winter Criminal,Christmas Exclusive (Paywall) | Seasonal | Christmas | Paywall,Christmas,Christmas Exclusive (Paywall),Update 7.7,"December 22, 2021",https://thanosvibs.money/images-thumbnails/portraits/md/blackcat3.png,/mff-assets/uniforms/blackcat3.webp,https://thanosvibs.money/uniforms
blackdwarf,Dark Obsidian Armor,1750 Crystals,,1750 Crystals,Update 7.1,"May 26, 2021",https://thanosvibs.money/images-thumbnails/portraits/md/blackdwarf2.png,/mff-assets/uniforms/blackdwarf2.webp,https://thanosvibs.money/uniforms
blackdwarf,Marvel Studios' Avengers: Infinity War,1750 Crystals,,1750 Crystals,Update 4.1,"May 30, 2018",https://thanosvibs.money/images-thumbnails/portraits/md/blackdwarf1.png,/mff-assets/uniforms/blackdwarf1.webp,https://thanosvibs.money/uniforms
blackpanther,3099,1750 Crystals,,1750 Crystals,Update 7.2.5,"July 14, 2021",https://thanosvibs.money/images-thumbnails/portraits/md/blackpanther3.png,/mff-assets/uniforms/blackpanther3.webp,https://thanosvibs.money/uniforms
blackpanther,King Without a Crown,1750 Crystals,,1750 Crystals,Update 9.3.5,"September 13, 2023",https://thanosvibs.money/images-thumbnails/portraits/md/blackpanther4.png,/mff-assets/uniforms/blackpanther4.webp,https://thanosvibs.money/uniforms
blackpanther,Marvel Studios' Black Panther,Legendary Battle Package | Special,,Legendary Battle Package,Update 3.8,"February 7, 2018",https://thanosvibs.money/images-thumbnails/portraits/md/blackpanther2.png,/mff-assets/uniforms/blackpanther2.webp,https://thanosvibs.money/uniforms
blackpanther,Marvel Studios' Captain America: Civil War,500000 Gold | Gold,,500000 Gold,Update 2.1.5,"May 17, 2016",https://thanosvibs.money/images-thumbnails/portraits/md/blackpanther1.png,/mff-assets/uniforms/blackpanther1.webp,https://thanosvibs.money/uniforms
blackwidow,Avengers 3099,Story Mode Clear #2 | Special,,Story Mode Clear #2,Update 5.7,"January 8, 2020",https://thanosvibs.money/images-thumbnails/portraits/md/blackwidow7.png,/mff-assets/uniforms/blackwidow7.webp,https://thanosvibs.money/uniforms
blackwidow,Avengers: Age of Ultron,Free | Special,,Free,Update 1.1,"May 15, 2015",https://thanosvibs.money/images-thumbnails/portraits/md/blackwidow1.png,/mff-assets/uniforms/blackwidow1.webp,https://thanosvibs.money/uniforms
blackwidow,Golden Gate Vigilante,1750 Crystals,,1750 Crystals,Update 8.1,"June 1, 2022",https://thanosvibs.money/images-thumbnails/portraits/md/blackwidow10.png,/mff-assets/uniforms/blackwidow10.webp,https://thanosvibs.money/uniforms
blackwidow,Marvel Studios' Avengers: Endgame,1750 Crystals | Synergy,,1750 Crystals,Update 5.0,"April 24, 2019",https://thanosvibs.money/images-thumbnails/portraits/md/blackwidow5.png,/mff-assets/uniforms/blackwidow5.webp,https://thanosvibs.money/uniforms
blackwidow,Marvel Studios' Avengers: Infinity War,1750 Crystals,,1750 Crystals,Update 4.0,"April 25, 2018",https://thanosvibs.money/images-thumbnails/portraits/md/blackwidow4.png,/mff-assets/uniforms/blackwidow4.webp,https://thanosvibs.money/uniforms
blackwidow,Marvel Studios' Black Widow,1750 Crystals | Synergy,,1750 Crystals,Update 6.0,"April 22, 2020",https://thanosvibs.money/images-thumbnails/portraits/md/blackwidow8.png,/mff-assets/uniforms/blackwidow8.webp,https://thanosvibs.money/uniforms
blackwidow,Marvel Studios' Black Widow (Snow Suit),1750 Crystals | Synergy,,1750 Crystals,Update 6.0.5,"May 5, 2020",https://thanosvibs.money/images-thumbnails/portraits/md/blackwidow9.png,/mff-assets/uniforms/blackwidow9.webp,https://thanosvibs.money/uniforms
blackwidow,Marvel Studios' Captain America: Civil War,500000 Gold | Gold,,500000 Gold,Update 2.2,"June 15, 2016",https://thanosvibs.money/images-thumbnails/portraits/md/blackwidow3.png,/mff-assets/uniforms/blackwidow3.webp,https://thanosvibs.money/uniforms
blackwidow,Secret Wars: 2099,500000 Gold | Gold,,500000 Gold,Update 1.4,"August 25, 2015",https://thanosvibs.money/images-thumbnails/portraits/md/blackwidow2.png,/mff-assets/uniforms/blackwidow2.webp,https://thanosvibs.money/uniforms
blackwidow,Team Suit,1750 Crystals | Synergy,,1750 Crystals,Update 5.0,"April 24, 2019",https://thanosvibs.money/images-thumbnails/portraits/md/blackwidow6.png,/mff-assets/uniforms/blackwidow6.webp,https://thanosvibs.money/uniforms
blackwidow,Venomous,1750 Crystals,,1750 Crystals,Update 10.7.5a,"February 19, 2025",https://thanosvibs.money/images-thumbnails/portraits/md/blackwidow11.png,/mff-assets/uniforms/blackwidow11.webp,https://thanosvibs.money/uniforms
blade,70's Classic,500000 Gold | Gold,,500000 Gold,Update 1.6,"October 29, 2015",https://thanosvibs.money/images-thumbnails/portraits/md/blade1.png,/mff-assets/uniforms/blade1.webp,https://thanosvibs.money/uniforms
blade,Avengers,1750 Crystals,,1750 Crystals,Update 6.4c,"October 13, 2020",https://thanosvibs.money/images-thumbnails/portraits/md/blade2.png,/mff-assets/uniforms/blade2.webp,https://thanosvibs.money/uniforms
blade,Vampire Slayer,1750 Crystals,,1750 Crystals,Update 8.1,"June 1, 2022",https://thanosvibs.money/images-thumbnails/portraits/md/blade3.png,/mff-assets/uniforms/blade3.webp,https://thanosvibs.money/uniforms
bluedragon,Moon Temple Defenders,1750 Crystals,,1750 Crystals,Update 8.3.5a,"August 24, 2022",https://thanosvibs.money/images-thumbnails/portraits/md/bluedragon1.png,/mff-assets/uniforms/bluedragon1.webp,https://thanosvibs.money/uniforms
bluemarvel,Classic,1750 Crystals,,1750 Crystals,Update 7.2.5,"July 14, 2021",https://thanosvibs.money/images-thumbnails/portraits/md/bluemarvel1.png,/mff-assets/uniforms/bluemarvel1.webp,https://thanosvibs.money/uniforms
bullseye,Dark Avengers,1750 Crystals,,1750 Crystals,Update 6.6,"December 1, 2020",https://thanosvibs.money/images-thumbnails/portraits/md/bullseye2.png,/mff-assets/uniforms/bullseye2.webp,https://thanosvibs.money/uniforms
bullseye,Secret Wars: 1872,500000 Gold | Gold,,500000 Gold,Update 1.4,"August 25, 2015",https://thanosvibs.money/images-thumbnails/portraits/md/bullseye1.png,/mff-assets/uniforms/bullseye1.webp,https://thanosvibs.money/uniforms
bullseye,Wastelanders,1750 Crystals,,1750 Crystals,Update 10.6,"December 26, 2024",https://thanosvibs.money/images-thumbnails/portraits/md/bullseye3.png,/mff-assets/uniforms/bullseye3.webp,https://thanosvibs.money/uniforms
cable,Cable & Deadpool,1750 Crystals,,1750 Crystals,Update 5.6,"November 27, 2019",https://thanosvibs.money/images-thumbnails/portraits/md/cable2.png,/mff-assets/uniforms/cable2.webp,https://thanosvibs.money/uniforms
cable,Heart of Darkness,1750 Crystals,,1750 Crystals,Update 9.3,"August 30, 2023",https://thanosvibs.money/images-thumbnails/portraits/md/cable5.png,/mff-assets/uniforms/cable5.webp,https://thanosvibs.money/uniforms
cable,Summer Days,Summer Exclusive (1750 Crystals) | Seasonal | Summer | CrystalSummer,Summer,Summer Exclusive (1750 Crystals),Update 6.2.5b,"July 30, 2020",https://thanosvibs.money/images-thumbnails/portraits/md/cable3.png,/mff-assets/uniforms/cable3.webp,https://thanosvibs.money/uniforms
cable,X of Swords,1750 Crystals,,1750 Crystals,Update 6.8,"February 8, 2021",https://thanosvibs.money/images-thumbnails/portraits/md/cable4.png,/mff-assets/uniforms/cable4.webp,https://thanosvibs.money/uniforms
cable,X-Force,1750 Crystals,,1750 Crystals,Update 4.3,"August 8, 2018",https://thanosvibs.money/images-thumbnails/portraits/md/cable1.png,/mff-assets/uniforms/cable1.webp,https://thanosvibs.money/uniforms
captainamerica,Avengers 3099,Story Mode Clear #3 | Special,,Story Mode Clear #3,Update 5.7,"January 8, 2020",https://thanosvibs.money/images-thumbnails/portraits/md/captainamerica10.png,/mff-assets/uniforms/captainamerica10.webp,https://thanosvibs.money/uniforms
captainamerica,Avengers: Age of Ultron,Free | Special,,Free,Update 1.1,"May 15, 2015",https://thanosvibs.money/images-thumbnails/portraits/md/captainamerica1.png,/mff-assets/uniforms/captainamerica1.webp,https://thanosvibs.money/uniforms
captainamerica,Back to Basics,1750 Crystals,,1750 Crystals,Update 8.5.5,"November 16, 2022",https://thanosvibs.money/images-thumbnails/portraits/md/captainamerica13.png,/mff-assets/uniforms/captainamerica13.webp,https://thanosvibs.money/uniforms
captainamerica,Enter the Phoenix,1750 Crystals,,1750 Crystals,Update 7.5,"October 13, 2021",https://thanosvibs.money/images-thumbnails/portraits/md/captainamerica12.png,/mff-assets/uniforms/captainamerica12.webp,https://thanosvibs.money/uniforms
captainamerica,Galactic Talon,1750 Crystals,,1750 Crystals,Update 11.8,"April 8, 2026",https://thanosvibs.money/images-thumbnails/portraits/md/captainamerica15.png,/mff-assets/uniforms/captainamerica15.webp,https://thanosvibs.money/uniforms
captainamerica,Hydra Supreme,1750 Crystals,,1750 Crystals,Update 5.8,"February 12, 2020",https://thanosvibs.money/images-thumbnails/portraits/md/captainamerica11.png,/mff-assets/uniforms/captainamerica11.webp,https://thanosvibs.money/uniforms
captainamerica,Marvel NOW!,500000 Gold | Gold,,500000 Gold,Update 2.8,"January 11, 2017",https://thanosvibs.money/images-thumbnails/portraits/md/captainamerica5.png,/mff-assets/uniforms/captainamerica5.webp,https://thanosvibs.money/uniforms
captainamerica,Marvel Studios' Avengers: Endgame,1750 Crystals | Synergy,,1750 Crystals,Update 5.0,"April 24, 2019",https://thanosvibs.money/images-thumbnails/portraits/md/captainamerica9.png,/mff-assets/uniforms/captainamerica9.webp,https://thanosvibs.money/uniforms
captainamerica,Marvel Studios' Avengers: Infinity War,1750 Crystals,,1750 Crystals,Update 4.0,"April 25, 2018",https://thanosvibs.money/images-thumbnails/portraits/md/captainamerica6.png,/mff-assets/uniforms/captainamerica6.webp,https://thanosvibs.money/uniforms
captainamerica,Marvel Studios' Captain America: Civil War,500000 Gold | Gold,,500000 Gold,Update 2.1,"April 28, 2016",https://thanosvibs.money/images-thumbnails/portraits/md/captainamerica4.png,/mff-assets/uniforms/captainamerica4.webp,https://thanosvibs.money/uniforms
captainamerica,Marvel Studios' Captain America: The Winter Soldier,500000 Gold | Gold,,500000 Gold,Update 1.8,"December 15, 2015",https://thanosvibs.money/images-thumbnails/portraits/md/captainamerica3.png,/mff-assets/uniforms/captainamerica3.webp,https://thanosvibs.money/uniforms
captainamerica,Secret Wars: 2099,500000 Gold | Gold,,500000 Gold,Update 1.4,"August 25, 2015",https://thanosvibs.money/images-thumbnails/portraits/md/captainamerica2.png,/mff-assets/uniforms/captainamerica2.webp,https://thanosvibs.money/uniforms
captainamerica,Team Suit,1750 Crystals | Synergy,,1750 Crystals,Update 5.0,"April 24, 2019",https://thanosvibs.money/images-thumbnails/portraits/md/captainamerica8.png,/mff-assets/uniforms/captainamerica8.webp,https://thanosvibs.money/uniforms
captainamerica,What If... Zombies?!,1750 Crystals,,1750 Crystals,Update 10.4,"October 16, 2024",https://thanosvibs.money/images-thumbnails/portraits/md/captainamerica14.png,/mff-assets/uniforms/captainamerica14.webp,https://thanosvibs.money/uniforms
captainamericasharonrogers,Arctic Warrior,Christmas Exclusive (Paywall) | Seasonal | Christmas | Paywall,Christmas,Christmas Exclusive (Paywall),Update 10.6a,"January 1, 2025",https://thanosvibs.money/images-thumbnails/portraits/md/sharonrogers6.png,/mff-assets/uniforms/sharonrogers6.webp,https://thanosvibs.money/uniforms
captainamericasharonrogers,Dark Star Armor,1750 Crystals,,1750 Crystals,Update 4.6,"November 28, 2018",https://thanosvibs.money/images-thumbnails/portraits/md/sharonrogers2.png,/mff-assets/uniforms/sharonrogers2.webp,https://thanosvibs.money/uniforms
captainamericasharonrogers,Light Sirius Armor,1750 Crystals,,1750 Crystals,Update 7.4.5,"September 23, 2021",https://thanosvibs.money/images-thumbnails/portraits/md/sharonrogers4.png,/mff-assets/uniforms/sharonrogers4.webp,https://thanosvibs.money/uniforms
captainamericasharonrogers,Poseidon Armor,1750 Crystals,,1750 Crystals,Update 8.9.5b,"April 19, 2023",https://thanosvibs.money/images-thumbnails/portraits/md/sharonrogers5.png,/mff-assets/uniforms/sharonrogers5.webp,https://thanosvibs.money/uniforms
captainamericasharonrogers,Star Light Armor,500000 Gold | Gold,,500000 Gold,Update 3.0,"April 27, 2017",https://thanosvibs.money/images-thumbnails/portraits/md/sharonrogers1.png,/mff-assets/uniforms/sharonrogers1.webp,https://thanosvibs.money/uniforms
captainamericasharonrogers,Star Night Armor,1750 Crystals,,1750 Crystals,Update 5.7,"January 8, 2020",https://thanosvibs.money/images-thumbnails/portraits/md/sharonrogers3.png,/mff-assets/uniforms/sharonrogers3.webp,https://thanosvibs.money/uniforms
captainmarvel,Marvel Animation's Marvel Zombies,1750 Crystals,,1750 Crystals,Update 11.3,"September 24, 2025",https://thanosvibs.money/images-thumbnails/portraits/md/captainmarvel7.png,/mff-assets/uniforms/captainmarvel7.webp,https://thanosvibs.money/uniforms
captainmarvel,Marvel Studios' Avengers: Endgame,1750 Crystals | Synergy,,1750 Crystals,Update 5.0,"April 24, 2019",https://thanosvibs.money/images-thumbnails/portraits/md/captainmarvel4.png,/mff-assets/uniforms/captainmarvel4.webp,https://thanosvibs.money/uniforms
captainmarvel,Marvel Studios' Captain Marvel,1750 Crystals | Synergy,,1750 Crystals,Update 4.8,"February 20, 2019",https://thanosvibs.money/images-thumbnails/portraits/md/captainmarvel3.png,/mff-assets/uniforms/captainmarvel3.webp,https://thanosvibs.money/uniforms
captainmarvel,Marvel Studios' The Marvels,1750 Crystals,,1750 Crystals,Update 9.5,"November 8, 2023",https://thanosvibs.money/images-thumbnails/portraits/md/captainmarvel6.png,/mff-assets/uniforms/captainmarvel6.webp,https://thanosvibs.money/uniforms
captainmarvel,Ms. Marvel,500000 Gold | Gold,,500000 Gold,Update 1.8,"December 15, 2015",https://thanosvibs.money/images-thumbnails/portraits/md/captainmarvel2.png,/mff-assets/uniforms/captainmarvel2.webp,https://thanosvibs.money/uniforms
captainmarvel,Secret Wars: Captain Marvel & The Carol Corps,Unavailable | Special,,Unavailable,Update 1.4,"August 25, 2015",https://thanosvibs.money/images-thumbnails/portraits/md/captainmarvel1.png,/mff-assets/uniforms/captainmarvel1.webp,https://thanosvibs.money/uniforms
captainmarvel,The Last Avenger,1750 Crystals,,1750 Crystals,Update 7.2.5,"July 14, 2021",https://thanosvibs.money/images-thumbnails/portraits/md/captainmarvel5.png,/mff-assets/uniforms/captainmarvel5.webp,https://thanosvibs.money/uniforms
carnage,Absolute Carnage,1750 Crystals,,1750 Crystals,Update 6.5.5,"November 18, 2020",https://thanosvibs.money/images-thumbnails/portraits/md/carnage1.png,/mff-assets/uniforms/carnage1.webp,https://thanosvibs.money/uniforms
carnage,Fallen Soul,1750 Crystals,,1750 Crystals,Update 8.4.5a,"October 5, 2022",https://thanosvibs.money/images-thumbnails/portraits/md/carnage2.png,/mff-assets/uniforms/carnage2.webp,https://thanosvibs.money/uniforms
carnage,Superior Carnage,1750 Crystals,,1750 Crystals,Update 10.5.5,"December 4, 2024",https://thanosvibs.money/images-thumbnails/portraits/md/carnage3.png,/mff-assets/uniforms/carnage3.webp,https://thanosvibs.money/uniforms
colossus,Hellfire Gala,1750 Crystals,,1750 Crystals,Update 7.7.5a,"January 5, 2022",https://thanosvibs.money/images-thumbnails/portraits/md/colossus3.png,/mff-assets/uniforms/colossus3.webp,https://thanosvibs.money/uniforms
colossus,Phoenix Five,1750 Crystals,,1750 Crystals,Update 5.4,"September 10, 2019",https://thanosvibs.money/images-thumbnails/portraits/md/colossus2.png,/mff-assets/uniforms/colossus2.webp,https://thanosvibs.money/uniforms
colossus,X-Force,500000 Gold | Gold,,500000 Gold,Update 4.3,"August 8, 2018",https://thanosvibs.money/images-thumbnails/portraits/md/colossus1.png,/mff-assets/uniforms/colossus1.webp,https://thanosvibs.money/uniforms
corvusglaive,Dark Obsidian Armor,1750 Crystals,,1750 Crystals,Update 7.1,"May 26, 2021",https://thanosvibs.money/images-thumbnails/portraits/md/corvusglaive2.png,/mff-assets/uniforms/corvusglaive2.webp,https://thanosvibs.money/uniforms
corvusglaive,Marvel Studios' Avengers: Infinity War,1750 Crystals,,1750 Crystals,Update 4.0,"April 25, 2018",https://thanosvibs.money/images-thumbnails/portraits/md/corvusglaive1.png,/mff-assets/uniforms/corvusglaive1.webp,https://thanosvibs.money/uniforms
crescent,B-Girl Crew,April Fools Exclusive (Paywall) | Seasonal | April | Paywall,April Fool's,April Fools Exclusive (Paywall),Update 10.8.5a,"April 2, 2025",https://thanosvibs.money/images-thumbnails/portraits/md/crescent3.png,/mff-assets/uniforms/crescent3.webp,https://thanosvibs.money/uniforms
crescent,Lifestyle Series 1,1750 Crystals,,1750 Crystals,Update 5.5,"November 27, 2019",https://thanosvibs.money/images-thumbnails/portraits/md/crescent1.png,/mff-assets/uniforms/crescent1.webp,https://thanosvibs.money/uniforms
crescent,Light Sirius Armor,1750 Crystals,,1750 Crystals,Update 7.4.5,"September 23, 2021",https://thanosvibs.money/images-thumbnails/portraits/md/crescent2.png,/mff-assets/uniforms/crescent2.webp,https://thanosvibs.money/uniforms
crossbones,Modern,500000 Gold | Gold,,500000 Gold,Update 2.3,"July 14, 2016",https://thanosvibs.money/images-thumbnails/portraits/md/crossbones1.png,/mff-assets/uniforms/crossbones1.webp,https://thanosvibs.money/uniforms
crossbones,Secret Empire,1750 Crystals,,1750 Crystals,Update 5.8,"February 12, 2020",https://thanosvibs.money/images-thumbnails/portraits/md/crossbones2.png,/mff-assets/uniforms/crossbones2.webp,https://thanosvibs.money/uniforms
crystal,Fantastic Four,500000 Gold | Gold,,500000 Gold,Update 4.7,"January 9, 2019",https://thanosvibs.money/images-thumbnails/portraits/md/crystal2.png,/mff-assets/uniforms/crystal2.webp,https://thanosvibs.money/uniforms
crystal,Royal Suit,500000 Gold | Gold,,500000 Gold,Update 3.1,"June 7, 2017",https://thanosvibs.money/images-thumbnails/portraits/md/crystal1.png,/mff-assets/uniforms/crystal1.webp,https://thanosvibs.money/uniforms
crystal,Spring Lady,April Fools Exclusive (Paywall) | Seasonal | April | Paywall,April Fool's,April Fools Exclusive (Paywall),Update 11.7.5,"March 18, 2026",https://thanosvibs.money/images-thumbnails/portraits/md/crystal3.png,/mff-assets/uniforms/crystal3.webp,https://thanosvibs.money/uniforms
cyclops,Age of Apocalypse,500000 Gold | Gold,,500000 Gold,Update 3.4,"September 13, 2017",https://thanosvibs.money/images-thumbnails/portraits/md/cyclops1.png,/mff-assets/uniforms/cyclops1.webp,https://thanosvibs.money/uniforms
cyclops,Marvel Animation's X-Men '97,1750 Crystals,,1750 Crystals,Update 11.0,"June 4, 2025",https://thanosvibs.money/images-thumbnails/portraits/md/cyclops5.png,/mff-assets/uniforms/cyclops5.webp,https://thanosvibs.money/uniforms
cyclops,Marvel NOW!,1750 Crystals,,1750 Crystals,Update 3.9,"March 21, 2018",https://thanosvibs.money/images-thumbnails/portraits/md/cyclops2.png,/mff-assets/uniforms/cyclops2.webp,https://thanosvibs.money/uniforms
cyclops,Modern,1750 Crystals,,1750 Crystals,Update 8.6,"December 7, 2022",https://thanosvibs.money/images-thumbnails/portraits/md/cyclops4.png,/mff-assets/uniforms/cyclops4.webp,https://thanosvibs.money/uniforms
cyclops,Phoenix Five,1750 Crystals,,1750 Crystals,Update 5.4,"September 10, 2019",https://thanosvibs.money/images-thumbnails/portraits/md/cyclops3.png,/mff-assets/uniforms/cyclops3.webp,https://thanosvibs.money/uniforms
daisyjohnson,Marvel Studios' Agents of S.H.I.E.L.D. (Quake),500000 Gold | Gold,,500000 Gold,Update 1.7,"November 17, 2015",https://thanosvibs.money/images-thumbnails/portraits/md/daisyjohnson2.png,/mff-assets/uniforms/daisyjohnson2.webp,https://thanosvibs.money/uniforms
daisyjohnson,Modern,500000 Gold | Gold,,500000 Gold,Update 1.5,"October 7, 2015",https://thanosvibs.money/images-thumbnails/portraits/md/daisyjohnson1.png,/mff-assets/uniforms/daisyjohnson1.webp,https://thanosvibs.money/uniforms
daken,Dark Wolverine,1750 Crystals,,1750 Crystals,Update 10.3.5a,"September 19, 2024",https://thanosvibs.money/images-thumbnails/portraits/md/daken1.png,/mff-assets/uniforms/daken1.webp,https://thanosvibs.money/uniforms
daredevil,"All-New, All-Different",500000 Gold | Gold,,500000 Gold,Update 2.5,"September 20, 2016",https://thanosvibs.money/images-thumbnails/portraits/md/daredevil2.png,/mff-assets/uniforms/daredevil2.webp,https://thanosvibs.money/uniforms
daredevil,Devil of Hell's Kitchen,500000 Gold | Gold,,500000 Gold,Update 1.7,"November 17, 2015",https://thanosvibs.money/images-thumbnails/portraits/md/daredevil1.png,/mff-assets/uniforms/daredevil1.webp,https://thanosvibs.money/uniforms
daredevil,Fall From Grace,1750 Crystals,,1750 Crystals,Update 6.9,"March 16, 2021",https://thanosvibs.money/images-thumbnails/portraits/md/daredevil3.png,/mff-assets/uniforms/daredevil3.webp,https://thanosvibs.money/uniforms
daredevil,Marvel Television's Daredevil: Born Again,1750 Crystals,,1750 Crystals,Update 10.8,"March 19, 2025",https://thanosvibs.money/images-thumbnails/portraits/md/daredevil4.png,/mff-assets/uniforms/daredevil4.webp,https://thanosvibs.money/uniforms
dazzler,X-Song,1750 Crystals,,1750 Crystals,Update 11.7,"March 4, 2026",https://thanosvibs.money/images-thumbnails/portraits/md/dazzler1.png,/mff-assets/uniforms/dazzler1.webp,https://thanosvibs.money/uniforms
deadpool,30th Anniversary Black Version,1750 Crystals | Synergy,,1750 Crystals,Update 6.8,"February 8, 2021",https://thanosvibs.money/images-thumbnails/portraits/md/deadpool4.png,/mff-assets/uniforms/deadpool4.webp,https://thanosvibs.money/uniforms
deadpool,30th Anniversary White Version,Dawn of X Uniform Collection | Special | Synergy,,Dawn of X Uniform Collection,Update 6.8,"February 8, 2021",https://thanosvibs.money/images-thumbnails/portraits/md/deadpool5.png,/mff-assets/uniforms/deadpool5.webp,https://thanosvibs.money/uniforms
deadpool,April Pools,April Fools Exclusive (1750 Crystals) | Seasonal | April | CrystalApril,April Fool's,April Fools Exclusive (1750 Crystals),Update 7.9.5a,"March 30, 2022",https://thanosvibs.money/images-thumbnails/portraits/md/deadpool6.png,/mff-assets/uniforms/deadpool6.webp,https://thanosvibs.money/uniforms
deadpool,Holiday Party,Christmas Exclusive (1750 Crystals) | Seasonal | Christmas | CrystalChristmas | Synergy,Christmas,Christmas Exclusive (1750 Crystals),Update 5.6.5,"December 17, 2019",https://thanosvibs.money/images-thumbnails/portraits/md/deadpool3.png,/mff-assets/uniforms/deadpool3.webp,https://thanosvibs.money/uniforms
deadpool,Lady Deadpool,1750 Crystals | Synergy,,1750 Crystals,Update 5.6,"November 27, 2019",https://thanosvibs.money/images-thumbnails/portraits/md/deadpool2.png,/mff-assets/uniforms/deadpool2.webp,https://thanosvibs.money/uniforms
deadpool,Marvel Studios' Deadpool & Wolverine,1750 Crystals | Synergy,,1750 Crystals,Update 10.2,"July 24, 2024",https://thanosvibs.money/images-thumbnails/portraits/md/deadpool8.png,/mff-assets/uniforms/deadpool8.webp,https://thanosvibs.money/uniforms
deadpool,X-Force,1750 Crystals,,1750 Crystals,Update 4.9,"March 20, 2019",https://thanosvibs.money/images-thumbnails/portraits/md/deadpool1.png,/mff-assets/uniforms/deadpool1.webp,https://thanosvibs.money/uniforms
deadpool,Marvel Studios' Deadpool & Wolverine · Nicepool,1750 Crystals | Synergy,,1750 Crystals,Update 10.2,"July 24, 2024",https://thanosvibs.money/images-thumbnails/portraits/md/deadpool7.png,/mff-assets/uniforms/deadpool7.webp,https://thanosvibs.money/uniforms
deathlok,Modern,500000 Gold | Gold,,500000 Gold,Update 1.5,"October 7, 2015",https://thanosvibs.money/images-thumbnails/portraits/md/deathlok1.png,/mff-assets/uniforms/deathlok1.webp,https://thanosvibs.money/uniforms
destroyer,Prometheus,500000 Gold | Gold,,500000 Gold,Update 2.0,"March 16, 2016",https://thanosvibs.money/images-thumbnails/portraits/md/destroyer1.png,/mff-assets/uniforms/destroyer1.webp,https://thanosvibs.money/uniforms
destroyer,The Mighty Thor,1750 Crystals,,1750 Crystals,Update 11.6,"January 21, 2026",https://thanosvibs.money/images-thumbnails/portraits/md/destroyer2.png,/mff-assets/uniforms/destroyer2.webp,https://thanosvibs.money/uniforms
doctordoom,3099,2500 Crystals,,2500 Crystals,Update 7.3,"August 3, 2021",https://thanosvibs.money/images-thumbnails/portraits/md/doctordoom1.png,/mff-assets/uniforms/doctordoom1.webp,https://thanosvibs.money/uniforms
doctordoom,God Emperor,2500 Crystals,,2500 Crystals,Update 10.1.5b,"July 10, 2024",https://thanosvibs.money/images-thumbnails/portraits/md/doctordoom2.png,/mff-assets/uniforms/doctordoom2.webp,https://thanosvibs.money/uniforms
doctoroctopus,Ends of the Earth,1750 Crystals,,1750 Crystals,Update 8.9,"March 22, 2023",https://thanosvibs.money/images-thumbnails/portraits/md/doctoroctopus4.png,/mff-assets/uniforms/doctoroctopus4.webp,https://thanosvibs.money/uniforms
doctoroctopus,Spider-Man: No Way Home,1750 Crystals,,1750 Crystals,Update 7.9.5b,"April 13, 2022",https://thanosvibs.money/images-thumbnails/portraits/md/doctoroctopus3.png,/mff-assets/uniforms/doctoroctopus3.webp,https://thanosvibs.money/uniforms
doctoroctopus,Superior Octopus,1750 Crystals,,1750 Crystals,Update 5.8,"February 12, 2020",https://thanosvibs.money/images-thumbnails/portraits/md/doctoroctopus2.png,/mff-assets/uniforms/doctoroctopus2.webp,https://thanosvibs.money/uniforms
doctoroctopus,Superior Spider-Man,500000 Gold | Gold,,500000 Gold,Update 1.7,"November 17, 2015",https://thanosvibs.money/images-thumbnails/portraits/md/doctoroctopus1.png,/mff-assets/uniforms/doctoroctopus1.webp,https://thanosvibs.money/uniforms
doctorstrange,Death of Doctor Strange,1750 Crystals,,1750 Crystals,Update 9.4,"October 5, 2023",https://thanosvibs.money/images-thumbnails/portraits/md/doctorstrange5.png,/mff-assets/uniforms/doctorstrange5.webp,https://thanosvibs.money/uniforms
doctorstrange,Marvel Studios' Avengers: Infinity War,1750 Crystals,,1750 Crystals,Update 4.1,"May 30, 2018",https://thanosvibs.money/images-thumbnails/portraits/md/doctorstrange2.png,/mff-assets/uniforms/doctorstrange2.webp,https://thanosvibs.money/uniforms
doctorstrange,Marvel Studios' Doctor Strange,500000 Gold | Gold,,500000 Gold,Update 2.6,"October 26, 2016",https://thanosvibs.money/images-thumbnails/portraits/md/doctorstrange1.png,/mff-assets/uniforms/doctorstrange1.webp,https://thanosvibs.money/uniforms
doctorstrange,Marvel Studios' Doctor Strange 2,1750 Crystals,,1750 Crystals,Update 8.0,"April 27, 2022",https://thanosvibs.money/images-thumbnails/portraits/md/doctorstrange4.png,/mff-assets/uniforms/doctorstrange4.webp,https://thanosvibs.money/uniforms
doctorstrange,Space Suit,1750 Crystals,,1750 Crystals,Update 6.4,"September 15, 2020",https://thanosvibs.money/images-thumbnails/portraits/md/doctorstrange3.png,/mff-assets/uniforms/doctorstrange3.webp,https://thanosvibs.money/uniforms
doctorstrange,What If... Zombies?!,1750 Crystals,,1750 Crystals,Update 10.4,"October 16, 2024",https://thanosvibs.money/images-thumbnails/portraits/md/doctorstrange6.png,/mff-assets/uniforms/doctorstrange6.webp,https://thanosvibs.money/uniforms
doctorvoodoo,Savage Avengers,1750 Crystals,,1750 Crystals,Update 11.2,"August 20, 2025",https://thanosvibs.money/images-thumbnails/portraits/md/doctorvoodoo2.png,/mff-assets/uniforms/doctorvoodoo2.webp,https://thanosvibs.money/uniforms
doctorvoodoo,Strange Academy,1750 Crystals,,1750 Crystals,Update 9.4,"October 5, 2023",https://thanosvibs.money/images-thumbnails/portraits/md/doctorvoodoo1.png,/mff-assets/uniforms/doctorvoodoo1.webp,https://thanosvibs.money/uniforms
domino,Krakoa X-Force,1750 Crystals,,1750 Crystals,Update 9.3,"August 30, 2023",https://thanosvibs.money/images-thumbnails/portraits/md/domino2.png,/mff-assets/uniforms/domino2.webp,https://thanosvibs.money/uniforms
domino,Marvel NOW!,1750 Crystals,,1750 Crystals,Update 5.6,"November 27, 2019",https://thanosvibs.money/images-thumbnails/portraits/md/domino1.png,/mff-assets/uniforms/domino1.webp,https://thanosvibs.money/uniforms
dormammu,Damnation,2500 Crystals,,2500 Crystals,Update 6.4,"September 15, 2020",https://thanosvibs.money/images-thumbnails/portraits/md/dormammu1.png,/mff-assets/uniforms/dormammu1.webp,https://thanosvibs.money/uniforms
drax,"All-New, All-Different",500000 Gold | Gold,,500000 Gold,Update 1.9,"January 20, 2016",https://thanosvibs.money/images-thumbnails/portraits/md/drax1.png,/mff-assets/uniforms/drax1.webp,https://thanosvibs.money/uniforms
drax,Classic,1750 Crystals,,1750 Crystals,Update 7.8,"February 3, 2022",https://thanosvibs.money/images-thumbnails/portraits/md/drax2.png,/mff-assets/uniforms/drax2.webp,https://thanosvibs.money/uniforms
ebonymaw,Dark Obsidian Armor,1750 Crystals,,1750 Crystals,Update 7.1.5,"June 9, 2021",https://thanosvibs.money/images-thumbnails/portraits/md/ebonymaw2.png,/mff-assets/uniforms/ebonymaw2.webp,https://thanosvibs.money/uniforms
ebonymaw,General's Hand,1750 Crystals,,1750 Crystals,Update 9.9.5a,"April 11, 2024",https://thanosvibs.money/images-thumbnails/portraits/md/ebonymaw3.png,/mff-assets/uniforms/ebonymaw3.webp,https://thanosvibs.money/uniforms
ebonymaw,Marvel Studios' Avengers: Infinity War,1750 Crystals,,1750 Crystals,Update 4.1,"May 30, 2018",https://thanosvibs.money/images-thumbnails/portraits/md/ebonymaw1.png,/mff-assets/uniforms/ebonymaw1.webp,https://thanosvibs.money/uniforms
echo,Marvel Studios' Hawkeye,1750 Crystals,,1750 Crystals,Update 7.9,"March 17, 2022",https://thanosvibs.money/images-thumbnails/portraits/md/echo1.png,/mff-assets/uniforms/echo1.webp,https://thanosvibs.money/uniforms
echo,Marvel Studios' Echo,1750 Crystals,,1750 Crystals,Update 9.9.5b,"April 24, 2024",https://thanosvibs.money/images-thumbnails/portraits/md/echo2.png,/mff-assets/uniforms/echo2.webp,https://thanosvibs.money/uniforms
electro,Spider-Man: No Way Home,1750 Crystals,,1750 Crystals,Update 7.9.5b,"April 13, 2022",https://thanosvibs.money/images-thumbnails/portraits/md/electro1.png,/mff-assets/uniforms/electro1.webp,https://thanosvibs.money/uniforms
elektra,Elektra,1750 Crystals,,1750 Crystals,Update 10.8.5b,"April 16, 2025",https://thanosvibs.money/images-thumbnails/portraits/md/elektra3.png,/mff-assets/uniforms/elektra3.webp,https://thanosvibs.money/uniforms
elektra,Marvel Studios' Daredevil,500000 Gold | Gold,,500000 Gold,Update 2.9.5,"March 15, 2017",https://thanosvibs.money/images-thumbnails/portraits/md/elektra1.png,/mff-assets/uniforms/elektra1.webp,https://thanosvibs.money/uniforms
elektra,Woman Without Fear,1750 Crystals,,1750 Crystals,Update 8.1.5,"June 15, 2022",https://thanosvibs.money/images-thumbnails/portraits/md/elektra2.png,/mff-assets/uniforms/elektra2.webp,https://thanosvibs.money/uniforms
elsabloodstone,Monsters Unleashed! (MFF Variant),500000 Gold | Gold,,500000 Gold,Update 2.9,"February 15, 2017",https://thanosvibs.money/images-thumbnails/portraits/md/elsabloodstone2.png,/mff-assets/uniforms/elsabloodstone2.webp,https://thanosvibs.money/uniforms
elsabloodstone,Secret Wars: Marvel Zombies,500000 Gold | Gold,,500000 Gold,Update 2.0,"March 16, 2016",https://thanosvibs.money/images-thumbnails/portraits/md/elsabloodstone1.png,/mff-assets/uniforms/elsabloodstone1.webp,https://thanosvibs.money/uniforms
emmafrost,Hellfire Gala,1750 Crystals,,1750 Crystals,Update 7.7.5b,"January 19, 2022",https://thanosvibs.money/images-thumbnails/portraits/md/emmafrost3.png,/mff-assets/uniforms/emmafrost3.webp,https://thanosvibs.money/uniforms
emmafrost,Marvel NOW!,1750 Crystals,,1750 Crystals,Update 4.5,"October 24, 2018",https://thanosvibs.money/images-thumbnails/portraits/md/emmafrost1.png,/mff-assets/uniforms/emmafrost1.webp,https://thanosvibs.money/uniforms
emmafrost,Phoenix Five,1750 Crystals,,1750 Crystals,Update 5.4,"September 10, 2019",https://thanosvibs.money/images-thumbnails/portraits/md/emmafrost2.png,/mff-assets/uniforms/emmafrost2.webp,https://thanosvibs.money/uniforms
emmafrost,Summer Queen,Summer Exclusive (Paywall) | Seasonal | Summer | Paywall,Summer,Summer Exclusive (Paywall),Update 11.1.5,"July 30, 2025",https://thanosvibs.money/images-thumbnails/portraits/md/emmafrost4.png,/mff-assets/uniforms/emmafrost4.webp,https://thanosvibs.money/uniforms
enchantress,Summer Days,Summer Exclusive (Paywall) | Seasonal | Summer | Paywall,Summer,Summer Exclusive (Paywall),Update 6.2.5b,"July 30, 2020",https://thanosvibs.money/images-thumbnails/portraits/md/enchantress1.png,/mff-assets/uniforms/enchantress1.webp,https://thanosvibs.money/uniforms
enchantress,War of the Realms,1750 Crystals,,1750 Crystals,Update 9.2,"July 26, 2023",https://thanosvibs.money/images-thumbnails/portraits/md/enchantress2.png,/mff-assets/uniforms/enchantress2.webp,https://thanosvibs.money/uniforms
falcon,All-New Captain America,500000 Gold | Gold,,500000 Gold,Update 1.2.5,"June 30, 2015",https://thanosvibs.money/images-thumbnails/portraits/md/falcon1.png,/mff-assets/uniforms/falcon1.webp,https://thanosvibs.money/uniforms
falcon,Marvel Legacy,500000 Gold | Gold,,500000 Gold,Update 3.7,"January 10, 2018",https://thanosvibs.money/images-thumbnails/portraits/md/falcon3.png,/mff-assets/uniforms/falcon3.webp,https://thanosvibs.money/uniforms
falcon,Marvel Studios' Captain America: Civil War,500000 Gold | Gold,,500000 Gold,Update 2.1,"April 28, 2016",https://thanosvibs.money/images-thumbnails/portraits/md/falcon2.png,/mff-assets/uniforms/falcon2.webp,https://thanosvibs.money/uniforms
falcon,What If... Zombies?!,1750 Crystals,,1750 Crystals,Update 10.4,"October 16, 2024",https://thanosvibs.money/images-thumbnails/portraits/md/falcon5.png,/mff-assets/uniforms/falcon5.webp,https://thanosvibs.money/uniforms
falcon,Marvel Studios' Captain America: Brave New World,1750 Crystals,,1750 Crystals,Update 10.7,"February 5, 2025",https://thanosvibs.money/images-thumbnails/portraits/md/falcon6.png,/mff-assets/uniforms/falcon6.webp,https://thanosvibs.money/uniforms
falcon,Marvel Studios' The Falcon and the Winter Soldier,1750 Crystals,,1750 Crystals,Update 7.2,"June 30, 2021",https://thanosvibs.money/images-thumbnails/portraits/md/falcon4.png,/mff-assets/uniforms/falcon4.webp,https://thanosvibs.money/uniforms
gambit,Excalibur,1750 Crystals,,1750 Crystals,Update 6.8,"February 8, 2021",https://thanosvibs.money/images-thumbnails/portraits/md/gambit1.png,/mff-assets/uniforms/gambit1.webp,https://thanosvibs.money/uniforms
gambit,X-Men Year-End Party,Christmas Exclusive (1750 Crystals) | Seasonal | Christmas | CrystalChristmas,Christmas,Christmas Exclusive (1750 Crystals),Update 10.6a,"January 1, 2025",https://thanosvibs.money/images-thumbnails/portraits/md/gambit2.png,/mff-assets/uniforms/gambit2.webp,https://thanosvibs.money/uniforms
gamora,"All-New, All-Different",500000 Gold | Gold,,500000 Gold,Update 1.8,"December 15, 2015",https://thanosvibs.money/images-thumbnails/portraits/md/gamora1.png,/mff-assets/uniforms/gamora1.webp,https://thanosvibs.money/uniforms
gamora,Guardians of the Galaxy 2,500000 Gold | Gold,,500000 Gold,Update 3.0,"April 27, 2017",https://thanosvibs.money/images-thumbnails/portraits/md/gamora2.png,/mff-assets/uniforms/gamora2.webp,https://thanosvibs.money/uniforms
gamora,Marvel Studios' Guardians of the Galaxy 3,1750 Crystals,,1750 Crystals,Update 9.0.5a,"May 17, 2023",https://thanosvibs.money/images-thumbnails/portraits/md/gamora4.png,/mff-assets/uniforms/gamora4.webp,https://thanosvibs.money/uniforms
gamora,Requiem,1750 Crystals,,1750 Crystals,Update 7.8,"February 3, 2022",https://thanosvibs.money/images-thumbnails/portraits/md/gamora3.png,/mff-assets/uniforms/gamora3.webp,https://thanosvibs.money/uniforms
gamora,Wastelanders,1750 Crystals,,1750 Crystals,Update 10.6.5a,"January 8, 2025",https://thanosvibs.money/images-thumbnails/portraits/md/gamora5.png,/mff-assets/uniforms/gamora5.webp,https://thanosvibs.money/uniforms
ghost,Marvel Studios' Ant-Man and the Wasp,1750 Crystals,,1750 Crystals,Update 4.2,"July 3, 2018",https://thanosvibs.money/images-thumbnails/portraits/md/ghost1.png,/mff-assets/uniforms/ghost1.webp,https://thanosvibs.money/uniforms
ghost,Marvel Studios' Thunderbolts*,1750 Crystals,,1750 Crystals,Update 10.9.5,"May 14, 2025",https://thanosvibs.money/images-thumbnails/portraits/md/ghost2.png,/mff-assets/uniforms/ghost2.webp,https://thanosvibs.money/uniforms
ghostrider,70's Classic,500000 Gold | Gold,,500000 Gold,Update 1.6,"October 29, 2015",https://thanosvibs.money/images-thumbnails/portraits/md/ghostrider1.png,/mff-assets/uniforms/ghostrider1.webp,https://thanosvibs.money/uniforms
ghostrider,Inhumans: Attilan Rising,500000 Gold | Gold,,500000 Gold,Update 2.5,"September 20, 2016",https://thanosvibs.money/images-thumbnails/portraits/md/ghostrider2.png,/mff-assets/uniforms/ghostrider2.webp,https://thanosvibs.money/uniforms
ghostrider,King of Hell,1750 Crystals,,1750 Crystals,Update 6.4b,"September 29, 2020",https://thanosvibs.money/images-thumbnails/portraits/md/ghostrider3.png,/mff-assets/uniforms/ghostrider3.webp,https://thanosvibs.money/uniforms
ghostrider,Rage Returned,Halloween Exclusive (1750 Crystals) | Seasonal | Halloween | CrystalHalloween,Halloween,Halloween Exclusive (1750 Crystals),Update 9.4.5,"October 18, 2023",https://thanosvibs.money/images-thumbnails/portraits/md/ghostrider4.png,/mff-assets/uniforms/ghostrider4.webp,https://thanosvibs.money/uniforms
ghostrider,Savage Avengers,1750 Crystals,,1750 Crystals,Update 11.2,"August 20, 2025",https://thanosvibs.money/images-thumbnails/portraits/md/ghostrider5.png,/mff-assets/uniforms/ghostrider5.webp,https://thanosvibs.money/uniforms
ghostriderrobbiereyes,Lord of Vengeance,1750 Crystals,,1750 Crystals,Update 8.1,"June 1, 2022",https://thanosvibs.money/images-thumbnails/portraits/md/robbiereyes1.png,/mff-assets/uniforms/robbiereyes1.webp,https://thanosvibs.money/uniforms
giantman,Ultron Pym,500000 Gold | Gold,,500000 Gold,Update 4.2,"July 3, 2018",https://thanosvibs.money/images-thumbnails/portraits/md/giantman2.png,/mff-assets/uniforms/giantman2.webp,https://thanosvibs.money/uniforms
giantman,Modern · Goliath,500000 Gold | Gold,,500000 Gold,Update 1.3,"July 7, 2015",https://thanosvibs.money/images-thumbnails/portraits/md/giantman1.png,/mff-assets/uniforms/giantman1.webp,https://thanosvibs.money/uniforms
gilgamesh,Marvel Studios' Eternals,1750 Crystals,,1750 Crystals,Update 7.6,"November 17, 2021",https://thanosvibs.money/images-thumbnails/portraits/md/gilgamesh1.png,/mff-assets/uniforms/gilgamesh1.webp,https://thanosvibs.money/uniforms
gladiator,Thanos: The Infinity Revelation,2500 Crystals,,2500 Crystals,Update 9.8,"February 21, 2024",https://thanosvibs.money/images-thumbnails/portraits/md/gladiator1.png,/mff-assets/uniforms/gladiator1.webp,https://thanosvibs.money/uniforms
gorr,The God Butcher,3250 Crystals,,3250 Crystals,Update 11.9,"May 20, 2026",https://thanosvibs.money/images-thumbnails/portraits/md/gorr2.png,/mff-assets/uniforms/gorr2.webp,https://thanosvibs.money/uniforms
greengoblin,Dark Avengers,1750 Crystals,,1750 Crystals,Update 6.6,"December 1, 2020",https://thanosvibs.money/images-thumbnails/portraits/md/greengoblin2.png,/mff-assets/uniforms/greengoblin2.webp,https://thanosvibs.money/uniforms
greengoblin,Gold Goblin,1750 Crystals,,1750 Crystals,Update 12.1.5,"August 12, 2026",https://thanosvibs.money/images-thumbnails/portraits/md/greengoblin5.png,/mff-assets/uniforms/greengoblin5.webp,https://thanosvibs.money/uniforms
greengoblin,Red Goblin,1750 Crystals,,1750 Crystals,Update 8.9,"March 22, 2023",https://thanosvibs.money/images-thumbnails/portraits/md/greengoblin4.png,/mff-assets/uniforms/greengoblin4.webp,https://thanosvibs.money/uniforms
greengoblin,Spider-Man: No Way Home,1750 Crystals,,1750 Crystals,Update 7.9.5b,"April 13, 2022",https://thanosvibs.money/images-thumbnails/portraits/md/greengoblin3.png,/mff-assets/uniforms/greengoblin3.webp,https://thanosvibs.money/uniforms
greengoblin,Ultimate,500000 Gold | Gold,,500000 Gold,Update 1.9.5,"February 16, 2016",https://thanosvibs.money/images-thumbnails/portraits/md/greengoblin1.png,/mff-assets/uniforms/greengoblin1.webp,https://thanosvibs.money/uniforms
groot,Guardians of the Galaxy 2,500000 Gold | Gold,,500000 Gold,Update 3.0,"April 27, 2017",https://thanosvibs.money/images-thumbnails/portraits/md/groot2.png,/mff-assets/uniforms/groot2.webp,https://thanosvibs.money/uniforms
groot,Marvel Studios' Avengers: Infinity War,1750 Crystals,,1750 Crystals,Update 4.0,"April 25, 2018",https://thanosvibs.money/images-thumbnails/portraits/md/groot3.png,/mff-assets/uniforms/groot3.webp,https://thanosvibs.money/uniforms
groot,Marvel Studios' Guardians of the Galaxy 3,1750 Crystals,,1750 Crystals,Update 9.0.5a,"May 17, 2023",https://thanosvibs.money/images-thumbnails/portraits/md/groot5.png,/mff-assets/uniforms/groot5.webp,https://thanosvibs.money/uniforms
groot,Planet X Palm,Summer Exclusive (1750 Crystals) | Seasonal | Summer | CrystalSummer,Summer,Summer Exclusive (1750 Crystals),Update 11.1.5,"July 30, 2025",https://thanosvibs.money/images-thumbnails/portraits/md/groot6.png,/mff-assets/uniforms/groot6.webp,https://thanosvibs.money/uniforms
groot,Secret Wars: Thors,500000 Gold | Gold,,500000 Gold,Update 1.4,"August 25, 2015",https://thanosvibs.money/images-thumbnails/portraits/md/groot1.png,/mff-assets/uniforms/groot1.webp,https://thanosvibs.money/uniforms
groot,Snowflake Festival,Christmas Exclusive (1750 Crystals) | Seasonal | Christmas | CrystalChristmas,Christmas,Christmas Exclusive (1750 Crystals),Update 6.6.5,"December 16, 2020",https://thanosvibs.money/images-thumbnails/portraits/md/groot4.png,/mff-assets/uniforms/groot4.webp,https://thanosvibs.money/uniforms
gwenpool,April Pools,April Fools Exclusive (Paywall) | Seasonal | April | Paywall,April Fool's,April Fools Exclusive (Paywall),Update 7.9.5a,"March 30, 2022",https://thanosvibs.money/images-thumbnails/portraits/md/gwenpool3.png,/mff-assets/uniforms/gwenpool3.webp,https://thanosvibs.money/uniforms
gwenpool,Dark Gwenpool,1750 Crystals,,1750 Crystals,Update 10.2.5b,"August 21, 2024",https://thanosvibs.money/images-thumbnails/portraits/md/gwenpool4.png,/mff-assets/uniforms/gwenpool4.webp,https://thanosvibs.money/uniforms
gwenpool,Gwen Poole,500000 Gold | Gold,,500000 Gold,Update 3.1,"June 7, 2017",https://thanosvibs.money/images-thumbnails/portraits/md/gwenpool1.png,/mff-assets/uniforms/gwenpool1.webp,https://thanosvibs.money/uniforms
gwenpool,Holiday Party,Christmas Exclusive (Paywall) | Seasonal | Christmas | Paywall,Christmas,Christmas Exclusive (Paywall),Update 5.6.5,"December 17, 2019",https://thanosvibs.money/images-thumbnails/portraits/md/gwenpool2.png,/mff-assets/uniforms/gwenpool2.webp,https://thanosvibs.money/uniforms
hawkeye,Avengers: Age of Ultron,500000 Gold | Gold,,500000 Gold,Update 1.1,"May 15, 2015",https://thanosvibs.money/images-thumbnails/portraits/md/hawkeye1.png,/mff-assets/uniforms/hawkeye1.webp,https://thanosvibs.money/uniforms
hawkeye,Classic,500000 Gold | Gold,,500000 Gold,Update 4.4.5,"October 1, 2018",https://thanosvibs.money/images-thumbnails/portraits/md/hawkeye3.png,/mff-assets/uniforms/hawkeye3.webp,https://thanosvibs.money/uniforms
hawkeye,Marvel Studios' Captain America: Civil War,500000 Gold | Gold,,500000 Gold,Update 2.1,"April 28, 2016",https://thanosvibs.money/images-thumbnails/portraits/md/hawkeye2.png,/mff-assets/uniforms/hawkeye2.webp,https://thanosvibs.money/uniforms
hawkeye,Marvel Studios' Hawkeye (Hero Suit),1750 Crystals,,1750 Crystals,Update 7.9,"March 17, 2022",https://thanosvibs.money/images-thumbnails/portraits/md/hawkeye5.png,/mff-assets/uniforms/hawkeye5.webp,https://thanosvibs.money/uniforms
hawkeye,Wastelanders,1750 Crystals,,1750 Crystals,Update 10.6,"December 26, 2024",https://thanosvibs.money/images-thumbnails/portraits/md/hawkeye6.png,/mff-assets/uniforms/hawkeye6.webp,https://thanosvibs.money/uniforms
hawkeye,Marvel Studios' Avengers: Endgame,1750 Crystals,,1750 Crystals,Update 5.0,"April 24, 2019",https://thanosvibs.money/images-thumbnails/portraits/md/hawkeye4.png,/mff-assets/uniforms/hawkeye4.webp,https://thanosvibs.money/uniforms
hawkeyekatebishop,Marvel Studios' Hawkeye,1750 Crystals,,1750 Crystals,Update 7.9,"March 17, 2022",https://thanosvibs.money/images-thumbnails/portraits/md/katebishop1.png,/mff-assets/uniforms/katebishop1.webp,https://thanosvibs.money/uniforms
hawkeyekatebishop,Young Avengers,1750 Crystals,,1750 Crystals,Update 11.5,"December 11, 2025",https://thanosvibs.money/images-thumbnails/portraits/md/katebishop2.png,/mff-assets/uniforms/katebishop2.webp,https://thanosvibs.money/uniforms
heimdall,Asgard Invasion,1750 Crystals,,1750 Crystals,Update 7.6.5,"November 30, 2021",https://thanosvibs.money/images-thumbnails/portraits/md/heimdall1.png,/mff-assets/uniforms/heimdall1.webp,https://thanosvibs.money/uniforms
hela,Asgard Invasion,1750 Crystals,,1750 Crystals,Update 7.6.5,"November 30, 2021",https://thanosvibs.money/images-thumbnails/portraits/md/hela2.png,/mff-assets/uniforms/hela2.webp,https://thanosvibs.money/uniforms
hela,Marvel Studios' Thor: Ragnarok,500000 Gold | Gold,,500000 Gold,Update 3.5,"October 25, 2017",https://thanosvibs.money/images-thumbnails/portraits/md/hela1.png,/mff-assets/uniforms/hela1.webp,https://thanosvibs.money/uniforms
hela,Marvel Studios' What If...?,1750 Crystals,,1750 Crystals,Update 9.6,"December 14, 2023",https://thanosvibs.money/images-thumbnails/portraits/md/hela3.png,/mff-assets/uniforms/hela3.webp,https://thanosvibs.money/uniforms
hellstorm,TVA,1750 Crystals,,1750 Crystals,Update 11.2.5,"September 3, 2025",https://thanosvibs.money/images-thumbnails/portraits/md/hellstorm1.png,/mff-assets/uniforms/hellstorm1.webp,https://thanosvibs.money/uniforms
hulk,Fear Itself,1750 Crystals,,1750 Crystals,Update 8.3,"August 10, 2022",https://thanosvibs.money/images-thumbnails/portraits/md/hulk7.png,/mff-assets/uniforms/hulk7.webp,https://thanosvibs.money/uniforms
hulk,Immortal Hulk,1750 Crystals,,1750 Crystals,Update 6.2,"June 30, 2020",https://thanosvibs.money/images-thumbnails/portraits/md/hulk6.png,/mff-assets/uniforms/hulk6.webp,https://thanosvibs.money/uniforms
hulk,Marvel Studios' Avengers: Endgame,1750 Crystals | Synergy,,1750 Crystals,Update 5.0,"April 24, 2019",https://thanosvibs.money/images-thumbnails/portraits/md/hulk4.png,/mff-assets/uniforms/hulk4.webp,https://thanosvibs.money/uniforms
hulk,Marvel Studios' Spider-Man: Brand New Day,1750 Crystals,,1750 Crystals,Update 12.1,"July 27, 2026",https://thanosvibs.money/images-thumbnails/portraits/md/hulk9.png,/mff-assets/uniforms/hulk9.webp,https://thanosvibs.money/uniforms
hulk,Marvel Studios' Thor: Ragnarok,1750 Crystals,,1750 Crystals,Update 3.5,"October 25, 2017",https://thanosvibs.money/images-thumbnails/portraits/md/hulk3.png,/mff-assets/uniforms/hulk3.webp,https://thanosvibs.money/uniforms
hulk,Team Suit,1750 Crystals | Synergy,,1750 Crystals,Update 5.0,"April 24, 2019",https://thanosvibs.money/images-thumbnails/portraits/md/hulk5.png,/mff-assets/uniforms/hulk5.webp,https://thanosvibs.money/uniforms
hulk,Titan,1750 Crystals,,1750 Crystals,Update 10.0,"May 8, 2024",https://thanosvibs.money/images-thumbnails/portraits/md/hulk8.png,/mff-assets/uniforms/hulk8.webp,https://thanosvibs.money/uniforms
hulk,World War Hulk,500000 Gold | Gold,,500000 Gold,Update 1.9,"January 20, 2016",https://thanosvibs.money/images-thumbnails/portraits/md/hulk2.png,/mff-assets/uniforms/hulk2.webp,https://thanosvibs.money/uniforms
hulk,Secret Wars: Future Imperfect,500000 Gold | Gold,,500000 Gold,Update 1.4,"August 25, 2015",https://thanosvibs.money/images-thumbnails/portraits/md/hulk1.png,/mff-assets/uniforms/hulk1.webp,https://thanosvibs.money/uniforms
hulkamadeuscho,Brawn,1750 Crystals,,1750 Crystals,Update 6.2,"June 30, 2020",https://thanosvibs.money/images-thumbnails/portraits/md/amadeuscho2.png,/mff-assets/uniforms/amadeuscho2.webp,https://thanosvibs.money/uniforms
hulkamadeuscho,Monsters Unleashed! (MFF Variant),500000 Gold | Gold,,500000 Gold,Update 2.8,"January 11, 2017",https://thanosvibs.money/images-thumbnails/portraits/md/amadeuscho1.png,/mff-assets/uniforms/amadeuscho1.webp,https://thanosvibs.money/uniforms
hulkamadeuscho,Heroic Age,1750 Crystals,,1750 Crystals,Update 11.4.5,"November 19, 2025",https://thanosvibs.money/images-thumbnails/portraits/md/amadeuscho3.png,/mff-assets/uniforms/amadeuscho3.webp,https://thanosvibs.money/uniforms
hulkbusterironmanmark44,3099,1750 Crystals,,1750 Crystals,Update 7.3,"August 3, 2021",https://thanosvibs.money/images-thumbnails/portraits/md/hulkbuster3.png,/mff-assets/uniforms/hulkbuster3.webp,https://thanosvibs.money/uniforms
hulkbusterironmanmark44,Celestial Hulkbuster,1750 Crystals,,1750 Crystals,Update 10.3,"September 4, 2024",https://thanosvibs.money/images-thumbnails/portraits/md/hulkbuster4.png,/mff-assets/uniforms/hulkbuster4.webp,https://thanosvibs.money/uniforms
hulkbusterironmanmark44,Heavy Duty Armor,500000 Gold | Gold,,500000 Gold,Update 2.0,"March 16, 2016",https://thanosvibs.money/images-thumbnails/portraits/md/hulkbuster1.png,/mff-assets/uniforms/hulkbuster1.webp,https://thanosvibs.money/uniforms
hulkbusterironmanmark44,Marvel Studios' Avengers: Infinity War,1750 Crystals,,1750 Crystals,Update 4.1,"May 30, 2018",https://thanosvibs.money/images-thumbnails/portraits/md/hulkbuster2.png,/mff-assets/uniforms/hulkbuster2.webp,https://thanosvibs.money/uniforms
humantorch,Classic,1750 Crystals,,1750 Crystals,Update 7.0,"April 20, 2021",https://thanosvibs.money/images-thumbnails/portraits/md/humantorch2.png,/mff-assets/uniforms/humantorch2.webp,https://thanosvibs.money/uniforms
humantorch,Future Foundation,1750 Crystals,,1750 Crystals,Update 5.3,"August 7, 2019",https://thanosvibs.money/images-thumbnails/portraits/md/humantorch1.png,/mff-assets/uniforms/humantorch1.webp,https://thanosvibs.money/uniforms
humantorch,Marvel Studios' The Fantastic Four: First Steps,1750 Crystals,,1750 Crystals,Update 11.1,"July 16, 2025",https://thanosvibs.money/images-thumbnails/portraits/md/humantorch4.png,/mff-assets/uniforms/humantorch4.webp,https://thanosvibs.money/uniforms
humantorch,The Fall of the Fantastic Four,1750 Crystals,,1750 Crystals,Update 10.1.5a,"June 26, 2024",https://thanosvibs.money/images-thumbnails/portraits/md/humantorch3.png,/mff-assets/uniforms/humantorch3.webp,https://thanosvibs.money/uniforms
hyperion,Classic,500000 Gold | Gold,,500000 Gold,Update 4.6,"November 28, 2018",https://thanosvibs.money/images-thumbnails/portraits/md/hyperion1.png,/mff-assets/uniforms/hyperion1.webp,https://thanosvibs.money/uniforms
hyperion,Enter the Phoenix,1750 Crystals,,1750 Crystals,Update 7.5,"October 13, 2021",https://thanosvibs.money/images-thumbnails/portraits/md/hyperion2.png,/mff-assets/uniforms/hyperion2.webp,https://thanosvibs.money/uniforms
iceman,Krakoan Summer,Summer Exclusive (1750 Crystals) | Seasonal | Summer | CrystalSummer,Summer,Summer Exclusive (1750 Crystals),Update 8.2.5,"July 20, 2022",https://thanosvibs.money/images-thumbnails/portraits/md/iceman2.png,/mff-assets/uniforms/iceman2.webp,https://thanosvibs.money/uniforms
iceman,X-Men Blue,1750 Crystals,,1750 Crystals,Update 6.3b,"August 25, 2020",https://thanosvibs.money/images-thumbnails/portraits/md/iceman1.png,/mff-assets/uniforms/iceman1.webp,https://thanosvibs.money/uniforms
ikaris,Marvel Studios' Eternals,1750 Crystals,,1750 Crystals,Update 7.5.5,"October 27, 2021",https://thanosvibs.money/images-thumbnails/portraits/md/ikaris1.png,/mff-assets/uniforms/ikaris1.webp,https://thanosvibs.money/uniforms
inferno,Modern,500000 Gold | Gold,,500000 Gold,Update 3.6,"November 28, 2017",https://thanosvibs.money/images-thumbnails/portraits/md/inferno1.png,/mff-assets/uniforms/inferno1.webp,https://thanosvibs.money/uniforms
invisiblewoman,Classic,1750 Crystals,,1750 Crystals,Update 7.0,"April 20, 2021",https://thanosvibs.money/images-thumbnails/portraits/md/invisiblewoman2.png,/mff-assets/uniforms/invisiblewoman2.webp,https://thanosvibs.money/uniforms
invisiblewoman,Future Foundation,1750 Crystals,,1750 Crystals,Update 5.3,"August 7, 2019",https://thanosvibs.money/images-thumbnails/portraits/md/invisiblewoman1.png,/mff-assets/uniforms/invisiblewoman1.webp,https://thanosvibs.money/uniforms
invisiblewoman,Marvel Studios' The Fantastic Four: First Steps,1750 Crystals,,1750 Crystals,Update 11.1,"July 16, 2025",https://thanosvibs.money/images-thumbnails/portraits/md/invisiblewoman4.png,/mff-assets/uniforms/invisiblewoman4.webp,https://thanosvibs.money/uniforms
invisiblewoman,The Fall of the Fantastic Four,1750 Crystals,,1750 Crystals,Update 10.1,"June 12, 2024",https://thanosvibs.money/images-thumbnails/portraits/md/invisiblewoman3.png,/mff-assets/uniforms/invisiblewoman3.webp,https://thanosvibs.money/uniforms
ironfist,"All-New, All-Different",500000 Gold | Gold,,500000 Gold,Update 2.2,"June 15, 2016",https://thanosvibs.money/images-thumbnails/portraits/md/ironfist2.png,/mff-assets/uniforms/ironfist2.webp,https://thanosvibs.money/uniforms
ironfist,Marvel Studios' Iron Fist,500000 Gold | Gold,,500000 Gold,Update 2.9.5,"March 15, 2017",https://thanosvibs.money/images-thumbnails/portraits/md/ironfist3.png,/mff-assets/uniforms/ironfist3.webp,https://thanosvibs.money/uniforms
ironfist,New Avengers,500000 Gold | Gold,,500000 Gold,Update 1.7,"November 17, 2015",https://thanosvibs.money/images-thumbnails/portraits/md/ironfist1.png,/mff-assets/uniforms/ironfist1.webp,https://thanosvibs.money/uniforms
ironfist,The Living Weapon,1750 Crystals,,1750 Crystals,Update 6.9,"March 16, 2021",https://thanosvibs.money/images-thumbnails/portraits/md/ironfist4.png,/mff-assets/uniforms/ironfist4.webp,https://thanosvibs.money/uniforms
ironman,Avengers 3099,Story Mode Clear #1 | Special,,Story Mode Clear #1,Update 5.7,"January 8, 2020",https://thanosvibs.money/images-thumbnails/portraits/md/ironman7.png,/mff-assets/uniforms/ironman7.webp,https://thanosvibs.money/uniforms
ironman,Avengers: Age of Ultron,Free | Special,,Free,Update 1.1,"May 15, 2015",https://thanosvibs.money/images-thumbnails/portraits/md/ironman1.png,/mff-assets/uniforms/ironman1.webp,https://thanosvibs.money/uniforms
ironman,Back to Basics,1750 Crystals,,1750 Crystals,Update 8.1,"June 1, 2022",https://thanosvibs.money/images-thumbnails/portraits/md/ironman9.png,/mff-assets/uniforms/ironman9.webp,https://thanosvibs.money/uniforms
ironman,Marvel Studios' Avengers: Endgame,1750 Crystals | Synergy,,1750 Crystals,Update 5.0,"April 24, 2019",https://thanosvibs.money/images-thumbnails/portraits/md/ironman5.png,/mff-assets/uniforms/ironman5.webp,https://thanosvibs.money/uniforms
ironman,Marvel Studios' Avengers: Infinity War,1750 Crystals,,1750 Crystals,Update 4.0,"April 25, 2018",https://thanosvibs.money/images-thumbnails/portraits/md/ironman4.png,/mff-assets/uniforms/ironman4.webp,https://thanosvibs.money/uniforms
ironman,Marvel Studios' Captain America: Civil War,500000 Gold | Gold,,500000 Gold,Update 2.1.5,"May 17, 2016",https://thanosvibs.money/images-thumbnails/portraits/md/ironman3.png,/mff-assets/uniforms/ironman3.webp,https://thanosvibs.money/uniforms
ironman,Model Nil,1750 Crystals,,1750 Crystals,Update 10.3,"September 4, 2024",https://thanosvibs.money/images-thumbnails/portraits/md/ironman10.png,/mff-assets/uniforms/ironman10.webp,https://thanosvibs.money/uniforms
ironman,Secret Wars: 2099,500000 Gold | Gold,,500000 Gold,Update 1.4,"August 25, 2015",https://thanosvibs.money/images-thumbnails/portraits/md/ironman2.png,/mff-assets/uniforms/ironman2.webp,https://thanosvibs.money/uniforms
ironman,Superior Iron Man,1750 Crystals,,1750 Crystals,Update 7.0,"April 20, 2021",https://thanosvibs.money/images-thumbnails/portraits/md/ironman8.png,/mff-assets/uniforms/ironman8.webp,https://thanosvibs.money/uniforms
ironman,Team Suit,1750 Crystals | Synergy,,1750 Crystals,Update 5.0,"April 24, 2019",https://thanosvibs.money/images-thumbnails/portraits/md/ironman6.png,/mff-assets/uniforms/ironman6.webp,https://thanosvibs.money/uniforms
ironheart,Marvel Television's Ironheart,1750 Crystals,,1750 Crystals,Update 11.0.5b,"July 2, 2025",https://thanosvibs.money/images-thumbnails/portraits/md/ironheart2.png,/mff-assets/uniforms/ironheart2.webp,https://thanosvibs.money/uniforms
ironheart,Black Panther: Wakanda Forever,1750 Crystals,,1750 Crystals,Update 8.5,"November 2, 2022",https://thanosvibs.money/images-thumbnails/portraits/md/ironheart1.png,/mff-assets/uniforms/ironheart1.webp,https://thanosvibs.money/uniforms
jeangrey,Dark Phoenix,2500 Crystals,,2500 Crystals,Update 8.6,"December 7, 2022",https://thanosvibs.money/images-thumbnails/portraits/md/jeangrey3.png,/mff-assets/uniforms/jeangrey3.webp,https://thanosvibs.money/uniforms
jeangrey,Marvel Girl,2500 Crystals,,2500 Crystals,Update 5.9,"March 18, 2020",https://thanosvibs.money/images-thumbnails/portraits/md/jeangrey2.png,/mff-assets/uniforms/jeangrey2.webp,https://thanosvibs.money/uniforms
jeangrey,Summer Flare Phoenix,Summer Exclusive (Paywall) | Seasonal | Summer | Paywall,Summer,Summer Exclusive (Paywall),Update 12.0.5,"July 8, 2026",https://thanosvibs.money/images-thumbnails/portraits/md/jeangrey4.png,/mff-assets/uniforms/jeangrey4.webp,https://thanosvibs.money/uniforms
jeangrey,X-Men Red,2500 Crystals,,2500 Crystals,Update 5.1,"May 29, 2019",https://thanosvibs.money/images-thumbnails/portraits/md/jeangrey1.png,/mff-assets/uniforms/jeangrey1.webp,https://thanosvibs.money/uniforms
jessicajones,Jewel,1750 Crystals,,1750 Crystals,Update 6.9,"March 16, 2021",https://thanosvibs.money/images-thumbnails/portraits/md/jessicajones1.png,/mff-assets/uniforms/jessicajones1.webp,https://thanosvibs.money/uniforms
jubilee,Marvel Animation's X-Men '97,1750 Crystals,,1750 Crystals,Update 12.0,"June 24, 2026",https://thanosvibs.money/images-thumbnails/portraits/md/jubilee1.png,/mff-assets/uniforms/jubilee1.webp,https://thanosvibs.money/uniforms
juggernaut,Fear Itself,1750 Crystals,,1750 Crystals,Update 8.3,"August 10, 2022",https://thanosvibs.money/images-thumbnails/portraits/md/juggernaut1.png,/mff-assets/uniforms/juggernaut1.webp,https://thanosvibs.money/uniforms
juggernaut,Savage Avengers,1750 Crystals,,1750 Crystals,Update 11.2,"August 20, 2025",https://thanosvibs.money/images-thumbnails/portraits/md/juggernaut2.png,/mff-assets/uniforms/juggernaut2.webp,https://thanosvibs.money/uniforms
kangtheconqueror,Rama-Tut,3250 Crystals,,3250 Crystals,Update 11.5.5b,"January 7, 2026",https://thanosvibs.money/images-thumbnails/portraits/md/kang1.png,/mff-assets/uniforms/kang1.webp,https://thanosvibs.money/uniforms
karnak,"All-New, All-Different",500000 Gold | Gold,,500000 Gold,Update 2.9.5,"March 15, 2017",https://thanosvibs.money/images-thumbnails/portraits/md/karnak1.png,/mff-assets/uniforms/karnak1.webp,https://thanosvibs.money/uniforms
kidkaiju,Monsters Unleashed! (MFF Variant),500000 Gold | Gold,,500000 Gold,Update 3.3,"August 9, 2017",https://thanosvibs.money/images-thumbnails/portraits/md/kidkaiju1.png,/mff-assets/uniforms/kidkaiju1.webp,https://thanosvibs.money/uniforms
kidomega,Uncanny X-Men,1750 Crystals,,1750 Crystals,Update 11.7,"March 4, 2026",https://thanosvibs.money/images-thumbnails/portraits/md/kidomega1.png,/mff-assets/uniforms/kidomega1.webp,https://thanosvibs.money/uniforms
killmonger,Marvel Studios' Black Panther,1750 Crystals,,1750 Crystals,Update 3.8,"February 7, 2018",https://thanosvibs.money/images-thumbnails/portraits/md/killmonger1.png,/mff-assets/uniforms/killmonger1.webp,https://thanosvibs.money/uniforms
kingo,Marvel Studios' Eternals,1750 Crystals,,1750 Crystals,Update 7.6,"November 17, 2021",https://thanosvibs.money/images-thumbnails/portraits/md/kingo1.png,/mff-assets/uniforms/kingo1.webp,https://thanosvibs.money/uniforms
kingpin,Marvel Television's Daredevil: Born Again,1750 Crystals,,1750 Crystals,Update 10.8,"March 19, 2025",https://thanosvibs.money/images-thumbnails/portraits/md/kingpin3.png,/mff-assets/uniforms/kingpin3.webp,https://thanosvibs.money/uniforms
kingpin,Secret Wars: Armor Wars,500000 Gold | Gold,,500000 Gold,Update 1.4,"August 25, 2015",https://thanosvibs.money/images-thumbnails/portraits/md/kingpin1.png,/mff-assets/uniforms/kingpin1.webp,https://thanosvibs.money/uniforms
kingpin,Winter Criminal,Christmas Exclusive (1750 Crystals) | Seasonal | Christmas | CrystalChristmas,Christmas,Christmas Exclusive (1750 Crystals),Update 7.7,"December 22, 2021",https://thanosvibs.money/images-thumbnails/portraits/md/kingpin2.png,/mff-assets/uniforms/kingpin2.webp,https://thanosvibs.money/uniforms
kittypryde,Red Queen,1750 Crystals,,1750 Crystals,Update 8.8.5,"February 28, 2023",https://thanosvibs.money/images-thumbnails/portraits/md/kittypryde1.png,/mff-assets/uniforms/kittypryde1.webp,https://thanosvibs.money/uniforms
knull,Ancient History,3250 Crystals,,3250 Crystals,Update 10.5.5,"December 4, 2024",https://thanosvibs.money/images-thumbnails/portraits/md/knull1.png,/mff-assets/uniforms/knull1.webp,https://thanosvibs.money/uniforms
kraventhehunter,Interdimensional Hunter,1750 Crystals,,1750 Crystals,Update 8.9,"March 22, 2023",https://thanosvibs.money/images-thumbnails/portraits/md/kraventhehunter1.png,/mff-assets/uniforms/kraventhehunter1.webp,https://thanosvibs.money/uniforms
lash,Modern,500000 Gold | Gold,,500000 Gold,Update 1.6,"October 29, 2015",https://thanosvibs.money/images-thumbnails/portraits/md/lash1.png,/mff-assets/uniforms/lash1.webp,https://thanosvibs.money/uniforms
loki,Agent of Asgard,1750 Crystals,,1750 Crystals,Update 6.7,"January 5, 2021",https://thanosvibs.money/images-thumbnails/portraits/md/loki4.png,/mff-assets/uniforms/loki4.webp,https://thanosvibs.money/uniforms
loki,Classic,500000 Gold | Gold,,500000 Gold,Update 4.4.5,"October 1, 2018",https://thanosvibs.money/images-thumbnails/portraits/md/loki3.png,/mff-assets/uniforms/loki3.webp,https://thanosvibs.money/uniforms
loki,Lady Loki,500000 Gold | Gold,,500000 Gold,Update 1.9,"January 20, 2016",https://thanosvibs.money/images-thumbnails/portraits/md/loki1.png,/mff-assets/uniforms/loki1.webp,https://thanosvibs.money/uniforms
loki,Marvel Studios' Loki,1750 Crystals,,1750 Crystals,Update 9.5.5,"November 22, 2023",https://thanosvibs.money/images-thumbnails/portraits/md/loki7.png,/mff-assets/uniforms/loki7.webp,https://thanosvibs.money/uniforms
loki,Marvel Studios' Loki (President Loki),1750 Crystals | Synergy,,1750 Crystals,Update 7.3.5,"August 17, 2021",https://thanosvibs.money/images-thumbnails/portraits/md/loki6.png,/mff-assets/uniforms/loki6.webp,https://thanosvibs.money/uniforms
loki,Marvel Studios' Loki (TVA Suit),1750 Crystals | Synergy,,1750 Crystals,Update 7.3.5,"August 17, 2021",https://thanosvibs.money/images-thumbnails/portraits/md/loki5.png,/mff-assets/uniforms/loki5.webp,https://thanosvibs.money/uniforms
loki,Marvel Studios' Thor: Ragnarok,1750 Crystals,,1750 Crystals,Update 3.5,"October 25, 2017",https://thanosvibs.money/images-thumbnails/portraits/md/loki2.png,/mff-assets/uniforms/loki2.webp,https://thanosvibs.money/uniforms
loki,Young Avengers,1750 Crystals,,1750 Crystals,Update 11.5,"December 11, 2025",https://thanosvibs.money/images-thumbnails/portraits/md/loki8.png,/mff-assets/uniforms/loki8.webp,https://thanosvibs.money/uniforms
lukecage,"All-New, All-Different",500000 Gold | Gold,,500000 Gold,Update 1.9.5,"February 16, 2016",https://thanosvibs.money/images-thumbnails/portraits/md/lukecage1.png,/mff-assets/uniforms/lukecage1.webp,https://thanosvibs.money/uniforms
lukecage,Marvel Studios' Luke Cage,500000 Gold | Gold,,500000 Gold,Update 2.9.5,"March 15, 2017",https://thanosvibs.money/images-thumbnails/portraits/md/lukecage2.png,/mff-assets/uniforms/lukecage2.webp,https://thanosvibs.money/uniforms
lukecage,Uptown Suit,1750 Crystals,,1750 Crystals,Update 6.9,"March 16, 2021",https://thanosvibs.money/images-thumbnails/portraits/md/lukecage3.png,/mff-assets/uniforms/lukecage3.webp,https://thanosvibs.money/uniforms
lunasnow,Andromeda Suit,1750 Crystals,,1750 Crystals,Update 4.6,"November 28, 2018",https://thanosvibs.money/images-thumbnails/portraits/md/lunasnow1.png,/mff-assets/uniforms/lunasnow1.webp,https://thanosvibs.money/uniforms
lunasnow,Lifestyle Series 1,1750 Crystals,,1750 Crystals,Update 5.5,"November 27, 2019",https://thanosvibs.money/images-thumbnails/portraits/md/lunasnow2.png,/mff-assets/uniforms/lunasnow2.webp,https://thanosvibs.money/uniforms
lunasnow,Light Sirius Armor,1750 Crystals,,1750 Crystals,Update 7.4.5,"September 23, 2021",https://thanosvibs.money/images-thumbnails/portraits/md/lunasnow3.png,/mff-assets/uniforms/lunasnow3.webp,https://thanosvibs.money/uniforms
lunasnow,Mirae 2099,1750 Crystals,,1750 Crystals,Update 11.8.5,"April 29, 2026",https://thanosvibs.money/images-thumbnails/portraits/md/lunasnow5.png,/mff-assets/uniforms/lunasnow5.webp,https://thanosvibs.money/uniforms
lunasnow,Summer Lilac,Summer Exclusive (Paywall) | Seasonal | Summer | Paywall,Summer,Summer Exclusive (Paywall),Update 9.2.5,"August 9, 2023",https://thanosvibs.money/images-thumbnails/portraits/md/lunasnow4.png,/mff-assets/uniforms/lunasnow4.webp,https://thanosvibs.money/uniforms
modok,Ant-Man and the Wasp: Quantumania,1750 Crystals,,1750 Crystals,Update 8.8,"February 15, 2023",https://thanosvibs.money/images-thumbnails/portraits/md/modok3.png,/mff-assets/uniforms/modok3.webp,https://thanosvibs.money/uniforms
modok,CAPDOC,500000 Gold | Gold,,500000 Gold,Update 2.3,"July 14, 2016",https://thanosvibs.money/images-thumbnails/portraits/md/modok2.png,/mff-assets/uniforms/modok2.webp,https://thanosvibs.money/uniforms
modok,SPIDOC,500000 Gold | Gold,,500000 Gold,Update 1.6,"October 29, 2015",https://thanosvibs.money/images-thumbnails/portraits/md/modok1.png,/mff-assets/uniforms/modok1.webp,https://thanosvibs.money/uniforms
madelynepryor,Winter Queen,Christmas Exclusive (Paywall) | Seasonal | Christmas | Paywall,Christmas,Christmas Exclusive (Paywall),Update 11.5.5a,"December 24, 2025",https://thanosvibs.money/images-thumbnails/portraits/md/madelynepryor1.png,/mff-assets/uniforms/madelynepryor1.webp,https://thanosvibs.money/uniforms
magik,Krakoan Winter,Christmas Exclusive (Paywall) | Seasonal | Christmas | Paywall,Christmas,Christmas Exclusive (Paywall),Update 8.6.5,"December 21, 2022",https://thanosvibs.money/images-thumbnails/portraits/md/magik2.png,/mff-assets/uniforms/magik2.webp,https://thanosvibs.money/uniforms
magik,Marvel Rivals,1750 Crystals,,1750 Crystals,Update 10.6.5b,"January 22, 2025",https://thanosvibs.money/images-thumbnails/portraits/md/magik3.png,/mff-assets/uniforms/magik3.webp,https://thanosvibs.money/uniforms
magik,Phoenix Five,1750 Crystals,,1750 Crystals,Update 5.4.5,"October 1, 2019",https://thanosvibs.money/images-thumbnails/portraits/md/magik1.png,/mff-assets/uniforms/magik1.webp,https://thanosvibs.money/uniforms
magneto,House of X,1750 Crystals,,1750 Crystals,Update 5.9,"March 18, 2020",https://thanosvibs.money/images-thumbnails/portraits/md/magneto2.png,/mff-assets/uniforms/magneto2.webp,https://thanosvibs.money/uniforms
magneto,Krakoan Winter,Christmas Exclusive (1750 Crystals) | Seasonal | Christmas | CrystalChristmas,Christmas,Christmas Exclusive (1750 Crystals),Update 8.6.5,"December 21, 2022",https://thanosvibs.money/images-thumbnails/portraits/md/magneto3.png,/mff-assets/uniforms/magneto3.webp,https://thanosvibs.money/uniforms
magneto,Marvel Animation's X-Men '97,1750 Crystals,,1750 Crystals,Update 12.0,"June 24, 2026",https://thanosvibs.money/images-thumbnails/portraits/md/magneto4.png,/mff-assets/uniforms/magneto4.webp,https://thanosvibs.money/uniforms
magneto,Marvel NOW!,1750 Crystals,,1750 Crystals,Update 4.5,"October 24, 2018",https://thanosvibs.money/images-thumbnails/portraits/md/magneto1.png,/mff-assets/uniforms/magneto1.webp,https://thanosvibs.money/uniforms
makkari,Marvel Studios' Eternals,1750 Crystals,,1750 Crystals,Update 7.5.5,"October 27, 2021",https://thanosvibs.money/images-thumbnails/portraits/md/makkari1.png,/mff-assets/uniforms/makkari1.webp,https://thanosvibs.money/uniforms
malekith,"All-New, All-Different",500000 Gold | Gold,,500000 Gold,Update 2.2,"June 15, 2016",https://thanosvibs.money/images-thumbnails/portraits/md/malekith1.png,/mff-assets/uniforms/malekith1.webp,https://thanosvibs.money/uniforms
malekith,War of the Realms,1750 Crystals,,1750 Crystals,Update 9.2,"July 26, 2023",https://thanosvibs.money/images-thumbnails/portraits/md/malekith2.png,/mff-assets/uniforms/malekith2.webp,https://thanosvibs.money/uniforms
mantis,Marvel Studios' Guardians of the Galaxy 3,1750 Crystals,,1750 Crystals,Update 9.0,"May 3, 2023",https://thanosvibs.money/images-thumbnails/portraits/md/mantis1.png,/mff-assets/uniforms/mantis1.webp,https://thanosvibs.money/uniforms
medusa,Ancient Curse,Halloween Exclusive (Paywall) | Seasonal | Halloween | Paywall,Halloween,Halloween Exclusive (Paywall),Update 11.3.5,"October 15, 2025",https://thanosvibs.money/images-thumbnails/portraits/md/medusa3.png,/mff-assets/uniforms/medusa3.webp,https://thanosvibs.money/uniforms
medusa,Inhumans vs X-Men,1750 Crystals,,1750 Crystals,Update 6.3,"August 11, 2020",https://thanosvibs.money/images-thumbnails/portraits/md/medusa2.png,/mff-assets/uniforms/medusa2.webp,https://thanosvibs.money/uniforms
medusa,Monsters Unleashed! (MFF Variant),500000 Gold | Gold,,500000 Gold,Update 4.4,"September 13, 2018",https://thanosvibs.money/images-thumbnails/portraits/md/medusa1.png,/mff-assets/uniforms/medusa1.webp,https://thanosvibs.money/uniforms
mephisto,Master of Hell,3250 Crystals,,3250 Crystals,Update 11.2.5,"September 3, 2025",https://thanosvibs.money/images-thumbnails/portraits/md/mephisto1.png,/mff-assets/uniforms/mephisto1.webp,https://thanosvibs.money/uniforms
minnerva,Marvel Studios' Captain Marvel,1750 Crystals,,1750 Crystals,Update 4.8,"February 20, 2019",https://thanosvibs.money/images-thumbnails/portraits/md/minn-erva1.png,/mff-assets/uniforms/minnerva1.webp,https://thanosvibs.money/uniforms
misterfantastic,Future Foundation,1750 Crystals,,1750 Crystals,Update 5.3,"August 7, 2019",https://thanosvibs.money/images-thumbnails/portraits/md/misterfantastic1.png,/mff-assets/uniforms/misterfantastic1.webp,https://thanosvibs.money/uniforms
misterfantastic,Marvel Studios' The Fantastic Four: First Steps,1750 Crystals,,1750 Crystals,Update 11.1,"July 16, 2025",https://thanosvibs.money/images-thumbnails/portraits/md/misterfantastic4.png,/mff-assets/uniforms/misterfantastic4.webp,https://thanosvibs.money/uniforms
misterfantastic,The Fall of the Fantastic Four,1750 Crystals,,1750 Crystals,Update 10.1,"June 12, 2024",https://thanosvibs.money/images-thumbnails/portraits/md/misterfantastic3.png,/mff-assets/uniforms/misterfantastic3.webp,https://thanosvibs.money/uniforms
misterfantastic,The Maker,1750 Crystals,,1750 Crystals,Update 7.0,"April 20, 2021",https://thanosvibs.money/images-thumbnails/portraits/md/misterfantastic2.png,/mff-assets/uniforms/misterfantastic2.webp,https://thanosvibs.money/uniforms
mistersinister,Hellfire Gala,1750 Crystals,,1750 Crystals,Update 7.7.5a,"January 5, 2022",https://thanosvibs.money/images-thumbnails/portraits/md/mistersinister1.png,/mff-assets/uniforms/mistersinister1.webp,https://thanosvibs.money/uniforms
mockingbird,"All-New, All-Different",500000 Gold | Gold,,500000 Gold,Update 2.2,"June 15, 2016",https://thanosvibs.money/images-thumbnails/portraits/md/mockingbird2.png,/mff-assets/uniforms/mockingbird2.webp,https://thanosvibs.money/uniforms
mockingbird,Marvel Studios' Agents of S.H.I.E.L.D.,500000 Gold | Gold,,500000 Gold,Update 1.5,"October 7, 2015",https://thanosvibs.money/images-thumbnails/portraits/md/mockingbird1.png,/mff-assets/uniforms/mockingbird1.webp,https://thanosvibs.money/uniforms
moongirl,Monsters Unleashed! (MFF Variant),1750 Crystals,,1750 Crystals,Update 4.7,"January 9, 2019",https://thanosvibs.money/images-thumbnails/portraits/md/moongirl1.png,/mff-assets/uniforms/moongirl1.webp,https://thanosvibs.money/uniforms
moonknight,Armored,500000 Gold | Gold,,500000 Gold,Update 2.5,"September 20, 2016",https://thanosvibs.money/images-thumbnails/portraits/md/moonknight1.png,/mff-assets/uniforms/moonknight1.webp,https://thanosvibs.money/uniforms
moonknight,Blood Moon Knight,1750 Crystals,,1750 Crystals,Update 11.8.5,"April 29, 2026",https://thanosvibs.money/images-thumbnails/portraits/md/moonknight4.png,/mff-assets/uniforms/moonknight4.webp,https://thanosvibs.money/uniforms
moonknight,Marvel Studios' Moon Knight,1750 Crystals,,1750 Crystals,Update 8.1.5,"June 15, 2022",https://thanosvibs.money/images-thumbnails/portraits/md/moonknight3.png,/mff-assets/uniforms/moonknight3.webp,https://thanosvibs.money/uniforms
moonknight,Mr. Knight,1750 Crystals,,1750 Crystals,Update 6.4a,"September 22, 2020",https://thanosvibs.money/images-thumbnails/portraits/md/moonknight2.png,/mff-assets/uniforms/moonknight2.webp,https://thanosvibs.money/uniforms
morganlefay,Fallen Soul,Halloween Exclusive (Paywall) | Seasonal | Halloween | Paywall,Halloween,Halloween Exclusive (Paywall),Update 8.4.5b,"October 19, 2022",https://thanosvibs.money/images-thumbnails/portraits/md/morganlefay1.png,/mff-assets/uniforms/morganlefay1.webp,https://thanosvibs.money/uniforms
msmarvelkamalakhan,Inhumans: Attilan Rising,1750 Crystals,,1750 Crystals,Update 6.3a,"August 18, 2020",https://thanosvibs.money/images-thumbnails/portraits/md/kamalakhan2.png,/mff-assets/uniforms/kamalakhan2.webp,https://thanosvibs.money/uniforms
msmarvelkamalakhan,Karachi Costume,500000 Gold | Gold,,500000 Gold,Update 2.9,"February 15, 2017",https://thanosvibs.money/images-thumbnails/portraits/md/kamalakhan1.png,/mff-assets/uniforms/kamalakhan1.webp,https://thanosvibs.money/uniforms
msmarvelkamalakhan,Marvel Animation's Marvel Zombies,1750 Crystals,,1750 Crystals,Update 11.3,"September 24, 2025",https://thanosvibs.money/images-thumbnails/portraits/md/kamalakhan5.png,/mff-assets/uniforms/kamalakhan5.webp,https://thanosvibs.money/uniforms
msmarvelkamalakhan,Marvel Studios' Ms. Marvel,1750 Crystals,,1750 Crystals,Update 8.3.5a,"August 24, 2022",https://thanosvibs.money/images-thumbnails/portraits/md/kamalakhan3.png,/mff-assets/uniforms/kamalakhan3.webp,https://thanosvibs.money/uniforms
msmarvelkamalakhan,Marvel Studios' The Marvels,1750 Crystals,,1750 Crystals,Update 9.5,"November 8, 2023",https://thanosvibs.money/images-thumbnails/portraits/md/kamalakhan4.png,/mff-assets/uniforms/kamalakhan4.webp,https://thanosvibs.money/uniforms
mysterio,Spider-Man: Far From Home,1750 Crystals,,1750 Crystals,Update 5.2,"July 2, 2019",https://thanosvibs.money/images-thumbnails/portraits/md/mysterio1.png,/mff-assets/uniforms/mysterio1.webp,https://thanosvibs.money/uniforms
mysterio,Summer Mystery,Summer Exclusive (1750 Crystals) | Seasonal | Summer | CrystalSummer,Summer,Summer Exclusive (1750 Crystals),Update 9.2.5,"August 9, 2023",https://thanosvibs.money/images-thumbnails/portraits/md/mysterio2.png,/mff-assets/uniforms/mysterio2.webp,https://thanosvibs.money/uniforms
mystique,Hellfire Gala,1750 Crystals,,1750 Crystals,Update 9.7.5,"January 31, 2024",https://thanosvibs.money/images-thumbnails/portraits/md/mystique1.png,/mff-assets/uniforms/mystique1.webp,https://thanosvibs.money/uniforms
namor,Black Panther: Wakanda Forever,1750 Crystals,,1750 Crystals,Update 8.5,"November 2, 2022",https://thanosvibs.money/images-thumbnails/portraits/md/namor2.png,/mff-assets/uniforms/namor2.webp,https://thanosvibs.money/uniforms
namor,Phoenix Five,1750 Crystals,,1750 Crystals,Update 5.4.5,"October 1, 2019",https://thanosvibs.money/images-thumbnails/portraits/md/namor1.png,/mff-assets/uniforms/namor1.webp,https://thanosvibs.money/uniforms
nebula,Classic,500000 Gold | Gold,,500000 Gold,Update 2.4,"August 17, 2016",https://thanosvibs.money/images-thumbnails/portraits/md/nebula1.png,/mff-assets/uniforms/nebula1.webp,https://thanosvibs.money/uniforms
nebula,Marvel Studios' Avengers: Endgame,1750 Crystals | Synergy,,1750 Crystals,Update 5.0,"April 24, 2019",https://thanosvibs.money/images-thumbnails/portraits/md/nebula4.png,/mff-assets/uniforms/nebula4.webp,https://thanosvibs.money/uniforms
nebula,Team Suit,1750 Crystals | Synergy,,1750 Crystals,Update 5.0,"April 24, 2019",https://thanosvibs.money/images-thumbnails/portraits/md/nebula5.png,/mff-assets/uniforms/nebula5.webp,https://thanosvibs.money/uniforms
nebula,Marvel Studios' What If...?,1750 Crystals,,1750 Crystals,Update 9.6,"December 14, 2023",https://thanosvibs.money/images-thumbnails/portraits/md/nebula6.png,/mff-assets/uniforms/nebula6.webp,https://thanosvibs.money/uniforms
nickfury,Marvel Studios' Captain Marvel,1750 Crystals,,1750 Crystals,Update 4.8,"February 20, 2019",https://thanosvibs.money/images-thumbnails/portraits/md/nickfury2.png,/mff-assets/uniforms/nickfury2.webp,https://thanosvibs.money/uniforms
nickfury,Marvel Studios' The Marvels,1750 Crystals,,1750 Crystals,Update 9.5,"November 8, 2023",https://thanosvibs.money/images-thumbnails/portraits/md/nickfury3.png,/mff-assets/uniforms/nickfury3.webp,https://thanosvibs.money/uniforms
nickfury,Secret Avengers,1750 Crystals,,1750 Crystals,Update 10.7.5b,"March 5, 2025",https://thanosvibs.money/images-thumbnails/portraits/md/nickfury4.png,/mff-assets/uniforms/nickfury4.webp,https://thanosvibs.money/uniforms
nightcrawler,Classic,500000 Gold | Gold,,500000 Gold,Update 6.8,"February 8, 2021",https://thanosvibs.money/images-thumbnails/portraits/md/nightcrawler2.png,/mff-assets/uniforms/nightcrawler2.webp,https://thanosvibs.money/uniforms
nightcrawler,X-Force,500000 Gold | Gold,,500000 Gold,Update 4.9,"March 20, 2019",https://thanosvibs.money/images-thumbnails/portraits/md/nightcrawler1.png,/mff-assets/uniforms/nightcrawler1.webp,https://thanosvibs.money/uniforms
novarichardrider,Marvel Cosmic Invasion,1750 Crystals,,1750 Crystals,Update 11.6.5,"February 11, 2026",https://thanosvibs.money/images-thumbnails/portraits/md/nova1.png,/mff-assets/uniforms/nova1.webp,https://thanosvibs.money/uniforms
odin,All-Father,2500 Crystals,,2500 Crystals,Update 6.2.5a,"July 15, 2020",https://thanosvibs.money/images-thumbnails/portraits/md/odin1.png,/mff-assets/uniforms/odin1.webp,https://thanosvibs.money/uniforms
odin,"Avengers 1,000,000 BC",2500 Crystals,,2500 Crystals,Update 9.2,"July 26, 2023",https://thanosvibs.money/images-thumbnails/portraits/md/odin2.png,/mff-assets/uniforms/odin2.webp,https://thanosvibs.money/uniforms
odin,Lord of Asgard,2500 Crystals,,2500 Crystals,Update 11.9,"May 20, 2026",https://thanosvibs.money/images-thumbnails/portraits/md/odin3.png,/mff-assets/uniforms/odin3.webp,https://thanosvibs.money/uniforms
philcoulson,A.O.S. Season 3,500000 Gold | Gold,,500000 Gold,Update 3.6,"November 28, 2017",https://thanosvibs.money/images-thumbnails/portraits/md/philcoulson1.png,/mff-assets/uniforms/philcoulson1.webp,https://thanosvibs.money/uniforms
philcoulson,Winter Ops,Christmas Exclusive (1750 Crystals) | Seasonal | Christmas | CrystalChristmas,Christmas,Christmas Exclusive (1750 Crystals),Update 9.6.5,"December 28, 2023",https://thanosvibs.money/images-thumbnails/portraits/md/philcoulson2.png,/mff-assets/uniforms/philcoulson2.webp,https://thanosvibs.money/uniforms
phylavell,Marvel Cosmic Invasion,1750 Crystals,,1750 Crystals,Update 11.6.5,"February 11, 2026",https://thanosvibs.money/images-thumbnails/portraits/md/phylavell1.png,/mff-assets/uniforms/phylavell1.webp,https://thanosvibs.money/uniforms
polaris,Uncanny X-Men,1750 Crystals,,1750 Crystals,Update 11.7,"March 4, 2026",https://thanosvibs.money/images-thumbnails/portraits/md/polaris1.png,/mff-assets/uniforms/polaris1.webp,https://thanosvibs.money/uniforms
professorx,Classic,1750 Crystals,,1750 Crystals,Update 7.0,"April 20, 2021",https://thanosvibs.money/images-thumbnails/portraits/md/professorx1.png,/mff-assets/uniforms/professorx1.webp,https://thanosvibs.money/uniforms
professorx,Quiet Council,1750 Crystals,,1750 Crystals,Update 8.8.5,"February 28, 2023",https://thanosvibs.money/images-thumbnails/portraits/md/professorx2.png,/mff-assets/uniforms/professorx2.webp,https://thanosvibs.money/uniforms
proximamidnight,Dark Obsidian Armor,1750 Crystals,,1750 Crystals,Update 7.1,"May 26, 2021",https://thanosvibs.money/images-thumbnails/portraits/md/proximamidnight2.png,/mff-assets/uniforms/proximamidnight2.webp,https://thanosvibs.money/uniforms
proximamidnight,Marvel Studios' Avengers: Infinity War,1750 Crystals,,1750 Crystals,Update 4.0,"April 25, 2018",https://thanosvibs.money/images-thumbnails/portraits/md/proximamidnight1.png,/mff-assets/uniforms/proximamidnight1.webp,https://thanosvibs.money/uniforms
psylocke,Disassembled,1750 Crystals,,1750 Crystals,Update 5.1,"May 29, 2019",https://thanosvibs.money/images-thumbnails/portraits/md/psylocke2.png,/mff-assets/uniforms/psylocke2.webp,https://thanosvibs.money/uniforms
psylocke,Summer Vacation,Summer Exclusive (Paywall) | Seasonal | Summer | Paywall,Summer,Summer Exclusive (Paywall),Update 10.2.5a,"August 7, 2024",https://thanosvibs.money/images-thumbnails/portraits/md/psylocke4.png,/mff-assets/uniforms/psylocke4.webp,https://thanosvibs.money/uniforms
psylocke,Hellfire Gala,1750 Crystals,,1750 Crystals,Update 7.7.5a,"January 5, 2022",https://thanosvibs.money/images-thumbnails/portraits/md/psylocke3.png,/mff-assets/uniforms/psylocke3.webp,https://thanosvibs.money/uniforms
punisher,Cosmic Ghost Rider,1750 Crystals,,1750 Crystals,Update 6.1,"May 27, 2020",https://thanosvibs.money/images-thumbnails/portraits/md/punisher5.png,/mff-assets/uniforms/punisher5.webp,https://thanosvibs.money/uniforms
punisher,Fist of the Beast,1750 Crystals,,1750 Crystals,Update 8.5.5,"November 16, 2022",https://thanosvibs.money/images-thumbnails/portraits/md/punisher6.png,/mff-assets/uniforms/punisher6.webp,https://thanosvibs.money/uniforms
punisher,Marvel Legacy,1750 Crystals,,1750 Crystals,Update 3.7,"January 10, 2018",https://thanosvibs.money/images-thumbnails/portraits/md/punisher4.png,/mff-assets/uniforms/punisher4.webp,https://thanosvibs.money/uniforms
punisher,Marvel Studios' Daredevil,500000 Gold | Gold,,500000 Gold,Update 2.9.5,"March 15, 2017",https://thanosvibs.money/images-thumbnails/portraits/md/punisher3.png,/mff-assets/uniforms/punisher3.webp,https://thanosvibs.money/uniforms
punisher,Marvel Television's Daredevil: Born Again,1750 Crystals,,1750 Crystals,Update 10.8,"March 19, 2025",https://thanosvibs.money/images-thumbnails/portraits/md/punisher7.png,/mff-assets/uniforms/punisher7.webp,https://thanosvibs.money/uniforms
punisher,Noir,500000 Gold | Gold,,500000 Gold,Update 1.6,"October 29, 2015",https://thanosvibs.money/images-thumbnails/portraits/md/punisher1.png,/mff-assets/uniforms/punisher1.webp,https://thanosvibs.money/uniforms
punisher,War Journal,500000 Gold | Gold,,500000 Gold,Update 2.3,"July 14, 2016",https://thanosvibs.money/images-thumbnails/portraits/md/punisher2.png,/mff-assets/uniforms/punisher2.webp,https://thanosvibs.money/uniforms
quasaravrilkincaid,Classic,1750 Crystals,,1750 Crystals,Update 7.2.5,"July 14, 2021",https://thanosvibs.money/images-thumbnails/portraits/md/quasar1.png,/mff-assets/uniforms/quasar1.webp,https://thanosvibs.money/uniforms
quicksilver,Marvel Legacy,1750 Crystals,,1750 Crystals,Update 4.4,"September 13, 2018",https://thanosvibs.money/images-thumbnails/portraits/md/quicksilver1.png,/mff-assets/uniforms/quicksilver1.webp,https://thanosvibs.money/uniforms
quicksilver,Mighty Avengers,1750 Crystals,,1750 Crystals,Update 10.0.5,"May 22, 2024",https://thanosvibs.money/images-thumbnails/portraits/md/quicksilver4.png,/mff-assets/uniforms/quicksilver4.webp,https://thanosvibs.money/uniforms
quicksilver,Summer Days,Summer Exclusive (1750 Crystals) | Seasonal | Summer | CrystalSummer,Summer,Summer Exclusive (1750 Crystals),Update 7.3,"August 3, 2021",https://thanosvibs.money/images-thumbnails/portraits/md/quicksilver3.png,/mff-assets/uniforms/quicksilver3.webp,https://thanosvibs.money/uniforms
quicksilver,Uncanny Avengers,1750 Crystals,,1750 Crystals,Update 5.5,"November 27, 2019",https://thanosvibs.money/images-thumbnails/portraits/md/quicksilver2.png,/mff-assets/uniforms/quicksilver2.webp,https://thanosvibs.money/uniforms
rachelsummers,X-Men: Days of Future Past,1750 Crystals,,1750 Crystals,Update 9.7,"January 17, 2024",https://thanosvibs.money/images-thumbnails/portraits/md/rachelsummers1.png,/mff-assets/uniforms/rachelsummers1.webp,https://thanosvibs.money/uniforms
redguardian,Marvel Studios' Black Widow,1750 Crystals,,1750 Crystals,Update 6.0,"April 22, 2020",https://thanosvibs.money/images-thumbnails/portraits/md/redguardian1.png,/mff-assets/uniforms/redguardian1.webp,https://thanosvibs.money/uniforms
redguardian,Marvel Studios' Thunderbolts*,1750 Crystals,,1750 Crystals,Update 10.9,"April 29, 2025",https://thanosvibs.money/images-thumbnails/portraits/md/redguardian2.png,/mff-assets/uniforms/redguardian2.webp,https://thanosvibs.money/uniforms
redhulk,Marvel NOW!,500000 Gold | Gold,,500000 Gold,Update 2.8,"January 11, 2017",https://thanosvibs.money/images-thumbnails/portraits/md/redhulk1.png,/mff-assets/uniforms/redhulk1.webp,https://thanosvibs.money/uniforms
redhulk,Marvel Studios' Captain America: Brave New World,1750 Crystals,,1750 Crystals,Update 10.7,"February 5, 2025",https://thanosvibs.money/images-thumbnails/portraits/md/redhulk3.png,/mff-assets/uniforms/redhulk3.webp,https://thanosvibs.money/uniforms
redhulk,Symbiote of Vengeance,1750 Crystals,,1750 Crystals,Update 6.2.5a,"July 15, 2020",https://thanosvibs.money/images-thumbnails/portraits/md/redhulk2.png,/mff-assets/uniforms/redhulk2.webp,https://thanosvibs.money/uniforms
redskull,Hydra Armor,1750 Crystals,,1750 Crystals,Update 5.8,"February 12, 2020",https://thanosvibs.money/images-thumbnails/portraits/md/redskull2.png,/mff-assets/uniforms/redskull2.webp,https://thanosvibs.money/uniforms
redskull,Secret Wars: Red Skull,500000 Gold | Gold,,500000 Gold,Update 2.3,"July 14, 2016",https://thanosvibs.money/images-thumbnails/portraits/md/redskull1.png,/mff-assets/uniforms/redskull1.webp,https://thanosvibs.money/uniforms
rescue,3099,1750 Crystals,,1750 Crystals,Update 7.3,"August 3, 2021",https://thanosvibs.money/images-thumbnails/portraits/md/rescue1.png,/mff-assets/uniforms/rescue1.webp,https://thanosvibs.money/uniforms
rescue,Invincible Iron Man,1750 Crystals,,1750 Crystals,Update 10.3,"September 4, 2024",https://thanosvibs.money/images-thumbnails/portraits/md/rescue2.png,/mff-assets/uniforms/rescue2.webp,https://thanosvibs.money/uniforms
rhino,Uncanny Spider-Man,1750 Crystals,,1750 Crystals,Update 12.1.5,"August 12, 2026",https://thanosvibs.money/images-thumbnails/portraits/md/rhino1.png,/mff-assets/uniforms/rhino1.webp,https://thanosvibs.money/uniforms
rocketraccoon,"All-New, All-Different",500000 Gold | Gold,,500000 Gold,Update 1.9,"January 20, 2016",https://thanosvibs.money/images-thumbnails/portraits/md/rocketraccoon1.png,/mff-assets/uniforms/rocketraccoon1.webp,https://thanosvibs.money/uniforms
rocketraccoon,Guardians of the Galaxy 2,500000 Gold | Gold,,500000 Gold,Update 3.0,"April 27, 2017",https://thanosvibs.money/images-thumbnails/portraits/md/rocketraccoon2.png,/mff-assets/uniforms/rocketraccoon2.webp,https://thanosvibs.money/uniforms
rocketraccoon,Marvel Studios' Avengers: Endgame,1750 Crystals | Synergy,,1750 Crystals,Update 5.0,"April 24, 2019",https://thanosvibs.money/images-thumbnails/portraits/md/rocketraccoon4.png,/mff-assets/uniforms/rocketraccoon4.webp,https://thanosvibs.money/uniforms
rocketraccoon,Marvel Studios' Avengers: Infinity War,1750 Crystals,,1750 Crystals,Update 4.1,"May 30, 2018",https://thanosvibs.money/images-thumbnails/portraits/md/rocketraccoon3.png,/mff-assets/uniforms/rocketraccoon3.webp,https://thanosvibs.money/uniforms
rocketraccoon,Marvel Studios' Guardians of the Galaxy 3,1750 Crystals,,1750 Crystals,Update 9.0,"May 3, 2023",https://thanosvibs.money/images-thumbnails/portraits/md/rocketraccoon6.png,/mff-assets/uniforms/rocketraccoon6.webp,https://thanosvibs.money/uniforms
rocketraccoon,Team Suit,1750 Crystals | Synergy,,1750 Crystals,Update 5.0,"April 24, 2019",https://thanosvibs.money/images-thumbnails/portraits/md/rocketraccoon5.png,/mff-assets/uniforms/rocketraccoon5.webp,https://thanosvibs.money/uniforms
rogue,Age of Apocalypse,500000 Gold | Gold,,500000 Gold,Update 3.4.5,"September 27, 2017",https://thanosvibs.money/images-thumbnails/portraits/md/rogue1.png,/mff-assets/uniforms/rogue1.webp,https://thanosvibs.money/uniforms
rogue,Excalibur,1750 Crystals,,1750 Crystals,Update 6.8.5,"February 22, 2021",https://thanosvibs.money/images-thumbnails/portraits/md/rogue3.png,/mff-assets/uniforms/rogue3.webp,https://thanosvibs.money/uniforms
rogue,Uncanny Avengers,1750 Crystals,,1750 Crystals,Update 5.5,"November 27, 2019",https://thanosvibs.money/images-thumbnails/portraits/md/rogue2.png,/mff-assets/uniforms/rogue2.webp,https://thanosvibs.money/uniforms
rogue,Winter Ops,Christmas Exclusive (Paywall) | Seasonal | Christmas | Paywall,Christmas,Christmas Exclusive (Paywall),Update 9.6.5,"December 28, 2023",https://thanosvibs.money/images-thumbnails/portraits/md/rogue4.png,/mff-assets/uniforms/rogue4.webp,https://thanosvibs.money/uniforms
ronan,Annihilation,500000 Gold | Gold,,500000 Gold,Update 2.2,"June 15, 2016",https://thanosvibs.money/images-thumbnails/portraits/md/ronan1.png,/mff-assets/uniforms/ronan1.webp,https://thanosvibs.money/uniforms
ronan,Annihilators,1750 Crystals,,1750 Crystals,Update 9.8.5,"March 6, 2024",https://thanosvibs.money/images-thumbnails/portraits/md/ronan3.png,/mff-assets/uniforms/ronan3.webp,https://thanosvibs.money/uniforms
ronan,Marvel Studios' Captain Marvel,1750 Crystals,,1750 Crystals,Update 4.8,"February 20, 2019",https://thanosvibs.money/images-thumbnails/portraits/md/ronan2.png,/mff-assets/uniforms/ronan2.webp,https://thanosvibs.money/uniforms
sabretooth,Ultimate,1750 Crystals,,1750 Crystals,Update 9.1.5a,"June 28, 2023",https://thanosvibs.money/images-thumbnails/portraits/md/sabretooth2.png,/mff-assets/uniforms/sabretooth2.webp,https://thanosvibs.money/uniforms
sabretooth,Uncanny Avengers,1750 Crystals,,1750 Crystals,Update 5.5,"November 27, 2019",https://thanosvibs.money/images-thumbnails/portraits/md/sabretooth1.png,/mff-assets/uniforms/sabretooth1.webp,https://thanosvibs.money/uniforms
sandman,Beach Fortress,Summer Exclusive (1750 Crystals) | Seasonal | Summer | CrystalSummer,Summer,Summer Exclusive (1750 Crystals),Update 12.0.5,"July 8, 2026",https://thanosvibs.money/images-thumbnails/portraits/md/sandman1.png,/mff-assets/uniforms/sandman1.webp,https://thanosvibs.money/uniforms
satana,Ascended One,April Fools Exclusive (Paywall) | Seasonal | April | Paywall,April Fool's,April Fools Exclusive (Paywall),Update 9.9,"March 27, 2024",https://thanosvibs.money/images-thumbnails/portraits/md/satana2.png,/mff-assets/uniforms/satana2.webp,https://thanosvibs.money/uniforms
satana,Marvel Legacy,500000 Gold | Gold,,500000 Gold,Update 3.7,"January 10, 2018",https://thanosvibs.money/images-thumbnails/portraits/md/satana1.png,/mff-assets/uniforms/satana1.webp,https://thanosvibs.money/uniforms
scarletspider,Gift Deliverer,Christmas Exclusive (1750 Crystals) | Seasonal | Christmas | CrystalChristmas,Christmas,Christmas Exclusive (1750 Crystals),Update 11.5.5a,"December 24, 2025",https://thanosvibs.money/images-thumbnails/portraits/md/scarletspider2.png,/mff-assets/uniforms/scarletspider2.webp,https://thanosvibs.money/uniforms
scarletspider,Dark Web,1750 Crystals,,1750 Crystals,Update 8.7.5,"January 26, 2023",https://thanosvibs.money/images-thumbnails/portraits/md/scarletspider1.png,/mff-assets/uniforms/scarletspider1.webp,https://thanosvibs.money/uniforms
scarletwitch,"All-New, All-Different",1750 Crystals,,1750 Crystals,Update 5.9.5,"April 1, 2020",https://thanosvibs.money/images-thumbnails/portraits/md/scarletwitch3.png,/mff-assets/uniforms/scarletwitch3.webp,https://thanosvibs.money/uniforms
scarletwitch,Marvel Animation's Marvel Zombies,1750 Crystals,,1750 Crystals,Update 11.3,"September 24, 2025",https://thanosvibs.money/images-thumbnails/portraits/md/scarletwitch7.png,/mff-assets/uniforms/scarletwitch7.webp,https://thanosvibs.money/uniforms
scarletwitch,Marvel Studios' Avengers: Infinity War,1750 Crystals,,1750 Crystals,Update 4.1,"May 30, 2018",https://thanosvibs.money/images-thumbnails/portraits/md/scarletwitch1.png,/mff-assets/uniforms/scarletwitch1.webp,https://thanosvibs.money/uniforms
scarletwitch,Marvel Studios' Doctor Strange 2,1750 Crystals,,1750 Crystals,Update 8.0,"April 27, 2022",https://thanosvibs.money/images-thumbnails/portraits/md/scarletwitch5.png,/mff-assets/uniforms/scarletwitch5.webp,https://thanosvibs.money/uniforms
scarletwitch,Marvel Studios' WandaVision,1750 Crystals,,1750 Crystals,Update 7.0.5,"May 3, 2021",https://thanosvibs.money/images-thumbnails/portraits/md/scarletwitch4.png,/mff-assets/uniforms/scarletwitch4.webp,https://thanosvibs.money/uniforms
scarletwitch,Scarlet Witch,1750 Crystals,,1750 Crystals,Update 10.0.5,"May 22, 2024",https://thanosvibs.money/images-thumbnails/portraits/md/scarletwitch6.png,/mff-assets/uniforms/scarletwitch6.webp,https://thanosvibs.money/uniforms
scarletwitch,Uncanny Avengers,1750 Crystals,,1750 Crystals,Update 5.5,"November 27, 2019",https://thanosvibs.money/images-thumbnails/portraits/md/scarletwitch2.png,/mff-assets/uniforms/scarletwitch2.webp,https://thanosvibs.money/uniforms
scorpion,Marvel Studios' Spider-Man: Brand New Day,1750 Crystals,,1750 Crystals,Update 12.1,"July 27, 2026",https://thanosvibs.money/images-thumbnails/portraits/md/scorpion1.png,/mff-assets/uniforms/scorpion1.webp,https://thanosvibs.money/uniforms
scream,Silence,1750 Crystals,,1750 Crystals,Update 8.4,"September 21, 2022",https://thanosvibs.money/images-thumbnails/portraits/md/scream1.png,/mff-assets/uniforms/scream1.webp,https://thanosvibs.money/uniforms
sentinel,Nimrod The Lesser,1750 Crystals,,1750 Crystals,Update 5.9,"March 18, 2020",https://thanosvibs.money/images-thumbnails/portraits/md/sentinel1.png,/mff-assets/uniforms/sentinel1.webp,https://thanosvibs.money/uniforms
sentinel,Stark Sentinels Mk II,1750 Crystals,,1750 Crystals,Update 11.6,"January 21, 2026",https://thanosvibs.money/images-thumbnails/portraits/md/sentinel2.png,/mff-assets/uniforms/sentinel2.webp,https://thanosvibs.money/uniforms
sentry,Marvel Studios' Thunderbolts*,3250 Crystals,,3250 Crystals,Update 10.9,"April 29, 2025",https://thanosvibs.money/images-thumbnails/portraits/md/sentry2.png,/mff-assets/uniforms/sentry2.webp,https://thanosvibs.money/uniforms
sentry,Merged,3250 Crystals,,3250 Crystals,Update 10.0,"May 8, 2024",https://thanosvibs.money/images-thumbnails/portraits/md/sentry1.png,/mff-assets/uniforms/sentry1.webp,https://thanosvibs.money/uniforms
sersi,Marvel Studios' Eternals,1750 Crystals,,1750 Crystals,Update 7.5.5,"October 27, 2021",https://thanosvibs.money/images-thumbnails/portraits/md/sersi1.png,/mff-assets/uniforms/sersi1.webp,https://thanosvibs.money/uniforms
shadowshell,Moon Temple Defenders,1750 Crystals,,1750 Crystals,Update 8.7,"January 11, 2023",https://thanosvibs.money/images-thumbnails/portraits/md/shadowshell1.png,/mff-assets/uniforms/shadowshell1.webp,https://thanosvibs.money/uniforms
shangchi,Marvel Animation's Marvel Zombies,1750 Crystals,,1750 Crystals,Update 11.3,"September 24, 2025",https://thanosvibs.money/images-thumbnails/portraits/md/shangchi2.png,/mff-assets/uniforms/shangchi2.webp,https://thanosvibs.money/uniforms
shangchi,Marvel Studios' Shang-Chi,1750 Crystals,,1750 Crystals,Update 7.4,"September 8, 2021",https://thanosvibs.money/images-thumbnails/portraits/md/shangchi1.png,/mff-assets/uniforms/shangchi1.webp,https://thanosvibs.money/uniforms
shehulk,All-New,500000 Gold | Gold,,500000 Gold,Update 1.4,"August 25, 2015",https://thanosvibs.money/images-thumbnails/portraits/md/shehulk1.png,/mff-assets/uniforms/shehulk1.webp,https://thanosvibs.money/uniforms
shehulk,Avengers,1750 Crystals,,1750 Crystals,Update 6.2,"June 30, 2020",https://thanosvibs.money/images-thumbnails/portraits/md/shehulk3.png,/mff-assets/uniforms/shehulk3.webp,https://thanosvibs.money/uniforms
shehulk,Fantastic Four,500000 Gold | Gold,,500000 Gold,Update 4.7,"January 9, 2019",https://thanosvibs.money/images-thumbnails/portraits/md/shehulk2.png,/mff-assets/uniforms/shehulk2.webp,https://thanosvibs.money/uniforms
shehulk,Marvel Studios' She-Hulk: Attorney at Law,1750 Crystals,,1750 Crystals,Update 8.3.5b,"September 7, 2022",https://thanosvibs.money/images-thumbnails/portraits/md/shehulk4.png,/mff-assets/uniforms/shehulk4.webp,https://thanosvibs.money/uniforms
shuri,Black Panther: Wakanda Forever,1750 Crystals,,1750 Crystals,Update 8.5,"November 2, 2022",https://thanosvibs.money/images-thumbnails/portraits/md/shuri2.png,/mff-assets/uniforms/shuri2.webp,https://thanosvibs.money/uniforms
shuri,Marvel Studios' Black Panther,1750 Crystals,,1750 Crystals,Update 3.8,"February 7, 2018",https://thanosvibs.money/images-thumbnails/portraits/md/shuri1.png,/mff-assets/uniforms/shuri1.webp,https://thanosvibs.money/uniforms
shuri,Marvel Studios' Black Panther: Wakanda Forever,1750 Crystals,,1750 Crystals,Update 9.3.5,"September 13, 2023",https://thanosvibs.money/images-thumbnails/portraits/md/shuri3.png,/mff-assets/uniforms/shuri3.webp,https://thanosvibs.money/uniforms
sif,Asgard Invasion,1750 Crystals,,1750 Crystals,Update 7.6.5,"November 30, 2021",https://thanosvibs.money/images-thumbnails/portraits/md/sif2.png,/mff-assets/uniforms/sif2.webp,https://thanosvibs.money/uniforms
sif,Modern,500000 Gold | Gold,,500000 Gold,Update 2.7,"December 7, 2016",https://thanosvibs.money/images-thumbnails/portraits/md/sif1.png,/mff-assets/uniforms/sif1.webp,https://thanosvibs.money/uniforms
silk,Summer Days,Summer Exclusive (Paywall) | Seasonal | Summer | Paywall,Summer,Summer Exclusive (Paywall),Update 7.3,"August 3, 2021",https://thanosvibs.money/images-thumbnails/portraits/md/silk2.png,/mff-assets/uniforms/silk2.webp,https://thanosvibs.money/uniforms
silk,Web Suit,500000 Gold | Gold,,500000 Gold,Update 2.7,"December 7, 2016",https://thanosvibs.money/images-thumbnails/portraits/md/silk1.png,/mff-assets/uniforms/silk1.webp,https://thanosvibs.money/uniforms
silversurfer,Black,2500 Crystals,,2500 Crystals,Update 6.1.5,"June 10, 2020",https://thanosvibs.money/images-thumbnails/portraits/md/silversurfer1.png,/mff-assets/uniforms/silversurfer1.webp,https://thanosvibs.money/uniforms
silversurfer,Void Knight,2500 Crystals,,2500 Crystals,Update 9.8.5,"March 6, 2024",https://thanosvibs.money/images-thumbnails/portraits/md/silversurfer2.png,/mff-assets/uniforms/silversurfer2.webp,https://thanosvibs.money/uniforms
sin,Rage Returned,Halloween Exclusive (Paywall) | Seasonal | Halloween | Paywall,Halloween,Halloween Exclusive (Paywall),Update 9.4.5,"October 18, 2023",https://thanosvibs.money/images-thumbnails/portraits/md/sin1.png,/mff-assets/uniforms/sin1.webp,https://thanosvibs.money/uniforms
sistergrimm,"All-New, All-Different",500000 Gold | Gold,,500000 Gold,Update 1.8,"December 15, 2015",https://thanosvibs.money/images-thumbnails/portraits/md/sistergrimm1.png,/mff-assets/uniforms/sistergrimm1.webp,https://thanosvibs.money/uniforms
sistergrimm,Runaways,1750 Crystals,,1750 Crystals,Update 9.4,"October 5, 2023",https://thanosvibs.money/images-thumbnails/portraits/md/sistergrimm2.png,/mff-assets/uniforms/sistergrimm2.webp,https://thanosvibs.money/uniforms
spectrum,Marvel Studios' The Marvels,1750 Crystals,,1750 Crystals,Update 9.5,"November 8, 2023",https://thanosvibs.money/images-thumbnails/portraits/md/spectrum1.png,/mff-assets/uniforms/spectrum1.webp,https://thanosvibs.money/uniforms
spidergwen,Gwendolyne Stacy,500000 Gold | Gold,,500000 Gold,Update 3.3,"August 9, 2017",https://thanosvibs.money/images-thumbnails/portraits/md/spidergwen1.png,/mff-assets/uniforms/spidergwen1.webp,https://thanosvibs.money/uniforms
spidergwen,Gwenom,1750 Crystals,,1750 Crystals,Update 6.5,"October 27, 2020",https://thanosvibs.money/images-thumbnails/portraits/md/spidergwen2.png,/mff-assets/uniforms/spidergwen2.webp,https://thanosvibs.money/uniforms
spidergwen,Spider-Man: Across the Spider-Verse,1750 Crystals,,1750 Crystals,Update 9.1.5b,"July 12, 2023",https://thanosvibs.money/images-thumbnails/portraits/md/spidergwen3.png,/mff-assets/uniforms/spidergwen3.webp,https://thanosvibs.money/uniforms
spiderman,"All-New, All-Different",500000 Gold | Gold,,500000 Gold,Update 1.8,"December 15, 2015",https://thanosvibs.money/images-thumbnails/portraits/md/spiderman2.png,/mff-assets/uniforms/spiderman2.webp,https://thanosvibs.money/uniforms
spiderman,Back to Basics,1750 Crystals,,1750 Crystals,Update 8.7.5,"January 26, 2023",https://thanosvibs.money/images-thumbnails/portraits/md/spiderman10.png,/mff-assets/uniforms/spiderman10.webp,https://thanosvibs.money/uniforms
spiderman,Marvel Studios' Avengers: Infinity War,1750 Crystals,,1750 Crystals,Update 4.0,"April 25, 2018",https://thanosvibs.money/images-thumbnails/portraits/md/spiderman5.png,/mff-assets/uniforms/spiderman5.webp,https://thanosvibs.money/uniforms
spiderman,Marvel Studios' Captain America: Civil War,500000 Gold | Gold,,500000 Gold,Update 2.1.5,"May 17, 2016",https://thanosvibs.money/images-thumbnails/portraits/md/spiderman3.png,/mff-assets/uniforms/spiderman3.webp,https://thanosvibs.money/uniforms
spiderman,Marvel Studios' Spider-Man: Brand New Day,1750 Crystals,,1750 Crystals,Update 12.1,"July 27, 2026",https://thanosvibs.money/images-thumbnails/portraits/md/spiderman12.png,/mff-assets/uniforms/spiderman12.webp,https://thanosvibs.money/uniforms
spiderman,Secret Wars: Renew Your Vows,500000 Gold | Gold,,500000 Gold,Update 1.4,"August 25, 2015",https://thanosvibs.money/images-thumbnails/portraits/md/spiderman1.png,/mff-assets/uniforms/spiderman1.webp,https://thanosvibs.money/uniforms
spiderman,Spider-Man: Far From Home,1750 Crystals | Synergy,,1750 Crystals,Update 5.2,"July 2, 2019",https://thanosvibs.money/images-thumbnails/portraits/md/spiderman6.png,/mff-assets/uniforms/spiderman6.webp,https://thanosvibs.money/uniforms
spiderman,Spider-Man: Far From Home (Stealth Suit),1750 Crystals | Synergy,,1750 Crystals,Update 5.2,"July 2, 2019",https://thanosvibs.money/images-thumbnails/portraits/md/spiderman7.png,/mff-assets/uniforms/spiderman7.webp,https://thanosvibs.money/uniforms
spiderman,Spider-Man: Homecoming Homemade Suit,500000 Gold | Gold,,500000 Gold,Update 3.2,"July 5, 2017",https://thanosvibs.money/images-thumbnails/portraits/md/spiderman4.png,/mff-assets/uniforms/spiderman4.webp,https://thanosvibs.money/uniforms
spiderman,Spider-Man: No Way Home (Black & Gold Suit),1750 Crystals | Synergy,,1750 Crystals,Update 7.7,"December 22, 2021",https://thanosvibs.money/images-thumbnails/portraits/md/spiderman9.png,/mff-assets/uniforms/spiderman9.webp,https://thanosvibs.money/uniforms
spiderman,Spider-Man: No Way Home (Integrated Suit),1750 Crystals | Synergy,,1750 Crystals,Update 7.7,"December 22, 2021",https://thanosvibs.money/images-thumbnails/portraits/md/spiderman8.png,/mff-assets/uniforms/spiderman8.webp,https://thanosvibs.money/uniforms
spiderman,The Symbiote Suit,1750 Crystals,,1750 Crystals,Update 10.5,"November 20, 2024",https://thanosvibs.money/images-thumbnails/portraits/md/spiderman11.png,/mff-assets/uniforms/spiderman11.webp,https://thanosvibs.money/uniforms
spidermanmilesmorales,Absolute Carnage,1750 Crystals,,1750 Crystals,Update 6.5a,"November 5, 2020",https://thanosvibs.money/images-thumbnails/portraits/md/milesmorales2.png,/mff-assets/uniforms/milesmorales2.webp,https://thanosvibs.money/uniforms
spidermanmilesmorales,Ancient Curse,Halloween Exclusive (1750 Crystals) | Seasonal | Halloween | CrystalHalloween,Halloween,Halloween Exclusive (1750 Crystals),Update 11.3.5,"October 15, 2025",https://thanosvibs.money/images-thumbnails/portraits/md/milesmorales5.png,/mff-assets/uniforms/milesmorales5.webp,https://thanosvibs.money/uniforms
spidermanmilesmorales,Anniversary Special,1750 Crystals,,1750 Crystals,Update 8.7,"January 11, 2023",https://thanosvibs.money/images-thumbnails/portraits/md/milesmorales3.png,/mff-assets/uniforms/milesmorales3.webp,https://thanosvibs.money/uniforms
spidermanmilesmorales,Into the Spider-Verse,1750 Crystals,,1750 Crystals,Update 4.6,"November 28, 2018",https://thanosvibs.money/images-thumbnails/portraits/md/milesmorales1.png,/mff-assets/uniforms/milesmorales1.webp,https://thanosvibs.money/uniforms
spidermanmilesmorales,Spider-Man: Across the Spider-Verse,1750 Crystals,,1750 Crystals,Update 9.1,"June 14, 2023",https://thanosvibs.money/images-thumbnails/portraits/md/milesmorales4.png,/mff-assets/uniforms/milesmorales4.webp,https://thanosvibs.money/uniforms
spiderman2099,"All-New, All-Different",1750 Crystals,,1750 Crystals,Update 5.2,"July 2, 2019",https://thanosvibs.money/images-thumbnails/portraits/md/spiderman20991.png,/mff-assets/uniforms/spiderman20991.webp,https://thanosvibs.money/uniforms
spiderman2099,Spider-Man: Across the Spider-Verse,1750 Crystals,,1750 Crystals,Update 9.1,"June 14, 2023",https://thanosvibs.money/images-thumbnails/portraits/md/spiderman20992.png,/mff-assets/uniforms/spiderman20992.webp,https://thanosvibs.money/uniforms
spiderwoman,Spider-Man: Across the Spider-Verse,1750 Crystals,,1750 Crystals,Update 9.1,"June 14, 2023",https://thanosvibs.money/images-thumbnails/portraits/md/spiderwoman1.png,/mff-assets/uniforms/spiderwoman1.webp,https://thanosvibs.money/uniforms
squirrelgirl,Marvel NOW!,500000 Gold | Gold,,500000 Gold,Update 2.8,"January 11, 2017",https://thanosvibs.money/images-thumbnails/portraits/md/squirrelgirl1.png,/mff-assets/uniforms/squirrelgirl1.webp,https://thanosvibs.money/uniforms
squirrelgirl,Nutty Titan,April Fools Exclusive (Paywall) | Seasonal | April | Paywall,April Fool's,April Fools Exclusive (Paywall),Update 8.9.5a,"April 5, 2023",https://thanosvibs.money/images-thumbnails/portraits/md/squirrelgirl2.png,/mff-assets/uniforms/squirrelgirl2.webp,https://thanosvibs.money/uniforms
starlord,Grounded,1750 Crystals,,1750 Crystals,Update 6.1,"May 27, 2020",https://thanosvibs.money/images-thumbnails/portraits/md/starlord4.png,/mff-assets/uniforms/starlord4.webp,https://thanosvibs.money/uniforms
starlord,Guardians of the Galaxy 2,500000 Gold | Gold,,500000 Gold,Update 3.0,"April 27, 2017",https://thanosvibs.money/images-thumbnails/portraits/md/starlord2.png,/mff-assets/uniforms/starlord2.webp,https://thanosvibs.money/uniforms
starlord,Marvel Studios' Avengers: Infinity War,1750 Crystals,,1750 Crystals,Update 4.1,"May 30, 2018",https://thanosvibs.money/images-thumbnails/portraits/md/starlord3.png,/mff-assets/uniforms/starlord3.webp,https://thanosvibs.money/uniforms
starlord,Marvel Studios' Guardians of the Galaxy 3,1750 Crystals,,1750 Crystals,Update 9.0,"May 3, 2023",https://thanosvibs.money/images-thumbnails/portraits/md/starlord5.png,/mff-assets/uniforms/starlord5.webp,https://thanosvibs.money/uniforms
starlord,Space Armor,500000 Gold | Gold,,500000 Gold,Update 1.9.5,"February 16, 2016",https://thanosvibs.money/images-thumbnails/portraits/md/starlord1.png,/mff-assets/uniforms/starlord1.webp,https://thanosvibs.money/uniforms
starlord,Wastelanders,1750 Crystals,,1750 Crystals,Update 10.6.5a,"January 8, 2025",https://thanosvibs.money/images-thumbnails/portraits/md/starlord6.png,/mff-assets/uniforms/starlord6.webp,https://thanosvibs.money/uniforms
storm,Inhumans vs X-Men,1750 Crystals,,1750 Crystals,Update 6.3.5,"September 1, 2020",https://thanosvibs.money/images-thumbnails/portraits/md/storm3.png,/mff-assets/uniforms/storm3.webp,https://thanosvibs.money/uniforms
storm,Krakoan Summer,Summer Exclusive (Paywall) | Seasonal | Summer | Paywall,Summer,Summer Exclusive (Paywall),Update 8.2.5,"July 20, 2022",https://thanosvibs.money/images-thumbnails/portraits/md/storm4.png,/mff-assets/uniforms/storm4.webp,https://thanosvibs.money/uniforms
storm,Marvel Animation's X-Men '97,1750 Crystals,,1750 Crystals,Update 11.0,"June 4, 2025",https://thanosvibs.money/images-thumbnails/portraits/md/storm5.png,/mff-assets/uniforms/storm5.webp,https://thanosvibs.money/uniforms
storm,X-Men Red,1750 Crystals,,1750 Crystals,Update 5.1,"May 29, 2019",https://thanosvibs.money/images-thumbnails/portraits/md/storm1.png,/mff-assets/uniforms/storm1.webp,https://thanosvibs.money/uniforms
stryfe,Classic,2500 Crystals,,2500 Crystals,Update 9.3,"August 30, 2023",https://thanosvibs.money/images-thumbnails/portraits/md/stryfe1.png,/mff-assets/uniforms/stryfe1.webp,https://thanosvibs.money/uniforms
stryfe,The Tyrant of Spring,April Fools Exclusive (2500 Crystals) | Seasonal | April | CrystalApril,April Fool's,April Fools Exclusive (2500 Crystals),Update 11.7.5,"March 18, 2026",https://thanosvibs.money/images-thumbnails/portraits/md/stryfe2.png,/mff-assets/uniforms/stryfe2.webp,https://thanosvibs.money/uniforms
sunbird,Moon Temple Defenders,1750 Crystals,,1750 Crystals,Update 8.3.5a,"August 24, 2022",https://thanosvibs.money/images-thumbnails/portraits/md/sunbird1.png,/mff-assets/uniforms/sunbird1.webp,https://thanosvibs.money/uniforms
supergiant,Dark Obsidian Armor,1750 Crystals,,1750 Crystals,Update 7.1,"May 26, 2021",https://thanosvibs.money/images-thumbnails/portraits/md/supergiant1.png,/mff-assets/uniforms/supergiant1.webp,https://thanosvibs.money/uniforms
swordmaster,Classic,500000 Gold | Gold,,500000 Gold,Update 7.4,"September 8, 2021",https://thanosvibs.money/images-thumbnails/portraits/md/swordmaster1.png,/mff-assets/uniforms/swordmaster1.webp,https://thanosvibs.money/uniforms
taskmaster,Marvel Studios' Black Widow,1750 Crystals,,1750 Crystals,Update 6.0,"April 22, 2020",https://thanosvibs.money/images-thumbnails/portraits/md/taskmaster1.png,/mff-assets/uniforms/taskmaster1.webp,https://thanosvibs.money/uniforms
taskmaster,Marvel Studios' Thunderbolts*,1750 Crystals,,1750 Crystals,Update 10.9.5,"May 14, 2025",https://thanosvibs.money/images-thumbnails/portraits/md/taskmaster2.png,/mff-assets/uniforms/taskmaster2.webp,https://thanosvibs.money/uniforms
thane,Phoenix Force,1750 Crystals,,1750 Crystals,Update 9.9.5a,"April 11, 2024",https://thanosvibs.money/images-thumbnails/portraits/md/thane1.png,/mff-assets/uniforms/thane1.webp,https://thanosvibs.money/uniforms
thanos,Marvel Studios' Avengers: Endgame,2500 Crystals,,2500 Crystals,Update 5.0,"April 24, 2019",https://thanosvibs.money/images-thumbnails/portraits/md/thanos3.png,/mff-assets/uniforms/thanos3.webp,https://thanosvibs.money/uniforms
thanos,Marvel Studios' Avengers: Infinity War,2500 Crystals,,2500 Crystals,Update 4.0,"April 25, 2018",https://thanosvibs.money/images-thumbnails/portraits/md/thanos2.png,/mff-assets/uniforms/thanos2.webp,https://thanosvibs.money/uniforms
thanos,Obsidian King,2500 Crystals,,2500 Crystals,Update 7.8.5b,"March 2, 2022",https://thanosvibs.money/images-thumbnails/portraits/md/thanos4.png,/mff-assets/uniforms/thanos4.webp,https://thanosvibs.money/uniforms
thanos,Secret Wars: Infinity,2500 Crystals,,2500 Crystals,Update 3.3,"August 9, 2017",https://thanosvibs.money/images-thumbnails/portraits/md/thanos1.png,/mff-assets/uniforms/thanos1.webp,https://thanosvibs.money/uniforms
thanos,Thanos Wins,2500 Crystals,,2500 Crystals,Update 9.9,"March 27, 2024",https://thanosvibs.money/images-thumbnails/portraits/md/thanos6.png,/mff-assets/uniforms/thanos6.webp,https://thanosvibs.money/uniforms
thanos,Wise Harvester,April Fools Exclusive (2500 Crystals) | Seasonal | April | CrystalApril,April Fool's,April Fools Exclusive (2500 Crystals),Update 8.9.5a,"April 5, 2023",https://thanosvibs.money/images-thumbnails/portraits/md/thanos5.png,/mff-assets/uniforms/thanos5.webp,https://thanosvibs.money/uniforms
thething,Classic,1750 Crystals,,1750 Crystals,Update 7.0,"April 20, 2021",https://thanosvibs.money/images-thumbnails/portraits/md/thing2.png,/mff-assets/uniforms/thing2.webp,https://thanosvibs.money/uniforms
thething,Future Foundation,1750 Crystals,,1750 Crystals,Update 5.3,"August 7, 2019",https://thanosvibs.money/images-thumbnails/portraits/md/thing1.png,/mff-assets/uniforms/thing1.webp,https://thanosvibs.money/uniforms
thething,Marvel Studios' The Fantastic Four: First Steps,1750 Crystals,,1750 Crystals,Update 11.1,"July 16, 2025",https://thanosvibs.money/images-thumbnails/portraits/md/thing4.png,/mff-assets/uniforms/thing4.webp,https://thanosvibs.money/uniforms
thething,The Fall of the Fantastic Four,1750 Crystals,,1750 Crystals,Update 10.1.5a,"June 26, 2024",https://thanosvibs.money/images-thumbnails/portraits/md/thing3.png,/mff-assets/uniforms/thing3.webp,https://thanosvibs.money/uniforms
thena,Marvel Studios' Eternals,1750 Crystals,,1750 Crystals,Update 7.6,"November 17, 2021",https://thanosvibs.money/images-thumbnails/portraits/md/thena1.png,/mff-assets/uniforms/thena1.webp,https://thanosvibs.money/uniforms
thor,All-Father Reborn,1750 Crystals,,1750 Crystals,Update 10.0,"May 8, 2024",https://thanosvibs.money/images-thumbnails/portraits/md/thor10.png,/mff-assets/uniforms/thor10.webp,https://thanosvibs.money/uniforms
thor,Avengers: Age of Ultron,500000 Gold | Gold,,500000 Gold,Update 1.1,"May 15, 2015",https://thanosvibs.money/images-thumbnails/portraits/md/thor7.png,/mff-assets/uniforms/thor7.webp,https://thanosvibs.money/uniforms
thor,Herald of Thunder,1750 Crystals,,1750 Crystals,Update 6.7,"January 5, 2021",https://thanosvibs.money/images-thumbnails/portraits/md/thor8.png,/mff-assets/uniforms/thor8.webp,https://thanosvibs.money/uniforms
thor,Marvel Studios' Avengers: Endgame,1750 Crystals | Synergy,,1750 Crystals,Update 5.0,"April 24, 2019",https://thanosvibs.money/images-thumbnails/portraits/md/thor5.png,/mff-assets/uniforms/thor5.webp,https://thanosvibs.money/uniforms
thor,Marvel Studios' Avengers: Infinity War,1750 Crystals,,1750 Crystals,Update 4.0,"April 25, 2018",https://thanosvibs.money/images-thumbnails/portraits/md/thor4.png,/mff-assets/uniforms/thor4.webp,https://thanosvibs.money/uniforms
thor,Marvel Studios' Thor: Love and Thunder,1750 Crystals,,1750 Crystals,Update 8.2,"July 6, 2022",https://thanosvibs.money/images-thumbnails/portraits/md/thor9.png,/mff-assets/uniforms/thor9.webp,https://thanosvibs.money/uniforms
thor,Marvel Studios' Thor: Ragnarok,1750 Crystals,,1750 Crystals,Update 3.5,"October 25, 2017",https://thanosvibs.money/images-thumbnails/portraits/md/thor3.png,/mff-assets/uniforms/thor3.webp,https://thanosvibs.money/uniforms
thor,Team Suit,1750 Crystals | Synergy,,1750 Crystals,Update 5.0,"April 24, 2019",https://thanosvibs.money/images-thumbnails/portraits/md/thor6.png,/mff-assets/uniforms/thor6.webp,https://thanosvibs.money/uniforms
thor,Unworthy,500000 Gold | Gold,,500000 Gold,Update 2.7,"December 7, 2016",https://thanosvibs.money/images-thumbnails/portraits/md/thor2.png,/mff-assets/uniforms/thor2.webp,https://thanosvibs.money/uniforms
thorjanefoster,Marvel Studios' Thor: Love and Thunder,1750 Crystals,,1750 Crystals,Update 8.2,"July 6, 2022",https://thanosvibs.money/images-thumbnails/portraits/md/janefoster1.png,/mff-assets/uniforms/janefoster1.webp,https://thanosvibs.money/uniforms
titania,Fear Itself,1750 Crystals,,1750 Crystals,Update 8.3,"August 10, 2022",https://thanosvibs.money/images-thumbnails/portraits/md/titania1.png,/mff-assets/uniforms/titania1.webp,https://thanosvibs.money/uniforms
ultron,All-Father Ultron,1750 Crystals,,1750 Crystals,Update 11.6,"January 21, 2026",https://thanosvibs.money/images-thumbnails/portraits/md/ultron5.png,/mff-assets/uniforms/ultron5.webp,https://thanosvibs.money/uniforms
ultron,Marvel Studios' What If...?,1750 Crystals,,1750 Crystals,Update 7.8.5b,"March 2, 2022",https://thanosvibs.money/images-thumbnails/portraits/md/ultron4.png,/mff-assets/uniforms/ultron4.webp,https://thanosvibs.money/uniforms
ultron,Avengers: Age of Ultron · Ultron Mark 1,500000 Gold | Gold,,500000 Gold,Update 1.1,"May 15, 2015",https://thanosvibs.money/images-thumbnails/portraits/md/ultron2.png,/mff-assets/uniforms/ultron2.webp,https://thanosvibs.money/uniforms
ultron,Avengers: Age of Ultron · Ultron Mark 3,500000 Gold | Gold,,500000 Gold,Update 1.1,"May 15, 2015",https://thanosvibs.money/images-thumbnails/portraits/md/ultron3.png,/mff-assets/uniforms/ultron3.webp,https://thanosvibs.money/uniforms
ultron,Avengers: Age of Ultron · Ultron Prime,500000 Gold | Gold,,500000 Gold,Update 1.1,"May 15, 2015",https://thanosvibs.money/images-thumbnails/portraits/md/ultron1.png,/mff-assets/uniforms/ultron1.webp,https://thanosvibs.money/uniforms
valkyrie,Asgardians of the Galaxy,1750 Crystals,,1750 Crystals,Update 11.9,"May 20, 2026",https://thanosvibs.money/images-thumbnails/portraits/md/valkyrie3.png,/mff-assets/uniforms/valkyrie3.webp,https://thanosvibs.money/uniforms
valkyrie,Fearless Defenders,1750 Crystals,,1750 Crystals,Update 6.7,"January 5, 2021",https://thanosvibs.money/images-thumbnails/portraits/md/valkyrie1.png,/mff-assets/uniforms/valkyrie1.webp,https://thanosvibs.money/uniforms
valkyrie,Marvel Studios' Thor: Love and Thunder,1750 Crystals,,1750 Crystals,Update 8.2,"July 6, 2022",https://thanosvibs.money/images-thumbnails/portraits/md/valkyrie2.png,/mff-assets/uniforms/valkyrie2.webp,https://thanosvibs.money/uniforms
venom,Anti-Venom,500000 Gold | Gold,,500000 Gold,Update 3.2,"July 5, 2017",https://thanosvibs.money/images-thumbnails/portraits/md/venom2.png,/mff-assets/uniforms/venom2.webp,https://thanosvibs.money/uniforms
venom,King in Black,1750 Crystals,,1750 Crystals,Update 8.4,"September 21, 2022",https://thanosvibs.money/images-thumbnails/portraits/md/venom4.png,/mff-assets/uniforms/venom4.webp,https://thanosvibs.money/uniforms
venom,Secret Wars: Marvel Zombies,500000 Gold | Gold,,500000 Gold,Update 1.4,"August 25, 2015",https://thanosvibs.money/images-thumbnails/portraits/md/venom1.png,/mff-assets/uniforms/venom1.webp,https://thanosvibs.money/uniforms
venom,Snow Symbiote,1750 Crystals,,1750 Crystals,Update 11.8,"April 8, 2026",https://thanosvibs.money/images-thumbnails/portraits/md/venom6.png,/mff-assets/uniforms/venom6.webp,https://thanosvibs.money/uniforms
venom,War of the Realms,1750 Crystals,,1750 Crystals,Update 6.5,"October 27, 2020",https://thanosvibs.money/images-thumbnails/portraits/md/venom3.png,/mff-assets/uniforms/venom3.webp,https://thanosvibs.money/uniforms
venom,Warstar,1750 Crystals,,1750 Crystals,Update 10.5,"November 20, 2024",https://thanosvibs.money/images-thumbnails/portraits/md/venom5.png,/mff-assets/uniforms/venom5.webp,https://thanosvibs.money/uniforms
victorious,Emperor Guarder,1750 Crystals,,1750 Crystals,Update 10.1.5b,"July 10, 2024",https://thanosvibs.money/images-thumbnails/portraits/md/victorious1.png,/mff-assets/uniforms/victorious1.webp,https://thanosvibs.money/uniforms
vision,Avengers: Age of Ultron,500000 Gold | Gold,,500000 Gold,Update 1.1,"May 15, 2015",https://thanosvibs.money/images-thumbnails/portraits/md/vision1.png,/mff-assets/uniforms/vision1.webp,https://thanosvibs.money/uniforms
vision,Marvel Studios' WandaVision,1750 Crystals,,1750 Crystals,Update 7.0.5,"May 3, 2021",https://thanosvibs.money/images-thumbnails/portraits/md/vision3.png,/mff-assets/uniforms/vision3.webp,https://thanosvibs.money/uniforms
vision,Ultimate Vision,1750 Crystals,,1750 Crystals,Update 11.6,"January 21, 2026",https://thanosvibs.money/images-thumbnails/portraits/md/vision4.png,/mff-assets/uniforms/vision4.webp,https://thanosvibs.money/uniforms
vision,Uncanny Avengers,500000 Gold | Gold,,500000 Gold,Update 5.5,"November 27, 2019",https://thanosvibs.money/images-thumbnails/portraits/md/vision2.png,/mff-assets/uniforms/vision2.webp,https://thanosvibs.money/uniforms
vulture,Spider-Man: Homecoming,500000 Gold | Gold,,500000 Gold,Update 3.2,"July 5, 2017",https://thanosvibs.money/images-thumbnails/portraits/md/vulture1.png,/mff-assets/uniforms/vulture1.webp,https://thanosvibs.money/uniforms
warmachine,3099,1750 Crystals,,1750 Crystals,Update 7.3.5,"August 17, 2021",https://thanosvibs.money/images-thumbnails/portraits/md/warmachine7.png,/mff-assets/uniforms/warmachine7.webp,https://thanosvibs.money/uniforms
warmachine,Avengers: The Initiative,500000 Gold | Gold,,500000 Gold,Update 1.8,"December 15, 2015",https://thanosvibs.money/images-thumbnails/portraits/md/warmachine2.png,/mff-assets/uniforms/warmachine2.webp,https://thanosvibs.money/uniforms
warmachine,Invincible Iron Man,1750 Crystals,,1750 Crystals,Update 10.3,"September 4, 2024",https://thanosvibs.money/images-thumbnails/portraits/md/warmachine8.png,/mff-assets/uniforms/warmachine8.webp,https://thanosvibs.money/uniforms
warmachine,Iron Patriot,500000 Gold | Gold,,500000 Gold,Update 1.2.5,"June 30, 2015",https://thanosvibs.money/images-thumbnails/portraits/md/warmachine1.png,/mff-assets/uniforms/warmachine1.webp,https://thanosvibs.money/uniforms
warmachine,Marvel Studios' Avengers: Endgame,1750 Crystals | Synergy,,1750 Crystals,Update 5.0,"April 24, 2019",https://thanosvibs.money/images-thumbnails/portraits/md/warmachine5.png,/mff-assets/uniforms/warmachine5.webp,https://thanosvibs.money/uniforms
warmachine,Marvel Studios' Avengers: Infinity War,1750 Crystals,,1750 Crystals,Update 4.1,"May 30, 2018",https://thanosvibs.money/images-thumbnails/portraits/md/warmachine4.png,/mff-assets/uniforms/warmachine4.webp,https://thanosvibs.money/uniforms
warmachine,Marvel Studios' Captain America: Civil War,500000 Gold | Gold,,500000 Gold,Update 2.1.5,"May 17, 2016",https://thanosvibs.money/images-thumbnails/portraits/md/warmachine3.png,/mff-assets/uniforms/warmachine3.webp,https://thanosvibs.money/uniforms
warmachine,Team Suit,1750 Crystals | Synergy,,1750 Crystals,Update 5.0,"April 24, 2019",https://thanosvibs.money/images-thumbnails/portraits/md/warmachine6.png,/mff-assets/uniforms/warmachine6.webp,https://thanosvibs.money/uniforms
wartiger,Moon Temple Defenders,1750 Crystals,,1750 Crystals,Update 8.7,"January 11, 2023",https://thanosvibs.money/images-thumbnails/portraits/md/wartiger1.png,/mff-assets/uniforms/wartiger1.webp,https://thanosvibs.money/uniforms
wasp,"All-New, All-Different",500000 Gold | Gold,,500000 Gold,Update 2.4,"August 17, 2016",https://thanosvibs.money/images-thumbnails/portraits/md/wasp1.png,/mff-assets/uniforms/wasp1.webp,https://thanosvibs.money/uniforms
wasp,Ant-Man and the Wasp: Quantumania,1750 Crystals,,1750 Crystals,Update 8.8,"February 15, 2023",https://thanosvibs.money/images-thumbnails/portraits/md/wasp3.png,/mff-assets/uniforms/wasp3.webp,https://thanosvibs.money/uniforms
wasp,Marvel Studios' Ant-Man and the Wasp,1750 Crystals,,1750 Crystals,Update 4.2,"July 3, 2018",https://thanosvibs.money/images-thumbnails/portraits/md/wasp2.png,/mff-assets/uniforms/wasp2.webp,https://thanosvibs.money/uniforms
wave,Classic,1750 Crystals,,1750 Crystals,Update 7.4,"September 8, 2021",https://thanosvibs.money/images-thumbnails/portraits/md/wave1.png,/mff-assets/uniforms/wave1.webp,https://thanosvibs.money/uniforms
weaponhex,Infected Bioweapon,Halloween Exclusive (Paywall) | Seasonal | Halloween | Paywall,Halloween,Halloween Exclusive (Paywall),Update 10.4.5,"October 30, 2024",https://thanosvibs.money/images-thumbnails/portraits/md/weaponhex1.png,/mff-assets/uniforms/weaponhex1.webp,https://thanosvibs.money/uniforms
wenwu,Marvel Studios' What If...?,1750 Crystals,,1750 Crystals,Update 9.6,"December 14, 2023",https://thanosvibs.money/images-thumbnails/portraits/md/wenwu1.png,/mff-assets/uniforms/wenwu1.webp,https://thanosvibs.money/uniforms
whitefox,Agent F-One,1750 Crystals,,1750 Crystals,Update 11.9.5,"June 10, 2026",https://thanosvibs.money/images-thumbnails/portraits/md/whitefox3.png,/mff-assets/uniforms/whitefox3.webp,https://thanosvibs.money/uniforms
whitefox,Lifestyle Series 1,1750 Crystals,,1750 Crystals,Update 5.5,"November 27, 2019",https://thanosvibs.money/images-thumbnails/portraits/md/whitefox1.png,/mff-assets/uniforms/whitefox1.webp,https://thanosvibs.money/uniforms
whitefox,Lifestyle Series 2,Christmas Exclusive (Paywall) | Seasonal | Christmas | Paywall,Christmas,Christmas Exclusive (Paywall),Update 6.6.5,"December 16, 2020",https://thanosvibs.money/images-thumbnails/portraits/md/whitefox2.png,/mff-assets/uniforms/whitefox2.webp,https://thanosvibs.money/uniforms
whitetiger,Marvel Television's Daredevil: Born Again,1750 Crystals,,1750 Crystals,Update 10.8,"March 19, 2025",https://thanosvibs.money/images-thumbnails/portraits/md/whitetiger1.png,/mff-assets/uniforms/whitetiger1.webp,https://thanosvibs.money/uniforms
wintersoldier,Captain America,500000 Gold | Gold,,500000 Gold,Update 2.3,"July 14, 2016",https://thanosvibs.money/images-thumbnails/portraits/md/wintersoldier2.png,/mff-assets/uniforms/wintersoldier2.webp,https://thanosvibs.money/uniforms
wintersoldier,Marvel Studios' Avengers: Infinity War,1750 Crystals,,1750 Crystals,Update 4.0,"April 25, 2018",https://thanosvibs.money/images-thumbnails/portraits/md/wintersoldier3.png,/mff-assets/uniforms/wintersoldier3.webp,https://thanosvibs.money/uniforms
wintersoldier,Marvel Studios' Captain America: Civil War,500000 Gold | Gold,,500000 Gold,Update 2.1,"April 28, 2016",https://thanosvibs.money/images-thumbnails/portraits/md/wintersoldier1.png,/mff-assets/uniforms/wintersoldier1.webp,https://thanosvibs.money/uniforms
wintersoldier,Marvel Studios' The Falcon and the Winter Soldier,1750 Crystals,,1750 Crystals,Update 7.2,"June 30, 2021",https://thanosvibs.money/images-thumbnails/portraits/md/wintersoldier4.png,/mff-assets/uniforms/wintersoldier4.webp,https://thanosvibs.money/uniforms
wintersoldier,Marvel Studios' Thunderbolts*,1750 Crystals,,1750 Crystals,Update 10.9.5,"May 14, 2025",https://thanosvibs.money/images-thumbnails/portraits/md/wintersoldier6.png,/mff-assets/uniforms/wintersoldier6.webp,https://thanosvibs.money/uniforms
wintersoldier,Revolution,1750 Crystals,,1750 Crystals,Update 10.7.5a,"February 19, 2025",https://thanosvibs.money/images-thumbnails/portraits/md/wintersoldier5.png,/mff-assets/uniforms/wintersoldier5.webp,https://thanosvibs.money/uniforms
wolverine,Age of Apocalypse,1750 Crystals,,1750 Crystals,Update 3.4.5,"September 27, 2017",https://thanosvibs.money/images-thumbnails/portraits/md/wolverine1.png,/mff-assets/uniforms/wolverine1.webp,https://thanosvibs.money/uniforms
wolverine,All-New Marvel NOW!,1750 Crystals,,1750 Crystals,Update 3.9,"March 21, 2018",https://thanosvibs.money/images-thumbnails/portraits/md/wolverine2.png,/mff-assets/uniforms/wolverine2.webp,https://thanosvibs.money/uniforms
wolverine,Enter the Phoenix,1750 Crystals,,1750 Crystals,Update 7.5,"October 13, 2021",https://thanosvibs.money/images-thumbnails/portraits/md/wolverine5.png,/mff-assets/uniforms/wolverine5.webp,https://thanosvibs.money/uniforms
wolverine,House of X,1750 Crystals,,1750 Crystals,Update 5.9,"March 18, 2020",https://thanosvibs.money/images-thumbnails/portraits/md/wolverine4.png,/mff-assets/uniforms/wolverine4.webp,https://thanosvibs.money/uniforms
wolverine,Marvel Studios' Deadpool & Wolverine,1750 Crystals,,1750 Crystals,Update 10.2,"July 24, 2024",https://thanosvibs.money/images-thumbnails/portraits/md/wolverine7.png,/mff-assets/uniforms/wolverine7.webp,https://thanosvibs.money/uniforms
wolverine,X Deaths of Wolverine,1750 Crystals,,1750 Crystals,Update 9.1.5a,"June 28, 2023",https://thanosvibs.money/images-thumbnails/portraits/md/wolverine6.png,/mff-assets/uniforms/wolverine6.webp,https://thanosvibs.money/uniforms
wolverine,X-Force,1750 Crystals,,1750 Crystals,Update 4.9,"March 20, 2019",https://thanosvibs.money/images-thumbnails/portraits/md/wolverine3.png,/mff-assets/uniforms/wolverine3.webp,https://thanosvibs.money/uniforms
wong,Marvel Studios' Doctor Strange,500000 Gold | Gold,,500000 Gold,Update 2.6,"October 26, 2016",https://thanosvibs.money/images-thumbnails/portraits/md/wong1.png,/mff-assets/uniforms/wong1.webp,https://thanosvibs.money/uniforms
wong,Marvel Studios' Doctor Strange 2,1750 Crystals,,1750 Crystals,Update 8.0,"April 27, 2022",https://thanosvibs.money/images-thumbnails/portraits/md/wong2.png,/mff-assets/uniforms/wong2.webp,https://thanosvibs.money/uniforms
wong,What If... Zombies?!,1750 Crystals,,1750 Crystals,Update 10.4,"October 16, 2024",https://thanosvibs.money/images-thumbnails/portraits/md/wong3.png,/mff-assets/uniforms/wong3.webp,https://thanosvibs.money/uniforms
x23,All-New Wolverine,1750 Crystals,,1750 Crystals,Update 6.8.5,"February 22, 2021",https://thanosvibs.money/images-thumbnails/portraits/md/x-232.png,/mff-assets/uniforms/x232.webp,https://thanosvibs.money/uniforms
x23,Target X,1750 Crystals,,1750 Crystals,Update 10.3.5a,"September 19, 2024",https://thanosvibs.money/images-thumbnails/portraits/md/x-233.png,/mff-assets/uniforms/x233.webp,https://thanosvibs.money/uniforms
x23,X-Force,1750 Crystals,,1750 Crystals,Update 4.5,"October 24, 2018",https://thanosvibs.money/images-thumbnails/portraits/md/x-231.png,/mff-assets/uniforms/x231.webp,https://thanosvibs.money/uniforms
yelenabelova,Marvel Studios' Black Widow,1750 Crystals | Synergy,,1750 Crystals,Update 6.0.5,"May 5, 2020",https://thanosvibs.money/images-thumbnails/portraits/md/yelenabelova1.png,/mff-assets/uniforms/yelenabelova1.webp,https://thanosvibs.money/uniforms
yelenabelova,Marvel Studios' Black Widow (Snow Suit),1750 Crystals | Synergy,,1750 Crystals,Update 6.0,"April 22, 2020",https://thanosvibs.money/images-thumbnails/portraits/md/yelenabelova2.png,/mff-assets/uniforms/yelenabelova2.webp,https://thanosvibs.money/uniforms
yelenabelova,Marvel Studios' Thunderbolts*,1750 Crystals,,1750 Crystals,Update 10.9,"April 29, 2025",https://thanosvibs.money/images-thumbnails/portraits/md/yelenabelova3.png,/mff-assets/uniforms/yelenabelova3.webp,https://thanosvibs.money/uniforms
yellowjacket,Marvel NOW!,500000 Gold | Gold,,500000 Gold,Update 2.8,"January 11, 2017",https://thanosvibs.money/images-thumbnails/portraits/md/yellowjacket1.png,/mff-assets/uniforms/yellowjacket1.webp,https://thanosvibs.money/uniforms
yondu,"All-New, All-Different",500000 Gold | Gold,,500000 Gold,Update 2.2,"June 15, 2016",https://thanosvibs.money/images-thumbnails/portraits/md/yondu1.png,/mff-assets/uniforms/yondu1.webp,https://thanosvibs.money/uniforms
yondu,Guardians of the Galaxy 2,500000 Gold | Gold,,500000 Gold,Update 3.3,"August 9, 2017",https://thanosvibs.money/images-thumbnails/portraits/md/yondu2.png,/mff-assets/uniforms/yondu2.webp,https://thanosvibs.money/uniforms
yondu,Summer Vacation,Summer Exclusive (1750 Crystals) | Seasonal | Summer | CrystalSummer,Summer,Summer Exclusive (1750 Crystals),Update 10.2.5a,"August 7, 2024",https://thanosvibs.money/images-thumbnails/portraits/md/yondu3.png,/mff-assets/uniforms/yondu3.webp,https://thanosvibs.money/uniforms
